JvmtiExport can_access_local_variables 0
JvmtiExport can_hotswap_or_post_breakpoint 1
JvmtiExport can_post_on_exceptions 0
# 506 ciObject found
instanceKlass javafx/scene/CssStyleHelper
ciInstanceKlass java/lang/Cloneable 1 0 7 100 1 100 1 1 1
instanceKlass sun/security/ssl/Alert$AlertConsumer
instanceKlass java/lang/invoke/MethodHandleImpl$LoopClauses
instanceKlass java/lang/invoke/MethodHandleImpl$CasesHolder
instanceKlass java/lang/invoke/DirectMethodHandle$1
instanceKlass java/lang/runtime/ObjectMethods$1
instanceKlass sun/invoke/util/ValueConversions$WrapperCache
instanceKlass java/lang/invoke/MethodHandleImpl$2
instanceKlass java/lang/invoke/MethodHandleImpl$ArrayAccessor
instanceKlass java/lang/invoke/MethodHandleImpl$Makers$2
instanceKlass java/lang/invoke/MethodHandleImpl$Makers$1
instanceKlass java/lang/invoke/MethodHandleImpl$Makers
instanceKlass java/lang/runtime/ObjectMethods
instanceKlass com/sun/prism/shader/DrawPgram_Color_Loader
instanceKlass org/reactfx/util/LL$1
instanceKlass org/fxmisc/flowless/VirtualFlow$3
instanceKlass javafx/scene/control/skin/TreeCellSkin$StyleableProperties
instanceKlass javafx/scene/control/TreeCell$4
instanceKlass javafx/scene/control/TreeCell$3
instanceKlass javafx/scene/control/TreeCell$2
instanceKlass javafx/scene/control/TreeCell$1
instanceKlass com/sun/javafx/scene/control/behavior/TreeViewBehavior$1
instanceKlass javafx/css/converter/DurationConverter$1
instanceKlass javafx/scene/text/TextFlow$StyleableProperties
instanceKlass javafx/scene/control/TreeView$StyleableProperties
instanceKlass org/fxmisc/richtext/model/StyleSpans$1
instanceKlass org/fxmisc/richtext/model/StyleSpansBuilder
instanceKlass org/fxmisc/undo/impl/RevisionedChange
instanceKlass org/reactfx/util/FingerTree$Branch$1$1
instanceKlass org/reactfx/collection/ListChangeAccumulator
instanceKlass org/reactfx/BiGuard
instanceKlass org/reactfx/MultiGuard
instanceKlass org/reactfx/CloseableOnceGuard
instanceKlass org/reactfx/util/TriConsumer
instanceKlass org/reactfx/collection/MaterializedListModificationImpl
instanceKlass org/reactfx/collection/MaterializedListModification
instanceKlass org/fxmisc/richtext/model/TwoLevelNavigator$Pos
instanceKlass org/reactfx/util/LL
instanceKlass javafx/scene/control/TreeItem$1
instanceKlass jdk/internal/net/http/websocket/RawChannel
instanceKlass jdk/internal/net/http/HttpResponseImpl$RawChannelProvider
instanceKlass jdk/internal/net/http/HttpResponseImpl
instanceKlass jdk/internal/net/http/websocket/RawChannel$Provider
instanceKlass jdk/internal/net/http/ConnectionPool$ExpiryEntry
instanceKlass jdk/internal/net/http/ConnectionPool$CacheKey
instanceKlass jdk/internal/net/http/ConnectionPool$CleanupTrigger
instanceKlass jdk/internal/net/http/ResponseContent$FixedLengthBodyParser
instanceKlass jdk/internal/net/http/ResponseContent$BodyParser
instanceKlass jdk/internal/net/http/ResponseContent
instanceKlass jdk/internal/net/http/Http1Response$ClientRefCountTracker
instanceKlass java/util/OptionalLong
instanceKlass java/util/stream/Sink$OfLong
instanceKlass java/util/function/LongConsumer
instanceKlass java/util/stream/LongStream
instanceKlass java/util/function/ToLongFunction
instanceKlass jdk/internal/net/http/Http1Response$Http1BodySubscriber
instanceKlass jdk/internal/net/http/ResponseSubscribers
instanceKlass jdk/internal/net/http/ResponseSubscribers$PathSubscriber
instanceKlass jdk/internal/net/http/ResponseSubscribers$TrustedSubscriber
instanceKlass jdk/internal/net/http/ResponseInfoImpl
instanceKlass jdk/internal/net/http/Http1Response$2
instanceKlass jdk/internal/net/http/Http1HeaderParser$1
instanceKlass jdk/internal/net/http/Http1Exchange$1
instanceKlass jdk/internal/net/http/Http1Exchange$DataPair
instanceKlass jdk/internal/net/http/common/SSLTube$DelegateWrapper
instanceKlass jdk/internal/net/http/Http1HeaderParser
instanceKlass jdk/internal/net/http/Http1Response$1
instanceKlass jdk/internal/net/http/Http1Response$Receiver
instanceKlass jdk/internal/net/http/Http1AsyncReceiver$Http1AsyncDelegate
instanceKlass jdk/internal/net/http/Http1Response
instanceKlass jdk/internal/net/http/Http1AsyncReceiver$Http1TubeSubscriber
instanceKlass jdk/internal/net/http/AbstractSubscription
instanceKlass jdk/internal/net/http/Http1AsyncReceiver
instanceKlass jdk/internal/net/http/Http1Exchange$Http1BodySubscriber
instanceKlass jdk/internal/net/http/Http1Request
instanceKlass jdk/internal/net/http/Http1Exchange$Http1Publisher$WriteTask
instanceKlass jdk/internal/net/http/Http1Exchange$Http1Publisher$Http1WriteSubscription
instanceKlass jdk/internal/net/http/Http1Exchange$Http1Publisher
instanceKlass sun/security/ssl/CipherSuite$1
instanceKlass sun/security/ssl/SSLEngineImpl$DelegatedTask$DelegatedAction
instanceKlass sun/security/ssl/SSLEngineImpl$DelegatedTask
instanceKlass sun/nio/ch/IOVecWrapper$Deallocator
instanceKlass sun/nio/ch/NativeObject
instanceKlass sun/nio/ch/IOVecWrapper
instanceKlass jdk/internal/net/http/common/SSLFlowDelegate$EngineResult
instanceKlass jdk/internal/net/http/common/SSLFlowDelegate$1
instanceKlass javax/net/ssl/SSLEngineResult
instanceKlass sun/security/ssl/Ciphertext
instanceKlass sun/security/ssl/SSLEngineOutputRecord$RecordMemo
instanceKlass sun/security/ssl/SSLEngineOutputRecord$HandshakeFragment
instanceKlass jdk/internal/net/http/common/SubscriberWrapper$1
instanceKlass sun/security/ssl/AlpnExtension$AlpnSpec
instanceKlass jdk/internal/net/http/SocketTube$InternalWriteSubscriber$WriteSubscription
instanceKlass java/util/function/LongBinaryOperator
instanceKlass jdk/internal/net/http/SocketTube$SSLDirectBufferSource
instanceKlass jdk/internal/net/http/SocketTube$InternalReadPublisher$ReadSubscription
instanceKlass jdk/internal/net/http/common/FlowTube$AbstractTubePublisher
instanceKlass jdk/internal/net/http/common/SSLFlowDelegate$Reader$ReaderDownstreamPusher
instanceKlass jdk/internal/net/http/common/SubscriptionBase
instanceKlass jdk/internal/net/http/common/SequentialScheduler$CompleteRestartableTask
instanceKlass jdk/internal/net/http/common/SubscriberWrapper$DownstreamPusher
instanceKlass jdk/internal/net/http/common/SubscriberWrapper
instanceKlass java/util/concurrent/Flow$Processor
instanceKlass jdk/internal/net/http/common/SSLTube$SSLSubscriberWrapper
instanceKlass jdk/internal/net/http/common/SSLTube$SSLSubscriptionWrapper
instanceKlass jdk/internal/net/http/common/SSLFlowDelegate
instanceKlass jdk/internal/net/http/common/SSLTube
instanceKlass jdk/internal/net/http/common/Pair
instanceKlass java/lang/invoke/ConstantBootstraps
instanceKlass java/nio/channels/SelectionKey
instanceKlass jdk/internal/net/http/HttpClientImpl$SelectorAttachment
instanceKlass jdk/internal/net/http/SocketTube$InternalWriteSubscriber
instanceKlass jdk/internal/net/http/SocketTube$SocketFlowTask
instanceKlass jdk/internal/net/http/common/Demand
instanceKlass jdk/internal/net/http/SocketTube$InternalReadPublisher$InternalReadSubscription
instanceKlass jdk/internal/net/http/SocketTube$InternalReadPublisher
instanceKlass jdk/internal/net/http/SocketTube$SliceBufferSource
instanceKlass jdk/internal/net/http/SocketTube$BufferSource
instanceKlass jdk/internal/net/http/SocketTube
instanceKlass sun/nio/ch/SocketChannelImpl$DefaultOptionsHolder
instanceKlass jdk/internal/net/http/common/SequentialScheduler$SchedulableTask
instanceKlass jdk/internal/net/http/common/SequentialScheduler$RestartableTask
instanceKlass jdk/internal/net/http/common/SequentialScheduler$DeferredCompleter
instanceKlass jdk/internal/net/http/common/SequentialScheduler
instanceKlass java/util/concurrent/ConcurrentLinkedDeque$Node
instanceKlass jdk/internal/net/http/HttpConnection$PlainHttpPublisher
instanceKlass jdk/internal/net/http/AsyncEvent
instanceKlass sun/security/ssl/SSLConfiguration$CustomizedServerSignatureSchemes
instanceKlass jdk/internal/net/http/HttpConnection$TrailingOperations
instanceKlass jdk/internal/net/http/common/Utils$ServerName
instanceKlass jdk/internal/net/http/HttpConnection$HttpPublisher
instanceKlass jdk/internal/net/http/common/FlowTube
instanceKlass jdk/internal/net/http/hpack/DecodingCallback
instanceKlass jdk/internal/net/http/frame/Http2Frame
instanceKlass jdk/internal/net/http/Http2Connection
instanceKlass jdk/internal/net/http/HttpConnection
instanceKlass jdk/internal/net/http/AuthenticationFilter$Cache
instanceKlass jdk/internal/net/http/Response
instanceKlass java/util/concurrent/ForkJoinTask$Aux
instanceKlass jdk/internal/net/http/MultiExchange$CancelableRef
instanceKlass jdk/internal/net/http/Exchange$ConnectionAborter
instanceKlass jdk/internal/net/http/ExchangeImpl
instanceKlass jdk/internal/net/http/Exchange
instanceKlass jdk/internal/net/http/MultiExchange$ConnectTimeoutTracker
instanceKlass java/net/http/HttpResponse
instanceKlass java/util/concurrent/Flow$Subscription
instanceKlass java/net/http/HttpResponse$ResponseInfo
instanceKlass jdk/internal/net/http/TimeoutEvent
instanceKlass jdk/internal/net/http/MultiExchange
instanceKlass jdk/internal/net/http/common/Cancelable
instanceKlass jdk/internal/net/http/websocket/WebSocketRequest
instanceKlass jdk/internal/net/http/ResponseBodyHandlers
instanceKlass java/net/http/HttpResponse$BodySubscriber
instanceKlass jdk/internal/net/http/ResponseBodyHandlers$PathBodyHandler
instanceKlass java/net/http/HttpResponse$BodyHandler
instanceKlass java/net/http/HttpResponse$BodyHandlers
instanceKlass java/net/http/HttpHeaders
instanceKlass jdk/internal/net/http/common/HttpHeadersBuilder
instanceKlass java/nio/channels/spi/AbstractSelector$1
instanceKlass jdk/internal/net/http/common/Log
instanceKlass jdk/internal/net/http/HttpRequestBuilderImpl
instanceKlass java/net/http/HttpRequest$Builder
instanceKlass java/net/http/HttpRequest
instanceKlass jdk/internal/net/http/RedirectFilter
instanceKlass jdk/internal/net/http/AuthenticationFilter
instanceKlass jdk/internal/net/http/HeaderFilter
instanceKlass jdk/internal/net/http/FilterFactory
instanceKlass java/nio/BufferMismatch
instanceKlass java/nio/channels/spi/AbstractInterruptibleChannel$1
instanceKlass sun/nio/ch/Interruptible
instanceKlass sun/nio/ch/SelChImpl
instanceKlass java/nio/channels/NetworkChannel
instanceKlass sun/nio/ch/UnixDomainSocketsUtil
instanceKlass sun/nio/ch/UnixDomainSockets
instanceKlass sun/nio/ch/PipeImpl$Initializer$LoopbackConnector
instanceKlass sun/nio/ch/PipeImpl$Initializer
instanceKlass java/nio/channels/Pipe
instanceKlass sun/nio/ch/WEPoll
instanceKlass sun/nio/ch/Util$2
instanceKlass sun/nio/ch/DefaultSelectorProvider
instanceKlass java/nio/channels/spi/SelectorProvider$Holder
instanceKlass java/nio/channels/spi/SelectorProvider
instanceKlass java/nio/channels/Selector
instanceKlass jdk/internal/net/http/ConnectionPool$ExpiryList
instanceKlass jdk/internal/net/http/common/FlowTube$TubePublisher
instanceKlass java/util/concurrent/Flow$Publisher
instanceKlass jdk/internal/net/http/common/FlowTube$TubeSubscriber
instanceKlass java/util/concurrent/Flow$Subscriber
instanceKlass jdk/internal/net/http/ConnectionPool
instanceKlass jdk/internal/net/http/Http2ClientImpl
instanceKlass java/util/function/BooleanSupplier
instanceKlass jdk/internal/net/http/HttpClientImpl$DelegatingExecutor
instanceKlass jdk/internal/net/http/HttpClientImpl$DefaultThreadFactory
instanceKlass jdk/internal/net/http/HttpClientImpl$SSLDirectBufferSupplier
instanceKlass jdk/internal/net/http/common/DebugLogger
instanceKlass jdk/internal/net/http/HttpClientImpl$SingleFacadeFactory
instanceKlass jdk/internal/net/http/common/Logger
instanceKlass jdk/internal/net/http/common/Utils
instanceKlass jdk/internal/net/http/common/BufferSupplier
instanceKlass java/net/http/WebSocket$Builder
instanceKlass jdk/internal/net/http/common/OperationTrackers$Tracker
instanceKlass jdk/internal/net/http/common/OperationTrackers$Trackable
instanceKlass jdk/internal/net/http/HttpClientBuilderImpl
instanceKlass java/net/http/HttpClient$Builder
instanceKlass java/net/http/HttpClient
instanceKlass sun/nio/fs/WindowsChannelFactory$2
instanceKlass java/nio/file/TempFileHelper
instanceKlass java/util/stream/Nodes$ArrayNode
instanceKlass org/fxmisc/flowless/VirtualizedScrollPane$2
instanceKlass org/reactfx/util/HexaFunction
instanceKlass org/reactfx/util/TetraFunction
instanceKlass org/fxmisc/richtext/LineNumberFactory
instanceKlass org/fxmisc/richtext/model/Codec$4
instanceKlass org/fxmisc/richtext/model/SuperCodec$1
instanceKlass org/fxmisc/richtext/model/SuperCodec
instanceKlass org/fxmisc/richtext/model/Codec$2
instanceKlass org/fxmisc/richtext/model/Codec$1
instanceKlass org/fxmisc/richtext/GenericStyledArea$2
instanceKlass javafx/animation/AnimationTimer$AnimationTimerReceiver
instanceKlass javafx/animation/AnimationTimer
instanceKlass org/fxmisc/wellbehaved/event/template/InputHandlerTemplate
instanceKlass org/fxmisc/wellbehaved/event/template/InputHandlerTemplateMap$1
instanceKlass org/fxmisc/wellbehaved/event/template/InputHandlerTemplateMap
instanceKlass org/fxmisc/wellbehaved/event/template/InputMapTemplate$HandlerTemplateConsumer$1
instanceKlass org/fxmisc/wellbehaved/event/template/InputMapTemplate$HandlerTemplateConsumer
instanceKlass org/fxmisc/wellbehaved/event/internal/PrefixTree
instanceKlass org/fxmisc/wellbehaved/event/InputHandlerMap$1
instanceKlass org/fxmisc/wellbehaved/event/InputHandler
instanceKlass org/fxmisc/wellbehaved/event/internal/PrefixTree$Ops
instanceKlass org/fxmisc/wellbehaved/event/InputHandlerMap
instanceKlass org/fxmisc/wellbehaved/event/Nodes$1
instanceKlass org/fxmisc/wellbehaved/event/InputMapChain
instanceKlass org/fxmisc/wellbehaved/event/Nodes
instanceKlass org/fxmisc/wellbehaved/event/InputMap$HandlerConsumer
instanceKlass org/fxmisc/wellbehaved/event/template/InputMapTemplateInstance
instanceKlass org/fxmisc/wellbehaved/event/EventPattern$3
instanceKlass org/fxmisc/wellbehaved/event/InputMap
instanceKlass org/fxmisc/wellbehaved/event/EventPattern$2
instanceKlass org/fxmisc/wellbehaved/event/EventPattern$4
instanceKlass org/fxmisc/wellbehaved/event/EventPattern
instanceKlass org/fxmisc/wellbehaved/event/template/InputMapTemplate
instanceKlass org/fxmisc/richtext/GenericStyledAreaBehavior
instanceKlass org/reactfx/BiSuspendable
instanceKlass org/reactfx/collection/ListModificationImpl
instanceKlass org/reactfx/util/Lists$1
instanceKlass org/reactfx/collection/MappedList$1$1
instanceKlass org/reactfx/collection/MappedList$1
instanceKlass org/fxmisc/richtext/ParagraphText$LineAttributesBase
instanceKlass com/sun/javafx/collections/ObservableMapWrapper$ObservableValues$1
instanceKlass com/sun/javafx/collections/ObservableMapWrapper$ObservableValues
instanceKlass com/sun/javafx/collections/ObservableSetWrapper$1
instanceKlass javafx/scene/text/TextFlow$EmbeddedSpan
instanceKlass org/fxmisc/richtext/TextFlowSpan
instanceKlass org/fxmisc/richtext/TextFlowLayout
instanceKlass javafx/scene/text/Text$2
instanceKlass org/reactfx/util/ListHelper$MultiElemHelper$1
instanceKlass org/reactfx/collection/ListModification
instanceKlass org/reactfx/collection/QuasiListModificationImpl
instanceKlass org/reactfx/util/SparseList$PresentSegment
instanceKlass org/reactfx/LimitedInvocationSubscriber
instanceKlass org/fxmisc/flowless/CellWrapper
instanceKlass org/fxmisc/richtext/GenericStyledArea$3
instanceKlass org/reactfx/MultiSubscription
instanceKlass org/fxmisc/richtext/ParagraphText$CustomCssShapeHelper
instanceKlass org/fxmisc/richtext/TextExt$StyleableProperties
instanceKlass org/reactfx/util/Tuple3
instanceKlass org/reactfx/util/BiIndex
instanceKlass org/fxmisc/richtext/model/ReadOnlyStyledDocument$Pos
instanceKlass org/fxmisc/richtext/SelectionImpl
instanceKlass org/reactfx/util/NotificationAccumulatorBase$1
instanceKlass org/reactfx/util/Tuples
instanceKlass org/reactfx/util/IteratorBasedAccuMap
instanceKlass org/reactfx/util/ListHelper$SingleElemHelper$1
instanceKlass org/fxmisc/richtext/CaretNode$1
instanceKlass org/reactfx/EventStreams$Pocket
instanceKlass javafx/css/converter/DurationConverter$Holder
instanceKlass org/fxmisc/richtext/CaretSelectionBindImpl$BooleanEvent
instanceKlass org/fxmisc/richtext/CaretSelectionBindImpl
instanceKlass org/reactfx/collection/ListIteratorImpl
instanceKlass com/sun/javafx/binding/ContentBinding$ListContentBinding
instanceKlass com/sun/javafx/binding/ContentBinding
instanceKlass org/fxmisc/flowless/StartOffStart
instanceKlass org/fxmisc/flowless/CellPositioner
instanceKlass org/reactfx/util/Lists
instanceKlass org/reactfx/collection/ListChange
instanceKlass org/reactfx/util/TriFunction
instanceKlass org/fxmisc/flowless/HorizontalHelper
instanceKlass org/reactfx/collection/ListReduction$1
instanceKlass org/fxmisc/flowless/SizeTracker
instanceKlass org/reactfx/util/Tuple2
instanceKlass org/reactfx/util/SparseList$Stats
instanceKlass org/reactfx/util/Left
instanceKlass org/reactfx/util/SparseList$AbsentSegment
instanceKlass org/reactfx/util/SparseList$1
instanceKlass org/reactfx/util/SparseList$Segment
instanceKlass org/reactfx/util/SparseList
instanceKlass org/reactfx/collection/QuasiListChange
instanceKlass org/fxmisc/flowless/CellPool
instanceKlass org/fxmisc/flowless/CellListManager
instanceKlass org/reactfx/ProxyObservable
instanceKlass org/reactfx/value/SuspendableVar
instanceKlass org/fxmisc/flowless/VerticalHelper
instanceKlass org/fxmisc/flowless/OrientationHelper
instanceKlass org/fxmisc/flowless/TargetPositionVisitor
instanceKlass org/fxmisc/flowless/TargetPosition
instanceKlass com/sun/javafx/collections/ObservableSetWrapper
instanceKlass org/reactfx/util/FxTimer
instanceKlass org/reactfx/util/Timer
instanceKlass org/fxmisc/undo/impl/UnlimitedChangeQueue$QueuePositionImpl
instanceKlass org/fxmisc/undo/UndoManager$UndoPosition
instanceKlass org/fxmisc/undo/impl/UndoManagerImpl
instanceKlass org/fxmisc/undo/impl/ChangeQueue$QueuePosition
instanceKlass org/fxmisc/undo/impl/UnlimitedChangeQueue
instanceKlass org/fxmisc/undo/UndoManagerFactory$1
instanceKlass org/fxmisc/undo/UndoManagerFactory
instanceKlass org/fxmisc/richtext/model/TextChange
instanceKlass org/fxmisc/undo/UndoManager
instanceKlass org/fxmisc/undo/impl/ChangeQueue
instanceKlass org/fxmisc/richtext/util/UndoUtils
instanceKlass org/fxmisc/richtext/model/StyledSegment
instanceKlass org/reactfx/BiSubscription
instanceKlass org/reactfx/util/WrapperBase
instanceKlass org/reactfx/util/ListHelper
instanceKlass org/reactfx/RigidObservable
instanceKlass org/reactfx/EventStreams
instanceKlass org/reactfx/Subscription$1
instanceKlass org/reactfx/Suspendable$1
instanceKlass org/reactfx/MultiSuspendable
instanceKlass org/reactfx/Toggle
instanceKlass org/reactfx/Guard
instanceKlass org/reactfx/collection/ListModificationSequence
instanceKlass org/reactfx/collection/AbstractListModificationSequence
instanceKlass org/reactfx/util/AccumulationFacility$ListChangeAccumulation
instanceKlass org/reactfx/collection/QuasiListModification
instanceKlass org/reactfx/collection/ListModificationLike
instanceKlass org/reactfx/collection/LiveList$QuasiModificationObserver
instanceKlass org/reactfx/collection/MemoizationList
instanceKlass org/reactfx/collection/SuspendableList
instanceKlass org/reactfx/inhibeans/collection/ObservableList
instanceKlass org/reactfx/inhibeans/Observable
instanceKlass org/reactfx/Guardian
instanceKlass org/reactfx/collection/LiveList$QuasiChangeObserver
instanceKlass org/reactfx/collection/LiveList$Observer
instanceKlass org/reactfx/collection/ProperLiveList
instanceKlass org/reactfx/collection/UnmodifiableByDefaultLiveList
instanceKlass org/reactfx/collection/UnmodifiableByDefaultList
instanceKlass org/reactfx/collection/AccessorListMethods
instanceKlass org/reactfx/util/AccumulationFacility$RetainOldest
instanceKlass org/reactfx/value/ProperVal
instanceKlass org/reactfx/value/Var
instanceKlass org/reactfx/value/SuspendableVal
instanceKlass org/reactfx/util/AccumulationFacility$Queuing
instanceKlass org/reactfx/Subscription
instanceKlass org/reactfx/util/EmptyAccuMap
instanceKlass org/reactfx/util/AccuMap
instanceKlass org/reactfx/util/NotificationAccumulatorBase
instanceKlass org/reactfx/util/AccumulationFacility$NoAccumulation
instanceKlass org/reactfx/util/AccumulationFacility$HomotypicAccumulation
instanceKlass org/reactfx/util/AccumulationFacility$IllegalAccumulation
instanceKlass org/reactfx/util/AccumulationFacility
instanceKlass org/reactfx/util/NotificationAccumulator
instanceKlass org/reactfx/CompletionStageStream
instanceKlass org/reactfx/SuspenderStream
instanceKlass org/reactfx/Suspender
instanceKlass org/reactfx/AwaitingEventStream
instanceKlass org/reactfx/TaskStream
instanceKlass org/reactfx/SuspendableEventStream
instanceKlass org/reactfx/Suspendable
instanceKlass org/reactfx/ObservableBase
instanceKlass org/reactfx/ProperEventStream
instanceKlass org/reactfx/ProperObservable
instanceKlass org/reactfx/EventSink
instanceKlass org/reactfx/util/Right
instanceKlass java/util/stream/ReduceOps$5ReducingSink
instanceKlass java/util/Collections$2
instanceKlass org/reactfx/util/FingerTree
instanceKlass org/fxmisc/richtext/model/ReadOnlyStyledDocument$1
instanceKlass org/reactfx/util/Either
instanceKlass org/fxmisc/richtext/model/ReadOnlyStyledDocument$Summary
instanceKlass org/fxmisc/richtext/model/Codec
instanceKlass org/reactfx/util/ToSemigroup
instanceKlass org/reactfx/util/Semigroup
instanceKlass org/fxmisc/richtext/model/ReadOnlyStyledDocument
instanceKlass java/util/function/IntUnaryOperator
instanceKlass org/fxmisc/richtext/model/TwoDimensional$Position
instanceKlass org/fxmisc/richtext/model/TwoLevelNavigator
instanceKlass org/fxmisc/richtext/model/StyleSpansBase
instanceKlass org/fxmisc/richtext/model/StyleSpan
instanceKlass org/fxmisc/richtext/model/Paragraph
instanceKlass org/fxmisc/richtext/model/SegmentOpsBase
instanceKlass org/fxmisc/richtext/model/TextOps
instanceKlass org/reactfx/value/Val
instanceKlass org/fxmisc/richtext/model/GenericEditableStyledDocumentBase
instanceKlass org/reactfx/collection/LiveList
instanceKlass org/fxmisc/flowless/Cell
instanceKlass org/reactfx/EventStream
instanceKlass org/reactfx/Observable
instanceKlass org/fxmisc/richtext/CaretSelectionBind
instanceKlass org/fxmisc/richtext/Caret
instanceKlass org/fxmisc/richtext/model/EditableStyledDocument
instanceKlass org/fxmisc/richtext/model/StyledDocument
instanceKlass org/fxmisc/richtext/model/SegmentOps
instanceKlass org/fxmisc/richtext/Selection
instanceKlass javafx/scene/control/TreeView$TreeViewFocusModel$1
instanceKlass javafx/scene/control/TreeUtil
instanceKlass org/fxmisc/richtext/model/StyleSpans
instanceKlass javafx/scene/control/TreeItem
instanceKlass services/CodeBrowseService$ZipNode
instanceKlass org/fxmisc/flowless/Virtualized
instanceKlass org/fxmisc/richtext/model/TwoDimensional
instanceKlass org/fxmisc/richtext/ViewActions
instanceKlass org/fxmisc/richtext/UndoActions
instanceKlass org/fxmisc/richtext/StyleActions
instanceKlass org/fxmisc/richtext/NavigationActions
instanceKlass org/fxmisc/richtext/ClipboardActions
instanceKlass org/fxmisc/richtext/EditActions
instanceKlass org/fxmisc/richtext/TextEditingArea
instanceKlass com/example/guser/controllers/CodeViewerController
instanceKlass javafx/scene/control/skin/SplitPaneSkin$PosPropertyListener
instanceKlass com/sun/javafx/geom/DirtyRegionPool$PoolItem
instanceKlass java/lang/FdLibm$Cbrt
instanceKlass com/sun/javafx/scene/control/ReadOnlyUnbackedObservableList$SelectionListIterator
instanceKlass sun/util/locale/provider/CalendarDataUtility$CalendarFieldValueNameGetter
instanceKlass sun/util/resources/LocaleData$2
instanceKlass java/util/concurrent/atomic/AtomicMarkableReference$Pair
instanceKlass java/util/concurrent/atomic/AtomicMarkableReference
instanceKlass sun/util/locale/provider/CalendarNameProviderImpl$LengthBasedComparator
instanceKlass sun/util/locale/provider/CalendarDataUtility$CalendarFieldValueNamesMapGetter
instanceKlass javafx/scene/input/MouseEvent$1
instanceKlass javafx/scene/control/skin/VirtualFlow$9
instanceKlass com/sun/prism/shader/FillCircle_ImagePattern_Loader
instanceKlass org/apache/http/impl/conn/PoolingHttpClientConnectionManager$2
instanceKlass com/sun/javafx/image/impl/ByteRgba$Accessor
instanceKlass com/sun/javafx/image/impl/ByteRgba
instanceKlass com/sun/javafx/image/impl/ByteBgraPre$Accessor
instanceKlass com/sun/javafx/image/impl/ByteBgraPre
instanceKlass com/sun/javafx/image/impl/ByteBgra$Accessor
instanceKlass com/sun/javafx/image/impl/ByteBgra
instanceKlass com/sun/prism/Image$1
instanceKlass sun/net/www/http/KeepAliveEntry
instanceKlass sun/net/www/http/KeepAliveCache$1
instanceKlass com/sun/javafx/iio/ImageFrame
instanceKlass com/sun/javafx/iio/ImageMetadata
instanceKlass com/sun/javafx/iio/common/ImageLoaderImpl
instanceKlass sun/net/www/http/KeepAliveStreamCleaner$2
instanceKlass sun/net/www/http/KeepAliveStreamCleaner$1
instanceKlass sun/net/www/http/Hurryable
instanceKlass sun/net/www/protocol/http/AuthCacheImpl
instanceKlass sun/net/www/protocol/http/AuthCache
instanceKlass sun/net/www/protocol/http/AuthCacheValue
instanceKlass sun/security/ssl/TransportContext$NotifyHandshake$1
instanceKlass sun/security/ssl/TransportContext$NotifyHandshake
instanceKlass com/sun/crypto/provider/GaloisCounterMode$GCTRGHASH
instanceKlass sun/security/ssl/SSLBasicKeyDerivation$SecretSizeSpec
instanceKlass sun/security/ssl/SSLBasicKeyDerivation
instanceKlass sun/security/ssl/Finished$1
instanceKlass sun/security/ssl/Finished$T13VerifyDataGenerator
instanceKlass sun/security/ssl/Finished$T12VerifyDataGenerator
instanceKlass sun/security/ssl/Finished$T10VerifyDataGenerator
instanceKlass sun/security/ssl/Finished$S30VerifyDataGenerator
instanceKlass sun/security/ssl/Finished$VerifyDataGenerator
instanceKlass sun/security/rsa/MGF1
instanceKlass sun/security/ssl/X509Authentication$X509Credentials
instanceKlass sun/security/util/DomainName$RegisteredDomainImpl
instanceKlass sun/security/util/DomainName$CommonMatch
instanceKlass sun/security/util/DomainName$Match
instanceKlass sun/security/util/DomainName$1
instanceKlass java/util/LinkedList$DescendingIterator
instanceKlass sun/security/util/DomainName$Rule
instanceKlass sun/security/util/DomainName$Rules$RuleSet
instanceKlass sun/security/util/DomainName$Rules$1
instanceKlass sun/security/util/DomainName$Rules
instanceKlass sun/security/util/DomainName
instanceKlass sun/security/util/RegisteredDomain
instanceKlass sun/security/util/HostnameChecker
instanceKlass sun/security/util/AnchorCertificates$1
instanceKlass sun/security/util/AnchorCertificates
instanceKlass sun/security/validator/EntrustTLSPolicy
instanceKlass sun/security/validator/SymantecTLSPolicy
instanceKlass sun/security/validator/CADistrustPolicy$3
instanceKlass java/util/Vector$Itr
instanceKlass java/security/cert/PKIXCertPathValidatorResult
instanceKlass java/security/cert/CertPathValidatorResult
instanceKlass sun/security/rsa/RSAPadding
instanceKlass sun/security/rsa/RSACore
instanceKlass java/security/interfaces/RSAPrivateCrtKey
instanceKlass java/security/interfaces/RSAPrivateKey
instanceKlass sun/security/util/SignatureUtil
instanceKlass java/security/interfaces/DSAPublicKey
instanceKlass java/security/interfaces/DSAKey
instanceKlass sun/security/provider/certpath/CertPathConstraintsParameters
instanceKlass sun/security/util/ConstraintsParameters
instanceKlass sun/security/provider/certpath/PKIXMasterCertPathValidator
instanceKlass sun/security/provider/certpath/PolicyNodeImpl
instanceKlass java/security/cert/PolicyNode
instanceKlass sun/security/util/UntrustedCertificates$1
instanceKlass sun/security/util/UntrustedCertificates
instanceKlass java/security/cert/X509CertSelector
instanceKlass java/security/cert/CertSelector
instanceKlass sun/security/provider/certpath/PKIX$ValidatorParams
instanceKlass sun/security/provider/certpath/PKIX
instanceKlass java/security/cert/CertPath
instanceKlass java/security/cert/CertPathValidatorSpi
instanceKlass java/security/cert/CertPathValidator
instanceKlass sun/security/util/DisabledAlgorithmConstraints$CertPathHolder
instanceKlass java/security/cert/PKIXCertPathChecker
instanceKlass java/security/cert/CertPathChecker
instanceKlass java/security/Timestamp
instanceKlass sun/security/ssl/SSLAlgorithmConstraints$SupportedSignatureAlgorithmConstraints
instanceKlass jdk/internal/icu/util/CodePointTrie$Data
instanceKlass jdk/internal/icu/util/CodePointTrie$1
instanceKlass jdk/internal/icu/util/CodePointMap
instanceKlass jdk/internal/icu/impl/NormalizerImpl$IsAcceptable
instanceKlass jdk/internal/icu/impl/NormalizerImpl
instanceKlass jdk/internal/icu/impl/Norm2AllModes$Norm2AllModesSingleton
instanceKlass jdk/internal/icu/impl/Norm2AllModes$NFKCSingleton
instanceKlass jdk/internal/icu/impl/Norm2AllModes
instanceKlass jdk/internal/icu/text/Normalizer2
instanceKlass jdk/internal/icu/text/NormalizerBase$ModeImpl
instanceKlass jdk/internal/icu/text/NormalizerBase$NFKDModeImpl
instanceKlass jdk/internal/icu/text/NormalizerBase$1
instanceKlass jdk/internal/icu/text/NormalizerBase$Mode
instanceKlass jdk/internal/icu/text/NormalizerBase
instanceKlass java/text/Normalizer
instanceKlass sun/security/pkcs/SignerInfo
instanceKlass sun/security/pkcs/PKCS9Attribute
instanceKlass sun/security/x509/AVAKeyword
instanceKlass java/security/cert/PKIXParameters
instanceKlass java/security/cert/CertPathParameters
instanceKlass sun/security/provider/certpath/CertPathHelper
instanceKlass java/security/cert/TrustAnchor
instanceKlass sun/security/validator/EndEntityChecker
instanceKlass sun/security/validator/Validator
instanceKlass javax/net/ssl/SSLEngine
instanceKlass sun/security/ssl/CertificateMessage$CertificateEntry
instanceKlass sun/security/ssl/ServerNameExtension$SHServerNamesSpec
instanceKlass com/sun/crypto/provider/GHASH
instanceKlass com/sun/crypto/provider/GCM
instanceKlass com/sun/crypto/provider/GaloisCounterMode$GCMEngine
instanceKlass javax/crypto/spec/GCMParameterSpec
instanceKlass sun/security/ssl/ChangeCipherSpec$T13ChangeCipherSpecConsumer
instanceKlass sun/security/ssl/ChangeCipherSpec$T10ChangeCipherSpecProducer
instanceKlass sun/security/ssl/ChangeCipherSpec$T10ChangeCipherSpecConsumer
instanceKlass sun/security/ssl/ChangeCipherSpec
instanceKlass javax/crypto/spec/IvParameterSpec
instanceKlass sun/security/ssl/SSLTrafficKeyDerivation$T13TrafficKeyDerivation
instanceKlass sun/security/ssl/SSLTrafficKeyDerivation$1
instanceKlass sun/security/ssl/SSLTrafficKeyDerivation$T13TrafficKeyDerivationGenerator
instanceKlass sun/security/ssl/SSLTrafficKeyDerivation$T12TrafficKeyDerivationGenerator
instanceKlass sun/security/ssl/SSLTrafficKeyDerivation$T10TrafficKeyDerivationGenerator
instanceKlass sun/security/ssl/SSLTrafficKeyDerivation$S30TrafficKeyDerivationGenerator
instanceKlass sun/security/ssl/SSLKeyDerivationGenerator
instanceKlass sun/security/ssl/SSLSecretDerivation
instanceKlass sun/security/ssl/HKDF
instanceKlass javax/crypto/KeyAgreementSpi
instanceKlass sun/security/ssl/KAKeyDerivation
instanceKlass sun/security/util/Length
instanceKlass java/security/spec/ECPublicKeySpec
instanceKlass sun/security/ssl/ECDHKeyExchange$ECDHECredentials
instanceKlass sun/security/ssl/NamedGroupCredentials
instanceKlass sun/security/ssl/KeyShareExtension$SHKeyShareSpec
instanceKlass sun/security/ssl/HandshakeHash$CloneableHash
instanceKlass sun/security/ssl/HandshakeHash$T13HandshakeHash
instanceKlass sun/security/ssl/SupportedVersionsExtension$SHSupportedVersionsSpec
instanceKlass sun/security/ssl/TransportContext$1
instanceKlass sun/security/ssl/Plaintext
instanceKlass sun/security/ssl/OutputRecord$T13PaddingHolder
instanceKlass sun/security/ssl/KeyShareExtension$CHKeyShareSpec
instanceKlass sun/security/util/ArrayUtil
instanceKlass java/security/interfaces/ECPrivateKey
instanceKlass sun/security/ec/ECOperations
instanceKlass sun/security/ssl/ECDHKeyExchange$ECDHEPossession
instanceKlass sun/security/ssl/KeyShareExtension$KeyShareEntry
instanceKlass sun/security/ssl/XDHKeyExchange$1
instanceKlass sun/security/pkcs/PKCS8Key
instanceKlass java/security/interfaces/XECPrivateKey
instanceKlass java/security/interfaces/XECPublicKey
instanceKlass java/security/interfaces/XECKey
instanceKlass java/security/KeyPair
instanceKlass sun/security/util/math/MutableIntegerModuloP
instanceKlass sun/security/jca/JCAUtil$CachedSecureRandomHolder
instanceKlass sun/security/ec/XECOperations
instanceKlass sun/security/ec/XECParameters
instanceKlass sun/security/ssl/XDHKeyExchange$XDHEPossession
instanceKlass sun/security/ssl/ECDHKeyExchange$ECDHEXDHKAGenerator
instanceKlass sun/security/ssl/ECDHKeyExchange$ECDHEKAGenerator
instanceKlass sun/security/ssl/ECDHKeyExchange$ECDHKAGenerator
instanceKlass sun/security/ssl/ECDHKeyExchange$ECDHEPossessionGenerator
instanceKlass sun/security/ssl/ECDHKeyExchange
instanceKlass sun/security/ssl/DHKeyExchange$DHEKAGenerator
instanceKlass sun/security/ssl/DHKeyExchange$DHEPossessionGenerator
instanceKlass sun/security/ssl/DHKeyExchange
instanceKlass sun/security/ssl/RSAKeyExchange$RSAKAGenerator
instanceKlass sun/security/ssl/RSAKeyExchange$EphemeralRSAPossessionGenerator
instanceKlass sun/security/ssl/RSAKeyExchange
instanceKlass sun/security/ssl/SSLKeyExchange$T13KeyAgreement
instanceKlass sun/security/ssl/SSLKeyAgreement
instanceKlass sun/security/ssl/SSLPossessionGenerator
instanceKlass sun/security/ssl/SSLKeyExchange
instanceKlass sun/security/ssl/SSLHandshakeBinding
instanceKlass sun/security/ssl/SSLKeyAgreementGenerator
instanceKlass sun/security/ssl/PskKeyExchangeModesExtension$PskKeyExchangeModesSpec
instanceKlass sun/security/ssl/SupportedVersionsExtension$CHSupportedVersionsSpec
instanceKlass sun/security/ssl/SignatureAlgorithmsExtension$SignatureSchemesSpec
instanceKlass sun/security/ssl/ExtendedMasterSecretExtension$ExtendedMasterSecretSpec
instanceKlass sun/security/ssl/CertStatusExtension$CertStatusRequestV2Spec
instanceKlass sun/security/ssl/ECPointFormatsExtension$ECPointFormatsSpec
instanceKlass sun/security/ssl/SupportedGroupsExtension$SupportedGroupsSpec
instanceKlass sun/security/ssl/CertStatusExtension$CertStatusRequest
instanceKlass sun/security/ssl/CertStatusExtension$CertStatusRequestSpec
instanceKlass sun/security/ssl/ServerNameExtension$CHServerNamesSpec
instanceKlass sun/security/ssl/SSLExtension$SSLExtensionSpec
instanceKlass sun/security/ssl/SSLExtension$ClientExtensions
instanceKlass sun/security/ssl/PreSharedKeyExtension$SHPreSharedKeyStringizer
instanceKlass sun/security/ssl/PreSharedKeyExtension$SHPreSharedKeyAbsence
instanceKlass sun/security/ssl/PreSharedKeyExtension$SHPreSharedKeyConsumer
instanceKlass sun/security/ssl/PreSharedKeyExtension$SHPreSharedKeyProducer
instanceKlass sun/security/ssl/PreSharedKeyExtension$CHPreSharedKeyStringizer
instanceKlass sun/security/ssl/PreSharedKeyExtension$CHPreSharedKeyOnTradeAbsence
instanceKlass sun/security/ssl/PreSharedKeyExtension$CHPreSharedKeyUpdate
instanceKlass sun/security/ssl/PreSharedKeyExtension$CHPreSharedKeyOnLoadAbsence
instanceKlass sun/security/ssl/PreSharedKeyExtension$CHPreSharedKeyConsumer
instanceKlass sun/security/ssl/PreSharedKeyExtension$CHPreSharedKeyProducer
instanceKlass sun/security/ssl/PreSharedKeyExtension
instanceKlass sun/security/ssl/RenegoInfoExtension$RenegotiationInfoStringizer
instanceKlass sun/security/ssl/RenegoInfoExtension$SHRenegotiationInfoAbsence
instanceKlass sun/security/ssl/RenegoInfoExtension$SHRenegotiationInfoConsumer
instanceKlass sun/security/ssl/RenegoInfoExtension$SHRenegotiationInfoProducer
instanceKlass sun/security/ssl/RenegoInfoExtension$CHRenegotiationInfoAbsence
instanceKlass sun/security/ssl/RenegoInfoExtension$CHRenegotiationInfoConsumer
instanceKlass sun/security/ssl/RenegoInfoExtension$CHRenegotiationInfoProducer
instanceKlass sun/security/ssl/RenegoInfoExtension
instanceKlass sun/security/ssl/KeyShareExtension$HRRKeyShareStringizer
instanceKlass sun/security/ssl/KeyShareExtension$HRRKeyShareReproducer
instanceKlass sun/security/ssl/KeyShareExtension$HRRKeyShareConsumer
instanceKlass sun/security/ssl/KeyShareExtension$HRRKeyShareProducer
instanceKlass sun/security/ssl/KeyShareExtension$SHKeyShareStringizer
instanceKlass sun/security/ssl/KeyShareExtension$SHKeyShareAbsence
instanceKlass sun/security/ssl/KeyShareExtension$SHKeyShareConsumer
instanceKlass sun/security/ssl/KeyShareExtension$SHKeyShareProducer
instanceKlass sun/security/ssl/KeyShareExtension$CHKeyShareStringizer
instanceKlass sun/security/ssl/KeyShareExtension$CHKeyShareOnTradeAbsence
instanceKlass sun/security/ssl/KeyShareExtension$CHKeyShareConsumer
instanceKlass sun/security/ssl/KeyShareExtension$CHKeyShareProducer
instanceKlass sun/security/ssl/KeyShareExtension
instanceKlass sun/security/ssl/CertSignAlgsExtension$CertSignatureSchemesStringizer
instanceKlass sun/security/ssl/CertSignAlgsExtension$CRCertSignatureSchemesUpdate
instanceKlass sun/security/ssl/CertSignAlgsExtension$CRCertSignatureSchemesConsumer
instanceKlass sun/security/ssl/CertSignAlgsExtension$CRCertSignatureSchemesProducer
instanceKlass sun/security/ssl/CertSignAlgsExtension$CHCertSignatureSchemesUpdate
instanceKlass sun/security/ssl/CertSignAlgsExtension$CHCertSignatureSchemesConsumer
instanceKlass sun/security/ssl/CertSignAlgsExtension$CHCertSignatureSchemesProducer
instanceKlass sun/security/ssl/CertSignAlgsExtension
instanceKlass sun/security/ssl/CertificateAuthoritiesExtension$CertificateAuthoritiesStringizer
instanceKlass sun/security/ssl/CertificateAuthoritiesExtension$CRCertificateAuthoritiesConsumer
instanceKlass sun/security/ssl/CertificateAuthoritiesExtension$CRCertificateAuthoritiesProducer
instanceKlass sun/security/ssl/CertificateAuthoritiesExtension$CHCertificateAuthoritiesConsumer
instanceKlass sun/security/ssl/CertificateAuthoritiesExtension$CHCertificateAuthoritiesProducer
instanceKlass sun/security/ssl/CertificateAuthoritiesExtension
instanceKlass sun/security/ssl/PskKeyExchangeModesExtension$PskKeyExchangeModesStringizer
instanceKlass sun/security/ssl/PskKeyExchangeModesExtension$PskKeyExchangeModesOnTradeAbsence
instanceKlass sun/security/ssl/PskKeyExchangeModesExtension$PskKeyExchangeModesOnLoadAbsence
instanceKlass sun/security/ssl/PskKeyExchangeModesExtension$PskKeyExchangeModesConsumer
instanceKlass sun/security/ssl/PskKeyExchangeModesExtension$PskKeyExchangeModesProducer
instanceKlass sun/security/ssl/PskKeyExchangeModesExtension
instanceKlass sun/security/ssl/CookieExtension$CookieStringizer
instanceKlass sun/security/ssl/CookieExtension$HRRCookieReproducer
instanceKlass sun/security/ssl/CookieExtension$HRRCookieConsumer
instanceKlass sun/security/ssl/CookieExtension$HRRCookieProducer
instanceKlass sun/security/ssl/CookieExtension$CHCookieUpdate
instanceKlass sun/security/ssl/CookieExtension$CHCookieConsumer
instanceKlass sun/security/ssl/CookieExtension$CHCookieProducer
instanceKlass sun/security/ssl/CookieExtension
instanceKlass sun/security/ssl/SupportedVersionsExtension$HRRSupportedVersionsReproducer
instanceKlass sun/security/ssl/SupportedVersionsExtension$HRRSupportedVersionsConsumer
instanceKlass sun/security/ssl/SupportedVersionsExtension$HRRSupportedVersionsProducer
instanceKlass sun/security/ssl/SupportedVersionsExtension$SHSupportedVersionsStringizer
instanceKlass sun/security/ssl/SupportedVersionsExtension$SHSupportedVersionsConsumer
instanceKlass sun/security/ssl/SupportedVersionsExtension$SHSupportedVersionsProducer
instanceKlass sun/security/ssl/SupportedVersionsExtension$CHSupportedVersionsStringizer
instanceKlass sun/security/ssl/SupportedVersionsExtension$CHSupportedVersionsConsumer
instanceKlass sun/security/ssl/SupportedVersionsExtension$CHSupportedVersionsProducer
instanceKlass sun/security/ssl/SupportedVersionsExtension
instanceKlass sun/security/ssl/SignatureAlgorithmsExtension$SignatureSchemesStringizer
instanceKlass sun/security/ssl/SignatureAlgorithmsExtension$CRSignatureSchemesUpdate
instanceKlass sun/security/ssl/SignatureAlgorithmsExtension$CRSignatureSchemesAbsence
instanceKlass sun/security/ssl/SignatureAlgorithmsExtension$CRSignatureSchemesConsumer
instanceKlass sun/security/ssl/SignatureAlgorithmsExtension$CRSignatureSchemesProducer
instanceKlass sun/security/ssl/SignatureAlgorithmsExtension$CHSignatureSchemesOnTradeAbsence
instanceKlass sun/security/ssl/SignatureAlgorithmsExtension$CHSignatureSchemesUpdate
instanceKlass sun/security/ssl/SignatureAlgorithmsExtension$CHSignatureSchemesOnLoadAbsence
instanceKlass sun/security/ssl/SignatureAlgorithmsExtension$CHSignatureSchemesConsumer
instanceKlass sun/security/ssl/SignatureAlgorithmsExtension$CHSignatureSchemesProducer
instanceKlass sun/security/ssl/SignatureAlgorithmsExtension
instanceKlass sun/security/ssl/SessionTicketExtension$SessionTicketStringizer
instanceKlass sun/security/ssl/SessionTicketExtension$T12SHSessionTicketConsumer
instanceKlass sun/security/ssl/SessionTicketExtension$T12CHSessionTicketConsumer
instanceKlass sun/security/ssl/SessionTicketExtension
instanceKlass sun/security/ssl/ExtendedMasterSecretExtension$ExtendedMasterSecretStringizer
instanceKlass sun/security/ssl/ExtendedMasterSecretExtension$SHExtendedMasterSecretAbsence
instanceKlass sun/security/ssl/ExtendedMasterSecretExtension$SHExtendedMasterSecretConsumer
instanceKlass sun/security/ssl/ExtendedMasterSecretExtension$SHExtendedMasterSecretProducer
instanceKlass sun/security/ssl/ExtendedMasterSecretExtension$CHExtendedMasterSecretAbsence
instanceKlass sun/security/ssl/ExtendedMasterSecretExtension$CHExtendedMasterSecretConsumer
instanceKlass sun/security/ssl/ExtendedMasterSecretExtension$CHExtendedMasterSecretProducer
instanceKlass sun/security/ssl/ExtendedMasterSecretExtension
instanceKlass sun/security/ssl/AlpnExtension$AlpnStringizer
instanceKlass sun/security/ssl/AlpnExtension$SHAlpnAbsence
instanceKlass sun/security/ssl/AlpnExtension$SHAlpnConsumer
instanceKlass sun/security/ssl/AlpnExtension$SHAlpnProducer
instanceKlass sun/security/ssl/AlpnExtension$CHAlpnAbsence
instanceKlass sun/security/ssl/AlpnExtension$CHAlpnConsumer
instanceKlass sun/security/ssl/AlpnExtension$CHAlpnProducer
instanceKlass sun/security/ssl/AlpnExtension
instanceKlass sun/security/ssl/ECPointFormatsExtension$ECPointFormatsStringizer
instanceKlass sun/security/ssl/ECPointFormatsExtension$SHECPointFormatsConsumer
instanceKlass sun/security/ssl/ECPointFormatsExtension$CHECPointFormatsConsumer
instanceKlass sun/security/ssl/ECPointFormatsExtension$CHECPointFormatsProducer
instanceKlass sun/security/ssl/ECPointFormatsExtension
instanceKlass sun/security/ssl/SupportedGroupsExtension$EESupportedGroupsConsumer
instanceKlass sun/security/ssl/SupportedGroupsExtension$SupportedGroupsStringizer
instanceKlass sun/security/ssl/SupportedGroupsExtension$CHSupportedGroupsOnTradeAbsence
instanceKlass sun/security/ssl/SupportedGroupsExtension$CHSupportedGroupsConsumer
instanceKlass sun/security/ssl/SupportedGroupsExtension
instanceKlass sun/security/ssl/CertStatusExtension$CertStatusRespStringizer
instanceKlass sun/security/ssl/CertStatusExtension$CertStatusRequestsStringizer
instanceKlass sun/security/ssl/CertStatusExtension$SHCertStatusReqV2Consumer
instanceKlass sun/security/ssl/CertStatusExtension$SHCertStatusReqV2Producer
instanceKlass sun/security/ssl/CertStatusExtension$CHCertStatusReqV2Consumer
instanceKlass sun/security/ssl/CertStatusExtension$CHCertStatusReqV2Producer
instanceKlass sun/security/ssl/CertStatusExtension$CertStatusRequestStringizer
instanceKlass sun/security/ssl/CertStatusExtension$CTCertStatusResponseConsumer
instanceKlass sun/security/ssl/CertStatusExtension$CTCertStatusResponseProducer
instanceKlass sun/security/ssl/CertStatusExtension$SHCertStatusReqConsumer
instanceKlass sun/security/ssl/CertStatusExtension$SHCertStatusReqProducer
instanceKlass sun/security/ssl/CertStatusExtension$CHCertStatusReqConsumer
instanceKlass sun/security/ssl/CertStatusExtension$CHCertStatusReqProducer
instanceKlass sun/security/ssl/CertStatusExtension
instanceKlass sun/security/ssl/MaxFragExtension$MaxFragLenStringizer
instanceKlass sun/security/ssl/MaxFragExtension$EEMaxFragmentLengthUpdate
instanceKlass sun/security/ssl/MaxFragExtension$EEMaxFragmentLengthConsumer
instanceKlass sun/security/ssl/MaxFragExtension$EEMaxFragmentLengthProducer
instanceKlass sun/security/ssl/MaxFragExtension$SHMaxFragmentLengthUpdate
instanceKlass sun/security/ssl/MaxFragExtension$SHMaxFragmentLengthConsumer
instanceKlass sun/security/ssl/MaxFragExtension$SHMaxFragmentLengthProducer
instanceKlass sun/security/ssl/MaxFragExtension$CHMaxFragmentLengthConsumer
instanceKlass sun/security/ssl/MaxFragExtension$CHMaxFragmentLengthProducer
instanceKlass sun/security/ssl/MaxFragExtension
instanceKlass sun/security/ssl/ServerNameExtension$EEServerNameConsumer
instanceKlass sun/security/ssl/ServerNameExtension$EEServerNameProducer
instanceKlass sun/security/ssl/ServerNameExtension$SHServerNamesStringizer
instanceKlass sun/security/ssl/ServerNameExtension$SHServerNameConsumer
instanceKlass sun/security/ssl/ServerNameExtension$SHServerNameProducer
instanceKlass sun/security/ssl/ServerNameExtension$CHServerNamesStringizer
instanceKlass sun/security/ssl/ServerNameExtension$CHServerNameConsumer
instanceKlass sun/security/ssl/SSLExtension$ExtensionConsumer
instanceKlass sun/security/ssl/ServerNameExtension$CHServerNameProducer
instanceKlass sun/security/ssl/ServerNameExtension
instanceKlass sun/security/ssl/SSLStringizer
instanceKlass sun/security/ssl/SSLExtensions
instanceKlass sun/security/ssl/SSLHandshake$HandshakeMessage
instanceKlass sun/security/ssl/RandomCookie
instanceKlass sun/security/util/KeyUtil
instanceKlass sun/security/ssl/SupportedGroupsExtension$SupportedGroups
instanceKlass sun/security/ssl/SSLKeyDerivation
instanceKlass sun/security/ssl/SSLCredentials
instanceKlass sun/security/ssl/NamedGroupPossession
instanceKlass sun/security/ssl/SSLPossession
instanceKlass sun/security/ssl/HandshakeContext
instanceKlass sun/security/ssl/SSLConfiguration$1
instanceKlass javax/net/ssl/SSLParameters
instanceKlass sun/net/www/protocol/http/AuthenticatorKeys
instanceKlass jdk/internal/icu/lang/UCharacter
instanceKlass jdk/internal/icu/impl/Trie
instanceKlass jdk/internal/icu/text/StringPrep$StringPrepTrieImpl
instanceKlass jdk/internal/icu/impl/Trie$DataManipulate
instanceKlass jdk/internal/icu/impl/StringPrepDataReader
instanceKlass jdk/internal/icu/text/StringPrep
instanceKlass java/net/IDN
instanceKlass javax/net/ssl/SNIServerName
instanceKlass com/sun/javafx/iio/common/ImageTools
instanceKlass com/sun/javafx/iio/ImageFormatDescription$Signature
instanceKlass com/sun/javafx/iio/common/ImageDescriptor
instanceKlass com/sun/javafx/iio/bmp/BMPImageLoaderFactory
instanceKlass com/sun/javafx/iio/png/PNGImageLoaderFactory
instanceKlass com/sun/javafx/iio/jpeg/JPEGImageLoaderFactory
instanceKlass com/sun/javafx/iio/ImageFormatDescription
instanceKlass com/sun/javafx/iio/ImageLoader
instanceKlass com/sun/javafx/iio/gif/GIFImageLoaderFactory
instanceKlass com/sun/javafx/iio/ImageLoaderFactory
instanceKlass com/sun/javafx/iio/ImageStorage
instanceKlass com/sun/javafx/tk/quantum/PrismImageLoader2$PrismLoadListener
instanceKlass com/sun/javafx/iio/ImageLoadListener
instanceKlass software/amazon/awssdk/http/auth/spi/internal/signer/DefaultBaseSignedRequest$BuilderImpl
instanceKlass software/amazon/awssdk/http/auth/spi/internal/signer/DefaultBaseSignedRequest
instanceKlass software/amazon/awssdk/http/auth/spi/signer/SignedRequest$Builder
instanceKlass software/amazon/awssdk/http/auth/spi/signer/BaseSignedRequest$Builder
instanceKlass software/amazon/awssdk/http/auth/spi/signer/SignedRequest
instanceKlass software/amazon/awssdk/http/auth/spi/signer/BaseSignedRequest
instanceKlass software/amazon/awssdk/utils/DateUtils
instanceKlass software/amazon/awssdk/http/auth/aws/internal/signer/util/SignerKey
instanceKlass javax/crypto/spec/SecretKeySpec$1
instanceKlass jdk/internal/access/JavaxCryptoSpecAccess
instanceKlass javax/crypto/spec/SecretKeySpec
instanceKlass software/amazon/awssdk/utils/internal/CodecUtils
instanceKlass software/amazon/awssdk/utils/internal/Base16Codec
instanceKlass software/amazon/awssdk/utils/internal/Base16Lower
instanceKlass software/amazon/awssdk/utils/BinaryUtils
instanceKlass software/amazon/awssdk/checksums/internal/DigestAlgorithm$CloseableMessageDigest
instanceKlass software/amazon/awssdk/checksums/internal/DigestAlgorithmChecksum
instanceKlass software/amazon/awssdk/http/auth/aws/internal/signer/V4CanonicalRequest$Options
instanceKlass software/amazon/awssdk/http/auth/aws/internal/signer/DefaultV4RequestSigner
instanceKlass java/time/LocalTime$1
instanceKlass java/time/ZonedDateTime$1
instanceKlass java/time/temporal/TemporalQueries$7
instanceKlass java/time/temporal/TemporalQueries$6
instanceKlass java/time/temporal/TemporalQueries$5
instanceKlass java/time/temporal/TemporalQueries$4
instanceKlass java/time/temporal/TemporalQueries$3
instanceKlass java/time/temporal/TemporalQueries$2
instanceKlass java/time/temporal/TemporalQueries$1
instanceKlass java/time/temporal/TemporalQueries
instanceKlass software/amazon/awssdk/http/auth/aws/internal/signer/V4CanonicalRequest
instanceKlass software/amazon/awssdk/utils/UnmodifiableMapOfLists
instanceKlass software/amazon/awssdk/utils/cache/FifoCache
instanceKlass software/amazon/awssdk/http/auth/aws/internal/signer/util/SignerUtils
instanceKlass software/amazon/awssdk/http/auth/aws/internal/signer/DefaultV4PayloadSigner
instanceKlass software/amazon/awssdk/http/auth/aws/internal/signer/V4RequestSigningResult
instanceKlass software/amazon/awssdk/http/auth/aws/signer/SignerConstant
instanceKlass software/amazon/awssdk/http/auth/aws/internal/signer/V4RequestSigner
instanceKlass software/amazon/awssdk/http/auth/aws/internal/signer/DefaultAwsV4HttpSigner$1
instanceKlass software/amazon/awssdk/http/auth/aws/internal/signer/V4Properties$Builder
instanceKlass software/amazon/awssdk/http/auth/aws/internal/signer/V4Properties
instanceKlass software/amazon/awssdk/http/auth/aws/internal/signer/CredentialScope
instanceKlass software/amazon/awssdk/identity/spi/internal/DefaultAwsCredentialsIdentity$Builder
instanceKlass software/amazon/awssdk/identity/spi/AwsCredentialsIdentity$Builder
instanceKlass software/amazon/awssdk/identity/spi/internal/DefaultAwsCredentialsIdentity
instanceKlass software/amazon/awssdk/identity/spi/AwsSessionCredentialsIdentity
instanceKlass software/amazon/awssdk/http/auth/aws/internal/signer/PrecomputedSha256Checksummer
instanceKlass software/amazon/awssdk/checksums/spi/ChecksumAlgorithm
instanceKlass software/amazon/awssdk/http/auth/aws/internal/signer/Checksummer
instanceKlass software/amazon/awssdk/http/auth/aws/internal/signer/util/CredentialUtils
instanceKlass software/amazon/awssdk/checksums/SdkChecksum
instanceKlass software/amazon/awssdk/http/auth/aws/internal/signer/util/ChecksumUtil
instanceKlass software/amazon/awssdk/http/auth/aws/internal/signer/NoOpPayloadChecksumStore
instanceKlass software/amazon/awssdk/http/auth/spi/signer/SdkInternalHttpSignerProperty
instanceKlass software/amazon/awssdk/http/auth/spi/signer/SignRequest$Builder
instanceKlass software/amazon/awssdk/http/auth/spi/internal/signer/DefaultBaseSignRequest$BuilderImpl
instanceKlass software/amazon/awssdk/http/auth/spi/signer/BaseSignRequest$Builder
instanceKlass software/amazon/awssdk/http/auth/spi/internal/signer/DefaultBaseSignRequest
instanceKlass software/amazon/awssdk/http/auth/spi/signer/SignRequest
instanceKlass software/amazon/awssdk/core/async/AsyncRequestBody
instanceKlass software/amazon/awssdk/core/async/SdkPublisher
instanceKlass software/amazon/awssdk/core/internal/io/Releasable
instanceKlass software/amazon/awssdk/http/ContentStreamProvider
instanceKlass software/amazon/awssdk/internal/http/LowCopyListMap$ForBuildable
instanceKlass software/amazon/awssdk/http/DefaultSdkHttpFullRequest
instanceKlass java/util/stream/MatchOps$BooleanTerminalSink
instanceKlass java/util/stream/MatchOps$MatchOp
instanceKlass java/util/stream/MatchOps
instanceKlass software/amazon/awssdk/protocols/xml/internal/marshall/XmlMarshallerContext$Builder
instanceKlass software/amazon/awssdk/internal/http/LowCopyListMap$ForBuilder
instanceKlass software/amazon/awssdk/internal/http/LowCopyListMap
instanceKlass software/amazon/awssdk/http/DefaultSdkHttpFullRequest$Builder
instanceKlass software/amazon/awssdk/http/SdkHttpFullRequest$Builder
instanceKlass software/amazon/awssdk/http/SdkHttpRequest$Builder
instanceKlass software/amazon/awssdk/protocols/core/ProtocolUtils
instanceKlass software/amazon/awssdk/protocols/xml/internal/marshall/XmlProtocolMarshaller$Builder
instanceKlass software/amazon/awssdk/protocols/core/PathMarshaller
instanceKlass software/amazon/awssdk/protocols/xml/internal/marshall/SimpleTypePathMarshaller$SimplePathMarshaller
instanceKlass software/amazon/awssdk/protocols/xml/internal/marshall/SimpleTypePathMarshaller
instanceKlass software/amazon/awssdk/protocols/xml/internal/marshall/QueryParamMarshaller$SimpleQueryParamMarshaller
instanceKlass software/amazon/awssdk/protocols/xml/internal/marshall/QueryParamMarshaller
instanceKlass software/amazon/awssdk/protocols/xml/internal/marshall/HeaderMarshaller$SimpleHeaderMarshaller
instanceKlass software/amazon/awssdk/protocols/xml/internal/marshall/HeaderMarshaller
instanceKlass software/amazon/awssdk/protocols/xml/internal/marshall/XmlMarshallerContext
instanceKlass software/amazon/awssdk/protocols/core/ValueToStringConverter$SimpleValueToString
instanceKlass software/amazon/awssdk/protocols/core/ValueToStringConverter
instanceKlass software/amazon/awssdk/protocols/xml/internal/marshall/XmlPayloadMarshaller$BasePayloadMarshaller
instanceKlass software/amazon/awssdk/protocols/xml/internal/marshall/XmlMarshaller
instanceKlass software/amazon/awssdk/protocols/core/Marshaller
instanceKlass software/amazon/awssdk/protocols/xml/internal/marshall/XmlPayloadMarshaller
instanceKlass software/amazon/awssdk/protocols/core/InstantToString
instanceKlass software/amazon/awssdk/protocols/core/ValueToStringConverter$ValueToString
instanceKlass software/amazon/awssdk/protocols/xml/internal/marshall/XmlProtocolMarshaller
instanceKlass software/amazon/awssdk/core/http/ExecutionContext$Builder
instanceKlass software/amazon/awssdk/core/http/ExecutionContext
instanceKlass software/amazon/awssdk/services/s3/endpoints/internal/KnownS3ExpressEndpointProperty$BackendProperty
instanceKlass software/amazon/awssdk/services/s3/endpoints/internal/EndpointAuthSchemeStrategyFactory
instanceKlass software/amazon/awssdk/services/s3/endpoints/internal/KnownS3ExpressEndpointProperty$AuthSchemesProperty
instanceKlass software/amazon/awssdk/services/s3/endpoints/internal/EndpointAttributeProvider
instanceKlass software/amazon/awssdk/services/s3/endpoints/internal/KnownS3ExpressEndpointProperty
instanceKlass software/amazon/awssdk/services/s3/internal/s3express/S3ExpressUtils
instanceKlass software/amazon/awssdk/http/auth/spi/scheme/AuthSchemeOption$SignerPropertyConsumer
instanceKlass software/amazon/awssdk/auth/credentials/StaticCredentialsProvider
instanceKlass software/amazon/awssdk/auth/credentials/internal/ProfileCredentialsUtils$CredentialsWithFeatureId
instanceKlass software/amazon/awssdk/auth/credentials/AwsBasicCredentials$Builder
instanceKlass software/amazon/awssdk/auth/credentials/AwsBasicCredentials
instanceKlass software/amazon/awssdk/auth/credentials/internal/ProfileCredentialsUtils
instanceKlass software/amazon/awssdk/core/exception/SdkException$BuilderImpl
instanceKlass software/amazon/awssdk/core/exception/SdkClientException$Builder
instanceKlass software/amazon/awssdk/auth/credentials/AwsCredentialsProviderChain$BuilderImpl
instanceKlass software/amazon/awssdk/auth/credentials/AwsCredentialsProviderChain$Builder
instanceKlass software/amazon/awssdk/auth/credentials/AwsCredentialsProviderChain
instanceKlass software/amazon/awssdk/auth/credentials/internal/Ec2MetadataConfigProvider$Builder
instanceKlass software/amazon/awssdk/auth/credentials/internal/Ec2MetadataConfigProvider
instanceKlass software/amazon/awssdk/auth/credentials/InstanceProfileCredentialsProvider$BuilderImpl
instanceKlass software/amazon/awssdk/auth/credentials/InstanceProfileCredentialsProvider$Builder
instanceKlass software/amazon/awssdk/auth/credentials/InstanceProfileCredentialsProvider
instanceKlass software/amazon/awssdk/utils/ToString
instanceKlass software/amazon/awssdk/auth/credentials/internal/HttpCredentialsLoader
instanceKlass software/amazon/awssdk/auth/credentials/ContainerCredentialsProvider$BuilderImpl
instanceKlass software/amazon/awssdk/regions/util/ResourcesEndpointProvider
instanceKlass software/amazon/awssdk/auth/credentials/ContainerCredentialsProvider$Builder
instanceKlass software/amazon/awssdk/auth/credentials/HttpCredentialsProvider$Builder
instanceKlass software/amazon/awssdk/auth/credentials/ContainerCredentialsProvider
instanceKlass software/amazon/awssdk/auth/credentials/HttpCredentialsProvider
instanceKlass software/amazon/awssdk/auth/credentials/ProfileCredentialsProvider$BuilderImpl
instanceKlass software/amazon/awssdk/auth/credentials/ProfileCredentialsProvider$Builder
instanceKlass software/amazon/awssdk/auth/credentials/ProfileCredentialsProvider
instanceKlass software/amazon/awssdk/auth/credentials/WebIdentityTokenFileCredentialsProvider$BuilderImpl
instanceKlass software/amazon/awssdk/auth/credentials/WebIdentityTokenFileCredentialsProvider$Builder
instanceKlass software/amazon/awssdk/auth/credentials/WebIdentityTokenFileCredentialsProvider
instanceKlass software/amazon/awssdk/auth/credentials/internal/SystemSettingsCredentialsProvider
instanceKlass software/amazon/awssdk/core/internal/util/MetricUtils
instanceKlass software/amazon/awssdk/core/identity/SdkIdentityProperty
instanceKlass software/amazon/awssdk/http/auth/spi/scheme/AuthSchemeOption$IdentityPropertyConsumer
instanceKlass software/amazon/awssdk/identity/spi/internal/DefaultResolveIdentityRequest$BuilderImpl
instanceKlass software/amazon/awssdk/identity/spi/ResolveIdentityRequest$Builder
instanceKlass software/amazon/awssdk/identity/spi/internal/DefaultResolveIdentityRequest
instanceKlass software/amazon/awssdk/identity/spi/ResolveIdentityRequest
instanceKlass software/amazon/awssdk/utils/CompletableFutureUtils
instanceKlass software/amazon/awssdk/awscore/endpoints/authscheme/SigV4AuthScheme$Builder
instanceKlass software/amazon/awssdk/awscore/endpoints/authscheme/SigV4AuthScheme
instanceKlass software/amazon/awssdk/awscore/endpoints/authscheme/EndpointAuthScheme
instanceKlass software/amazon/awssdk/endpoints/EndpointAttributeKey
instanceKlass software/amazon/awssdk/awscore/endpoints/AwsEndpointAttribute
instanceKlass software/amazon/awssdk/endpoints/Endpoint$BuilderImpl
instanceKlass software/amazon/awssdk/endpoints/Endpoint$Builder
instanceKlass software/amazon/awssdk/endpoints/Endpoint
instanceKlass software/amazon/awssdk/services/s3/endpoints/internal/RulePartition$Builder
instanceKlass software/amazon/awssdk/services/s3/endpoints/internal/RulePartition
instanceKlass software/amazon/awssdk/services/s3/endpoints/internal/Outputs$Builder
instanceKlass software/amazon/awssdk/services/s3/endpoints/internal/Outputs
instanceKlass software/amazon/awssdk/services/s3/endpoints/internal/RegionOverride$Builder
instanceKlass software/amazon/awssdk/services/s3/endpoints/internal/RegionOverride
instanceKlass software/amazon/awssdk/services/s3/endpoints/internal/Partition$Builder
instanceKlass software/amazon/awssdk/services/s3/endpoints/internal/Partitions$Builder
instanceKlass software/amazon/awssdk/services/s3/endpoints/internal/DefaultPartitionDataProvider$LazyPartitionsContainer
instanceKlass software/amazon/awssdk/utils/internal/ClassLoaderHelperTestBackdoor
instanceKlass software/amazon/awssdk/utils/ClassLoaderHelper
instanceKlass software/amazon/awssdk/services/s3/endpoints/internal/Partitions
instanceKlass software/amazon/awssdk/protocols/jsoncore/JsonValueNodeFactory
instanceKlass software/amazon/awssdk/protocols/jsoncore/JsonNodeParser$Builder
instanceKlass software/amazon/awssdk/thirdparty/jackson/core/sym/CharsToNameCanonicalizer$Bucket
instanceKlass software/amazon/awssdk/thirdparty/jackson/core/sym/CharsToNameCanonicalizer$TableInfo
instanceKlass software/amazon/awssdk/thirdparty/jackson/core/sym/CharsToNameCanonicalizer
instanceKlass software/amazon/awssdk/thirdparty/jackson/core/sym/ByteQuadsCanonicalizer$TableInfo
instanceKlass software/amazon/awssdk/thirdparty/jackson/core/sym/ByteQuadsCanonicalizer
instanceKlass software/amazon/awssdk/thirdparty/jackson/core/FormatFeature
instanceKlass software/amazon/awssdk/thirdparty/jackson/core/ErrorReportConfiguration
instanceKlass software/amazon/awssdk/thirdparty/jackson/core/StreamWriteConstraints
instanceKlass software/amazon/awssdk/thirdparty/jackson/core/StreamReadConstraints
instanceKlass software/amazon/awssdk/thirdparty/jackson/core/util/RecyclerPool$WithPool
instanceKlass software/amazon/awssdk/thirdparty/jackson/core/util/RecyclerPool$ThreadLocalPoolBase
instanceKlass software/amazon/awssdk/thirdparty/jackson/core/util/RecyclerPool
instanceKlass software/amazon/awssdk/thirdparty/jackson/core/util/JsonRecyclerPools
instanceKlass software/amazon/awssdk/thirdparty/jackson/core/io/CharTypes
instanceKlass software/amazon/awssdk/thirdparty/jackson/core/io/JsonStringEncoder
instanceKlass software/amazon/awssdk/thirdparty/jackson/core/io/SerializedString
instanceKlass software/amazon/awssdk/thirdparty/jackson/core/util/JacksonFeature
instanceKlass software/amazon/awssdk/thirdparty/jackson/core/async/ByteBufferFeeder
instanceKlass software/amazon/awssdk/thirdparty/jackson/core/JsonGenerator
instanceKlass software/amazon/awssdk/thirdparty/jackson/core/async/ByteArrayFeeder
instanceKlass software/amazon/awssdk/thirdparty/jackson/core/async/NonBlockingInputFeeder
instanceKlass software/amazon/awssdk/thirdparty/jackson/core/JsonParser
instanceKlass software/amazon/awssdk/thirdparty/jackson/core/TSFBuilder
instanceKlass software/amazon/awssdk/thirdparty/jackson/core/SerializableString
instanceKlass software/amazon/awssdk/thirdparty/jackson/core/TokenStreamFactory
instanceKlass software/amazon/awssdk/thirdparty/jackson/core/Versioned
instanceKlass software/amazon/awssdk/protocols/jsoncore/JsonNode
instanceKlass software/amazon/awssdk/protocols/jsoncore/JsonNodeParser
instanceKlass software/amazon/awssdk/services/s3/endpoints/internal/DefaultPartitionDataProvider
instanceKlass software/amazon/awssdk/services/s3/endpoints/internal/RuleResult
instanceKlass software/amazon/awssdk/services/s3/endpoints/internal/Partition
instanceKlass software/amazon/awssdk/services/s3/endpoints/internal/RulesFunctions$PartitionData
instanceKlass software/amazon/awssdk/services/s3/endpoints/internal/RulesFunctions$LazyValue$Builder
instanceKlass software/amazon/awssdk/services/s3/endpoints/internal/RulesFunctions$LazyValue
instanceKlass software/amazon/awssdk/services/s3/endpoints/internal/PartitionDataProvider
instanceKlass software/amazon/awssdk/services/s3/endpoints/internal/RulesFunctions
instanceKlass software/amazon/awssdk/services/s3/auth/scheme/internal/DefaultS3AuthSchemeParams$Builder
instanceKlass software/amazon/awssdk/services/s3/auth/scheme/internal/S3EndpointResolverAware$Builder
instanceKlass software/amazon/awssdk/services/s3/auth/scheme/S3AuthSchemeParams$Builder
instanceKlass software/amazon/awssdk/services/s3/auth/scheme/internal/DefaultS3AuthSchemeParams
instanceKlass software/amazon/awssdk/services/s3/auth/scheme/internal/S3EndpointResolverAware
instanceKlass software/amazon/awssdk/services/s3/auth/scheme/S3AuthSchemeParams
instanceKlass software/amazon/awssdk/services/s3/endpoints/internal/AwsEndpointProviderUtils
instanceKlass software/amazon/awssdk/services/s3/endpoints/S3EndpointParams$BuilderImpl
instanceKlass software/amazon/awssdk/services/s3/endpoints/S3EndpointParams$Builder
instanceKlass software/amazon/awssdk/services/s3/endpoints/S3EndpointParams
instanceKlass software/amazon/awssdk/awscore/internal/AwsExecutionContextBuilder
instanceKlass software/amazon/awssdk/core/interceptor/InterceptorContext$Builder
instanceKlass software/amazon/awssdk/core/interceptor/InterceptorContext
instanceKlass software/amazon/awssdk/core/interceptor/Context$AfterExecution
instanceKlass software/amazon/awssdk/core/interceptor/Context$FailedExecution
instanceKlass software/amazon/awssdk/core/interceptor/Context$ModifyResponse
instanceKlass software/amazon/awssdk/core/interceptor/ExecutionInterceptorChain
instanceKlass software/amazon/awssdk/awscore/AwsRequestOverrideConfiguration$Builder
instanceKlass software/amazon/awssdk/core/RequestOverrideConfiguration$Builder
instanceKlass software/amazon/awssdk/http/auth/spi/internal/scheme/DefaultAuthSchemeOption$BuilderImpl
instanceKlass software/amazon/awssdk/http/auth/spi/scheme/AuthSchemeOption$Builder
instanceKlass software/amazon/awssdk/http/auth/spi/internal/scheme/DefaultAuthSchemeOption
instanceKlass software/amazon/awssdk/http/auth/spi/scheme/AuthSchemeOption
instanceKlass software/amazon/awssdk/auth/signer/AwsSignerExecutionAttribute$UnsetHttpSigner
instanceKlass java/util/concurrent/ForkJoinTask
instanceKlass java/util/concurrent/CompletableFuture$AsynchronousCompletionTask
instanceKlass java/util/concurrent/CompletableFuture$AltResult
instanceKlass java/util/concurrent/CompletableFuture
instanceKlass software/amazon/awssdk/auth/signer/AwsSignerExecutionAttribute$UnsetIdentity
instanceKlass software/amazon/awssdk/regions/RegionScope
instanceKlass software/amazon/awssdk/core/interceptor/ExecutionAttribute$MappedValueStorage
instanceKlass software/amazon/awssdk/core/SelectedAuthScheme
instanceKlass software/amazon/awssdk/core/checksums/ChecksumSpecs
instanceKlass software/amazon/awssdk/core/interceptor/ExecutionAttribute$MappedAttributeBuilder
instanceKlass software/amazon/awssdk/core/interceptor/ExecutionAttribute$DerivationValueStorage
instanceKlass software/amazon/awssdk/core/interceptor/ExecutionAttribute$DerivedAttributeBuilder
instanceKlass software/amazon/awssdk/core/interceptor/SdkExecutionAttribute
instanceKlass software/amazon/awssdk/http/SdkHttpFullRequest
instanceKlass software/amazon/awssdk/services/s3/presigner/model/PresignedGetObjectRequest$Builder
instanceKlass software/amazon/awssdk/awscore/presigner/PresignedRequest$DefaultBuilder
instanceKlass software/amazon/awssdk/awscore/presigner/PresignedRequest
instanceKlass software/amazon/awssdk/services/s3/presigner/model/GetObjectPresignRequest$Builder
instanceKlass software/amazon/awssdk/awscore/presigner/PresignRequest$DefaultBuilder
instanceKlass software/amazon/awssdk/awscore/presigner/PresignRequest$Builder
instanceKlass software/amazon/awssdk/awscore/AwsRequest$BuilderImpl
instanceKlass software/amazon/awssdk/core/traits/XmlAttributesTrait
instanceKlass software/amazon/awssdk/core/traits/XmlAttributeTrait
instanceKlass software/amazon/awssdk/core/traits/TimestampFormatTrait
instanceKlass software/amazon/awssdk/core/traits/PayloadTrait
instanceKlass software/amazon/awssdk/core/traits/MapTrait
instanceKlass software/amazon/awssdk/core/traits/ListTrait
instanceKlass software/amazon/awssdk/core/traits/JsonValueTrait
instanceKlass software/amazon/awssdk/core/traits/DefaultValueTrait
instanceKlass software/amazon/awssdk/core/traits/DataTypeConversionFailureHandlingTrait
instanceKlass software/amazon/awssdk/core/traits/RequiredTrait
instanceKlass software/amazon/awssdk/core/traits/LocationTrait$Builder
instanceKlass software/amazon/awssdk/core/traits/LocationTrait
instanceKlass software/amazon/awssdk/core/traits/Trait
instanceKlass software/amazon/awssdk/core/RequestOverrideConfiguration
instanceKlass software/amazon/awssdk/core/SdkField$Builder
instanceKlass software/amazon/awssdk/services/s3/model/GetObjectRequest$Builder
instanceKlass software/amazon/awssdk/services/s3/model/S3Request$Builder
instanceKlass software/amazon/awssdk/awscore/AwsRequest$Builder
instanceKlass software/amazon/awssdk/core/SdkRequest$Builder
instanceKlass software/amazon/awssdk/services/s3/transform/AbortMultipartUploadRequestMarshaller
instanceKlass software/amazon/awssdk/services/s3/transform/CompleteMultipartUploadRequestMarshaller
instanceKlass software/amazon/awssdk/services/s3/transform/DeleteObjectRequestMarshaller
instanceKlass software/amazon/awssdk/services/s3/transform/UploadPartRequestMarshaller
instanceKlass software/amazon/awssdk/services/s3/transform/CreateMultipartUploadRequestMarshaller
instanceKlass software/amazon/awssdk/services/s3/transform/PutObjectRequestMarshaller
instanceKlass software/amazon/awssdk/services/s3/transform/HeadBucketRequestMarshaller
instanceKlass software/amazon/awssdk/services/s3/transform/HeadObjectRequestMarshaller
instanceKlass software/amazon/awssdk/protocols/core/OperationInfo$Builder
instanceKlass software/amazon/awssdk/protocols/core/OperationInfo
instanceKlass software/amazon/awssdk/services/s3/transform/GetObjectRequestMarshaller
instanceKlass software/amazon/awssdk/awscore/presigner/PresignedRequest$Builder
instanceKlass software/amazon/awssdk/awscore/presigner/PresignRequest
instanceKlass software/amazon/awssdk/services/s3/presigner/S3Presigner$Builder
instanceKlass software/amazon/awssdk/services/s3/internal/signing/DefaultSdkPresigner$Builder
instanceKlass software/amazon/awssdk/awscore/presigner/SdkPresigner$Builder
instanceKlass software/amazon/awssdk/services/s3/internal/signing/DefaultSdkPresigner
instanceKlass software/amazon/awssdk/services/s3/presigner/S3Presigner
instanceKlass software/amazon/awssdk/awscore/presigner/SdkPresigner
instanceKlass software/amazon/awssdk/utils/internal/DefaultConditionalDecorator
instanceKlass software/amazon/awssdk/utils/internal/DefaultConditionalDecorator$Builder
instanceKlass software/amazon/awssdk/utils/ConditionalDecorator
instanceKlass software/amazon/awssdk/services/s3/DelegatingS3Client
instanceKlass java/util/function/UnaryOperator
instanceKlass software/amazon/awssdk/services/s3/internal/client/S3SyncClientDecorator
instanceKlass software/amazon/awssdk/core/http/MetricCollectingHttpResponseHandler
instanceKlass java/util/stream/Streams$2
instanceKlass java/util/stream/Streams$ConcatSpliterator
instanceKlass software/amazon/awssdk/metrics/SdkMetric
instanceKlass software/amazon/awssdk/core/metrics/CoreMetric
instanceKlass software/amazon/awssdk/protocols/query/internal/unmarshall/AwsXmlErrorUnmarshaller$Builder
instanceKlass software/amazon/awssdk/protocols/query/internal/unmarshall/AwsXmlErrorUnmarshaller
instanceKlass software/amazon/awssdk/protocols/query/unmarshall/XmlElement
instanceKlass software/amazon/awssdk/protocols/query/unmarshall/AwsXmlErrorProtocolUnmarshaller$Builder
instanceKlass software/amazon/awssdk/protocols/query/unmarshall/AwsXmlErrorProtocolUnmarshaller
instanceKlass software/amazon/awssdk/services/s3/model/ObjectNotInActiveTierErrorException$Builder
instanceKlass software/amazon/awssdk/services/s3/model/TooManyPartsException$Builder
instanceKlass software/amazon/awssdk/services/s3/model/AccessDeniedException$Builder
instanceKlass software/amazon/awssdk/services/s3/model/NoSuchBucketException$Builder
instanceKlass software/amazon/awssdk/services/s3/model/BucketAlreadyExistsException$Builder
instanceKlass software/amazon/awssdk/services/s3/model/IdempotencyParameterMismatchException$Builder
instanceKlass software/amazon/awssdk/services/s3/model/ObjectAlreadyInActiveTierErrorException$Builder
instanceKlass software/amazon/awssdk/services/s3/model/InvalidRequestException$Builder
instanceKlass software/amazon/awssdk/services/s3/model/NoSuchKeyException$Builder
instanceKlass software/amazon/awssdk/services/s3/model/BucketAlreadyOwnedByYouException$Builder
instanceKlass software/amazon/awssdk/services/s3/model/InvalidWriteOffsetException$Builder
instanceKlass software/amazon/awssdk/services/s3/model/InvalidObjectStateException$Builder
instanceKlass software/amazon/awssdk/services/s3/model/NoSuchUploadException$Builder
instanceKlass software/amazon/awssdk/services/s3/model/EncryptionTypeMismatchException$Builder
instanceKlass software/amazon/awssdk/services/s3/model/S3Exception$Builder
instanceKlass software/amazon/awssdk/awscore/exception/AwsServiceException$Builder
instanceKlass software/amazon/awssdk/core/exception/SdkServiceException$Builder
instanceKlass software/amazon/awssdk/core/exception/SdkException$Builder
instanceKlass software/amazon/awssdk/protocols/core/ExceptionMetadata$Builder
instanceKlass software/amazon/awssdk/protocols/core/ExceptionMetadata
instanceKlass java/util/EnumMap$EntryIterator$Entry
instanceKlass software/amazon/awssdk/protocols/xml/internal/unmarshall/XmlPayloadUnmarshaller$SimpleTypePayloadUnmarshaller
instanceKlass software/amazon/awssdk/protocols/xml/internal/unmarshall/XmlPayloadUnmarshaller
instanceKlass software/amazon/awssdk/protocols/core/StringToValueConverter$SimpleStringToValue
instanceKlass software/amazon/awssdk/protocols/core/StringToValueConverter
instanceKlass software/amazon/awssdk/protocols/xml/internal/unmarshall/HeaderUnmarshaller$SimpleHeaderUnmarshaller
instanceKlass software/amazon/awssdk/protocols/xml/internal/unmarshall/HeaderUnmarshaller
instanceKlass software/amazon/awssdk/protocols/core/AbstractMarshallingRegistry$MarshallingTypeRegistry
instanceKlass software/amazon/awssdk/protocols/core/AbstractMarshallingRegistry$MarshallingTypeRegistry$Builder
instanceKlass software/amazon/awssdk/core/SdkField
instanceKlass software/amazon/awssdk/protocols/xml/internal/unmarshall/XmlUnmarshallerContext
instanceKlass software/amazon/awssdk/protocols/xml/internal/unmarshall/XmlUnmarshaller
instanceKlass software/amazon/awssdk/core/document/Document
instanceKlass software/amazon/awssdk/core/BytesWrapper
instanceKlass software/amazon/awssdk/core/protocol/MarshallingType$1
instanceKlass software/amazon/awssdk/core/protocol/MarshallingType
instanceKlass software/amazon/awssdk/protocols/core/AbstractMarshallingRegistry$MarshallingLocationRegistry$Builder
instanceKlass software/amazon/awssdk/protocols/core/AbstractMarshallingRegistry$MarshallingLocationRegistry
instanceKlass software/amazon/awssdk/protocols/core/AbstractMarshallingRegistry$Builder
instanceKlass software/amazon/awssdk/protocols/core/AbstractMarshallingRegistry
instanceKlass software/amazon/awssdk/protocols/core/StringToInstant
instanceKlass software/amazon/awssdk/protocols/core/StringToValueConverter$StringToValue
instanceKlass software/amazon/awssdk/protocols/xml/internal/unmarshall/XmlProtocolUnmarshaller
instanceKlass software/amazon/awssdk/protocols/xml/AwsXmlProtocolFactory$Builder
instanceKlass software/amazon/awssdk/protocols/core/ProtocolMarshaller
instanceKlass software/amazon/awssdk/protocols/query/unmarshall/XmlErrorUnmarshaller
instanceKlass software/amazon/awssdk/core/client/config/SdkClientOptionValidation
instanceKlass software/amazon/awssdk/core/internal/retry/ClockSkewAdjuster
instanceKlass software/amazon/awssdk/core/SdkGlobalTime
instanceKlass software/amazon/awssdk/core/internal/http/SdkClientTime
instanceKlass software/amazon/awssdk/core/internal/http/HttpClientDependencies$Builder
instanceKlass software/amazon/awssdk/core/internal/http/HttpClientDependencies
instanceKlass software/amazon/awssdk/core/internal/http/AmazonSyncHttpClient
instanceKlass software/amazon/awssdk/core/http/HttpResponseHandler
instanceKlass software/amazon/awssdk/http/SdkHttpResponse
instanceKlass software/amazon/awssdk/core/interceptor/Context$AfterUnmarshalling
instanceKlass software/amazon/awssdk/core/interceptor/Context$BeforeUnmarshalling
instanceKlass software/amazon/awssdk/core/sync/RequestBody
instanceKlass software/amazon/awssdk/http/SdkHttpRequest
instanceKlass software/amazon/awssdk/core/internal/handler/BaseClientHandler
instanceKlass software/amazon/awssdk/awscore/internal/AwsProtocolMetadata$Builder
instanceKlass software/amazon/awssdk/awscore/internal/AwsProtocolMetadata
instanceKlass software/amazon/awssdk/core/runtime/transform/Marshaller
instanceKlass software/amazon/awssdk/protocols/xml/AwsXmlProtocolFactory
instanceKlass software/amazon/awssdk/core/SdkProtocolMetadata
instanceKlass software/amazon/awssdk/metrics/MetricCollector
instanceKlass software/amazon/awssdk/core/client/handler/SyncClientHandler
instanceKlass software/amazon/awssdk/services/s3/DefaultS3Client
instanceKlass software/amazon/awssdk/core/client/config/ClientOverrideConfiguration
instanceKlass software/amazon/awssdk/core/client/config/ClientOverrideConfiguration$DefaultBuilder
instanceKlass software/amazon/awssdk/identity/spi/IdentityProperty
instanceKlass software/amazon/awssdk/services/s3/internal/s3express/S3ExpressAuthSchemeProvider
instanceKlass software/amazon/awssdk/services/s3/internal/s3express/DefaultS3ExpressAuthScheme
instanceKlass software/amazon/awssdk/services/s3/s3express/S3ExpressAuthScheme
instanceKlass software/amazon/awssdk/services/s3/internal/S3ServiceClientConfigurationBuilder
instanceKlass software/amazon/awssdk/services/s3/S3ServiceClientConfiguration$Builder
instanceKlass software/amazon/awssdk/awscore/AwsServiceClientConfiguration$Builder
instanceKlass software/amazon/awssdk/services/s3/internal/s3express/S3ExpressPlugin
instanceKlass software/amazon/awssdk/services/s3/internal/plugins/S3DisableChunkEncodingIfConfiguredPlugin
instanceKlass software/amazon/awssdk/core/SdkPlugin
instanceKlass software/amazon/awssdk/core/internal/useragent/SdkUserAgentBuilder
instanceKlass software/amazon/awssdk/core/internal/useragent/UserAgentLangValues
instanceKlass software/amazon/awssdk/core/internal/useragent/UserAgentConstant
instanceKlass software/amazon/awssdk/core/internal/useragent/DefaultSystemUserAgent
instanceKlass software/amazon/awssdk/core/util/SystemUserAgent
instanceKlass software/amazon/awssdk/core/internal/useragent/AppIdResolver
instanceKlass software/amazon/awssdk/core/internal/useragent/SdkClientUserAgentProperties
instanceKlass java/util/concurrent/RunnableScheduledFuture
instanceKlass java/util/concurrent/ScheduledFuture
instanceKlass java/util/concurrent/Delayed
instanceKlass software/amazon/awssdk/utils/DaemonThreadFactory
instanceKlass software/amazon/awssdk/utils/NamedThreadFactory
instanceKlass software/amazon/awssdk/utils/ThreadFactoryBuilder
instanceKlass software/amazon/awssdk/core/internal/interceptor/HttpChecksumValidationInterceptor
instanceKlass software/amazon/awssdk/http/apache/internal/DefaultConfiguration
instanceKlass software/amazon/awssdk/http/apache/internal/ApacheHttpRequestConfig$Builder
instanceKlass software/amazon/awssdk/http/apache/internal/ApacheHttpRequestConfig
instanceKlass org/apache/http/client/config/RequestConfig$Builder
instanceKlass org/apache/http/client/config/RequestConfig
instanceKlass org/apache/http/conn/ClientConnectionManager
instanceKlass org/apache/http/impl/client/HttpClientBuilder$2
instanceKlass org/apache/http/impl/client/BasicCredentialsProvider
instanceKlass org/apache/http/cookie/CookieIdentityComparator
instanceKlass org/apache/http/impl/client/BasicCookieStore
instanceKlass org/apache/http/impl/cookie/IgnoreSpecProvider
instanceKlass org/apache/http/impl/cookie/NetscapeDraftSpecProvider
instanceKlass org/apache/http/impl/cookie/RFC6265CookieSpecProvider
instanceKlass org/apache/http/cookie/CookieSpec
instanceKlass org/apache/http/impl/cookie/BasicPathHandler
instanceKlass org/apache/http/cookie/CommonCookieAttributeHandler
instanceKlass org/apache/http/cookie/CookieAttributeHandler
instanceKlass org/apache/http/impl/cookie/DefaultCookieSpecProvider
instanceKlass org/apache/http/cookie/CookieSpecProvider
instanceKlass org/apache/http/impl/client/CookieSpecRegistries
instanceKlass org/apache/http/impl/auth/KerberosSchemeFactory
instanceKlass org/apache/http/impl/auth/SPNegoSchemeFactory
instanceKlass org/apache/http/impl/auth/NTLMSchemeFactory
instanceKlass org/apache/http/impl/auth/DigestSchemeFactory
instanceKlass org/apache/http/auth/AuthScheme
instanceKlass org/apache/http/impl/auth/BasicSchemeFactory
instanceKlass org/apache/http/auth/AuthSchemeProvider
instanceKlass org/apache/http/auth/AuthSchemeFactory
instanceKlass org/apache/http/impl/conn/DefaultRoutePlanner
instanceKlass org/apache/http/auth/Credentials
instanceKlass org/apache/http/impl/execchain/ProtocolExec
instanceKlass org/apache/http/client/protocol/ResponseProcessCookies
instanceKlass org/apache/http/client/protocol/RequestAuthCache
instanceKlass org/apache/http/client/protocol/RequestAddCookies
instanceKlass org/apache/http/protocol/ChainBuilder
instanceKlass org/apache/http/client/protocol/RequestExpectContinue
instanceKlass org/apache/http/client/protocol/RequestClientConnControl
instanceKlass org/apache/http/protocol/RequestContent
instanceKlass org/apache/http/client/protocol/RequestDefaultHeaders
instanceKlass org/apache/http/protocol/HttpProcessorBuilder
instanceKlass org/apache/http/conn/routing/BasicRouteDirector
instanceKlass org/apache/http/impl/auth/HttpAuthenticator
instanceKlass org/apache/http/conn/routing/RouteInfo
instanceKlass org/apache/http/client/methods/CloseableHttpResponse
instanceKlass org/apache/http/conn/routing/HttpRouteDirector
instanceKlass org/apache/http/impl/execchain/MainClientExec
instanceKlass org/apache/http/protocol/RequestUserAgent
instanceKlass org/apache/http/protocol/RequestTargetHost
instanceKlass org/apache/http/protocol/ImmutableHttpProcessor
instanceKlass org/apache/http/impl/client/DefaultUserTokenHandler
instanceKlass org/apache/http/client/AuthCache
instanceKlass org/apache/http/impl/client/AuthenticationStrategyImpl
instanceKlass org/apache/http/HeaderIterator
instanceKlass org/apache/http/TokenIterator
instanceKlass org/apache/http/impl/DefaultConnectionReuseStrategy
instanceKlass software/amazon/awssdk/http/apache/internal/impl/ApacheSdkHttpClient
instanceKlass software/amazon/awssdk/http/apache/internal/conn/IdleConnectionReaper$ReaperTask
instanceKlass software/amazon/awssdk/http/apache/internal/conn/IdleConnectionReaper
instanceKlass software/amazon/awssdk/http/apache/internal/conn/ClientConnectionManagerFactory$DelegatingHttpClientConnectionManager
instanceKlass software/amazon/awssdk/http/apache/internal/conn/ClientConnectionManagerFactory
instanceKlass software/amazon/awssdk/http/apache/internal/conn/SdkConnectionKeepAliveStrategy
instanceKlass org/apache/http/protocol/HttpRequestExecutor
instanceKlass org/apache/http/config/SocketConfig$Builder
instanceKlass org/apache/http/config/SocketConfig
instanceKlass org/apache/http/impl/entity/StrictContentLengthStrategy
instanceKlass org/apache/http/impl/entity/LaxContentLengthStrategy
instanceKlass org/apache/http/impl/EnglishReasonPhraseCatalog
instanceKlass org/apache/http/HttpResponse
instanceKlass org/apache/http/ReasonPhraseCatalog
instanceKlass org/apache/http/impl/DefaultHttpResponseFactory
instanceKlass org/apache/http/StatusLine
instanceKlass org/apache/http/RequestLine
instanceKlass org/apache/http/ProtocolVersion
instanceKlass org/apache/http/Header
instanceKlass org/apache/http/NameValuePair
instanceKlass org/apache/http/message/BasicLineParser
instanceKlass org/apache/http/io/HttpMessageParser
instanceKlass org/apache/http/HttpResponseFactory
instanceKlass org/apache/http/message/LineParser
instanceKlass org/apache/http/impl/conn/DefaultHttpResponseParserFactory
instanceKlass org/apache/http/message/BasicLineFormatter
instanceKlass org/apache/http/io/HttpMessageWriter
instanceKlass org/apache/http/message/LineFormatter
instanceKlass org/apache/http/impl/io/DefaultHttpRequestWriterFactory
instanceKlass org/apache/http/impl/BHttpConnectionBase
instanceKlass org/apache/http/conn/ManagedHttpClientConnection
instanceKlass org/apache/http/HttpInetConnection
instanceKlass org/apache/http/HttpClientConnection
instanceKlass org/apache/http/HttpConnection
instanceKlass org/apache/http/entity/ContentLengthStrategy
instanceKlass org/apache/http/io/HttpMessageParserFactory
instanceKlass org/apache/http/io/HttpMessageWriterFactory
instanceKlass org/apache/http/impl/conn/ManagedHttpClientConnectionFactory
instanceKlass org/apache/http/conn/HttpConnectionFactory
instanceKlass org/apache/http/impl/conn/PoolingHttpClientConnectionManager$InternalConnectionFactory
instanceKlass org/apache/http/pool/RouteSpecificPool
instanceKlass org/apache/http/pool/AbstractConnPool
instanceKlass org/apache/http/pool/ConnPool
instanceKlass org/apache/http/impl/conn/PoolingHttpClientConnectionManager$ConfigData
instanceKlass org/apache/http/impl/conn/SystemDefaultDnsResolver
instanceKlass org/apache/http/conn/DnsResolver
instanceKlass org/apache/http/impl/conn/DefaultHttpClientConnectionOperator
instanceKlass org/apache/http/impl/conn/DefaultSchemePortResolver
instanceKlass org/apache/http/config/Registry
instanceKlass org/apache/http/util/TextUtils
instanceKlass org/apache/http/conn/socket/PlainConnectionSocketFactory
instanceKlass org/apache/http/config/RegistryBuilder
instanceKlass org/apache/http/conn/ConnectionRequest
instanceKlass org/apache/http/concurrent/Cancellable
instanceKlass org/apache/http/pool/PoolEntry
instanceKlass org/apache/http/pool/PoolEntryCallback
instanceKlass org/apache/http/pool/ConnFactory
instanceKlass org/apache/http/conn/HttpClientConnectionOperator
instanceKlass org/apache/http/impl/conn/PoolingHttpClientConnectionManager
instanceKlass org/apache/http/pool/ConnPoolControl
instanceKlass org/apache/http/conn/util/PublicSuffixMatcher
instanceKlass org/apache/http/conn/util/PublicSuffixList
instanceKlass org/apache/http/Consts
instanceKlass org/apache/http/conn/util/PublicSuffixListParser
instanceKlass org/apache/http/util/Args
instanceKlass org/apache/http/conn/util/PublicSuffixMatcherLoader
instanceKlass org/apache/http/conn/ssl/DefaultHostnameVerifier
instanceKlass java/util/logging/Logger$SystemLoggerHelper$1
instanceKlass java/util/logging/Logger$SystemLoggerHelper
instanceKlass org/apache/commons/logging/impl/Jdk14Logger
instanceKlass org/apache/commons/logging/impl/Log4JLogger
instanceKlass org/apache/commons/logging/Log
instanceKlass org/apache/commons/logging/impl/LogFactoryImpl$1
instanceKlass org/apache/commons/logging/impl/LogFactoryImpl$2
instanceKlass org/apache/commons/logging/LogFactory$2
instanceKlass org/apache/commons/logging/LogFactory$3
instanceKlass org/apache/commons/logging/LogFactory$4
instanceKlass org/apache/commons/logging/impl/WeakHashtable$Referenced
instanceKlass org/apache/commons/logging/LogFactory$1
instanceKlass org/apache/commons/logging/LogFactory$6
instanceKlass org/apache/commons/logging/LogFactory
instanceKlass java/util/ComparableTimSort
instanceKlass org/apache/http/conn/ssl/AbstractVerifier
instanceKlass org/apache/http/conn/ssl/X509HostnameVerifier
instanceKlass org/apache/http/conn/ssl/SSLConnectionSocketFactory
instanceKlass org/apache/http/client/CredentialsProvider
instanceKlass org/apache/http/client/CookieStore
instanceKlass org/apache/http/client/RedirectStrategy
instanceKlass org/apache/http/client/HttpRequestRetryHandler
instanceKlass org/apache/http/impl/execchain/ClientExecChain
instanceKlass org/apache/http/protocol/HttpProcessor
instanceKlass org/apache/http/HttpResponseInterceptor
instanceKlass org/apache/http/HttpRequestInterceptor
instanceKlass org/apache/http/client/UserTokenHandler
instanceKlass org/apache/http/client/AuthenticationStrategy
instanceKlass org/apache/http/ConnectionReuseStrategy
instanceKlass org/apache/http/conn/socket/LayeredConnectionSocketFactory
instanceKlass org/apache/http/impl/client/HttpClientBuilder
instanceKlass org/apache/http/impl/client/CloseableHttpClient
instanceKlass org/apache/http/impl/client/HttpClients
instanceKlass org/apache/http/conn/socket/ConnectionSocketFactory
instanceKlass org/apache/http/conn/HttpClientConnectionManager
instanceKlass org/apache/http/conn/SchemePortResolver
instanceKlass software/amazon/awssdk/http/apache/ApacheHttpClient$ApacheConnectionManagerFactory
instanceKlass org/apache/http/HttpEntity
instanceKlass org/apache/http/HttpEntityEnclosingRequest
instanceKlass org/apache/http/message/AbstractHttpMessage
instanceKlass org/apache/http/client/methods/AbortableHttpRequest
instanceKlass org/apache/http/client/methods/HttpExecutionAware
instanceKlass org/apache/http/client/methods/Configurable
instanceKlass software/amazon/awssdk/http/apache/internal/impl/ApacheHttpRequestFactory
instanceKlass software/amazon/awssdk/utils/internal/proxy/ProxyEnvironmentVariableConfigProvider
instanceKlass software/amazon/awssdk/utils/internal/proxy/ProxySystemPropertyConfigProvider
instanceKlass software/amazon/awssdk/utils/ProxyConfigProvider
instanceKlass software/amazon/awssdk/http/apache/ProxyConfiguration$DefaultClientProxyConfigurationBuilder
instanceKlass software/amazon/awssdk/http/apache/ProxyConfiguration$Builder
instanceKlass software/amazon/awssdk/http/apache/ProxyConfiguration
instanceKlass software/amazon/awssdk/http/apache/ApacheHttpClient$DefaultBuilder
instanceKlass software/amazon/awssdk/http/SdkHttpResponse$Builder
instanceKlass org/apache/http/conn/routing/HttpRoutePlanner
instanceKlass software/amazon/awssdk/http/apache/internal/impl/ConnectionManagerAwareHttpClient
instanceKlass org/apache/http/client/HttpClient
instanceKlass org/apache/http/config/Lookup
instanceKlass software/amazon/awssdk/http/ExecutableHttpRequest
instanceKlass software/amazon/awssdk/http/Abortable
instanceKlass org/apache/http/conn/ConnectionKeepAliveStrategy
instanceKlass org/apache/http/client/methods/HttpUriRequest
instanceKlass org/apache/http/HttpRequest
instanceKlass org/apache/http/HttpMessage
instanceKlass org/apache/http/protocol/HttpContext
instanceKlass software/amazon/awssdk/http/apache/ApacheHttpClient$Builder
instanceKlass software/amazon/awssdk/http/apache/ApacheHttpClient
instanceKlass software/amazon/awssdk/http/apache/ApacheSdkHttpService
instanceKlass software/amazon/awssdk/utils/Either
instanceKlass software/amazon/awssdk/core/internal/retry/SdkDefaultRetrySetting
instanceKlass software/amazon/awssdk/retries/api/internal/backoff/ExponentialDelayWithHalfJitter
instanceKlass software/amazon/awssdk/utils/NumericUtils
instanceKlass software/amazon/awssdk/retries/api/internal/backoff/BackoffStrategiesConstants
instanceKlass software/amazon/awssdk/retries/api/internal/backoff/ExponentialDelayWithJitter
instanceKlass software/amazon/awssdk/retries/api/BackoffStrategy
instanceKlass software/amazon/awssdk/retries/DefaultRetryStrategy$Legacy
instanceKlass software/amazon/awssdk/utils/cache/lru/LruCache$Builder
instanceKlass software/amazon/awssdk/utils/cache/lru/LruCache
instanceKlass software/amazon/awssdk/retries/internal/circuitbreaker/TokenBucket
instanceKlass software/amazon/awssdk/retries/internal/circuitbreaker/TokenBucketStore$Builder
instanceKlass software/amazon/awssdk/retries/internal/circuitbreaker/TokenBucketStore
instanceKlass software/amazon/awssdk/retries/internal/BaseRetryStrategy$Builder
instanceKlass software/amazon/awssdk/retries/internal/DefaultAwareRetryStrategy$Builder
instanceKlass software/amazon/awssdk/retries/api/RetryToken
instanceKlass software/amazon/awssdk/retries/internal/BaseRetryStrategy
instanceKlass software/amazon/awssdk/retries/internal/DefaultAwareRetryStrategy
instanceKlass software/amazon/awssdk/retries/LegacyRetryStrategy$Builder
instanceKlass software/amazon/awssdk/retries/LegacyRetryStrategy
instanceKlass software/amazon/awssdk/retries/DefaultRetryStrategy
instanceKlass software/amazon/awssdk/core/internal/retry/SdkDefaultRetryStrategy$1
instanceKlass software/amazon/awssdk/core/internal/retry/SdkDefaultRetryStrategy
instanceKlass software/amazon/awssdk/awscore/retry/AwsRetryStrategy$2
instanceKlass software/amazon/awssdk/awscore/retry/AwsRetryStrategy$1
instanceKlass software/amazon/awssdk/retries/internal/RetryStrategyDefaults
instanceKlass software/amazon/awssdk/awscore/retry/AwsRetryStrategy
instanceKlass software/amazon/awssdk/core/retry/RetryMode$Resolver
instanceKlass software/amazon/awssdk/awscore/internal/auth/Sigv4aSigningRegionSetProvider$Builder
instanceKlass software/amazon/awssdk/awscore/internal/auth/Sigv4aSigningRegionSetProvider
instanceKlass software/amazon/awssdk/auth/credentials/AwsCredentials
instanceKlass software/amazon/awssdk/identity/spi/AwsCredentialsIdentity
instanceKlass software/amazon/awssdk/auth/credentials/CredentialUtils
instanceKlass software/amazon/awssdk/utils/cache/bounded/BoundedCache$Builder
instanceKlass software/amazon/awssdk/utils/cache/bounded/BoundedCache
instanceKlass software/amazon/awssdk/utils/uri/internal/UriConstructorArgs
instanceKlass software/amazon/awssdk/utils/uri/SdkUri
instanceKlass software/amazon/awssdk/regions/internal/util/ServiceMetadataUtils
instanceKlass software/amazon/awssdk/regions/partitionmetadata/AwsEuscPartitionMetadata
instanceKlass software/amazon/awssdk/regions/partitionmetadata/AwsIsoFPartitionMetadata
instanceKlass software/amazon/awssdk/regions/partitionmetadata/AwsIsoEPartitionMetadata
instanceKlass software/amazon/awssdk/regions/partitionmetadata/AwsIsoBPartitionMetadata
instanceKlass software/amazon/awssdk/regions/partitionmetadata/AwsIsoPartitionMetadata
instanceKlass software/amazon/awssdk/regions/partitionmetadata/AwsUsGovPartitionMetadata
instanceKlass software/amazon/awssdk/regions/partitionmetadata/AwsCnPartitionMetadata
instanceKlass software/amazon/awssdk/regions/partitionmetadata/AwsPartitionMetadata
instanceKlass software/amazon/awssdk/regions/PartitionMetadata
instanceKlass software/amazon/awssdk/regions/GeneratedPartitionMetadataProvider
instanceKlass software/amazon/awssdk/regions/servicemetadata/XrayServiceMetadata
instanceKlass software/amazon/awssdk/regions/servicemetadata/WorkspacesWebServiceMetadata
instanceKlass software/amazon/awssdk/regions/servicemetadata/WorkspacesServiceMetadata
instanceKlass software/amazon/awssdk/regions/servicemetadata/WorkmailServiceMetadata
instanceKlass software/amazon/awssdk/regions/servicemetadata/WorkdocsServiceMetadata
instanceKlass software/amazon/awssdk/regions/servicemetadata/WisdomServiceMetadata
instanceKlass software/amazon/awssdk/regions/servicemetadata/WellarchitectedServiceMetadata
instanceKlass software/amazon/awssdk/regions/servicemetadata/Wafv2ServiceMetadata
instanceKlass software/amazon/awssdk/regions/servicemetadata/WafRegionalServiceMetadata
instanceKlass software/amazon/awssdk/regions/servicemetadata/WafServiceMetadata
instanceKlass software/amazon/awssdk/regions/servicemetadata/VpcLatticeServiceMetadata
instanceKlass software/amazon/awssdk/regions/servicemetadata/VoiceidServiceMetadata
instanceKlass software/amazon/awssdk/regions/servicemetadata/VoiceChimeServiceMetadata
instanceKlass software/amazon/awssdk/regions/servicemetadata/VerifiedpermissionsServiceMetadata
instanceKlass software/amazon/awssdk/regions/servicemetadata/TrustedadvisorServiceMetadata
instanceKlass software/amazon/awssdk/regions/servicemetadata/TranslateServiceMetadata
instanceKlass software/amazon/awssdk/regions/servicemetadata/TransferServiceMetadata
instanceKlass software/amazon/awssdk/regions/servicemetadata/TranscribestreamingServiceMetadata
instanceKlass software/amazon/awssdk/regions/servicemetadata/TranscribeServiceMetadata
instanceKlass software/amazon/awssdk/regions/servicemetadata/TnbServiceMetadata
instanceKlass software/amazon/awssdk/regions/servicemetadata/ThinclientServiceMetadata
instanceKlass software/amazon/awssdk/regions/servicemetadata/TextractServiceMetadata
instanceKlass software/amazon/awssdk/regions/servicemetadata/TaxServiceMetadata
instanceKlass software/amazon/awssdk/regions/servicemetadata/TaggingServiceMetadata
instanceKlass software/amazon/awssdk/regions/servicemetadata/SyntheticsServiceMetadata
instanceKlass software/amazon/awssdk/regions/servicemetadata/SwfServiceMetadata
instanceKlass software/amazon/awssdk/regions/servicemetadata/SupportappServiceMetadata
instanceKlass software/amazon/awssdk/regions/servicemetadata/SupportServiceMetadata
instanceKlass software/amazon/awssdk/regions/servicemetadata/StsServiceMetadata
instanceKlass software/amazon/awssdk/regions/servicemetadata/StreamsDynamodbServiceMetadata
instanceKlass software/amazon/awssdk/regions/servicemetadata/StoragegatewayServiceMetadata
instanceKlass software/amazon/awssdk/regions/servicemetadata/StatesServiceMetadata
instanceKlass software/amazon/awssdk/regions/servicemetadata/SsoServiceMetadata
instanceKlass software/amazon/awssdk/regions/servicemetadata/SsmSapServiceMetadata
instanceKlass software/amazon/awssdk/regions/servicemetadata/SsmQuicksetupServiceMetadata
instanceKlass software/amazon/awssdk/regions/servicemetadata/SsmIncidentsServiceMetadata
instanceKlass software/amazon/awssdk/regions/servicemetadata/SsmContactsServiceMetadata
instanceKlass software/amazon/awssdk/regions/servicemetadata/SsmServiceMetadata
instanceKlass software/amazon/awssdk/regions/servicemetadata/SqsServiceMetadata
instanceKlass software/amazon/awssdk/regions/servicemetadata/SnsServiceMetadata
instanceKlass software/amazon/awssdk/regions/servicemetadata/SnowballServiceMetadata
instanceKlass software/amazon/awssdk/regions/servicemetadata/SmsVoiceServiceMetadata
instanceKlass software/amazon/awssdk/regions/servicemetadata/SimspaceweaverServiceMetadata
instanceKlass software/amazon/awssdk/regions/servicemetadata/SignerServiceMetadata
instanceKlass software/amazon/awssdk/regions/servicemetadata/ShieldServiceMetadata
instanceKlass software/amazon/awssdk/regions/servicemetadata/ServicequotasServiceMetadata
instanceKlass software/amazon/awssdk/regions/servicemetadata/ServicediscoveryServiceMetadata
instanceKlass software/amazon/awssdk/regions/servicemetadata/ServicecatalogAppregistryServiceMetadata
instanceKlass software/amazon/awssdk/regions/servicemetadata/ServicecatalogServiceMetadata
instanceKlass software/amazon/awssdk/regions/servicemetadata/ServerlessrepoServiceMetadata
instanceKlass software/amazon/awssdk/regions/servicemetadata/SecuritylakeServiceMetadata
instanceKlass software/amazon/awssdk/regions/servicemetadata/SecurityhubServiceMetadata
instanceKlass software/amazon/awssdk/regions/servicemetadata/SecretsmanagerServiceMetadata
instanceKlass software/amazon/awssdk/regions/servicemetadata/SdbServiceMetadata
instanceKlass software/amazon/awssdk/regions/servicemetadata/SchemasServiceMetadata
instanceKlass software/amazon/awssdk/regions/servicemetadata/SchedulerServiceMetadata
instanceKlass software/amazon/awssdk/regions/servicemetadata/SavingsplansServiceMetadata
instanceKlass software/amazon/awssdk/regions/servicemetadata/SagemakerGeospatialServiceMetadata
instanceKlass software/amazon/awssdk/regions/servicemetadata/S3OutpostsServiceMetadata
instanceKlass software/amazon/awssdk/regions/servicemetadata/S3ControlServiceMetadata
instanceKlass software/amazon/awssdk/regions/servicemetadata/S3ServiceMetadata
instanceKlass software/amazon/awssdk/regions/ServiceMetadataConfiguration$Builder
instanceKlass software/amazon/awssdk/regions/ServiceMetadataConfiguration
instanceKlass software/amazon/awssdk/regions/servicemetadata/EnhancedS3ServiceMetadata
instanceKlass software/amazon/awssdk/regions/servicemetadata/RuntimeSagemakerServiceMetadata
instanceKlass software/amazon/awssdk/regions/servicemetadata/RuntimeLexServiceMetadata
instanceKlass software/amazon/awssdk/regions/servicemetadata/RuntimeV2LexServiceMetadata
instanceKlass software/amazon/awssdk/regions/servicemetadata/RumServiceMetadata
instanceKlass software/amazon/awssdk/regions/servicemetadata/Route53resolverServiceMetadata
instanceKlass software/amazon/awssdk/regions/servicemetadata/Route53profilesServiceMetadata
instanceKlass software/amazon/awssdk/regions/servicemetadata/Route53domainsServiceMetadata
instanceKlass software/amazon/awssdk/regions/servicemetadata/Route53RecoveryControlConfigServiceMetadata
instanceKlass software/amazon/awssdk/regions/servicemetadata/Route53ServiceMetadata
instanceKlass software/amazon/awssdk/regions/servicemetadata/RolesanywhereServiceMetadata
instanceKlass software/amazon/awssdk/regions/servicemetadata/ResourceGroupsServiceMetadata
instanceKlass software/amazon/awssdk/regions/servicemetadata/ResourceExplorer2ServiceMetadata
instanceKlass software/amazon/awssdk/regions/servicemetadata/ResiliencehubServiceMetadata
instanceKlass software/amazon/awssdk/regions/servicemetadata/RekognitionServiceMetadata
instanceKlass software/amazon/awssdk/regions/servicemetadata/RedshiftServerlessServiceMetadata
instanceKlass software/amazon/awssdk/regions/servicemetadata/RedshiftServiceMetadata
instanceKlass software/amazon/awssdk/regions/servicemetadata/RdsDataServiceMetadata
instanceKlass software/amazon/awssdk/regions/servicemetadata/RdsServiceMetadata
instanceKlass software/amazon/awssdk/regions/servicemetadata/RbinServiceMetadata
instanceKlass software/amazon/awssdk/regions/servicemetadata/RamServiceMetadata
instanceKlass software/amazon/awssdk/regions/servicemetadata/QuicksightServiceMetadata
instanceKlass software/amazon/awssdk/regions/servicemetadata/QueryTimestreamServiceMetadata
instanceKlass software/amazon/awssdk/regions/servicemetadata/QbusinessServiceMetadata
instanceKlass software/amazon/awssdk/regions/servicemetadata/ProtonServiceMetadata
instanceKlass software/amazon/awssdk/regions/servicemetadata/ProfileServiceMetadata
instanceKlass software/amazon/awssdk/regions/servicemetadata/PortalSsoServiceMetadata
instanceKlass software/amazon/awssdk/regions/servicemetadata/PollyServiceMetadata
instanceKlass software/amazon/awssdk/regions/servicemetadata/PipesServiceMetadata
instanceKlass software/amazon/awssdk/regions/servicemetadata/PinpointServiceMetadata
instanceKlass software/amazon/awssdk/regions/servicemetadata/PiServiceMetadata
instanceKlass software/amazon/awssdk/regions/servicemetadata/PersonalizeServiceMetadata
instanceKlass software/amazon/awssdk/regions/servicemetadata/PartnercentralChannelServiceMetadata
instanceKlass software/amazon/awssdk/regions/servicemetadata/ParticipantConnectServiceMetadata
instanceKlass software/amazon/awssdk/regions/servicemetadata/OutpostsServiceMetadata
instanceKlass software/amazon/awssdk/regions/servicemetadata/OsisServiceMetadata
instanceKlass software/amazon/awssdk/regions/servicemetadata/OrganizationsServiceMetadata
instanceKlass software/amazon/awssdk/regions/servicemetadata/OmicsServiceMetadata
instanceKlass software/amazon/awssdk/regions/servicemetadata/OidcServiceMetadata
instanceKlass software/amazon/awssdk/regions/servicemetadata/OamServiceMetadata
instanceKlass software/amazon/awssdk/regions/servicemetadata/NovaActServiceMetadata
instanceKlass software/amazon/awssdk/regions/servicemetadata/NotificationsContactsServiceMetadata
instanceKlass software/amazon/awssdk/regions/servicemetadata/NotificationsServiceMetadata
instanceKlass software/amazon/awssdk/regions/servicemetadata/NetworkmanagerServiceMetadata
instanceKlass software/amazon/awssdk/regions/servicemetadata/NetworkFirewallServiceMetadata
instanceKlass software/amazon/awssdk/regions/servicemetadata/NeptuneServiceMetadata
instanceKlass software/amazon/awssdk/regions/servicemetadata/MturkRequesterServiceMetadata
instanceKlass software/amazon/awssdk/regions/servicemetadata/MqServiceMetadata
instanceKlass software/amazon/awssdk/regions/servicemetadata/MonitoringServiceMetadata
instanceKlass software/amazon/awssdk/regions/servicemetadata/ModelsLexServiceMetadata
instanceKlass software/amazon/awssdk/regions/servicemetadata/ModelsV2LexServiceMetadata
instanceKlass software/amazon/awssdk/regions/servicemetadata/MobileanalyticsServiceMetadata
instanceKlass software/amazon/awssdk/regions/servicemetadata/MigrationhubStrategyServiceMetadata
instanceKlass software/amazon/awssdk/regions/servicemetadata/MigrationhubOrchestratorServiceMetadata
instanceKlass software/amazon/awssdk/regions/servicemetadata/MgnServiceMetadata
instanceKlass software/amazon/awssdk/regions/servicemetadata/MghServiceMetadata
instanceKlass software/amazon/awssdk/regions/servicemetadata/MetricsSagemakerServiceMetadata
instanceKlass software/amazon/awssdk/regions/servicemetadata/MeteringMarketplaceServiceMetadata
instanceKlass software/amazon/awssdk/regions/servicemetadata/MessagingChimeServiceMetadata
instanceKlass software/amazon/awssdk/regions/servicemetadata/MemoryDbServiceMetadata
instanceKlass software/amazon/awssdk/regions/servicemetadata/MeetingsChimeServiceMetadata
instanceKlass software/amazon/awssdk/regions/servicemetadata/MediastoreServiceMetadata
instanceKlass software/amazon/awssdk/regions/servicemetadata/Mediapackagev2ServiceMetadata
instanceKlass software/amazon/awssdk/regions/servicemetadata/MediapackageVodServiceMetadata
instanceKlass software/amazon/awssdk/regions/servicemetadata/MediapackageServiceMetadata
instanceKlass software/amazon/awssdk/regions/servicemetadata/MedialiveServiceMetadata
instanceKlass software/amazon/awssdk/regions/servicemetadata/MediaconvertServiceMetadata
instanceKlass software/amazon/awssdk/regions/servicemetadata/MediaconnectServiceMetadata
instanceKlass software/amazon/awssdk/regions/servicemetadata/MediaPipelinesChimeServiceMetadata
instanceKlass software/amazon/awssdk/regions/servicemetadata/MarketplacecommerceanalyticsServiceMetadata
instanceKlass software/amazon/awssdk/regions/servicemetadata/ManagedblockchainQueryServiceMetadata
instanceKlass software/amazon/awssdk/regions/servicemetadata/ManagedblockchainServiceMetadata
instanceKlass software/amazon/awssdk/regions/servicemetadata/Macie2ServiceMetadata
instanceKlass software/amazon/awssdk/regions/servicemetadata/MachinelearningServiceMetadata
instanceKlass software/amazon/awssdk/regions/servicemetadata/M2ServiceMetadata
instanceKlass software/amazon/awssdk/regions/servicemetadata/LookoutequipmentServiceMetadata
instanceKlass software/amazon/awssdk/regions/servicemetadata/LogsServiceMetadata
instanceKlass software/amazon/awssdk/regions/servicemetadata/LightsailServiceMetadata
instanceKlass software/amazon/awssdk/regions/servicemetadata/LicenseManagerUserSubscriptionsServiceMetadata
instanceKlass software/amazon/awssdk/regions/servicemetadata/LicenseManagerLinuxSubscriptionsServiceMetadata
instanceKlass software/amazon/awssdk/regions/servicemetadata/LicenseManagerServiceMetadata
instanceKlass software/amazon/awssdk/regions/servicemetadata/LambdaServiceMetadata
instanceKlass software/amazon/awssdk/regions/servicemetadata/LakeformationServiceMetadata
instanceKlass software/amazon/awssdk/regions/servicemetadata/KmsServiceMetadata
instanceKlass software/amazon/awssdk/regions/servicemetadata/KinesisvideoServiceMetadata
instanceKlass software/amazon/awssdk/regions/servicemetadata/KinesisanalyticsServiceMetadata
instanceKlass software/amazon/awssdk/regions/servicemetadata/KinesisServiceMetadata
instanceKlass software/amazon/awssdk/regions/servicemetadata/KendraRankingServiceMetadata
instanceKlass software/amazon/awssdk/regions/servicemetadata/KendraServiceMetadata
instanceKlass software/amazon/awssdk/regions/servicemetadata/KafkaconnectServiceMetadata
instanceKlass software/amazon/awssdk/regions/servicemetadata/KafkaServiceMetadata
instanceKlass software/amazon/awssdk/regions/servicemetadata/IvsrealtimeServiceMetadata
instanceKlass software/amazon/awssdk/regions/servicemetadata/IvschatServiceMetadata
instanceKlass software/amazon/awssdk/regions/servicemetadata/IvsServiceMetadata
instanceKlass software/amazon/awssdk/regions/servicemetadata/IotwirelessServiceMetadata
instanceKlass software/amazon/awssdk/regions/servicemetadata/IottwinmakerServiceMetadata
instanceKlass software/amazon/awssdk/regions/servicemetadata/IotthingsgraphServiceMetadata
instanceKlass software/amazon/awssdk/regions/servicemetadata/IotsitewiseServiceMetadata
instanceKlass software/amazon/awssdk/regions/servicemetadata/IotsecuredtunnelingServiceMetadata
instanceKlass software/amazon/awssdk/regions/servicemetadata/IotfleetwiseServiceMetadata
instanceKlass software/amazon/awssdk/regions/servicemetadata/IoteventsdataServiceMetadata
instanceKlass software/amazon/awssdk/regions/servicemetadata/IoteventsServiceMetadata
instanceKlass software/amazon/awssdk/regions/servicemetadata/IotanalyticsServiceMetadata
instanceKlass software/amazon/awssdk/regions/servicemetadata/IotServiceMetadata
instanceKlass software/amazon/awssdk/regions/servicemetadata/InternetmonitorServiceMetadata
instanceKlass software/amazon/awssdk/regions/servicemetadata/Inspector2ServiceMetadata
instanceKlass software/amazon/awssdk/regions/servicemetadata/InspectorServiceMetadata
instanceKlass software/amazon/awssdk/regions/servicemetadata/IngestTimestreamServiceMetadata
instanceKlass software/amazon/awssdk/regions/servicemetadata/ImportexportServiceMetadata
instanceKlass software/amazon/awssdk/regions/servicemetadata/IdentitystoreServiceMetadata
instanceKlass software/amazon/awssdk/regions/servicemetadata/IdentityChimeServiceMetadata
instanceKlass software/amazon/awssdk/regions/servicemetadata/IamServiceMetadata
instanceKlass software/amazon/awssdk/regions/servicemetadata/HealthlakeServiceMetadata
instanceKlass software/amazon/awssdk/regions/servicemetadata/HealthServiceMetadata
instanceKlass software/amazon/awssdk/regions/servicemetadata/GuarddutyServiceMetadata
instanceKlass software/amazon/awssdk/regions/servicemetadata/GroundstationServiceMetadata
instanceKlass software/amazon/awssdk/regions/servicemetadata/GreengrassServiceMetadata
instanceKlass software/amazon/awssdk/regions/servicemetadata/GrafanaServiceMetadata
instanceKlass software/amazon/awssdk/regions/servicemetadata/GlueServiceMetadata
instanceKlass software/amazon/awssdk/regions/servicemetadata/GlobalacceleratorServiceMetadata
instanceKlass software/amazon/awssdk/regions/servicemetadata/GlacierServiceMetadata
instanceKlass software/amazon/awssdk/regions/servicemetadata/GeoServiceMetadata
instanceKlass software/amazon/awssdk/regions/servicemetadata/GameliftstreamsServiceMetadata
instanceKlass software/amazon/awssdk/regions/servicemetadata/GameliftServiceMetadata
instanceKlass software/amazon/awssdk/regions/servicemetadata/FsxServiceMetadata
instanceKlass software/amazon/awssdk/regions/servicemetadata/FrauddetectorServiceMetadata
instanceKlass software/amazon/awssdk/regions/servicemetadata/ForecastqueryServiceMetadata
instanceKlass software/amazon/awssdk/regions/servicemetadata/ForecastServiceMetadata
instanceKlass software/amazon/awssdk/regions/servicemetadata/FmsServiceMetadata
instanceKlass software/amazon/awssdk/regions/servicemetadata/FirehoseServiceMetadata
instanceKlass software/amazon/awssdk/regions/servicemetadata/FinspaceApiServiceMetadata
instanceKlass software/amazon/awssdk/regions/servicemetadata/FinspaceServiceMetadata
instanceKlass software/amazon/awssdk/regions/servicemetadata/EvidentlyServiceMetadata
instanceKlass software/amazon/awssdk/regions/servicemetadata/EventsServiceMetadata
instanceKlass software/amazon/awssdk/regions/servicemetadata/EsServiceMetadata
instanceKlass software/amazon/awssdk/regions/servicemetadata/EntitlementMarketplaceServiceMetadata
instanceKlass software/amazon/awssdk/regions/servicemetadata/EmrServerlessServiceMetadata
instanceKlass software/amazon/awssdk/regions/servicemetadata/EmrContainersServiceMetadata
instanceKlass software/amazon/awssdk/regions/servicemetadata/EmailServiceMetadata
instanceKlass software/amazon/awssdk/regions/servicemetadata/ElasticmapreduceServiceMetadata
instanceKlass software/amazon/awssdk/regions/servicemetadata/ElasticloadbalancingServiceMetadata
instanceKlass software/amazon/awssdk/regions/servicemetadata/ElasticfilesystemServiceMetadata
instanceKlass software/amazon/awssdk/regions/servicemetadata/ElasticbeanstalkServiceMetadata
instanceKlass software/amazon/awssdk/regions/servicemetadata/ElasticacheServiceMetadata
instanceKlass software/amazon/awssdk/regions/servicemetadata/EksAuthServiceMetadata
instanceKlass software/amazon/awssdk/regions/servicemetadata/EksServiceMetadata
instanceKlass software/amazon/awssdk/regions/servicemetadata/EdgeSagemakerServiceMetadata
instanceKlass software/amazon/awssdk/regions/servicemetadata/EcsServiceMetadata
instanceKlass software/amazon/awssdk/regions/servicemetadata/Ec2ServiceMetadata
instanceKlass software/amazon/awssdk/regions/servicemetadata/EbsServiceMetadata
instanceKlass software/amazon/awssdk/regions/servicemetadata/DynamodbServiceMetadata
instanceKlass software/amazon/awssdk/regions/servicemetadata/DsServiceMetadata
instanceKlass software/amazon/awssdk/regions/servicemetadata/DrsServiceMetadata
instanceKlass software/amazon/awssdk/regions/servicemetadata/DocdbServiceMetadata
instanceKlass software/amazon/awssdk/regions/servicemetadata/DmsServiceMetadata
instanceKlass software/amazon/awssdk/regions/servicemetadata/DlmServiceMetadata
instanceKlass software/amazon/awssdk/regions/servicemetadata/DiscoveryServiceMetadata
instanceKlass software/amazon/awssdk/regions/servicemetadata/DirectconnectServiceMetadata
instanceKlass software/amazon/awssdk/regions/servicemetadata/DevopsGuruServiceMetadata
instanceKlass software/amazon/awssdk/regions/servicemetadata/DevicefarmServiceMetadata
instanceKlass software/amazon/awssdk/regions/servicemetadata/DaxServiceMetadata
instanceKlass software/amazon/awssdk/regions/servicemetadata/DatazoneServiceMetadata
instanceKlass software/amazon/awssdk/regions/servicemetadata/DatasyncServiceMetadata
instanceKlass software/amazon/awssdk/regions/servicemetadata/DatapipelineServiceMetadata
instanceKlass software/amazon/awssdk/regions/servicemetadata/DataexchangeServiceMetadata
instanceKlass software/amazon/awssdk/regions/servicemetadata/DatabrewServiceMetadata
instanceKlass software/amazon/awssdk/regions/servicemetadata/DataMediastoreServiceMetadata
instanceKlass software/amazon/awssdk/regions/servicemetadata/DataJobsIotServiceMetadata
instanceKlass software/amazon/awssdk/regions/servicemetadata/DataIotServiceMetadata
instanceKlass software/amazon/awssdk/regions/servicemetadata/DataAtsIotServiceMetadata
instanceKlass software/amazon/awssdk/regions/servicemetadata/CurServiceMetadata
instanceKlass software/amazon/awssdk/regions/servicemetadata/CostOptimizationHubServiceMetadata
instanceKlass software/amazon/awssdk/regions/servicemetadata/ControltowerServiceMetadata
instanceKlass software/amazon/awssdk/regions/servicemetadata/ContactLensServiceMetadata
instanceKlass software/amazon/awssdk/regions/servicemetadata/ConnectCampaignsServiceMetadata
instanceKlass software/amazon/awssdk/regions/servicemetadata/ConnectServiceMetadata
instanceKlass software/amazon/awssdk/regions/servicemetadata/ConfigServiceMetadata
instanceKlass software/amazon/awssdk/regions/servicemetadata/ComputeOptimizerServiceMetadata
instanceKlass software/amazon/awssdk/regions/servicemetadata/ComprehendmedicalServiceMetadata
instanceKlass software/amazon/awssdk/regions/servicemetadata/ComprehendServiceMetadata
instanceKlass software/amazon/awssdk/regions/servicemetadata/CognitoSyncServiceMetadata
instanceKlass software/amazon/awssdk/regions/servicemetadata/CognitoIdpServiceMetadata
instanceKlass software/amazon/awssdk/regions/servicemetadata/CognitoIdentityServiceMetadata
instanceKlass software/amazon/awssdk/regions/servicemetadata/CodestarNotificationsServiceMetadata
instanceKlass software/amazon/awssdk/regions/servicemetadata/CodestarConnectionsServiceMetadata
instanceKlass software/amazon/awssdk/regions/servicemetadata/CodepipelineServiceMetadata
instanceKlass software/amazon/awssdk/regions/servicemetadata/CodeguruReviewerServiceMetadata
instanceKlass software/amazon/awssdk/regions/servicemetadata/CodeguruProfilerServiceMetadata
instanceKlass software/amazon/awssdk/regions/servicemetadata/CodedeployServiceMetadata
instanceKlass software/amazon/awssdk/regions/servicemetadata/CodecommitServiceMetadata
instanceKlass software/amazon/awssdk/regions/servicemetadata/CodecatalystServiceMetadata
instanceKlass software/amazon/awssdk/regions/servicemetadata/CodebuildServiceMetadata
instanceKlass software/amazon/awssdk/regions/servicemetadata/CodeartifactServiceMetadata
instanceKlass software/amazon/awssdk/regions/servicemetadata/CloudtrailDataServiceMetadata
instanceKlass software/amazon/awssdk/regions/servicemetadata/CloudtrailServiceMetadata
instanceKlass software/amazon/awssdk/regions/servicemetadata/CloudsearchServiceMetadata
instanceKlass software/amazon/awssdk/regions/servicemetadata/Cloudhsmv2ServiceMetadata
instanceKlass software/amazon/awssdk/regions/servicemetadata/CloudhsmServiceMetadata
instanceKlass software/amazon/awssdk/regions/servicemetadata/CloudfrontServiceMetadata
instanceKlass software/amazon/awssdk/regions/servicemetadata/CloudformationServiceMetadata
instanceKlass software/amazon/awssdk/regions/servicemetadata/ClouddirectoryServiceMetadata
instanceKlass software/amazon/awssdk/regions/servicemetadata/CloudcontrolapiServiceMetadata
instanceKlass software/amazon/awssdk/regions/servicemetadata/Cloud9ServiceMetadata
instanceKlass software/amazon/awssdk/regions/servicemetadata/CleanroomsServiceMetadata
instanceKlass software/amazon/awssdk/regions/servicemetadata/ChimeServiceMetadata
instanceKlass software/amazon/awssdk/regions/servicemetadata/CeServiceMetadata
instanceKlass software/amazon/awssdk/regions/servicemetadata/CatalogMarketplaceServiceMetadata
instanceKlass software/amazon/awssdk/regions/servicemetadata/CassandraServiceMetadata
instanceKlass software/amazon/awssdk/regions/servicemetadata/CasesServiceMetadata
instanceKlass software/amazon/awssdk/regions/servicemetadata/BudgetsServiceMetadata
instanceKlass software/amazon/awssdk/regions/servicemetadata/BraketServiceMetadata
instanceKlass software/amazon/awssdk/regions/servicemetadata/BillingconductorServiceMetadata
instanceKlass software/amazon/awssdk/regions/servicemetadata/BedrockServiceMetadata
instanceKlass software/amazon/awssdk/regions/servicemetadata/BatchServiceMetadata
instanceKlass software/amazon/awssdk/regions/servicemetadata/BackupGatewayServiceMetadata
instanceKlass software/amazon/awssdk/regions/servicemetadata/BackupServiceMetadata
instanceKlass software/amazon/awssdk/regions/servicemetadata/AutoscalingPlansServiceMetadata
instanceKlass software/amazon/awssdk/regions/servicemetadata/AutoscalingServiceMetadata
instanceKlass software/amazon/awssdk/regions/servicemetadata/AuditmanagerServiceMetadata
instanceKlass software/amazon/awssdk/regions/servicemetadata/AthenaServiceMetadata
instanceKlass software/amazon/awssdk/regions/servicemetadata/ArcZonalShiftServiceMetadata
instanceKlass software/amazon/awssdk/regions/servicemetadata/ApsServiceMetadata
instanceKlass software/amazon/awssdk/regions/servicemetadata/AppsyncServiceMetadata
instanceKlass software/amazon/awssdk/regions/servicemetadata/Appstream2ServiceMetadata
instanceKlass software/amazon/awssdk/regions/servicemetadata/ApprunnerServiceMetadata
instanceKlass software/amazon/awssdk/regions/servicemetadata/AppmeshServiceMetadata
instanceKlass software/amazon/awssdk/regions/servicemetadata/ApplicationinsightsServiceMetadata
instanceKlass software/amazon/awssdk/regions/servicemetadata/ApplicationAutoscalingServiceMetadata
instanceKlass software/amazon/awssdk/regions/servicemetadata/AppflowServiceMetadata
instanceKlass software/amazon/awssdk/regions/servicemetadata/AppconfigdataServiceMetadata
instanceKlass software/amazon/awssdk/regions/servicemetadata/AppconfigServiceMetadata
instanceKlass software/amazon/awssdk/regions/servicemetadata/AppIntegrationsServiceMetadata
instanceKlass software/amazon/awssdk/regions/servicemetadata/ApigatewayServiceMetadata
instanceKlass software/amazon/awssdk/regions/servicemetadata/ApiTunnelingIotServiceMetadata
instanceKlass software/amazon/awssdk/regions/servicemetadata/ApiSagemakerServiceMetadata
instanceKlass software/amazon/awssdk/regions/servicemetadata/ApiPricingServiceMetadata
instanceKlass software/amazon/awssdk/regions/servicemetadata/ApiMediatailorServiceMetadata
instanceKlass software/amazon/awssdk/regions/servicemetadata/ApiIotwirelessServiceMetadata
instanceKlass software/amazon/awssdk/regions/servicemetadata/ApiIotdeviceadvisorServiceMetadata
instanceKlass software/amazon/awssdk/regions/servicemetadata/ApiEcrPublicServiceMetadata
instanceKlass software/amazon/awssdk/regions/servicemetadata/ApiEcrServiceMetadata
instanceKlass software/amazon/awssdk/regions/servicemetadata/ApiDetectiveServiceMetadata
instanceKlass software/amazon/awssdk/regions/servicemetadata/AossServiceMetadata
instanceKlass software/amazon/awssdk/regions/servicemetadata/AmplifyuibuilderServiceMetadata
instanceKlass software/amazon/awssdk/regions/servicemetadata/AmplifybackendServiceMetadata
instanceKlass software/amazon/awssdk/regions/servicemetadata/AmplifyServiceMetadata
instanceKlass software/amazon/awssdk/regions/servicemetadata/AirflowServiceMetadata
instanceKlass software/amazon/awssdk/regions/servicemetadata/AgreementMarketplaceServiceMetadata
instanceKlass software/amazon/awssdk/regions/servicemetadata/AcmPcaServiceMetadata
instanceKlass software/amazon/awssdk/regions/PartitionEndpointKey$DefaultBuilder
instanceKlass software/amazon/awssdk/regions/PartitionEndpointKey$Builder
instanceKlass software/amazon/awssdk/regions/PartitionEndpointKey
instanceKlass software/amazon/awssdk/regions/servicemetadata/AcmServiceMetadata
instanceKlass software/amazon/awssdk/regions/servicemetadata/AccountServiceMetadata
instanceKlass software/amazon/awssdk/regions/EndpointTag$EndpointTagCache
instanceKlass software/amazon/awssdk/regions/EndpointTag
instanceKlass software/amazon/awssdk/regions/ServiceEndpointKey$DefaultBuilder
instanceKlass software/amazon/awssdk/regions/ServiceEndpointKey$Builder
instanceKlass software/amazon/awssdk/regions/ServiceEndpointKey
instanceKlass software/amazon/awssdk/regions/internal/DefaultServicePartitionMetadata
instanceKlass software/amazon/awssdk/regions/ServicePartitionMetadata
instanceKlass software/amazon/awssdk/regions/servicemetadata/AccessAnalyzerServiceMetadata
instanceKlass software/amazon/awssdk/regions/GeneratedServiceMetadataProvider
instanceKlass software/amazon/awssdk/regions/regionmetadata/UsGovWest1
instanceKlass software/amazon/awssdk/regions/regionmetadata/UsGovEast1
instanceKlass software/amazon/awssdk/regions/regionmetadata/AwsUsGovGlobal
instanceKlass software/amazon/awssdk/regions/regionmetadata/UsIsofSouth1
instanceKlass software/amazon/awssdk/regions/regionmetadata/UsIsofEast1
instanceKlass software/amazon/awssdk/regions/regionmetadata/AwsIsoFGlobal
instanceKlass software/amazon/awssdk/regions/regionmetadata/EuIsoeWest1
instanceKlass software/amazon/awssdk/regions/regionmetadata/AwsIsoEGlobal
instanceKlass software/amazon/awssdk/regions/regionmetadata/UsIsobWest1
instanceKlass software/amazon/awssdk/regions/regionmetadata/UsIsobEast1
instanceKlass software/amazon/awssdk/regions/regionmetadata/AwsIsoBGlobal
instanceKlass software/amazon/awssdk/regions/regionmetadata/UsIsoWest1
instanceKlass software/amazon/awssdk/regions/regionmetadata/UsIsoEast1
instanceKlass software/amazon/awssdk/regions/regionmetadata/AwsIsoGlobal
instanceKlass software/amazon/awssdk/regions/regionmetadata/EuscDeEast1
instanceKlass software/amazon/awssdk/regions/regionmetadata/CnNorthwest1
instanceKlass software/amazon/awssdk/regions/regionmetadata/CnNorth1
instanceKlass software/amazon/awssdk/regions/regionmetadata/AwsCnGlobal
instanceKlass software/amazon/awssdk/regions/regionmetadata/UsWest2
instanceKlass software/amazon/awssdk/regions/regionmetadata/UsWest1
instanceKlass software/amazon/awssdk/regions/regionmetadata/UsEast2
instanceKlass software/amazon/awssdk/regions/regionmetadata/UsEast1
instanceKlass software/amazon/awssdk/regions/regionmetadata/SaEast1
instanceKlass software/amazon/awssdk/regions/regionmetadata/MxCentral1
instanceKlass software/amazon/awssdk/regions/regionmetadata/MeSouth1
instanceKlass software/amazon/awssdk/regions/regionmetadata/MeCentral1
instanceKlass software/amazon/awssdk/regions/regionmetadata/IlCentral1
instanceKlass software/amazon/awssdk/regions/regionmetadata/EuWest3
instanceKlass software/amazon/awssdk/regions/regionmetadata/EuWest2
instanceKlass software/amazon/awssdk/regions/regionmetadata/EuWest1
instanceKlass software/amazon/awssdk/regions/regionmetadata/EuSouth2
instanceKlass software/amazon/awssdk/regions/regionmetadata/EuSouth1
instanceKlass software/amazon/awssdk/regions/regionmetadata/EuNorth1
instanceKlass software/amazon/awssdk/regions/regionmetadata/EuCentral2
instanceKlass software/amazon/awssdk/regions/regionmetadata/EuCentral1
instanceKlass software/amazon/awssdk/regions/regionmetadata/CaWest1
instanceKlass software/amazon/awssdk/regions/regionmetadata/CaCentral1
instanceKlass software/amazon/awssdk/regions/regionmetadata/AwsGlobal
instanceKlass software/amazon/awssdk/regions/regionmetadata/ApSoutheast7
instanceKlass software/amazon/awssdk/regions/regionmetadata/ApSoutheast6
instanceKlass software/amazon/awssdk/regions/regionmetadata/ApSoutheast5
instanceKlass software/amazon/awssdk/regions/regionmetadata/ApSoutheast4
instanceKlass software/amazon/awssdk/regions/regionmetadata/ApSoutheast3
instanceKlass software/amazon/awssdk/regions/regionmetadata/ApSoutheast2
instanceKlass software/amazon/awssdk/regions/regionmetadata/ApSoutheast1
instanceKlass software/amazon/awssdk/regions/regionmetadata/ApSouth2
instanceKlass software/amazon/awssdk/regions/regionmetadata/ApSouth1
instanceKlass software/amazon/awssdk/regions/regionmetadata/ApNortheast3
instanceKlass software/amazon/awssdk/regions/regionmetadata/ApNortheast2
instanceKlass software/amazon/awssdk/regions/regionmetadata/ApNortheast1
instanceKlass software/amazon/awssdk/regions/regionmetadata/ApEast2
instanceKlass software/amazon/awssdk/regions/regionmetadata/ApEast1
instanceKlass software/amazon/awssdk/regions/regionmetadata/AfSouth1
instanceKlass software/amazon/awssdk/regions/RegionMetadata
instanceKlass software/amazon/awssdk/regions/GeneratedRegionMetadataProvider
instanceKlass software/amazon/awssdk/regions/PartitionMetadataProvider
instanceKlass software/amazon/awssdk/regions/ServiceMetadataProvider
instanceKlass software/amazon/awssdk/regions/RegionMetadataProvider
instanceKlass software/amazon/awssdk/regions/internal/MetadataLoader
instanceKlass software/amazon/awssdk/regions/ServiceMetadata
instanceKlass software/amazon/awssdk/awscore/endpoint/FipsEnabledProvider$Builder
instanceKlass software/amazon/awssdk/awscore/endpoint/FipsEnabledProvider
instanceKlass software/amazon/awssdk/awscore/endpoint/DualstackEnabledProvider$Builder
instanceKlass software/amazon/awssdk/awscore/endpoint/DualstackEnabledProvider
instanceKlass software/amazon/awssdk/internal/http/AbstractFileStoreTlsKeyManagersProvider
instanceKlass software/amazon/awssdk/http/TlsTrustManagersProvider
instanceKlass software/amazon/awssdk/http/TlsKeyManagersProvider
instanceKlass software/amazon/awssdk/awscore/internal/defaultsmode/DefaultsModeConfiguration
instanceKlass software/amazon/awssdk/awscore/internal/defaultsmode/DefaultsModeResolver
instanceKlass software/amazon/awssdk/core/interceptor/ExecutionAttribute$DefaultValueStorage
instanceKlass software/amazon/awssdk/core/interceptor/ExecutionAttribute$ValueStorage
instanceKlass software/amazon/awssdk/core/interceptor/ExecutionAttribute
instanceKlass software/amazon/awssdk/awscore/interceptor/TraceIdExecutionInterceptor
instanceKlass software/amazon/awssdk/awscore/eventstream/EventStreamInitialRequestInterceptor
instanceKlass software/amazon/awssdk/awscore/interceptor/HelpfulUnknownHostExceptionInterceptor
instanceKlass software/amazon/awssdk/identity/spi/internal/DefaultIdentityProviders$BuilderImpl
instanceKlass software/amazon/awssdk/identity/spi/IdentityProviders$Builder
instanceKlass software/amazon/awssdk/identity/spi/internal/DefaultIdentityProviders
instanceKlass software/amazon/awssdk/awscore/endpoint/AwsClientEndpointProvider$ClientEndpoint
instanceKlass software/amazon/awssdk/awscore/endpoint/AwsClientEndpointProvider$Builder
instanceKlass software/amazon/awssdk/awscore/endpoint/AwsClientEndpointProvider
instanceKlass software/amazon/awssdk/core/checksums/ResponseChecksumValidationResolver
instanceKlass software/amazon/awssdk/core/checksums/RequestChecksumCalculationResolver
instanceKlass software/amazon/awssdk/utils/AttributeMap$CachedValue
instanceKlass software/amazon/awssdk/services/s3/internal/s3express/UseS3ExpressAuthResolver
instanceKlass software/amazon/awssdk/services/s3/internal/endpoints/UseGlobalEndpointResolver
instanceKlass software/amazon/awssdk/services/s3/internal/settingproviders/ProfileDisableMultiRegionProvider
instanceKlass software/amazon/awssdk/services/s3/internal/settingproviders/SystemsSettingsDisableMultiRegionProvider
instanceKlass software/amazon/awssdk/services/s3/internal/settingproviders/DisableMultiRegionProviderChain
instanceKlass software/amazon/awssdk/services/s3/internal/settingproviders/DisableMultiRegionProvider
instanceKlass software/amazon/awssdk/services/s3/internal/settingproviders/ProfileUseArnRegionProvider
instanceKlass software/amazon/awssdk/services/s3/internal/settingproviders/SystemsSettingsUseArnRegionProvider
instanceKlass software/amazon/awssdk/services/s3/internal/settingproviders/UseArnRegionProviderChain
instanceKlass software/amazon/awssdk/services/s3/internal/settingproviders/UseArnRegionProvider
instanceKlass java/util/IdentityHashMap$IdentityHashMapIterator
instanceKlass software/amazon/awssdk/utils/AttributeMap$ExpectCachedLazyValueSource
instanceKlass software/amazon/awssdk/core/internal/util/ClassLoaderHelper
instanceKlass software/amazon/awssdk/core/interceptor/ClasspathInterceptorChainFactory
instanceKlass software/amazon/awssdk/core/SdkRequest
instanceKlass software/amazon/awssdk/services/s3/internal/handlers/ObjectMetadataInterceptor
instanceKlass software/amazon/awssdk/core/SdkResponse
instanceKlass software/amazon/awssdk/services/s3/internal/handlers/GetObjectInterceptor
instanceKlass software/amazon/awssdk/core/SdkPojo
instanceKlass software/amazon/awssdk/services/s3/internal/handlers/ExceptionTranslationInterceptor
instanceKlass software/amazon/awssdk/services/s3/internal/handlers/EnableTrailingChecksumInterceptor
instanceKlass software/amazon/awssdk/services/s3/internal/handlers/SyncChecksumValidationInterceptor
instanceKlass software/amazon/awssdk/core/checksums/SdkChecksum
instanceKlass software/amazon/awssdk/http/SdkHttpHeaders
instanceKlass software/amazon/awssdk/services/s3/internal/handlers/AsyncChecksumValidationInterceptor
instanceKlass software/amazon/awssdk/core/interceptor/Context$ModifyHttpResponse
instanceKlass software/amazon/awssdk/core/interceptor/Context$AfterTransmission
instanceKlass software/amazon/awssdk/core/interceptor/Context$BeforeTransmission
instanceKlass software/amazon/awssdk/core/interceptor/Context$ModifyHttpRequest
instanceKlass software/amazon/awssdk/core/interceptor/Context$AfterMarshalling
instanceKlass software/amazon/awssdk/core/interceptor/Context$BeforeMarshalling
instanceKlass software/amazon/awssdk/core/interceptor/Context$ModifyRequest
instanceKlass software/amazon/awssdk/core/interceptor/Context$BeforeExecution
instanceKlass org/reactivestreams/Publisher
instanceKlass software/amazon/awssdk/services/s3/internal/handlers/GetBucketPolicyInterceptor
instanceKlass software/amazon/awssdk/services/s3/internal/handlers/DecodeUrlEncodedResponseInterceptor
instanceKlass software/amazon/awssdk/services/s3/internal/handlers/CreateMultipartUploadRequestInterceptor
instanceKlass software/amazon/awssdk/services/s3/internal/handlers/CreateBucketInterceptor
instanceKlass software/amazon/awssdk/services/s3/internal/handlers/StreamingRequestInterceptor
instanceKlass software/amazon/awssdk/services/s3/endpoints/internal/S3RequestSetEndpointInterceptor
instanceKlass software/amazon/awssdk/services/s3/endpoints/internal/S3ResolveEndpointInterceptor
instanceKlass software/amazon/awssdk/services/s3/auth/scheme/internal/S3AuthSchemeInterceptor
instanceKlass software/amazon/awssdk/core/interceptor/ExecutionInterceptor
instanceKlass java/time/Instant$1
instanceKlass software/amazon/awssdk/utils/cache/RefreshResult$Builder
instanceKlass java/nio/file/attribute/FileTime$1
instanceKlass software/amazon/awssdk/core/CompressionConfiguration$DefaultBuilder
instanceKlass software/amazon/awssdk/core/CompressionConfiguration$Builder
instanceKlass software/amazon/awssdk/utils/AttributeMap$DerivedValue
instanceKlass software/amazon/awssdk/utils/AttributeMap$LazyValue
instanceKlass software/amazon/awssdk/profiles/internal/AggregateProfileFileSupplier$SupplierState
instanceKlass software/amazon/awssdk/profiles/internal/AggregateProfileFileSupplier
instanceKlass software/amazon/awssdk/utils/cache/OneCallerBlocks
instanceKlass software/amazon/awssdk/utils/cache/CachedSupplier$PrefetchStrategy
instanceKlass software/amazon/awssdk/utils/cache/CachedSupplier$Builder
instanceKlass software/amazon/awssdk/utils/cache/CachedSupplier
instanceKlass software/amazon/awssdk/utils/cache/RefreshResult
instanceKlass software/amazon/awssdk/profiles/internal/ProfileFileRefresher$Builder
instanceKlass software/amazon/awssdk/profiles/internal/ProfileFileRefresher$ProfileFileRefreshRecord$Builder
instanceKlass software/amazon/awssdk/profiles/internal/ProfileFileRefresher$ProfileFileRefreshRecord
instanceKlass software/amazon/awssdk/profiles/internal/ProfileFileRefresher
instanceKlass software/amazon/awssdk/profiles/ProfileFileSupplier$1
instanceKlass software/amazon/awssdk/profiles/ProfileFileSupplier
instanceKlass software/amazon/awssdk/core/signer/Signer
instanceKlass software/amazon/awssdk/services/s3/internal/FieldWithDefault
instanceKlass software/amazon/awssdk/services/s3/S3Configuration$DefaultS3ServiceConfigurationBuilder
instanceKlass software/amazon/awssdk/services/s3/S3Configuration$Builder
instanceKlass software/amazon/awssdk/services/s3/S3Configuration
instanceKlass software/amazon/awssdk/http/auth/internal/scheme/DefaultNoAuthAuthScheme$3
instanceKlass software/amazon/awssdk/http/auth/internal/scheme/DefaultNoAuthAuthScheme$2
instanceKlass software/amazon/awssdk/http/auth/internal/scheme/DefaultNoAuthAuthScheme$1
instanceKlass software/amazon/awssdk/http/auth/scheme/NoAuthAuthScheme$AnonymousIdentity
instanceKlass software/amazon/awssdk/identity/spi/Identity
instanceKlass software/amazon/awssdk/http/auth/internal/scheme/DefaultNoAuthAuthScheme
instanceKlass software/amazon/awssdk/http/auth/scheme/NoAuthAuthScheme
instanceKlass software/amazon/awssdk/http/auth/aws/internal/scheme/DefaultAwsV4aAuthScheme
instanceKlass software/amazon/awssdk/http/auth/aws/scheme/AwsV4aAuthScheme
instanceKlass software/amazon/awssdk/http/auth/spi/signer/PayloadChecksumStore
instanceKlass java/util/concurrent/CompletionStage
instanceKlass software/amazon/awssdk/http/auth/aws/internal/signer/V4PayloadSigner
instanceKlass software/amazon/awssdk/http/auth/spi/signer/BaseSignRequest
instanceKlass software/amazon/awssdk/http/auth/aws/internal/signer/DefaultAwsV4HttpSigner
instanceKlass software/amazon/awssdk/http/auth/spi/signer/SignerProperty
instanceKlass software/amazon/awssdk/http/auth/aws/signer/AwsV4HttpSigner
instanceKlass software/amazon/awssdk/http/auth/aws/signer/AwsV4FamilyHttpSigner
instanceKlass software/amazon/awssdk/http/auth/aws/internal/scheme/DefaultAwsV4AuthScheme
instanceKlass software/amazon/awssdk/http/auth/spi/signer/HttpSigner
instanceKlass software/amazon/awssdk/http/auth/aws/scheme/AwsV4AuthScheme
instanceKlass software/amazon/awssdk/http/auth/spi/scheme/AuthScheme
instanceKlass software/amazon/awssdk/services/s3/auth/scheme/internal/FallbackS3AuthSchemeProvider
instanceKlass software/amazon/awssdk/services/s3/auth/scheme/internal/DefaultS3AuthSchemeProvider
instanceKlass software/amazon/awssdk/services/s3/auth/scheme/S3AuthSchemeProvider
instanceKlass java/util/Collections$UnmodifiableMap$UnmodifiableEntrySet$UnmodifiableEntry
instanceKlass java/util/Collections$UnmodifiableMap$UnmodifiableEntrySet$1
instanceKlass software/amazon/awssdk/utils/IoUtils
instanceKlass software/amazon/awssdk/profiles/Profile$BuilderImpl
instanceKlass software/amazon/awssdk/profiles/Profile$Builder
instanceKlass software/amazon/awssdk/profiles/Profile
instanceKlass java/util/function/IntSupplier
instanceKlass java/util/stream/ReduceOps$6ReducingSink
instanceKlass java/util/function/IntBinaryOperator
instanceKlass java/util/function/ToIntFunction
instanceKlass java/util/Formattable
instanceKlass java/util/Formatter$FixedString
instanceKlass java/util/Formatter$Flags
instanceKlass java/util/Formatter$FormatSpecifier
instanceKlass java/util/Formatter$FormatString
instanceKlass java/util/Formatter$Conversion
instanceKlass java/util/Formatter
instanceKlass java/io/BufferedReader$1
instanceKlass software/amazon/awssdk/profiles/internal/ProfileFileReader$ParserState
instanceKlass software/amazon/awssdk/profiles/internal/ProfileFileReader
instanceKlass software/amazon/awssdk/profiles/ProfileFile$BuilderImpl
instanceKlass software/amazon/awssdk/utils/UserHomeDirectoryUtils
instanceKlass software/amazon/awssdk/profiles/ProfileFileLocation
instanceKlass software/amazon/awssdk/profiles/ProfileFile$Aggregator
instanceKlass software/amazon/awssdk/utils/internal/SystemSettingUtilsTestBackdoor
instanceKlass software/amazon/awssdk/utils/OptionalUtils
instanceKlass software/amazon/awssdk/utils/internal/SystemSettingUtils
instanceKlass software/amazon/awssdk/profiles/ProfileFile$Builder
instanceKlass software/amazon/awssdk/awscore/auth/AuthSchemePreferenceResolver$Builder
instanceKlass software/amazon/awssdk/awscore/auth/AuthSchemePreferenceResolver
instanceKlass software/amazon/awssdk/services/s3/endpoints/internal/DefaultS3EndpointProvider
instanceKlass software/amazon/awssdk/services/s3/endpoints/S3EndpointProvider
instanceKlass software/amazon/awssdk/utils/AttributeMap$Builder$1
instanceKlass software/amazon/awssdk/core/CompressionConfiguration
instanceKlass software/amazon/awssdk/identity/spi/IdentityProviders
instanceKlass software/amazon/awssdk/http/auth/spi/scheme/AuthSchemeProvider
instanceKlass software/amazon/awssdk/endpoints/EndpointProvider
instanceKlass software/amazon/awssdk/core/useragent/BusinessMetricCollection
instanceKlass software/amazon/awssdk/core/interceptor/ExecutionAttributes
instanceKlass software/amazon/awssdk/profiles/ProfileFile
instanceKlass java/util/concurrent/ScheduledExecutorService
instanceKlass software/amazon/awssdk/core/ServiceConfiguration
instanceKlass software/amazon/awssdk/retries/api/RetryStrategy$Builder
instanceKlass software/amazon/awssdk/retries/api/RetryStrategy
instanceKlass software/amazon/awssdk/core/retry/RetryPolicy
instanceKlass software/amazon/awssdk/utils/Lazy
instanceKlass software/amazon/awssdk/auth/credentials/internal/LazyAwsCredentialsProvider
instanceKlass software/amazon/awssdk/auth/credentials/DefaultCredentialsProvider$Builder
instanceKlass software/amazon/awssdk/auth/credentials/DefaultCredentialsProvider
instanceKlass software/amazon/awssdk/utils/AttributeMap$ConstantValue
instanceKlass software/amazon/awssdk/auth/token/credentials/SdkTokenProvider
instanceKlass software/amazon/awssdk/utils/AttributeMap$Key$UnsafeValueType
instanceKlass software/amazon/awssdk/utils/Pair
instanceKlass java/util/RegularEnumSet$EnumSetIterator
instanceKlass software/amazon/awssdk/utils/CollectionUtils
instanceKlass software/amazon/awssdk/utils/internal/EnumUtils
instanceKlass software/amazon/awssdk/awscore/internal/defaultsmode/AutoDefaultsModeDiscovery
instanceKlass software/amazon/awssdk/utils/AttributeMap$DependencyGraph
instanceKlass software/amazon/awssdk/utils/AttributeMap$Value
instanceKlass software/amazon/awssdk/utils/AttributeMap$Builder
instanceKlass software/amazon/awssdk/utils/AttributeMap$LazyValueSource
instanceKlass software/amazon/awssdk/utils/AttributeMap
instanceKlass software/amazon/awssdk/core/client/config/ClientOverrideConfiguration$Builder
instanceKlass software/amazon/awssdk/core/client/config/SdkClientConfiguration$Builder
instanceKlass software/amazon/awssdk/utils/builder/CopyableBuilder
instanceKlass software/amazon/awssdk/core/client/config/SdkClientConfiguration
instanceKlass software/amazon/awssdk/utils/builder/ToCopyableBuilder
instanceKlass software/amazon/awssdk/http/async/SdkAsyncHttpService
instanceKlass software/amazon/awssdk/core/internal/http/loader/DefaultSdkAsyncHttpClientBuilder
instanceKlass software/amazon/awssdk/core/internal/http/loader/SdkServiceLoader
instanceKlass software/amazon/awssdk/utils/ImmutableMap$Builder
instanceKlass org/slf4j/helpers/NamedLoggerBase
instanceKlass org/slf4j/helpers/Util
instanceKlass org/slf4j/helpers/NOPLoggerFactory
instanceKlass org/slf4j/Logger
instanceKlass org/slf4j/helpers/SubstituteLoggerFactory
instanceKlass org/slf4j/event/LoggingEvent
instanceKlass org/slf4j/ILoggerFactory
instanceKlass org/slf4j/LoggerFactory
instanceKlass software/amazon/awssdk/utils/Logger
instanceKlass software/amazon/awssdk/utils/ImmutableMap
instanceKlass software/amazon/awssdk/core/internal/http/loader/ClasspathSdkHttpServiceProvider
instanceKlass software/amazon/awssdk/http/SdkHttpService
instanceKlass software/amazon/awssdk/utils/SystemSetting
instanceKlass software/amazon/awssdk/core/internal/http/loader/SystemPropertyHttpServiceProvider
instanceKlass software/amazon/awssdk/core/internal/http/loader/SdkHttpServiceProviderChain
instanceKlass software/amazon/awssdk/core/internal/http/loader/CachingSdkHttpServiceProvider
instanceKlass software/amazon/awssdk/core/internal/http/loader/SdkHttpServiceProvider
instanceKlass software/amazon/awssdk/core/internal/http/loader/DefaultSdkHttpClientBuilder
instanceKlass software/amazon/awssdk/core/SdkServiceClientConfiguration$Builder
instanceKlass software/amazon/awssdk/core/ClientEndpointProvider
instanceKlass software/amazon/awssdk/http/SdkHttpClient
instanceKlass software/amazon/awssdk/utils/AttributeMap$Key
instanceKlass software/amazon/awssdk/http/async/SdkAsyncHttpClient
instanceKlass software/amazon/awssdk/http/async/SdkAsyncHttpClient$Builder
instanceKlass software/amazon/awssdk/http/SdkHttpClient$Builder
instanceKlass software/amazon/awssdk/core/client/builder/SdkDefaultClientBuilder
instanceKlass software/amazon/awssdk/services/s3/S3ClientBuilder
instanceKlass software/amazon/awssdk/services/s3/S3BaseClientBuilder
instanceKlass software/amazon/awssdk/awscore/client/builder/AwsClientBuilder
instanceKlass software/amazon/awssdk/core/client/builder/SdkClientBuilder
instanceKlass software/amazon/awssdk/utils/builder/SdkBuilder
instanceKlass software/amazon/awssdk/utils/builder/Buildable
instanceKlass software/amazon/awssdk/awscore/client/builder/AwsSyncClientBuilder
instanceKlass software/amazon/awssdk/core/client/builder/SdkSyncClientBuilder
instanceKlass software/amazon/awssdk/core/SdkServiceClientConfiguration
instanceKlass software/amazon/awssdk/services/s3/S3Client
instanceKlass software/amazon/awssdk/awscore/AwsClient
instanceKlass software/amazon/awssdk/core/SdkClient
instanceKlass software/amazon/awssdk/utils/SdkAutoCloseable
instanceKlass software/amazon/awssdk/regions/Region$RegionCache
instanceKlass software/amazon/awssdk/utils/FunctionalUtils
instanceKlass software/amazon/awssdk/utils/FunctionalUtils$UnsafeSupplier
instanceKlass software/amazon/awssdk/utils/http/SdkHttpUtils
instanceKlass software/amazon/awssdk/utils/StringUtils
instanceKlass software/amazon/awssdk/utils/Validate
instanceKlass software/amazon/awssdk/regions/Region
instanceKlass software/amazon/awssdk/auth/credentials/AwsCredentialsProvider
instanceKlass software/amazon/awssdk/identity/spi/IdentityProvider
instanceKlass utils/S3StorageService
instanceKlass com/sun/marlin/IntArrayCache$Bucket
instanceKlass com/sun/scenario/effect/impl/state/BoxRenderState$1
instanceKlass jdk/internal/access/foreign/MemorySegmentProxy
instanceKlass com/sun/prism/shader/FillRoundRect_LinearGradient_PAD_Loader
instanceKlass com/sun/prism/image/CompoundImage
instanceKlass com/sun/javafx/sg/prism/CacheFilter
instanceKlass java/text/BreakIterator$BreakIteratorCache
instanceKlass sun/text/SupplementaryCharacterData
instanceKlass sun/text/CompactByteArray
instanceKlass sun/util/resources/provider/NonBaseLocaleDataMetaInfo
instanceKlass sun/util/locale/provider/BaseLocaleDataMetaInfo
instanceKlass java/text/BreakIterator
instanceKlass com/sun/javafx/scene/text/TextLayout$Hit
instanceKlass javafx/scene/layout/FlowPane$LayoutRect
instanceKlass javafx/scene/control/skin/ComboBoxListViewSkin$2
instanceKlass javafx/scene/control/skin/ComboBoxListViewSkin$1
instanceKlass javafx/scene/control/skin/ComboBoxPopupControl$1
instanceKlass com/sun/javafx/font/PrismFontFactory$TTFilter
instanceKlass jdk/internal/icu/util/VersionInfo
instanceKlass jdk/internal/icu/impl/UCharacterProperty$IsAcceptable
instanceKlass jdk/internal/icu/impl/UCharacterProperty$IntProperty
instanceKlass jdk/internal/icu/impl/UCharacterProperty
instanceKlass javafx/scene/control/skin/CellSkinBase$StyleableProperties
instanceKlass java/time/format/DateTimeFormatterBuilder$2
instanceKlass java/time/LocalDate$1
instanceKlass java/time/format/DateTimePrintContext
instanceKlass com/sun/javafx/scene/control/behavior/ListViewBehavior$2
instanceKlass com/sun/javafx/scene/control/behavior/ListViewBehavior$1
instanceKlass javafx/scene/control/skin/ListViewSkin$1
instanceKlass javafx/collections/WeakMapChangeListener
instanceKlass javafx/scene/control/skin/VirtualFlow$3
instanceKlass javafx/scene/control/skin/VirtualFlow$2
instanceKlass javafx/scene/control/skin/VirtualFlow$1
instanceKlass sun/security/ssl/DTLSRecord
instanceKlass sun/security/ssl/SessionId
instanceKlass java/security/spec/MGF1ParameterSpec
instanceKlass sun/security/ec/ParametersMap$1
instanceKlass sun/security/ec/ed/EdDSAParameters$SHAKE256DigesterFactory
instanceKlass sun/security/ec/point/ProjectivePoint
instanceKlass sun/security/ec/ed/EdDSAParameters$Digester
instanceKlass sun/security/ec/ed/EdDSAParameters$SHA512DigesterFactory
instanceKlass sun/security/ec/point/ExtendedHomogeneousPoint
instanceKlass sun/security/ec/point/AffinePoint
instanceKlass sun/security/util/math/intpoly/IntegerPolynomial$Limb
instanceKlass sun/security/util/math/SmallValue
instanceKlass sun/security/ec/point/MutablePoint
instanceKlass sun/security/ec/point/ImmutablePoint
instanceKlass sun/security/util/math/intpoly/IntegerPolynomial$Element
instanceKlass sun/security/util/math/ImmutableIntegerModuloP
instanceKlass sun/security/util/math/IntegerModuloP
instanceKlass java/math/MutableBigInteger
instanceKlass sun/security/util/math/intpoly/IntegerPolynomial
instanceKlass sun/security/ec/ParametersMap
instanceKlass sun/security/ec/ed/EdECOperations
instanceKlass sun/security/ec/ed/EdDSAParameters$DigesterFactory
instanceKlass sun/security/util/math/IntegerFieldModuloP
instanceKlass sun/security/ec/ed/EdDSAParameters
instanceKlass java/security/spec/EdDSAParameterSpec
instanceKlass sun/security/ec/ed/EdDSASignature$MessageAccumulator
instanceKlass javax/crypto/spec/DHParameterSpec
instanceKlass sun/security/ssl/PredefinedDHParameterSpecs$1
instanceKlass sun/security/ssl/PredefinedDHParameterSpecs
instanceKlass com/sun/security/sasl/Provider$1
instanceKlass sun/security/smartcardio/SunPCSC$1
instanceKlass sun/security/pkcs11/SunPKCS11$Descriptor
instanceKlass javax/security/auth/Subject
instanceKlass javax/net/ssl/ExtendedSSLSession
instanceKlass javax/net/ssl/SSLSession
instanceKlass sun/security/ssl/SSLConfiguration$CustomizedClientSignatureSchemes
instanceKlass javax/crypto/KeyGeneratorSpi
instanceKlass javax/crypto/KeyGenerator
instanceKlass sun/security/ssl/SSLConfiguration
instanceKlass sun/security/ssl/SSLCipher$SSLWriteCipher
instanceKlass sun/security/ssl/KeyUpdate$KeyUpdateProducer
instanceKlass sun/security/ssl/KeyUpdate$KeyUpdateConsumer
instanceKlass sun/security/ssl/KeyUpdate$KeyUpdateKickstartProducer
instanceKlass sun/security/ssl/KeyUpdate
instanceKlass sun/security/ssl/CertificateStatus$CertificateStatusAbsence
instanceKlass sun/security/ssl/HandshakeAbsence
instanceKlass sun/security/ssl/CertificateStatus$CertificateStatusProducer
instanceKlass sun/security/ssl/CertificateStatus$CertificateStatusConsumer
instanceKlass sun/security/ssl/CertificateStatus
instanceKlass sun/security/ssl/Finished$T13FinishedProducer
instanceKlass sun/security/ssl/Finished$T13FinishedConsumer
instanceKlass sun/security/ssl/Finished$T12FinishedProducer
instanceKlass sun/security/ssl/Finished$T12FinishedConsumer
instanceKlass sun/security/ssl/Finished
instanceKlass sun/security/ssl/ClientKeyExchange$ClientKeyExchangeProducer
instanceKlass sun/security/ssl/ClientKeyExchange$ClientKeyExchangeConsumer
instanceKlass sun/security/ssl/ClientKeyExchange
instanceKlass sun/security/ssl/CertificateVerify$T13CertificateVerifyProducer
instanceKlass sun/security/ssl/CertificateVerify$T13CertificateVerifyConsumer
instanceKlass sun/security/ssl/CertificateVerify$T12CertificateVerifyProducer
instanceKlass sun/security/ssl/CertificateVerify$T12CertificateVerifyConsumer
instanceKlass sun/security/ssl/CertificateVerify$T10CertificateVerifyProducer
instanceKlass sun/security/ssl/CertificateVerify$T10CertificateVerifyConsumer
instanceKlass sun/security/ssl/CertificateVerify$S30CertificateVerifyProducer
instanceKlass sun/security/ssl/CertificateVerify$S30CertificateVerifyConsumer
instanceKlass sun/security/ssl/CertificateVerify
instanceKlass sun/security/ssl/ServerHelloDone$ServerHelloDoneProducer
instanceKlass sun/security/ssl/ServerHelloDone$ServerHelloDoneConsumer
instanceKlass sun/security/ssl/ServerHelloDone
instanceKlass sun/security/ssl/CertificateRequest$T13CertificateRequestProducer
instanceKlass sun/security/ssl/CertificateRequest$T13CertificateRequestConsumer
instanceKlass sun/security/ssl/CertificateRequest$T12CertificateRequestProducer
instanceKlass sun/security/ssl/CertificateRequest$T12CertificateRequestConsumer
instanceKlass sun/security/ssl/CertificateRequest$T10CertificateRequestProducer
instanceKlass sun/security/ssl/CertificateRequest$T10CertificateRequestConsumer
instanceKlass sun/security/ssl/CertificateRequest
instanceKlass sun/security/ssl/ServerKeyExchange$ServerKeyExchangeProducer
instanceKlass sun/security/ssl/ServerKeyExchange$ServerKeyExchangeConsumer
instanceKlass sun/security/ssl/ServerKeyExchange
instanceKlass sun/security/ssl/CertificateMessage$T13CertificateProducer
instanceKlass sun/security/ssl/CertificateMessage$T13CertificateConsumer
instanceKlass sun/security/ssl/CertificateMessage$T12CertificateProducer
instanceKlass sun/security/ssl/CertificateMessage$T12CertificateConsumer
instanceKlass sun/security/ssl/CertificateMessage
instanceKlass sun/security/ssl/EncryptedExtensions$EncryptedExtensionsConsumer
instanceKlass sun/security/ssl/EncryptedExtensions$EncryptedExtensionsProducer
instanceKlass sun/security/ssl/EncryptedExtensions
instanceKlass sun/security/ssl/NewSessionTicket$T12NewSessionTicketProducer
instanceKlass sun/security/ssl/NewSessionTicket$T13NewSessionTicketProducer
instanceKlass sun/security/ssl/NewSessionTicket$T12NewSessionTicketConsumer
instanceKlass sun/security/ssl/NewSessionTicket$T13NewSessionTicketConsumer
instanceKlass sun/security/ssl/NewSessionTicket
instanceKlass sun/security/ssl/HelloVerifyRequest$HelloVerifyRequestProducer
instanceKlass sun/security/ssl/HelloVerifyRequest$HelloVerifyRequestConsumer
instanceKlass sun/security/ssl/HelloVerifyRequest
instanceKlass sun/security/ssl/ServerHello$T13HelloRetryRequestConsumer
instanceKlass sun/security/ssl/ServerHello$T13ServerHelloConsumer
instanceKlass sun/security/ssl/ServerHello$T12ServerHelloConsumer
instanceKlass sun/security/ssl/ServerHello$T13HelloRetryRequestReproducer
instanceKlass sun/security/ssl/ServerHello$T13HelloRetryRequestProducer
instanceKlass sun/security/ssl/ServerHello$T13ServerHelloProducer
instanceKlass sun/security/ssl/ServerHello$T12ServerHelloProducer
instanceKlass sun/security/ssl/ServerHello$ServerHelloConsumer
instanceKlass sun/security/ssl/ServerHello
instanceKlass sun/security/ssl/ClientHello$D13ClientHelloConsumer
instanceKlass sun/security/ssl/ClientHello$D12ClientHelloConsumer
instanceKlass sun/security/ssl/ClientHello$T13ClientHelloConsumer
instanceKlass sun/security/ssl/ClientHello$T12ClientHelloConsumer
instanceKlass sun/security/ssl/HandshakeConsumer
instanceKlass sun/security/ssl/ClientHello$ClientHelloProducer
instanceKlass sun/security/ssl/ClientHello$ClientHelloConsumer
instanceKlass sun/security/ssl/ClientHello$ClientHelloKickstartProducer
instanceKlass sun/security/ssl/ClientHello
instanceKlass sun/security/ssl/HelloRequest$HelloRequestProducer
instanceKlass sun/security/ssl/HelloRequest$HelloRequestConsumer
instanceKlass sun/security/ssl/HelloRequest$HelloRequestKickstartProducer
instanceKlass sun/security/ssl/SSLProducer
instanceKlass sun/security/ssl/HelloRequest
instanceKlass sun/security/ssl/HandshakeProducer
instanceKlass sun/security/ssl/SSLConsumer
instanceKlass sun/security/ssl/Authenticator$MacImpl
instanceKlass sun/security/ssl/Authenticator$MAC
instanceKlass sun/security/ssl/Authenticator
instanceKlass sun/security/ssl/SSLCipher$SSLReadCipher
instanceKlass sun/security/ssl/InputRecord
instanceKlass sun/security/ssl/SSLRecord
instanceKlass sun/security/ssl/Record
instanceKlass sun/security/ssl/TransportContext
instanceKlass sun/security/ssl/ConnectionContext
instanceKlass sun/security/ssl/HandshakeHash$CacheOnlyHash
instanceKlass sun/security/ssl/HandshakeHash$TranscriptHash
instanceKlass sun/security/ssl/HandshakeHash
instanceKlass sun/security/ssl/SSLTransport
instanceKlass sun/net/www/http/KeepAliveKey
instanceKlass sun/net/NetworkClient$1
instanceKlass sun/net/NetworkClient
instanceKlass javax/net/ssl/HandshakeCompletedListener
instanceKlass sun/net/www/protocol/http/HttpURLConnection$7
instanceKlass com/sun/javafx/tk/FontMetrics
instanceKlass java/net/ResponseCache
instanceKlass sun/net/www/protocol/http/HttpURLConnection$3
instanceKlass java/net/CookieHandler
instanceKlass com/sun/javafx/font/PrismFontUtils
instanceKlass sun/net/www/protocol/http/HttpURLConnection$2
instanceKlass sun/util/logging/PlatformLogger
instanceKlass sun/security/provider/AbstractDrbg$NonceProvider
instanceKlass com/sun/javafx/scene/control/behavior/TextAreaBehavior$1
instanceKlass java/net/NetworkInterface$1
instanceKlass java/net/DefaultInterface
instanceKlass java/net/InterfaceAddress
instanceKlass sun/security/provider/SeedGenerator$1
instanceKlass sun/security/provider/SeedGenerator
instanceKlass sun/security/provider/AbstractDrbg$SeederHolder
instanceKlass java/security/DrbgParameters$NextBytes
instanceKlass javax/net/ssl/X509ExtendedKeyManager
instanceKlass javax/net/ssl/X509KeyManager
instanceKlass javax/net/ssl/KeyManager
instanceKlass javax/net/ssl/KeyManagerFactorySpi
instanceKlass javax/net/ssl/KeyManagerFactory$1
instanceKlass javax/net/ssl/KeyManagerFactory
instanceKlass sun/security/ssl/SSLContextImpl$DefaultManagersHolder$1
instanceKlass javax/net/ssl/X509ExtendedTrustManager
instanceKlass javax/net/ssl/X509TrustManager
instanceKlass javax/net/ssl/TrustManager
instanceKlass sun/security/validator/TrustStoreUtil
instanceKlass sun/security/x509/AccessDescription
instanceKlass javafx/scene/layout/FlowPane$StyleableProperties
instanceKlass javafx/scene/layout/GridPane$StyleableProperties
instanceKlass sun/security/x509/RFC822Name
instanceKlass sun/security/x509/NetscapeCertTypeExtension$MapEntry
instanceKlass sun/security/x509/DNSName
instanceKlass sun/security/x509/URIName
instanceKlass sun/security/x509/DistributionPoint
instanceKlass java/security/cert/PolicyQualifierInfo
instanceKlass javafx/scene/control/ScrollBar$StyleableProperties
instanceKlass sun/security/x509/CertificatePolicyId
instanceKlass sun/security/x509/PolicyInformation
instanceKlass javafx/scene/control/SplitPane$StyleableProperties
instanceKlass javafx/scene/control/ListView$StyleableProperties
instanceKlass java/security/interfaces/ECPublicKey
instanceKlass sun/security/x509/GeneralName
instanceKlass jdk/internal/misc/ThreadTracker
instanceKlass jdk/internal/event/EventHelper$ThreadTrackHolder
instanceKlass jdk/internal/event/EventHelper
instanceKlass sun/security/jca/JCAUtil
instanceKlass sun/security/util/MemoryCache$CacheEntry
instanceKlass sun/security/x509/X509AttributeName
instanceKlass sun/security/x509/GeneralNames
instanceKlass sun/security/x509/KeyIdentifier
instanceKlass sun/security/x509/OIDMap$OIDInfo
instanceKlass sun/security/x509/PKIXExtensions
instanceKlass sun/security/x509/OIDMap
instanceKlass sun/security/x509/Extension
instanceKlass java/security/cert/Extension
instanceKlass sun/security/x509/CertificateExtensions
instanceKlass sun/security/rsa/RSAUtil
instanceKlass java/security/interfaces/RSAPublicKey
instanceKlass java/security/interfaces/RSAKey
instanceKlass java/security/spec/PSSParameterSpec
instanceKlass java/security/spec/RSAPrivateKeySpec
instanceKlass java/security/spec/RSAPublicKeySpec
instanceKlass java/security/spec/EncodedKeySpec$1
instanceKlass jdk/internal/access/JavaSecuritySpecAccess
instanceKlass java/security/spec/EncodedKeySpec
instanceKlass sun/security/util/BitArray
instanceKlass sun/security/x509/X509Key
instanceKlass sun/security/x509/CertificateX509Key
instanceKlass sun/security/x509/CertificateValidity
instanceKlass sun/security/x509/AVA
instanceKlass sun/security/x509/RDN
instanceKlass javax/security/auth/x500/X500Principal
instanceKlass sun/security/x509/X500Name$1
instanceKlass sun/security/x509/X500Name
instanceKlass sun/security/x509/GeneralNameInterface
instanceKlass sun/security/x509/CertificateAlgorithmId
instanceKlass sun/security/x509/SerialNumber
instanceKlass sun/security/x509/CertificateSerialNumber
instanceKlass sun/security/x509/CertificateVersion
instanceKlass sun/security/x509/X509CertInfo
instanceKlass sun/security/x509/CertAttrSet
instanceKlass sun/security/x509/AlgorithmId
instanceKlass java/security/cert/X509Extension
instanceKlass sun/security/util/Cache$EqualByteArray
instanceKlass sun/security/util/IOUtils
instanceKlass java/security/cert/CertificateFactorySpi
instanceKlass java/security/cert/CertificateFactory
instanceKlass sun/security/provider/JavaKeyStore$TrustedCertEntry
instanceKlass sun/security/util/DerInputStream
instanceKlass sun/security/util/DerValue
instanceKlass sun/security/action/OpenFileInputStreamAction
instanceKlass javafx/scene/image/ImageView$StyleableProperties
instanceKlass javafx/scene/control/TextArea$StyleableProperties
instanceKlass java/security/KeyStoreSpi
instanceKlass java/security/KeyStore$1
instanceKlass java/security/KeyStore
instanceKlass sun/security/ssl/TrustStoreManager$TrustStoreDescriptor$1
instanceKlass sun/security/util/FilePaths
instanceKlass sun/security/ssl/TrustStoreManager$TrustStoreDescriptor
instanceKlass sun/security/ssl/TrustStoreManager$TrustAnchorManager
instanceKlass sun/security/ssl/TrustStoreManager
instanceKlass javax/net/ssl/TrustManagerFactorySpi
instanceKlass javax/net/ssl/TrustManagerFactory$1
instanceKlass javax/net/ssl/TrustManagerFactory
instanceKlass sun/security/ssl/SSLContextImpl$DefaultManagersHolder
instanceKlass sun/security/util/Cache
instanceKlass sun/security/ssl/SSLSessionContextImpl
instanceKlass javax/net/ssl/SSLSessionContext
instanceKlass sun/security/ssl/EphemeralKeyManager$EphemeralKeyPair
instanceKlass sun/security/ssl/EphemeralKeyManager
instanceKlass sun/security/ssl/SSLContextImpl$CustomizedSSLProtocols
instanceKlass javafx/scene/control/Separator$StyleableProperties
instanceKlass com/sun/javafx/scene/traversal/TraverseListener
instanceKlass java/security/spec/NamedParameterSpec
instanceKlass sun/security/util/ECKeySizeParameterSpec
instanceKlass java/security/AlgorithmParametersSpi
instanceKlass java/security/AlgorithmParameters
instanceKlass sun/security/util/ECUtil
instanceKlass sun/security/ec/point/Point
instanceKlass javafx/scene/control/skin/ScrollPaneSkin$2
instanceKlass javafx/scene/control/skin/ScrollPaneSkin$1
instanceKlass java/security/KeyPairGeneratorSpi
instanceKlass java/security/PublicKey
instanceKlass java/security/PrivateKey
instanceKlass java/security/KeyFactorySpi
instanceKlass java/security/KeyFactory
instanceKlass javax/crypto/KeyAgreement
instanceKlass java/security/interfaces/ECKey
instanceKlass java/security/Signature$1
instanceKlass jdk/internal/access/JavaSecuritySignatureAccess
instanceKlass java/security/SignatureSpi
instanceKlass sun/security/ssl/JsseJce$EcAvailability
instanceKlass sun/security/ssl/SSLAlgorithmDecomposer$1
instanceKlass sun/security/ssl/Utilities
instanceKlass sun/security/ssl/JsseJce
instanceKlass sun/security/ssl/NamedGroup$XDHScheme
instanceKlass sun/security/ssl/NamedGroup$FFDHEScheme
instanceKlass sun/security/ssl/NamedGroup$ECDHEScheme
instanceKlass sun/security/ssl/NamedGroup$NamedGroupScheme
instanceKlass sun/security/ssl/SSLCipher$1
instanceKlass sun/security/ssl/SSLCipher$T13CC20P1305WriteCipherGenerator
instanceKlass sun/security/ssl/SSLCipher$T12CC20P1305WriteCipherGenerator
instanceKlass sun/security/ssl/SSLCipher$T13CC20P1305ReadCipherGenerator
instanceKlass sun/security/ssl/SSLCipher$T12CC20P1305ReadCipherGenerator
instanceKlass sun/security/ssl/SSLCipher$T13GcmWriteCipherGenerator
instanceKlass sun/security/ssl/SSLCipher$T13GcmReadCipherGenerator
instanceKlass sun/security/ssl/SSLCipher$T12GcmWriteCipherGenerator
instanceKlass sun/security/ssl/SSLCipher$T12GcmReadCipherGenerator
instanceKlass com/sun/crypto/provider/AESConstants
instanceKlass javax/crypto/JceSecurityManager$1
instanceKlass javafx/scene/control/ScrollPane$StyleableProperties
instanceKlass sun/security/ssl/SSLCipher$T11BlockWriteCipherGenerator
instanceKlass sun/security/ssl/SSLCipher$T11BlockReadCipherGenerator
instanceKlass com/sun/crypto/provider/PKCS5Padding
instanceKlass com/sun/crypto/provider/Padding
instanceKlass com/sun/crypto/provider/FeedbackCipher
instanceKlass com/sun/crypto/provider/SymmetricCipher
instanceKlass com/sun/crypto/provider/DESConstants
instanceKlass com/sun/crypto/provider/CipherCore
instanceKlass sun/security/ssl/SSLCipher$T10BlockWriteCipherGenerator
instanceKlass sun/security/ssl/SSLCipher$T10BlockReadCipherGenerator
instanceKlass javax/crypto/CipherSpi
instanceKlass sun/security/jca/ServiceId
instanceKlass javax/crypto/Cipher$Transform
instanceKlass javax/crypto/Cipher
instanceKlass sun/security/ssl/SSLCipher$StreamWriteCipherGenerator
instanceKlass sun/security/ssl/SSLCipher$StreamReadCipherGenerator
instanceKlass sun/security/ssl/SSLCipher$NullWriteCipherGenerator
instanceKlass sun/security/ssl/SSLCipher$WriteCipherGenerator
instanceKlass com/example/guser/controllers/ProfileController$1
instanceKlass sun/security/ssl/SSLCipher$NullReadCipherGenerator
instanceKlass sun/security/ssl/SSLCipher$ReadCipherGenerator
instanceKlass sun/security/util/DisabledAlgorithmConstraints$Constraints$Holder
instanceKlass sun/security/util/DisabledAlgorithmConstraints$1
instanceKlass sun/security/util/DisabledAlgorithmConstraints$Constraint
instanceKlass sun/reflect/misc/ReflectUtil
instanceKlass sun/security/util/DisabledAlgorithmConstraints$Constraints
instanceKlass java/util/concurrent/atomic/AtomicReferenceFieldUpdater$AtomicReferenceFieldUpdaterImpl$1
instanceKlass java/util/concurrent/atomic/AtomicReferenceFieldUpdater
instanceKlass sun/security/util/AbstractAlgorithmConstraints$1
instanceKlass sun/security/util/AlgorithmDecomposer
instanceKlass sun/security/util/AbstractAlgorithmConstraints
instanceKlass sun/security/ssl/SSLAlgorithmConstraints
instanceKlass java/security/AlgorithmConstraints
instanceKlass sun/security/ssl/SSLLogger
instanceKlass javax/net/ssl/SSLContextSpi
instanceKlass entities/Workspace
instanceKlass javax/net/ssl/SSLContext
instanceKlass javax/net/ssl/SSLSocketFactory$1
instanceKlass javax/net/ssl/SSLSocketFactory$DefaultFactoryHolder
instanceKlass javax/net/SocketFactory
instanceKlass javax/net/ssl/HttpsURLConnection$DefaultHostnameVerifier
instanceKlass javax/net/ssl/HostnameVerifier
instanceKlass com/sun/javafx/runtime/async/AbstractAsyncOperation$1
instanceKlass java/util/concurrent/SynchronousQueue$TransferStack$SNode
instanceKlass java/util/concurrent/SynchronousQueue$Transferer
instanceKlass com/sun/javafx/tk/quantum/PrismImageLoader2
instanceKlass javafx/scene/image/Image$ImageTask
instanceKlass com/sun/javafx/runtime/async/AsyncOperationListener
instanceKlass com/sun/javafx/util/DataURI
instanceKlass javafx/scene/control/ListCell$3
instanceKlass javafx/scene/control/ListCell$2
instanceKlass javafx/scene/control/ListCell$1
instanceKlass javafx/scene/control/Cell$1
instanceKlass javafx/scene/control/SplitPane$Divider
instanceKlass javafx/scene/control/SplitPane$1
instanceKlass javafx/scene/control/ComboBox$ComboBoxSelectionModel$1
instanceKlass javafx/scene/control/ComboBox$ComboBoxSelectionModel$2
instanceKlass javafx/scene/control/ComboBox$3
instanceKlass javafx/util/StringConverter
instanceKlass entities/FileObject
instanceKlass com/example/guser/controllers/TrackController$ArtifactDraft
instanceKlass services/SnapshotItemService$SnapshotArtifactRow
instanceKlass com/example/guser/controllers/TrackController$ArtifactRow
instanceKlass entities/Artifact
instanceKlass entities/Snapshot
instanceKlass javafx/scene/control/ToggleGroup
instanceKlass services/CodeBrowseService
instanceKlass services/FileObjectService
instanceKlass services/SnapshotService
instanceKlass services/SnapshotItemService
instanceKlass services/ArtifactService
instanceKlass javafx/scene/control/Toggle
instanceKlass javafx/scene/control/ListView$ListViewFocusModel$1
instanceKlass java/util/BitSet$1BitSetSpliterator
instanceKlass javafx/scene/control/ListView$ListViewBitSetSelectionModel$1
instanceKlass javafx/scene/control/ListView$ListViewBitSetSelectionModel$2
instanceKlass javafx/scene/control/FocusModel
instanceKlass javafx/scene/control/SelectionModel
instanceKlass com/example/guser/controllers/WorkspaceController$TrackDraft
instanceKlass javafx/scene/control/ButtonType
instanceKlass entities/Track
instanceKlass com/example/guser/controllers/TrackController
instanceKlass services/TrackService
instanceKlass services/WorkspaceService
instanceKlass javafx/scene/layout/FlowPane$Run
instanceKlass javafx/scene/image/ImageView$1
instanceKlass com/sun/javafx/scene/ImageViewHelper$ImageViewAccessor
instanceKlass javafx/scene/control/TextArea$TextAreaContent
instanceKlass javafx/scene/layout/ConstraintsBase
instanceKlass javafx/scene/layout/GridPane$CompositeSize
instanceKlass javafx/scene/layout/BorderPane$BorderPositionProperty$1
instanceKlass com/example/guser/controllers/WorkspaceController
instanceKlass com/example/guser/controllers/AppNavController
instanceKlass services/ProfileService
instanceKlass com/example/guser/controllers/ProfileController
instanceKlass session/ProfileViewContext
instanceKlass session/SessionContext
instanceKlass com/mysql/cj/protocol/a/NumberValueEncoder$1
instanceKlass java/text/DontCareFieldPosition$1
instanceKlass java/text/Format$FieldDelegate
instanceKlass java/text/DigitList
instanceKlass java/lang/StringUTF16$CharsSpliterator
instanceKlass java/util/stream/Sink$ChainedInt
instanceKlass java/util/OptionalInt
instanceKlass java/util/stream/Sink$OfInt
instanceKlass java/util/function/IntConsumer
instanceKlass java/util/function/IntPredicate
instanceKlass java/util/stream/IntStream
instanceKlass java/lang/StringLatin1$CharsSpliterator
instanceKlass java/text/DecimalFormatSymbols
instanceKlass java/text/DateFormatSymbols
instanceKlass com/mysql/cj/protocol/a/SqlTimestampValueEncoder$1
instanceKlass java/io/Console
instanceKlass java/time/Period
instanceKlass java/time/chrono/ChronoPeriod
instanceKlass java/time/format/DateTimeFormatterBuilder$TextPrinterParser
instanceKlass java/time/format/DateTimeTextProvider$1
instanceKlass java/time/format/DateTimeTextProvider
instanceKlass java/time/format/DateTimeTextProvider$LocaleStore
instanceKlass java/time/format/DateTimeFormatterBuilder$InstantPrinterParser
instanceKlass java/time/format/DateTimeFormatterBuilder$StringLiteralPrinterParser
instanceKlass java/time/format/DateTimeFormatterBuilder$ZoneIdPrinterParser
instanceKlass java/time/format/DateTimeFormatterBuilder$OffsetIdPrinterParser
instanceKlass java/time/format/DecimalStyle
instanceKlass java/time/format/DateTimeFormatterBuilder$CompositePrinterParser
instanceKlass java/time/format/DateTimeFormatterBuilder$CharLiteralPrinterParser
instanceKlass java/time/format/DateTimeFormatterBuilder$NumberPrinterParser
instanceKlass java/time/format/DateTimeFormatterBuilder$DateTimePrinterParser
instanceKlass java/time/temporal/JulianFields
instanceKlass java/time/temporal/IsoFields
instanceKlass java/time/temporal/TemporalQuery
instanceKlass java/time/format/DateTimeFormatterBuilder
instanceKlass java/time/format/DateTimeFormatter
instanceKlass com/mysql/cj/util/TimeUtil
instanceKlass java/time/chrono/AbstractChronology
instanceKlass java/time/chrono/Chronology
instanceKlass java/time/zone/ZoneOffsetTransition
instanceKlass java/time/zone/ZoneOffsetTransitionRule
instanceKlass java/time/zone/ZoneRules
instanceKlass java/time/zone/Ser
instanceKlass java/io/Externalizable
instanceKlass java/time/zone/ZoneRulesProvider$1
instanceKlass java/time/zone/ZoneRulesProvider
instanceKlass java/time/ZoneId
instanceKlass java/time/Clock
instanceKlass java/time/InstantSource
instanceKlass sun/security/provider/ByteArrayAccess$BE
instanceKlass com/sun/crypto/provider/PBKDF2KeyImpl$1
instanceKlass javax/crypto/MacSpi
instanceKlass javax/crypto/Mac
instanceKlass sun/nio/cs/ThreadLocalCoders$Cache
instanceKlass sun/nio/cs/ThreadLocalCoders
instanceKlass com/sun/crypto/provider/PBKDF2KeyImpl
instanceKlass javax/crypto/interfaces/PBEKey
instanceKlass javax/crypto/SecretKey
instanceKlass javax/security/auth/Destroyable
instanceKlass java/security/Key
instanceKlass javax/crypto/SecretKeyFactorySpi
instanceKlass javax/crypto/ProviderVerifier
instanceKlass javax/crypto/JceSecurity$3
instanceKlass javax/crypto/JceSecurity$2
instanceKlass java/net/spi/URLStreamHandlerProvider
instanceKlass java/net/URL$1
instanceKlass java/net/URL$2
instanceKlass java/util/Vector$1
instanceKlass javax/crypto/CryptoPolicyParser$CryptoPermissionEntry
instanceKlass javax/crypto/CryptoPolicyParser$GrantEntry
instanceKlass java/io/StreamTokenizer
instanceKlass javax/crypto/CryptoPolicyParser
instanceKlass java/nio/file/Files$1
instanceKlass sun/nio/fs/WindowsFileSystem$2
instanceKlass java/nio/file/PathMatcher
instanceKlass sun/nio/fs/Globs
instanceKlass sun/nio/fs/WindowsFileSystemProvider$1
instanceKlass javax/crypto/JceSecurity$1
instanceKlass javax/crypto/JceSecurity
instanceKlass java/security/spec/ECFieldF2m
instanceKlass sun/security/util/ObjectIdentifier
instanceKlass sun/security/util/ByteArrayTagOrder
instanceKlass sun/security/util/ByteArrayLexOrder
instanceKlass sun/security/util/DerEncoder
instanceKlass java/security/spec/ECParameterSpec
instanceKlass java/security/spec/AlgorithmParameterSpec
instanceKlass java/security/spec/ECPoint
instanceKlass java/security/spec/EllipticCurve
instanceKlass java/security/spec/ECFieldFp
instanceKlass java/security/spec/ECField
instanceKlass sun/security/util/CurveDB
instanceKlass sun/security/ec/SunEC$1
instanceKlass sun/security/jgss/SunProvider$1
instanceKlass com/sun/security/sasl/gsskerb/JdkSASL$1
instanceKlass org/jcp/xml/dsig/internal/dom/XMLDSigRI$2
instanceKlass org/jcp/xml/dsig/internal/dom/XMLDSigRI$1
instanceKlass sun/security/mscapi/SunMSCAPI$2
instanceKlass sun/security/mscapi/SunMSCAPI$1
instanceKlass sun/security/jca/ProviderConfig$ProviderLoader
instanceKlass sun/security/jca/ProviderConfig$3
instanceKlass sun/security/rsa/SunRsaSignEntries
instanceKlass sun/security/jca/ProviderList$ServiceList$1
instanceKlass javax/crypto/SecretKeyFactory
instanceKlass javax/crypto/spec/PBEKeySpec
instanceKlass java/util/Base64$Encoder
instanceKlass java/util/Base64$Decoder
instanceKlass java/util/Base64
instanceKlass sun/security/provider/EntropySource
instanceKlass sun/security/provider/AbstractDrbg
instanceKlass java/security/DrbgParameters$Instantiation
instanceKlass java/security/DrbgParameters
instanceKlass sun/security/provider/MoreDrbgParameters
instanceKlass java/security/SecureRandomSpi
instanceKlass java/security/spec/KeySpec
instanceKlass security/PasswordHasher
instanceKlass com/mysql/cj/jdbc/result/ResultSetImpl$1
instanceKlass java/time/temporal/ValueRange
instanceKlass java/time/temporal/TemporalUnit
instanceKlass java/time/temporal/TemporalField
instanceKlass entities/User
instanceKlass sun/util/calendar/CalendarUtils
instanceKlass sun/util/calendar/CalendarDate
instanceKlass sun/util/resources/Bundles$CacheKeyReference
instanceKlass sun/util/resources/Bundles$CacheKey
instanceKlass sun/util/resources/LocaleData$LocaleDataStrategy
instanceKlass sun/util/resources/Bundles$Strategy
instanceKlass sun/util/resources/LocaleData$1
instanceKlass sun/util/resources/LocaleData
instanceKlass sun/util/locale/provider/LocaleResources
instanceKlass sun/util/locale/provider/CalendarDataUtility$CalendarWeekParameterGetter
instanceKlass sun/util/locale/provider/LocaleServiceProviderPool$LocalizedObjectGetter
instanceKlass sun/util/locale/provider/LocaleServiceProviderPool
instanceKlass java/util/Locale$Builder
instanceKlass sun/util/locale/provider/CalendarDataUtility
instanceKlass sun/util/calendar/CalendarSystem$GregorianHolder
instanceKlass sun/util/calendar/CalendarSystem
instanceKlass java/util/Calendar$Builder
instanceKlass sun/util/locale/provider/AvailableLanguageTags
instanceKlass sun/util/resources/cldr/provider/CLDRLocaleDataMetaInfo
instanceKlass sun/util/locale/BaseLocale$Key
instanceKlass sun/util/locale/InternalLocaleBuilder$CaseInsensitiveChar
instanceKlass sun/util/locale/InternalLocaleBuilder
instanceKlass sun/util/locale/StringTokenIterator
instanceKlass sun/util/locale/ParseStatus
instanceKlass sun/util/locale/LanguageTag
instanceKlass sun/util/cldr/CLDRBaseLocaleDataMetaInfo
instanceKlass sun/util/locale/provider/LocaleDataMetaInfo
instanceKlass sun/util/locale/provider/ResourceBundleBasedAdapter
instanceKlass sun/util/locale/provider/LocaleProviderAdapter$1
instanceKlass sun/util/locale/provider/LocaleProviderAdapter
instanceKlass java/util/spi/LocaleServiceProvider
instanceKlass com/mysql/cj/result/DefaultValueFactory
instanceKlass com/mysql/cj/protocol/a/StringValueEncoder$1
instanceKlass com/mysql/cj/NativeQueryBindValue
instanceKlass com/mysql/cj/BindValue
instanceKlass com/mysql/cj/NativeQueryBindings
instanceKlass com/mysql/cj/QueryInfo
instanceKlass com/mysql/cj/NativeQueryAttributesBindings
instanceKlass com/mysql/cj/CancelQueryTask
instanceKlass java/util/TimerTask
instanceKlass com/mysql/cj/QueryAttributesBindings
instanceKlass com/mysql/cj/AbstractQuery
instanceKlass com/mysql/cj/PreparedQuery
instanceKlass com/mysql/cj/QueryBindings
instanceKlass java/sql/ParameterMetaData
instanceKlass com/mysql/cj/jdbc/ParameterBindings
instanceKlass com/mysql/cj/jdbc/EscapeProcessor
instanceKlass com/sun/javafx/tk/TKDragSourceListener
instanceKlass javafx/scene/Scene$DnDGesture
instanceKlass com/sun/glass/ui/win/WinClipboardDelegate
instanceKlass com/sun/glass/ui/Clipboard
instanceKlass com/sun/javafx/scene/traversal/ContainerTabOrder$1
instanceKlass com/sun/javafx/geometry/BoundsUtils
instanceKlass javafx/util/Pair
instanceKlass com/sun/javafx/scene/input/KeyCodeMap
instanceKlass java/util/EnumMap$EnumMapIterator
instanceKlass com/sun/javafx/scene/input/InputEventUtils
instanceKlass javafx/scene/input/PickResult
instanceKlass javafx/scene/input/MouseEvent$Flags
instanceKlass com/sun/prism/impl/ps/CachingShapeRepState$CSRDisposerRecord
instanceKlass com/sun/prism/impl/ps/CachingShapeRepState$MaskTexData
instanceKlass com/sun/prism/impl/ps/CachingShapeRepState$CacheEntry
instanceKlass com/sun/prism/impl/ps/CachingShapeRepState$MaskCache
instanceKlass com/sun/prism/impl/ps/CachingShapeRepState
instanceKlass com/sun/prism/impl/ps/CachingShapeRep
instanceKlass com/sun/javafx/geom/transform/TransformHelper
instanceKlass com/sun/prism/shader/Texture_LinearGradient_PAD_Loader
instanceKlass com/sun/javafx/image/impl/BaseByteToByteConverter
instanceKlass com/sun/javafx/image/impl/ByteGray$Accessor
instanceKlass com/sun/javafx/image/BytePixelAccessor
instanceKlass com/sun/javafx/image/ByteToBytePixelConverter
instanceKlass com/sun/javafx/image/PixelConverter
instanceKlass com/sun/javafx/image/BytePixelSetter
instanceKlass com/sun/javafx/image/PixelSetter
instanceKlass com/sun/javafx/image/BytePixelGetter
instanceKlass com/sun/javafx/image/impl/ByteGray
instanceKlass com/sun/marlin/MaskMarlinAlphaConsumer
instanceKlass com/sun/marlin/ArrayCacheConst
instanceKlass com/sun/marlin/Helpers
instanceKlass com/sun/prism/impl/shape/DMarlinPrismUtils
instanceKlass com/sun/marlin/Dasher$LengthIterator
instanceKlass com/sun/marlin/Dasher
instanceKlass com/sun/marlin/Stroker
instanceKlass com/sun/marlin/RendererContext$RendererSharedMemory
instanceKlass com/sun/marlin/IntArrayCache$Reference
instanceKlass com/sun/marlin/Helpers$IndexStack
instanceKlass com/sun/marlin/TransformingPathConsumer2D$PathClipFilter
instanceKlass com/sun/marlin/ByteArrayCache$Reference
instanceKlass com/sun/marlin/DoubleArrayCache$Reference
instanceKlass com/sun/marlin/Helpers$PolyStack
instanceKlass com/sun/marlin/TransformingPathConsumer2D$ClosedPathDetector
instanceKlass com/sun/marlin/TransformingPathConsumer2D$PathTracer
instanceKlass com/sun/marlin/TransformingPathConsumer2D$DeltaTransformFilter
instanceKlass com/sun/marlin/TransformingPathConsumer2D$DeltaScaleFilter
instanceKlass com/sun/marlin/TransformingPathConsumer2D$Path2DWrapper
instanceKlass com/sun/marlin/TransformingPathConsumer2D
instanceKlass com/sun/marlin/TransformingPathConsumer2D$CurveClipSplitter
instanceKlass com/sun/marlin/TransformingPathConsumer2D$CurveBasicMonotonizer
instanceKlass com/sun/marlin/ByteArrayCache
instanceKlass com/sun/marlin/DoubleArrayCache
instanceKlass com/sun/marlin/IntArrayCache
instanceKlass com/sun/marlin/PathSimplifier
instanceKlass com/sun/marlin/CollinearSimplifier
instanceKlass com/sun/marlin/Curve
instanceKlass sun/misc/Unsafe
instanceKlass com/sun/marlin/OffHeapArray$1
instanceKlass com/sun/marlin/OffHeapArray
instanceKlass com/sun/marlin/Version
instanceKlass jdk/internal/ref/CleanerImpl$InnocuousThreadFactory
instanceKlass com/sun/marlin/FloatMath
instanceKlass com/sun/marlin/MarlinUtils
instanceKlass com/sun/marlin/Renderer
instanceKlass com/sun/marlin/MarlinRenderer
instanceKlass com/sun/marlin/DPathConsumer2D
instanceKlass com/sun/marlin/MarlinProperties
instanceKlass com/sun/util/reentrant/ReentrantContext
instanceKlass com/sun/util/reentrant/ReentrantContextProvider
instanceKlass com/sun/marlin/DMarlinRenderingEngine
instanceKlass com/sun/marlin/MarlinConst
instanceKlass com/sun/marlin/MarlinAlphaConsumer
instanceKlass com/sun/openpisces/AlphaConsumer
instanceKlass com/sun/prism/impl/shape/DMarlinRasterizer
instanceKlass com/sun/prism/impl/shape/ShapeUtil$1
instanceKlass com/sun/prism/impl/shape/ShapeRasterizer
instanceKlass com/sun/prism/impl/shape/ShapeUtil
instanceKlass com/sun/prism/shader/Solid_TextureRGB_Loader
instanceKlass com/sun/prism/MultiTexture
instanceKlass com/sun/scenario/effect/impl/BufferUtil
instanceKlass com/sun/prism/shader/Solid_TextureSecondPassLCD_Loader
instanceKlass com/sun/prism/shader/Solid_TextureFirstPassLCD_Loader
instanceKlass com/sun/prism/impl/packrect/Level
instanceKlass com/sun/prism/impl/shape/MaskData
instanceKlass com/sun/javafx/font/directwrite/D2D1_POINT_2F
instanceKlass com/sun/javafx/font/directwrite/D2D1_PIXEL_FORMAT
instanceKlass com/sun/javafx/font/directwrite/D2D1_RENDER_TARGET_PROPERTIES
instanceKlass com/sun/prism/impl/GlyphCache$GlyphData
instanceKlass com/sun/prism/shader/Texture_Color_Loader
instanceKlass com/sun/prism/impl/packrect/RectanglePacker
instanceKlass com/sun/prism/impl/GlyphCache
instanceKlass com/sun/javafx/font/directwrite/DWRITE_MATRIX
instanceKlass com/sun/prism/shader/DrawRoundRect_Color_Loader
instanceKlass com/sun/prism/shader/FillRoundRect_Color_Loader
instanceKlass com/sun/javafx/geom/transform/AffineBase$1
instanceKlass com/sun/scenario/effect/impl/prism/ps/PPSRenderer$2
instanceKlass com/sun/scenario/effect/impl/prism/ps/PPSRenderer$1
instanceKlass com/sun/scenario/effect/impl/hw/d3d/D3DShaderSource
instanceKlass com/sun/scenario/effect/impl/hw/ShaderSource
instanceKlass com/sun/scenario/effect/FloatMap
instanceKlass com/sun/scenario/effect/impl/EffectPeer
instanceKlass com/sun/prism/ResourceFactoryListener
instanceKlass com/sun/prism/d3d/D3DPipeline$1
instanceKlass com/sun/scenario/effect/impl/prism/PrTexture
instanceKlass com/sun/scenario/effect/impl/PoolFilterable
instanceKlass com/sun/scenario/effect/impl/RendererFactory
instanceKlass com/sun/scenario/effect/impl/Renderer
instanceKlass com/sun/javafx/sg/prism/NodeEffectInput$1
instanceKlass com/sun/scenario/effect/ImageData
instanceKlass com/sun/scenario/effect/impl/ImagePool
instanceKlass com/sun/scenario/effect/impl/prism/PrRenderInfo
instanceKlass com/sun/scenario/effect/ImageDataRenderer
instanceKlass com/sun/javafx/geom/transform/Affine2D$1
instanceKlass com/sun/scenario/effect/impl/prism/PrEffectHelper
instanceKlass com/sun/prism/shader/FillCircle_Color_Loader
instanceKlass com/sun/prism/impl/shape/BasicShapeRep
instanceKlass com/sun/prism/PrinterGraphics
instanceKlass com/sun/prism/d3d/D3DTexture$1
instanceKlass com/sun/prism/impl/ps/BaseShaderContext$1
instanceKlass com/sun/prism/shader/FillPgram_LinearGradient_PAD_Loader
instanceKlass com/sun/prism/Image$Serial
instanceKlass javafx/scene/image/PixelFormat
instanceKlass com/sun/javafx/image/PixelGetter
instanceKlass com/sun/prism/Image$Accessor
instanceKlass com/sun/prism/Image
instanceKlass com/sun/prism/impl/BufferUtil
instanceKlass com/sun/prism/impl/ps/PaintHelper
instanceKlass com/sun/prism/paint/Stop
instanceKlass com/sun/prism/d3d/D3DContext$1
instanceKlass com/sun/prism/shader/FillPgram_Color_Loader
instanceKlass com/sun/javafx/geom/transform/Affine3D$1
instanceKlass com/sun/prism/impl/BaseGraphicsResource
instanceKlass com/sun/prism/impl/Disposer$Target
instanceKlass com/sun/prism/impl/Disposer
instanceKlass com/sun/prism/impl/PrismTrace
instanceKlass com/sun/prism/d3d/D3DResource$D3DRecord
instanceKlass com/sun/prism/impl/Disposer$Record
instanceKlass com/sun/prism/impl/BaseTexture
instanceKlass com/sun/prism/d3d/D3DContextSource
instanceKlass com/sun/prism/ReadbackRenderTarget
instanceKlass com/sun/prism/d3d/D3DRenderTarget
instanceKlass com/sun/scenario/animation/AnimationPulse$PulseData
instanceKlass com/sun/scenario/animation/AnimationPulse$PulseData$Accessor
instanceKlass java/util/concurrent/ConcurrentLinkedQueue$Node
instanceKlass com/sun/scenario/animation/AnimationPulse$AnimationPulseHolder
instanceKlass com/sun/scenario/animation/AnimationPulse
instanceKlass com/sun/scenario/animation/AnimationPulseMBean
instanceKlass com/sun/prism/impl/BaseResourcePool$WeakLinkedList
instanceKlass com/sun/prism/impl/ManagedResource
instanceKlass com/sun/prism/impl/BaseResourcePool$Predicate
instanceKlass com/sun/prism/impl/BaseResourcePool
instanceKlass com/sun/glass/ui/Size
instanceKlass com/sun/javafx/tk/quantum/CursorUtils$1
instanceKlass com/sun/javafx/tk/quantum/CursorUtils
instanceKlass com/sun/javafx/geom/Path2D$SVGParser
instanceKlass com/sun/javafx/sg/prism/EffectFilter
instanceKlass com/sun/scenario/effect/GaussianShadow$1
instanceKlass com/sun/javafx/tk/Toolkit$1
instanceKlass com/sun/scenario/effect/impl/state/LinearConvolveRenderState
instanceKlass com/sun/scenario/effect/Color4f
instanceKlass com/sun/scenario/effect/impl/state/LinearConvolveKernel
instanceKlass com/sun/scenario/effect/impl/state/RenderState
instanceKlass javafx/scene/effect/Effect$2
instanceKlass javafx/scene/control/TextInputControl$TextInputControlFromatterAccessor
instanceKlass javafx/animation/Animation$7
instanceKlass com/sun/javafx/scene/traversal/TabOrderHelper
instanceKlass com/sun/javafx/collections/VetoableListDecorator$ModCountAccessorImpl
instanceKlass com/sun/javafx/collections/VetoableListDecorator$VetoableIteratorDecorator
instanceKlass com/sun/javafx/scene/control/skin/Utils$2
instanceKlass javafx/scene/layout/Region$12
instanceKlass javafx/scene/Parent$5
instanceKlass com/sun/javafx/scene/control/behavior/TextBinding
instanceKlass com/sun/javafx/text/ScriptMapper
instanceKlass jdk/internal/icu/text/BidiLine
instanceKlass jdk/internal/icu/text/UTF16
instanceKlass jdk/internal/icu/impl/Trie2$UTrie2Header
instanceKlass jdk/internal/icu/impl/Trie2$1
instanceKlass jdk/internal/icu/impl/Trie2$ValueMapper
instanceKlass jdk/internal/icu/impl/Trie2
instanceKlass jdk/internal/icu/impl/UBiDiProps$IsAcceptable
instanceKlass jdk/internal/icu/impl/ICUBinary$Authenticate
instanceKlass jdk/internal/icu/impl/ICUBinary$1
instanceKlass jdk/internal/icu/impl/ICUBinary
instanceKlass jdk/internal/icu/impl/UBiDiProps
instanceKlass jdk/internal/icu/text/BidiBase$Point
instanceKlass jdk/internal/icu/text/BidiBase$InsertPoints
instanceKlass jdk/internal/icu/text/BidiRun
instanceKlass jdk/internal/icu/text/BidiBase$ImpTabPair
instanceKlass jdk/internal/icu/text/BidiBase
instanceKlass java/text/Bidi
instanceKlass javafx/scene/shape/SVGPath$1
instanceKlass com/sun/javafx/scene/shape/SVGPathHelper$SVGPathAccessor
instanceKlass com/sun/javafx/css/BitSet$1
instanceKlass com/sun/javafx/font/directwrite/DWRITE_GLYPH_METRICS
instanceKlass com/sun/javafx/font/directwrite/DWRITE_GLYPH_RUN
instanceKlass com/sun/javafx/font/directwrite/RECT
instanceKlass com/sun/javafx/font/directwrite/D2D1_MATRIX_3X2_F
instanceKlass com/sun/javafx/font/directwrite/D2D1_COLOR_F
instanceKlass com/sun/javafx/font/directwrite/DWGlyph
instanceKlass com/sun/javafx/font/CMap
instanceKlass com/sun/javafx/font/Glyph
instanceKlass java/lang/FdLibm
instanceKlass java/lang/FdLibm$Hypot
instanceKlass com/sun/javafx/geom/Path2D$Iterator
instanceKlass com/sun/javafx/scene/shape/PathUtils
instanceKlass javafx/scene/control/skin/TextFieldSkin$8
instanceKlass javafx/scene/control/skin/TextInputControlSkin$StyleableProperties
instanceKlass javafx/scene/shape/LineTo$1
instanceKlass com/sun/javafx/scene/shape/LineToHelper$LineToAccessor
instanceKlass com/sun/javafx/util/WeakReferenceQueue$1
instanceKlass javafx/scene/shape/MoveTo$1
instanceKlass com/sun/javafx/scene/shape/PathElementHelper
instanceKlass javafx/scene/shape/PathElement$1
instanceKlass com/sun/javafx/scene/shape/MoveToHelper$MoveToAccessor
instanceKlass com/sun/javafx/scene/shape/PathElementHelper$PathElementAccessor
instanceKlass javafx/scene/text/Text$10
instanceKlass com/sun/javafx/text/TextLine
instanceKlass com/sun/javafx/font/PrismMetrics
instanceKlass com/sun/javafx/text/LayoutCache
instanceKlass com/sun/javafx/text/TextRun
instanceKlass javafx/beans/binding/Bindings$ShortCircuitAndInvalidator
instanceKlass javafx/beans/value/ObservableFloatValue
instanceKlass javafx/beans/value/ObservableLongValue
instanceKlass javafx/beans/binding/Bindings
instanceKlass javafx/beans/property/StringPropertyBase$Listener
instanceKlass javafx/scene/shape/Rectangle$StyleableProperties
instanceKlass javafx/scene/Group$1
instanceKlass com/sun/javafx/scene/GroupHelper$GroupAccessor
instanceKlass javafx/stage/PopupWindow$3
instanceKlass com/sun/javafx/util/TempState
instanceKlass javafx/stage/PopupWindow$2
instanceKlass javafx/stage/PopupWindow$1
instanceKlass com/sun/javafx/stage/PopupWindowHelper$PopupWindowAccessor
instanceKlass com/sun/javafx/scene/control/behavior/TextInputControlBehavior$2
instanceKlass com/sun/javafx/scene/control/behavior/FocusTraversalInputMap
instanceKlass com/sun/javafx/scene/control/inputmap/KeyBinding$1
instanceKlass com/sun/javafx/scene/control/inputmap/KeyBinding
instanceKlass com/sun/javafx/scene/control/inputmap/InputMap$Mapping
instanceKlass com/sun/javafx/scene/control/inputmap/InputMap
instanceKlass com/sun/javafx/scene/control/skin/resources/ControlResources
instanceKlass javafx/scene/control/MenuItem
instanceKlass javafx/scene/shape/Rectangle$1
instanceKlass com/sun/javafx/scene/shape/RectangleHelper$RectangleAccessor
instanceKlass javafx/scene/control/skin/TextInputControlSkin$6
instanceKlass javafx/scene/shape/Path$1
instanceKlass com/sun/javafx/scene/shape/PathHelper$PathAccessor
instanceKlass javafx/animation/KeyValue
instanceKlass com/sun/scenario/animation/shared/InterpolationInterval
instanceKlass com/sun/scenario/animation/shared/ClipInterpolator
instanceKlass javafx/animation/KeyFrame
instanceKlass com/sun/scenario/animation/shared/TimelineClipCore
instanceKlass com/sun/scenario/animation/shared/ClipEnvelope
instanceKlass javafx/animation/Animation$1
instanceKlass javafx/util/Duration
instanceKlass com/sun/scenario/animation/shared/AnimationAccessor
instanceKlass javafx/animation/Animation
instanceKlass javafx/scene/control/skin/TextInputControlSkin$CaretBlinking
instanceKlass com/sun/javafx/scene/control/Properties
instanceKlass com/sun/javafx/scene/control/behavior/BehaviorBase
instanceKlass javafx/scene/control/SkinBase$StyleableProperties
instanceKlass com/sun/javafx/scene/control/Logging
instanceKlass javafx/beans/value/WeakChangeListener
instanceKlass com/sun/javafx/scene/control/LambdaMultiplePropertyChangeListenerHandler
instanceKlass javafx/beans/property/DoublePropertyBase$Listener
instanceKlass javafx/beans/property/BooleanPropertyBase$Listener
instanceKlass javafx/beans/property/ObjectPropertyBase$Listener
instanceKlass javafx/scene/control/SkinBase
instanceKlass com/sun/javafx/font/FallbackResource
instanceKlass javafx/scene/layout/BorderStroke
instanceKlass javafx/scene/layout/BorderStrokeStyle
instanceKlass com/sun/scenario/effect/EffectHelper
instanceKlass javafx/scene/effect/Effect$1
instanceKlass com/sun/scenario/effect/EffectHelper$EffectAccessor
instanceKlass javafx/scene/paint/Stop
instanceKlass javafx/scene/layout/BackgroundFill
instanceKlass com/sun/javafx/css/StyleCacheEntry
instanceKlass javafx/css/Style
instanceKlass javafx/css/Match
instanceKlass com/sun/javafx/css/CalculatedValue
instanceKlass com/sun/javafx/css/StyleCacheEntry$Key
instanceKlass com/sun/javafx/css/StyleCache
instanceKlass javafx/scene/layout/VBox$StyleableProperties
instanceKlass javafx/scene/layout/HBox$StyleableProperties
instanceKlass javafx/scene/layout/StackPane$StyleableProperties
instanceKlass javafx/scene/Node$20
instanceKlass jdk/jfr/FlightRecorder
instanceKlass com/sun/javafx/logging/PrintLogger$PulseData
instanceKlass com/sun/javafx/logging/Logger
instanceKlass com/sun/javafx/logging/PulseLogger
instanceKlass com/sun/javafx/geom/DirtyRegionContainer
instanceKlass com/sun/javafx/geom/DirtyRegionPool
instanceKlass com/sun/javafx/sg/prism/NodePath
instanceKlass javafx/scene/Scene$InputMethodRequestsDelegate
instanceKlass com/sun/javafx/scene/input/ExtendedInputMethodRequests
instanceKlass javafx/scene/Scene$DropTargetListener
instanceKlass com/sun/javafx/util/WeakReferenceQueue
instanceKlass com/sun/javafx/scene/transform/TransformUtils
instanceKlass javafx/scene/ParallelCamera$1
instanceKlass javafx/scene/Camera$1
instanceKlass com/sun/javafx/scene/ParallelCameraHelper$ParallelCameraAccessor
instanceKlass com/sun/javafx/scene/CameraHelper$CameraAccessor
instanceKlass com/sun/scenario/effect/impl/state/AccessHelper
instanceKlass com/sun/scenario/effect/impl/state/AccessHelper$StateAccessor
instanceKlass com/sun/javafx/geom/Rectangle
instanceKlass com/sun/prism/paint/Paint
instanceKlass com/sun/scenario/effect/Effect
instanceKlass javafx/scene/Scene$ScenePeerPaintListener
instanceKlass javafx/scene/Scene$ScenePeerListener
instanceKlass com/sun/javafx/tk/quantum/SwipeGestureRecognizer$CenterComputer
instanceKlass com/sun/javafx/tk/quantum/SwipeGestureRecognizer$MultiTouchTracker
instanceKlass com/sun/javafx/tk/quantum/SwipeGestureRecognizer
instanceKlass com/sun/javafx/tk/quantum/GestureRecognizers
instanceKlass com/sun/javafx/tk/quantum/GlassSceneDnDEventHandler
instanceKlass com/sun/javafx/tk/quantum/GlassViewEventHandler$ViewEventNotification
instanceKlass com/sun/javafx/tk/quantum/GlassViewEventHandler$MouseEventNotification
instanceKlass com/sun/javafx/tk/quantum/GlassViewEventHandler$KeyEventNotification
instanceKlass com/sun/javafx/tk/quantum/GestureRecognizer
instanceKlass com/sun/javafx/tk/quantum/GlassTouchEventListener
instanceKlass com/sun/prism/PresentableState
instanceKlass com/sun/javafx/tk/quantum/ViewPainter
instanceKlass com/sun/glass/ui/View$EventHandler
instanceKlass com/sun/glass/ui/ClipboardAssistance
instanceKlass java/lang/StrictMath
instanceKlass com/sun/glass/ui/TouchInputSupport$TouchCountListener
instanceKlass com/sun/glass/ui/TouchInputSupport
instanceKlass com/sun/glass/ui/GestureSupport$GestureState
instanceKlass com/sun/glass/ui/GestureSupport
instanceKlass com/sun/glass/ui/win/WinGestureSupport
instanceKlass com/sun/javafx/tk/quantum/WindowStage$1
instanceKlass java/util/ResourceBundle$3
instanceKlass javafx/scene/input/KeyCombination$Modifier
instanceKlass com/sun/glass/ui/Window$EventHandler
instanceKlass com/sun/javafx/tk/quantum/GlassStage
instanceKlass com/sun/javafx/event/EventUtil
instanceKlass javafx/scene/Scene$KeyHandler
instanceKlass javafx/scene/control/TextInputControl$StyleableProperties
instanceKlass javafx/scene/control/TextField$StyleableProperties
instanceKlass javafx/scene/control/Control$StyleableProperties
instanceKlass javafx/scene/control/Labeled$StyleableProperties
instanceKlass javafx/scene/text/Text$StyleableProperties
instanceKlass javafx/scene/shape/Shape$StyleableProperties
instanceKlass javafx/css/converter/CursorConverter$Holder
instanceKlass javafx/scene/Node$StyleableProperties
instanceKlass com/sun/javafx/scene/layout/region/BorderImageSlices
instanceKlass javafx/scene/layout/BackgroundSize
instanceKlass javafx/scene/layout/BackgroundPosition
instanceKlass com/sun/javafx/scene/layout/region/RepeatStruct
instanceKlass javafx/scene/layout/Region$StyleableProperties
instanceKlass com/sun/javafx/css/StyleCache$Key
instanceKlass javafx/scene/CssStyleHelper$CacheContainer
instanceKlass com/sun/javafx/css/CascadingStyle
instanceKlass com/sun/javafx/css/StyleMap
instanceKlass com/sun/javafx/css/StyleManager$Cache$Key
instanceKlass com/sun/javafx/css/StyleManager$Cache
instanceKlass com/sun/javafx/css/StyleManager$Key
instanceKlass javafx/css/CssParser$Term
instanceKlass com/sun/javafx/logging/PlatformLogger$1
instanceKlass com/sun/javafx/css/parser/Token
instanceKlass com/sun/javafx/css/parser/Recognizer
instanceKlass com/sun/javafx/css/parser/LexerState
instanceKlass javafx/css/CssLexer
instanceKlass javafx/css/FontFace
instanceKlass javafx/css/CssParser$ParseError
instanceKlass javafx/css/CssParser
instanceKlass com/sun/javafx/css/StyleManager$CacheContainer
instanceKlass javafx/css/converter/FontConverter$FontStyleConverter$Holder
instanceKlass javafx/css/converter/FontConverter$Holder
instanceKlass sun/util/logging/PlatformLogger$ConfigurableBridge$LoggerConfiguration
instanceKlass java/util/logging/LogManager$4
instanceKlass java/util/Hashtable$Enumerator
instanceKlass java/util/Collections$3
instanceKlass java/util/logging/LogManager$LoggerContext$1
instanceKlass java/util/logging/LogManager$VisitedLoggers
instanceKlass java/util/logging/Logger$ConfigurationData
instanceKlass java/util/logging/Logger$LoggerBundle
instanceKlass java/util/logging/Handler
instanceKlass java/util/logging/Logger
instanceKlass java/util/logging/LogManager$2
instanceKlass java/util/logging/LogManager$LoggingProviderAccess
instanceKlass java/util/logging/LogManager$LogNode
instanceKlass java/util/logging/LogManager$LoggerContext
instanceKlass java/util/logging/LogManager$1
instanceKlass java/util/logging/Level
instanceKlass java/util/logging/LogManager
instanceKlass jdk/internal/logger/BootstrapLogger$BootstrapExecutors
instanceKlass jdk/internal/logger/BootstrapLogger$RedirectedLoggers
instanceKlass sun/util/logging/internal/LoggingProviderImpl$LogManagerAccess
instanceKlass jdk/internal/logger/BootstrapLogger$DetectBackend$1
instanceKlass jdk/internal/logger/BootstrapLogger$DetectBackend
instanceKlass jdk/internal/logger/BootstrapLogger
instanceKlass sun/util/logging/PlatformLogger$ConfigurableBridge
instanceKlass sun/util/logging/PlatformLogger$Bridge
instanceKlass java/io/FilePermission$1
instanceKlass jdk/internal/access/JavaIOFilePermissionAccess
instanceKlass jdk/internal/logger/LoggerFinderLoader
instanceKlass jdk/internal/logger/DefaultLoggerFinder$1
instanceKlass java/lang/System$LoggerFinder
instanceKlass jdk/internal/logger/LazyLoggers$LazyLoggerFactories
instanceKlass jdk/internal/logger/LazyLoggers$1
instanceKlass jdk/internal/logger/LazyLoggers
instanceKlass com/sun/javafx/logging/PlatformLogger
instanceKlass java/lang/System$Logger
instanceKlass com/sun/javafx/util/Logging
instanceKlass javafx/scene/CssStyleHelper
instanceKlass javafx/scene/Scene$ClickCounter
instanceKlass javafx/scene/Scene$ClickGenerator
instanceKlass javafx/scene/Scene$MouseHandler$1
instanceKlass com/sun/javafx/event/EventQueue
instanceKlass javafx/scene/Scene$MouseHandler
instanceKlass com/sun/javafx/scene/traversal/TraversalEngine$BaseEngineContext
instanceKlass com/sun/javafx/scene/traversal/ContainerTabOrder
instanceKlass com/sun/javafx/scene/traversal/Algorithm
instanceKlass com/sun/javafx/scene/traversal/TraversalContext
instanceKlass javafx/scene/Scene$TouchMap
instanceKlass javafx/scene/Scene$TouchGesture
instanceKlass javafx/scene/Scene$TargetWrapper
instanceKlass javafx/scene/Scene$ScenePulseListener
instanceKlass javafx/scene/SceneAntialiasing
instanceKlass com/sun/javafx/scene/SceneHelper
instanceKlass javafx/scene/Scene$2
instanceKlass com/sun/javafx/tk/TKDropTargetListener
instanceKlass com/sun/javafx/tk/TKScenePaintListener
instanceKlass com/sun/javafx/tk/TKSceneListener
instanceKlass com/sun/javafx/scene/SceneHelper$SceneAccessor
instanceKlass com/sun/javafx/perf/PerformanceTracker$SceneAccessor
instanceKlass com/mysql/cj/protocol/NetworkResources
instanceKlass java/sql/ResultSetMetaData
instanceKlass com/mysql/cj/LicenseConfiguration
instanceKlass com/mysql/cj/protocol/InternalDate
instanceKlass com/mysql/cj/result/StringValueFactory
instanceKlass com/mysql/cj/protocol/a/result/AbstractResultsetRows
instanceKlass com/mysql/cj/protocol/result/AbstractResultsetRow
instanceKlass com/mysql/cj/result/DefaultColumnDefinition$1
instanceKlass com/mysql/cj/protocol/a/MysqlTextValueDecoder
instanceKlass com/mysql/cj/protocol/ValueDecoder
instanceKlass com/mysql/cj/protocol/a/AbstractRowFactory
instanceKlass com/mysql/cj/result/DefaultColumnDefinition
instanceKlass com/mysql/cj/result/Field$1
instanceKlass com/mysql/cj/protocol/a/ColumnDefinitionReader$1
instanceKlass java/sql/SQLType
instanceKlass com/mysql/cj/util/LazyString
instanceKlass com/mysql/cj/result/Field
instanceKlass com/mysql/cj/protocol/a/ColumnDefinitionFactory
instanceKlass com/mysql/cj/protocol/a/ResultsetFactory
instanceKlass com/mysql/cj/protocol/a/NativeMessageBuilder
instanceKlass com/mysql/cj/protocol/a/MultiPacketReader
instanceKlass com/mysql/cj/protocol/a/TimeTrackingPacketReader
instanceKlass com/mysql/cj/protocol/a/TimeTrackingPacketSender
instanceKlass com/mysql/cj/protocol/a/NativeServerSessionStateController$NativeServerSessionStateChanges
instanceKlass com/mysql/cj/protocol/a/result/OkPacket
instanceKlass com/mysql/cj/protocol/a/NativeUtils
instanceKlass com/mysql/cj/protocol/a/PacketSplitter
instanceKlass com/mysql/cj/protocol/a/authentication/AuthenticationWebAuthnClient
instanceKlass com/mysql/cj/protocol/a/authentication/AuthenticationFidoClient
instanceKlass com/mysql/cj/protocol/a/authentication/AuthenticationOciClient
instanceKlass com/mysql/cj/protocol/a/authentication/AuthenticationKerberosClient
instanceKlass sun/invoke/util/VerifyAccess$1
instanceKlass javax/security/auth/callback/Callback
instanceKlass javax/security/auth/callback/CallbackHandler
instanceKlass javax/security/auth/login/Configuration
instanceKlass com/mysql/cj/protocol/a/authentication/AuthenticationLdapSaslClientPlugin
instanceKlass com/mysql/cj/protocol/a/authentication/MysqlOldPasswordPlugin
instanceKlass com/mysql/cj/protocol/a/authentication/Sha256PasswordPlugin
instanceKlass com/mysql/cj/protocol/a/authentication/MysqlClearPasswordPlugin
instanceKlass com/mysql/cj/protocol/a/authentication/MysqlNativePasswordPlugin
instanceKlass com/mysql/cj/protocol/AuthenticationPlugin
instanceKlass com/mysql/cj/protocol/a/NativePacketPayload$1
instanceKlass com/mysql/cj/protocol/a/NativeCapabilities
instanceKlass com/mysql/cj/protocol/a/NativePacketHeader
instanceKlass com/mysql/cj/Collation
instanceKlass sun/nio/cs/ArrayEncoder
instanceKlass sun/nio/cs/DelegatableDecoder
instanceKlass jdk/internal/misc/ScopedMemoryAccess$Scope
instanceKlass java/nio/charset/Charset$ExtendedProviderHolder$1
instanceKlass java/nio/charset/Charset$ExtendedProviderHolder
instanceKlass com/mysql/cj/ServerVersion
instanceKlass com/mysql/cj/MysqlCharset
instanceKlass com/mysql/cj/CharsetMapping
instanceKlass com/mysql/cj/protocol/a/NativeServerSessionStateController
instanceKlass sun/util/calendar/ZoneInfoFile$ZoneOffsetTransitionRule
instanceKlass sun/util/calendar/ZoneInfoFile$1
instanceKlass sun/util/calendar/ZoneInfoFile
instanceKlass java/util/TimeZone
instanceKlass com/mysql/cj/protocol/ServerSessionStateController
instanceKlass com/mysql/cj/protocol/a/NativeServerSession
instanceKlass com/mysql/cj/protocol/a/BinaryResultsetReader
instanceKlass com/mysql/cj/protocol/a/TextResultsetReader
instanceKlass com/mysql/cj/protocol/a/ResultsetRowReader
instanceKlass com/mysql/cj/protocol/ResultsetRow
instanceKlass com/mysql/cj/protocol/a/ColumnDefinitionReader
instanceKlass com/mysql/cj/protocol/ProtocolEntityReader
instanceKlass com/mysql/cj/callback/MysqlCallback
instanceKlass com/mysql/cj/callback/MysqlCallbackHandler
instanceKlass com/mysql/cj/protocol/a/NativeAuthenticationProvider
instanceKlass com/mysql/cj/protocol/a/SimplePacketReader
instanceKlass com/mysql/cj/protocol/a/SimplePacketSender
instanceKlass com/mysql/cj/protocol/a/NativePacketPayload
instanceKlass com/mysql/cj/log/BaseMetricsHolder
instanceKlass com/mysql/cj/protocol/AbstractProtocol$2
instanceKlass com/mysql/cj/protocol/AbstractProtocol$1
instanceKlass java/time/ZonedDateTime
instanceKlass java/time/chrono/ChronoZonedDateTime
instanceKlass java/time/OffsetTime
instanceKlass java/time/OffsetDateTime
instanceKlass java/time/LocalTime
instanceKlass java/time/LocalDateTime
instanceKlass java/time/chrono/ChronoLocalDateTime
instanceKlass java/time/Instant
instanceKlass java/time/Duration
instanceKlass java/time/temporal/TemporalAmount
instanceKlass java/util/Calendar
instanceKlass com/mysql/cj/protocol/a/AbstractValueEncoder
instanceKlass com/mysql/cj/protocol/ValueEncoder
instanceKlass com/mysql/cj/protocol/ServerSessionStateController$ServerSessionStateChanges
instanceKlass com/mysql/cj/protocol/ServerCapabilities
instanceKlass com/mysql/cj/CharsetSettings
instanceKlass com/mysql/cj/protocol/MessageHeader
instanceKlass com/mysql/cj/MessageBuilder
instanceKlass com/mysql/cj/protocol/AuthenticationProvider
instanceKlass com/mysql/cj/protocol/ServerSession
instanceKlass com/mysql/cj/protocol/MessageReader
instanceKlass com/mysql/cj/protocol/MessageSender
instanceKlass com/mysql/cj/protocol/PacketReceivedTimeHolder
instanceKlass com/mysql/cj/protocol/AbstractProtocol
instanceKlass com/mysql/cj/protocol/Protocol$ProtocolEventHandler
instanceKlass com/mysql/cj/conf/RuntimeProperty$RuntimePropertyListener
instanceKlass sun/nio/ch/ExtendedSocketOption$1
instanceKlass sun/nio/ch/ExtendedSocketOption
instanceKlass sun/nio/ch/OptionKey
instanceKlass sun/nio/ch/SocketOptionRegistry$LazyInitialization
instanceKlass sun/nio/ch/SocketOptionRegistry$RegistryKey
instanceKlass sun/nio/ch/SocketOptionRegistry
instanceKlass java/net/NetworkInterface
instanceKlass java/net/StandardSocketOptions$StdSocketOption
instanceKlass java/net/SocketOption
instanceKlass java/net/StandardSocketOptions
instanceKlass java/util/concurrent/atomic/Striped64$1
instanceKlass jdk/internal/util/random/RandomSupport
instanceKlass java/net/InetAddress$CachedAddresses
instanceKlass sun/net/InetAddressCachePolicy$2
instanceKlass sun/net/InetAddressCachePolicy$1
instanceKlass sun/net/InetAddressCachePolicy
instanceKlass java/net/InetAddress$NameServiceAddresses
instanceKlass java/net/InetAddress$Addresses
instanceKlass java/util/concurrent/ConcurrentSkipListMap$Iter
instanceKlass com/mysql/cj/protocol/StandardSocketFactory
instanceKlass com/mysql/cj/protocol/PacketSentTimeHolder
instanceKlass com/mysql/cj/protocol/SocketFactory
instanceKlass com/mysql/cj/protocol/SocketMetadata
instanceKlass com/mysql/cj/protocol/AbstractSocketConnection
instanceKlass com/mysql/cj/NoSubInterceptorWrapper
instanceKlass java/util/LinkedList$LLSpliterator
instanceKlass java/lang/invoke/MethodHandle$1
instanceKlass com/mysql/cj/interceptors/QueryInterceptor
instanceKlass com/mysql/cj/jdbc/DatabaseMetaData$IteratorWithCleanup
instanceKlass com/mysql/cj/result/Row
instanceKlass com/mysql/cj/protocol/ResultsetRows
instanceKlass com/mysql/cj/result/RowList
instanceKlass com/mysql/cj/jdbc/DatabaseMetaData
instanceKlass com/mysql/cj/log/LogFactory
instanceKlass com/mysql/cj/log/NullLogger
instanceKlass com/mysql/cj/result/ValueFactory
instanceKlass com/mysql/cj/protocol/Message
instanceKlass com/mysql/cj/protocol/Protocol
instanceKlass com/mysql/cj/protocol/SocketConnection
instanceKlass com/mysql/cj/DataStoreMetadata
instanceKlass com/mysql/cj/CoreSession
instanceKlass com/mysql/cj/protocol/a/result/NativeResultset
instanceKlass com/mysql/cj/WarningListener
instanceKlass com/mysql/cj/jdbc/result/ResultSetInternalMethods
instanceKlass com/mysql/cj/protocol/Resultset
instanceKlass com/mysql/cj/protocol/ResultsetRowsOwner
instanceKlass java/sql/ResultSet
instanceKlass com/mysql/cj/jdbc/result/ResultSetFactory
instanceKlass com/mysql/cj/conf/AbstractRuntimeProperty
instanceKlass com/mysql/cj/PerConnectionLRUFactory
instanceKlass com/mysql/cj/util/PerVmServerConfigCacheFactory
instanceKlass com/mysql/cj/CacheAdapterFactory
instanceKlass java/text/AttributedCharacterIterator$Attribute
instanceKlass java/util/Date
instanceKlass com/mysql/cj/conf/AbstractPropertyDefinition
instanceKlass com/mysql/cj/conf/PropertyDefinitions
instanceKlass com/mysql/cj/conf/RuntimeProperty
instanceKlass com/mysql/cj/conf/PropertyDefinition
instanceKlass com/mysql/cj/conf/DefaultPropertySet
instanceKlass java/util/Random
instanceKlass java/util/random/RandomGenerator
instanceKlass com/mysql/cj/log/StandardLogger
instanceKlass com/mysql/cj/log/Log
instanceKlass com/mysql/cj/Session
instanceKlass com/mysql/cj/jdbc/result/CachedResultSetMetaData
instanceKlass com/mysql/cj/protocol/ColumnDefinition
instanceKlass com/mysql/cj/protocol/ProtocolEntity
instanceKlass java/sql/NClob
instanceKlass java/sql/Clob
instanceKlass java/sql/CallableStatement
instanceKlass java/sql/DatabaseMetaData
instanceKlass java/sql/SQLXML
instanceKlass java/sql/Blob
instanceKlass java/sql/Savepoint
instanceKlass com/mysql/cj/jdbc/StatementImpl
instanceKlass com/mysql/cj/jdbc/JdbcPreparedStatement
instanceKlass com/mysql/cj/jdbc/JdbcStatement
instanceKlass com/mysql/cj/Query
instanceKlass java/sql/PreparedStatement
instanceKlass java/sql/Statement
instanceKlass com/mysql/cj/protocol/ProtocolEntityFactory
instanceKlass com/mysql/cj/jdbc/IterateBlock
instanceKlass com/mysql/cj/exceptions/ExceptionInterceptor
instanceKlass com/mysql/cj/jdbc/ConnectionImpl
instanceKlass com/mysql/cj/Session$SessionEventListener
instanceKlass com/mysql/cj/jdbc/JdbcConnection
instanceKlass com/mysql/cj/TransactionEventHandler
instanceKlass com/mysql/cj/MysqlConnection
instanceKlass com/mysql/cj/jdbc/NonRegisteringDriver$1
instanceKlass java/util/Collections$UnmodifiableMap$UnmodifiableEntrySet$UnmodifiableEntrySetSpliterator
instanceKlass java/math/MathContext
instanceKlass jdk/internal/math/FDBigInteger
instanceKlass java/text/FieldPosition
instanceKlass java/text/Format
instanceKlass java/util/ResourceBundle$Control$2
instanceKlass sun/util/resources/Bundles
instanceKlass java/util/zip/ZipFile$ZipEntryIterator
instanceKlass java/util/stream/AbstractSpinedBuffer
instanceKlass java/util/stream/Node$Builder
instanceKlass java/util/stream/Node$OfDouble
instanceKlass java/util/stream/Node$OfLong
instanceKlass java/util/stream/Node$OfInt
instanceKlass java/util/stream/Node$OfPrimitive
instanceKlass java/util/stream/Nodes$EmptyNode
instanceKlass java/util/stream/Node
instanceKlass java/util/stream/Nodes
instanceKlass java/util/ImmutableCollections$Access$1
instanceKlass jdk/internal/access/JavaUtilCollectionAccess
instanceKlass java/util/ImmutableCollections$Access
instanceKlass java/util/ServiceLoader$ProviderSpliterator
instanceKlass java/util/spi/ResourceBundleControlProvider
instanceKlass java/util/ResourceBundle$ResourceBundleControlProviderHolder
instanceKlass com/mysql/cj/Messages
instanceKlass com/mysql/cj/Constants
instanceKlass com/mysql/cj/util/Util
instanceKlass com/mysql/cj/conf/HostInfo
instanceKlass com/mysql/cj/conf/ConnectionUrlParser$Pair
instanceKlass com/mysql/cj/util/StringInspector
instanceKlass java/util/BitSet
instanceKlass java/net/URLEncoder
instanceKlass java/net/URLDecoder
instanceKlass com/mysql/cj/util/StringUtils
instanceKlass com/mysql/cj/conf/ConnectionUrlParser
instanceKlass com/mysql/cj/conf/ConnectionUrl
instanceKlass com/mysql/cj/conf/DatabaseUrlContainer
instanceKlass java/util/concurrent/CopyOnWriteArrayList$COWIterator
instanceKlass java/sql/DriverInfo
instanceKlass java/util/concurrent/Executors$DelegatedExecutorService
instanceKlass com/mysql/cj/jdbc/AbandonedConnectionCleanupThread
instanceKlass java/util/ServiceLoader$ProviderImpl
instanceKlass java/util/ServiceLoader$Provider
instanceKlass com/mysql/cj/jdbc/JdbcPropertySet
instanceKlass com/mysql/cj/conf/PropertySet
instanceKlass java/sql/Connection
instanceKlass java/sql/Wrapper
instanceKlass java/util/ServiceLoader$1
instanceKlass com/mysql/cj/jdbc/NonRegisteringDriver
instanceKlass java/sql/Driver
instanceKlass java/sql/DriverManager$2
instanceKlass java/sql/DriverManager$1
instanceKlass java/sql/DriverManager
instanceKlass utils/MyDatabase
instanceKlass javafx/fxml/Initializable
instanceKlass com/sun/javafx/cursor/CursorFrame
instanceKlass javafx/fxml/FXMLLoader$ControllerMethodEventHandler
instanceKlass javafx/fxml/FXMLLoader$MethodHandler
instanceKlass jdk/internal/reflect/UnsafeFieldAccessorFactory
instanceKlass javafx/fxml/FXML
instanceKlass services/UserService
instanceKlass services/IUser
instanceKlass javafx/fxml/FXMLLoader$ControllerAccessor$1
instanceKlass javafx/scene/control/TextFormatter
instanceKlass javafx/scene/control/TextFormatter$Change
instanceKlass javafx/beans/property/IntegerPropertyBase$Listener
instanceKlass com/sun/javafx/binding/BindingHelperObserver
instanceKlass javafx/scene/control/TextInputControl$UndoRedoChange
instanceKlass javafx/scene/control/IndexRange
instanceKlass javafx/scene/control/TextField$TextFieldContent
instanceKlass javafx/scene/control/TextInputControl$Content
instanceKlass com/sun/javafx/scene/control/FormatterAccessor
instanceKlass javafx/scene/paint/Color$NamedColors
instanceKlass javafx/event/WeakEventHandler
instanceKlass com/sun/javafx/event/CompositeEventHandler$EventProcessorRecord
instanceKlass com/sun/javafx/event/CompositeEventHandler
instanceKlass com/sun/javafx/css/StyleManager$RefList
instanceKlass javafx/css/converter/FontConverter$FontWeightConverter$Holder
instanceKlass javafx/css/converter/StringConverter$Holder
instanceKlass javafx/css/converter/FontConverter$FontSizeConverter$Holder
instanceKlass javafx/css/converter/EffectConverter$Holder
instanceKlass com/sun/javafx/scene/layout/region/Margins
instanceKlass com/sun/javafx/scene/layout/region/Margins$Holder
instanceKlass javafx/css/converter/BooleanConverter$Holder
instanceKlass javafx/css/converter/SizeConverter$Holder
instanceKlass javafx/css/converter/InsetsConverter$Holder
instanceKlass com/sun/javafx/css/SelectorPartitioning$Slot
instanceKlass com/sun/javafx/css/SelectorPartitioning$Partition
instanceKlass javafx/css/converter/PaintConverter$Holder
instanceKlass javafx/css/converter/StopConverter$Holder
instanceKlass javafx/css/converter/LadderConverter$Holder
instanceKlass javafx/css/converter/DeriveColorConverter$Holder
instanceKlass javafx/css/converter/URLConverter$Holder
instanceKlass javafx/css/StyleConverter
instanceKlass javafx/css/Size
instanceKlass javafx/css/ParsedValue
instanceKlass javafx/css/Declaration
instanceKlass javafx/css/Rule$Observables
instanceKlass com/sun/javafx/css/SelectorPartitioning$PartitionKey
instanceKlass com/sun/javafx/css/SelectorPartitioning
instanceKlass com/sun/javafx/css/StyleManager$StylesheetContainer
instanceKlass java/util/AbstractList$SubList$1
instanceKlass javafx/collections/ModifiableObservableListBase$SubObservableList
instanceKlass javafx/css/StyleClass
instanceKlass javafx/css/Rule
instanceKlass javafx/css/StyleConverter$StringStore
instanceKlass sun/net/www/protocol/jar/JarFileFactory
instanceKlass sun/net/www/protocol/jar/URLJarFile$URLJarFileCloseController
instanceKlass javafx/css/Stylesheet
instanceKlass com/sun/javafx/scene/control/skin/Utils
instanceKlass com/sun/javafx/css/StyleManager$ImageCache
instanceKlass com/sun/javafx/css/StyleManager$InstanceHolder
instanceKlass com/sun/javafx/css/StyleManager
instanceKlass java/util/Collections$SynchronizedCollection
instanceKlass java/util/Properties$EntrySet
instanceKlass sun/security/util/SecurityProperties
instanceKlass sun/security/util/FilePermCompat
instanceKlass java/util/ResourceBundle$ResourceBundleProviderHelper
instanceKlass java/util/ResourceBundle$CacheKeyReference
instanceKlass java/util/ResourceBundle$CacheKey
instanceKlass sun/util/locale/LocaleObjectCache
instanceKlass java/util/ResourceBundle$Control
instanceKlass java/util/ResourceBundle$1
instanceKlass jdk/internal/access/JavaUtilResourceBundleAccess
instanceKlass java/util/ResourceBundle
instanceKlass com/sun/javafx/tk/quantum/QuantumToolkit$6
instanceKlass javafx/scene/control/Control$1
instanceKlass javafx/scene/control/Skin
instanceKlass com/sun/javafx/scene/control/ControlHelper$ControlAccessor
instanceKlass javafx/scene/control/Skinnable
instanceKlass com/sun/javafx/font/Disposer$1
instanceKlass com/sun/javafx/font/Disposer
instanceKlass com/sun/javafx/font/CompositeStrikeDisposer
instanceKlass com/sun/javafx/font/Metrics
instanceKlass com/sun/javafx/font/CompositeStrike
instanceKlass com/sun/javafx/font/FontStrikeDesc
instanceKlass com/sun/javafx/font/PrismCompositeFontResource
instanceKlass com/sun/javafx/font/PrismFontFile$DirectoryEntry
instanceKlass com/sun/javafx/font/FontFileReader$Buffer
instanceKlass com/sun/javafx/font/FontFileReader
instanceKlass com/sun/javafx/font/PrismFontStrike
instanceKlass com/sun/javafx/font/DisposerRecord
instanceKlass com/sun/javafx/font/WindowsFontMap$FamilyDescription
instanceKlass com/sun/javafx/font/WindowsFontMap
instanceKlass com/sun/javafx/font/PrismFont
instanceKlass com/sun/javafx/font/CharToGlyphMapper
instanceKlass com/sun/javafx/font/FontStrike
instanceKlass com/sun/javafx/font/LogicalFont
instanceKlass com/sun/javafx/font/CompositeFontResource
instanceKlass com/sun/javafx/font/directwrite/IUnknown
instanceKlass com/sun/javafx/font/directwrite/OS
instanceKlass com/sun/javafx/text/GlyphLayout
instanceKlass com/sun/javafx/font/PrismFontFile
instanceKlass com/sun/javafx/font/FontConstants
instanceKlass com/sun/javafx/scene/text/FontHelper
instanceKlass javafx/scene/text/Font$1
instanceKlass com/sun/javafx/scene/text/FontHelper$FontAccessor
instanceKlass java/io/FilenameFilter
instanceKlass com/sun/javafx/font/FontResource
instanceKlass com/sun/javafx/font/PGFont
instanceKlass com/sun/javafx/font/PrismFontFactory
instanceKlass com/sun/javafx/scene/text/TextLine
instanceKlass java/text/CharacterIterator
instanceKlass com/sun/javafx/text/PrismTextLayout
instanceKlass com/sun/javafx/text/PrismTextLayoutFactory
instanceKlass javafx/scene/text/HitInfo
instanceKlass javafx/scene/text/Text$TextAttribute
instanceKlass com/sun/javafx/scene/text/GlyphList
instanceKlass com/sun/javafx/scene/text/TextLayout
instanceKlass javafx/beans/value/ObservableIntegerValue
instanceKlass javafx/beans/value/WritableIntegerValue
instanceKlass javafx/scene/text/Text$1
instanceKlass com/sun/javafx/scene/text/TextSpan
instanceKlass com/sun/javafx/scene/shape/TextHelper$TextAccessor
instanceKlass com/sun/javafx/fxml/builder/ProxyBuilder$AnnotationValue
instanceKlass java/lang/Character$CharacterCache
instanceKlass java/lang/Short$ShortCache
instanceKlass java/lang/Byte$ByteCache
instanceKlass javafx/beans/NamedArg
instanceKlass javafx/scene/paint/Paint$1
instanceKlass com/sun/javafx/tk/Toolkit$PaintAccessor
instanceKlass javafx/scene/shape/Shape$StrokeAttributes
instanceKlass com/sun/javafx/geom/PathIterator
instanceKlass javafx/beans/WeakInvalidationListener
instanceKlass javafx/scene/shape/Circle$1
instanceKlass javafx/scene/shape/Shape$1
instanceKlass com/sun/javafx/scene/shape/CircleHelper$CircleAccessor
instanceKlass com/sun/javafx/scene/shape/ShapeHelper$ShapeAccessor
instanceKlass com/sun/javafx/beans/event/AbstractNotifyListener
instanceKlass java/time/LocalDate
instanceKlass java/time/chrono/ChronoLocalDate
instanceKlass java/time/temporal/TemporalAdjuster
instanceKlass java/time/temporal/Temporal
instanceKlass java/time/temporal/TemporalAccessor
instanceKlass com/sun/javafx/beans/IDProperty
instanceKlass java/lang/annotation/Documented
instanceKlass javafx/beans/DefaultProperty
instanceKlass sun/reflect/generics/reflectiveObjects/LazyReflectiveObjectGenerator
instanceKlass sun/reflect/generics/tree/TypeVariableSignature
instanceKlass sun/reflect/generics/tree/ClassSignature
instanceKlass sun/reflect/generics/reflectiveObjects/ParameterizedTypeImpl
instanceKlass java/lang/reflect/ParameterizedType
instanceKlass sun/reflect/generics/tree/MethodTypeSignature
instanceKlass sun/reflect/generics/tree/Signature
instanceKlass sun/reflect/generics/tree/FormalTypeParameter
instanceKlass com/sun/javafx/reflect/Trampoline
instanceKlass com/sun/javafx/reflect/MethodUtil$1
instanceKlass com/sun/javafx/fxml/MethodHelper
instanceKlass com/sun/javafx/fxml/ModuleHelper
instanceKlass javafx/css/CssMetaData
instanceKlass com/sun/javafx/geom/Point2D
instanceKlass javafx/scene/input/Clipboard
instanceKlass javafx/scene/Node$MiscProperties
instanceKlass javafx/scene/effect/Effect
instanceKlass javafx/scene/Node$AccessibilityProperties
instanceKlass javafx/scene/Node$NodeTransformation
instanceKlass com/sun/javafx/scene/EventHandlerProperties
instanceKlass javafx/scene/Cursor
instanceKlass javafx/scene/input/InputMethodRequests
instanceKlass javafx/event/EventType
instanceKlass javafx/scene/SnapshotParameters
instanceKlass javafx/geometry/Point2D
instanceKlass com/sun/javafx/scene/traversal/TraversalEngine
instanceKlass javafx/css/Selector
instanceKlass javafx/scene/layout/Border
instanceKlass com/sun/javafx/scene/input/PickResultChooser
instanceKlass com/sun/javafx/geom/PickRay
instanceKlass javafx/scene/layout/Background
instanceKlass javafx/scene/layout/CornerRadii
instanceKlass javafx/scene/layout/BorderWidths
instanceKlass com/sun/javafx/fxml/BeanAdapter$MethodCache
instanceKlass com/sun/javafx/fxml/BeanAdapter$1
instanceKlass java/util/StringTokenizer
instanceKlass javafx/scene/layout/Pane$1
instanceKlass com/sun/javafx/geom/Vec2d
instanceKlass javafx/scene/layout/Region$1
instanceKlass javafx/scene/Parent$1
instanceKlass javafx/scene/PropertyHelper
instanceKlass com/sun/javafx/scene/BoundsAccessor
instanceKlass javafx/collections/SetChangeListener$Change
instanceKlass com/sun/javafx/css/BitSet
instanceKlass javafx/css/PseudoClass
instanceKlass javafx/geometry/Point3D
instanceKlass com/sun/javafx/scene/transform/TransformHelper
instanceKlass javafx/scene/transform/Transform$1
instanceKlass com/sun/javafx/scene/transform/TransformHelper$TransformAccessor
instanceKlass javafx/scene/transform/Transform
instanceKlass com/sun/javafx/scene/NodeHelper
instanceKlass javafx/scene/Node$1
instanceKlass com/sun/javafx/scene/layout/PaneHelper$PaneAccessor
instanceKlass com/sun/javafx/scene/layout/RegionHelper$RegionAccessor
instanceKlass com/sun/javafx/sg/prism/NGNode
instanceKlass com/sun/javafx/scene/ParentHelper$ParentAccessor
instanceKlass com/sun/glass/ui/Accessible$EventHandler
instanceKlass javafx/css/StyleableProperty
instanceKlass com/sun/javafx/scene/NodeHelper$NodeAccessor
instanceKlass com/sun/javafx/reflect/ConstructorUtil
instanceKlass javafx/scene/shape/Mesh
instanceKlass javafx/scene/text/Font
instanceKlass javafx/scene/Scene
instanceKlass javafx/fxml/FXMLLoader$Attribute
instanceKlass com/sun/javafx/reflect/ReflectUtil
instanceKlass com/example/guser/controllers/LoginController
instanceKlass javafx/collections/SetChangeListener
instanceKlass javafx/collections/MapChangeListener
instanceKlass javafx/event/EventHandler
instanceKlass java/util/EventListener
instanceKlass javafx/beans/value/ChangeListener
instanceKlass java/util/LinkedList$ListItr
instanceKlass javafx/geometry/Insets
instanceKlass com/sun/org/apache/xerces/internal/util/XMLChar
instanceKlass com/sun/xml/internal/stream/util/BufferAllocator
instanceKlass com/sun/xml/internal/stream/util/ThreadLocalBufferAllocator
instanceKlass com/sun/xml/internal/stream/Entity
instanceKlass com/sun/org/apache/xerces/internal/util/XMLSymbols
instanceKlass com/sun/org/apache/xerces/internal/utils/XMLLimitAnalyzer
instanceKlass com/sun/org/apache/xerces/internal/impl/msg/XMLMessageFormatter
instanceKlass com/sun/org/apache/xerces/internal/util/MessageFormatter
instanceKlass com/sun/org/apache/xerces/internal/impl/XMLErrorReporter
instanceKlass com/sun/org/apache/xerces/internal/impl/XMLEntityScanner
instanceKlass com/sun/org/apache/xerces/internal/xni/XMLLocator
instanceKlass com/sun/xml/internal/stream/XMLEntityStorage
instanceKlass com/sun/org/apache/xerces/internal/impl/XMLEntityManager
instanceKlass com/sun/org/apache/xerces/internal/xni/parser/XMLEntityResolver
instanceKlass com/sun/org/apache/xerces/internal/util/NamespaceContextWrapper
instanceKlass javax/xml/namespace/NamespaceContext
instanceKlass com/sun/org/apache/xerces/internal/xni/grammars/XMLDTDDescription
instanceKlass com/sun/org/apache/xerces/internal/xni/grammars/XMLGrammarDescription
instanceKlass com/sun/org/apache/xerces/internal/impl/XMLDocumentScannerImpl$TrailingMiscDriver
instanceKlass com/sun/org/apache/xerces/internal/impl/XMLDocumentScannerImpl$PrologDriver
instanceKlass com/sun/org/apache/xerces/internal/impl/XMLDocumentScannerImpl$XMLDeclDriver
instanceKlass com/sun/org/apache/xerces/internal/util/NamespaceSupport
instanceKlass com/sun/org/apache/xerces/internal/xni/NamespaceContext
instanceKlass com/sun/org/apache/xerces/internal/util/AugmentationsImpl$AugmentationsItemsContainer
instanceKlass com/sun/org/apache/xerces/internal/util/AugmentationsImpl
instanceKlass com/sun/org/apache/xerces/internal/xni/Augmentations
instanceKlass com/sun/org/apache/xerces/internal/util/XMLAttributesImpl$Attribute
instanceKlass com/sun/org/apache/xerces/internal/util/XMLAttributesImpl
instanceKlass com/sun/org/apache/xerces/internal/xni/XMLAttributes
instanceKlass com/sun/org/apache/xerces/internal/impl/XMLDocumentFragmentScannerImpl$FragmentContentDriver
instanceKlass com/sun/org/apache/xerces/internal/impl/XMLDocumentFragmentScannerImpl$Driver
instanceKlass com/sun/org/apache/xerces/internal/impl/XMLDocumentFragmentScannerImpl$ElementStack2
instanceKlass com/sun/org/apache/xerces/internal/xni/QName
instanceKlass com/sun/org/apache/xerces/internal/impl/XMLDocumentFragmentScannerImpl$ElementStack
instanceKlass com/sun/org/apache/xerces/internal/util/XMLResourceIdentifierImpl
instanceKlass com/sun/org/apache/xerces/internal/xni/XMLResourceIdentifier
instanceKlass com/sun/org/apache/xerces/internal/xni/XMLString
instanceKlass com/sun/org/apache/xerces/internal/impl/XMLScanner
instanceKlass com/sun/xml/internal/stream/XMLBufferListener
instanceKlass com/sun/org/apache/xerces/internal/impl/XMLEntityHandler
instanceKlass com/sun/org/apache/xerces/internal/xni/parser/XMLComponent
instanceKlass com/sun/org/apache/xerces/internal/xni/parser/XMLDocumentScanner
instanceKlass com/sun/org/apache/xerces/internal/xni/parser/XMLDocumentSource
instanceKlass com/sun/org/apache/xerces/internal/util/SymbolTable$Entry
instanceKlass com/sun/org/apache/xerces/internal/util/SymbolTable
instanceKlass com/sun/org/apache/xerces/internal/impl/XMLStreamReaderImpl
instanceKlass com/sun/org/apache/xerces/internal/xni/parser/XMLInputSource
instanceKlass javax/xml/stream/util/StreamReaderDelegate
instanceKlass jdk/xml/internal/JdkConstants
instanceKlass javax/xml/parsers/SAXParserFactory
instanceKlass jdk/xml/internal/JdkXmlUtils
instanceKlass com/sun/org/apache/xerces/internal/utils/XMLSecurityPropertyManager
instanceKlass com/sun/org/apache/xerces/internal/utils/XMLSecurityManager
instanceKlass com/sun/org/apache/xerces/internal/impl/PropertyManager
instanceKlass jdk/internal/loader/URLClassPath$1
instanceKlass java/lang/CompoundEnumeration
instanceKlass jdk/internal/loader/BuiltinClassLoader$1
instanceKlass java/util/Collections$EmptyEnumeration
instanceKlass jdk/internal/loader/BuiltinClassLoader$2
instanceKlass java/util/ServiceLoader$3
instanceKlass java/util/ServiceLoader$2
instanceKlass java/util/ServiceLoader$LazyClassPathLookupIterator
instanceKlass java/util/Spliterators$1Adapter
instanceKlass java/util/ServiceLoader$ModuleServicesLookupIterator
instanceKlass java/util/ServiceLoader
instanceKlass javax/xml/stream/FactoryFinder$1
instanceKlass jdk/xml/internal/SecuritySupport
instanceKlass javax/xml/stream/FactoryFinder
instanceKlass javax/xml/stream/XMLInputFactory
instanceKlass sun/net/DefaultProgressMeteringPolicy
instanceKlass sun/net/ProgressMeteringPolicy
instanceKlass sun/net/ProgressMonitor
instanceKlass sun/net/www/MessageHeader
instanceKlass java/net/URLConnection
instanceKlass javafx/fxml/FXMLLoader$ControllerAccessor
instanceKlass javafx/collections/MapChangeListener$Change
instanceKlass com/sun/javafx/collections/ObservableMapWrapper
instanceKlass com/sun/javafx/fxml/FXMLLoaderHelper
instanceKlass javafx/fxml/FXMLLoader$2
instanceKlass javafx/fxml/FXMLLoader$1
instanceKlass com/sun/javafx/application/PlatformImpl$2
instanceKlass javafx/application/Platform
instanceKlass javafx/util/Builder
instanceKlass javafx/fxml/JavaFXBuilderFactory
instanceKlass javafx/fxml/FXMLLoader$Element
instanceKlass javax/script/Bindings
instanceKlass jdk/internal/jimage/decompressor/ZipDecompressor
instanceKlass jdk/internal/jimage/decompressor/ResourceDecompressor
instanceKlass jdk/internal/jimage/decompressor/ResourceDecompressorFactory
instanceKlass jdk/internal/jimage/decompressor/ResourceDecompressorRepository
instanceKlass jdk/internal/jimage/decompressor/CompressedResourceHeader
instanceKlass jdk/internal/jimage/decompressor/ResourceDecompressor$StringsProvider
instanceKlass java/util/TimSort
instanceKlass java/util/Arrays$LegacyMergeSort
instanceKlass java/util/AbstractMap$SimpleEntry
instanceKlass jdk/internal/jimage/ImageBufferCache$2
instanceKlass jdk/internal/jimage/ImageBufferCache
instanceKlass jdk/internal/jimage/ImageLocation
instanceKlass jdk/internal/jimage/decompressor/Decompressor
instanceKlass jdk/internal/jimage/ImageStringsReader
instanceKlass jdk/internal/jimage/ImageStrings
instanceKlass jdk/internal/jimage/ImageHeader
instanceKlass jdk/internal/jimage/NativeImageBuffer$1
instanceKlass jdk/internal/jimage/NativeImageBuffer
instanceKlass jdk/internal/jimage/BasicImageReader$1
instanceKlass jdk/internal/jimage/BasicImageReader
instanceKlass jdk/internal/jimage/ImageReader
instanceKlass jdk/internal/jimage/ImageReaderFactory$1
instanceKlass java/nio/file/FileSystems$DefaultFileSystemHolder$1
instanceKlass java/nio/file/FileSystems$DefaultFileSystemHolder
instanceKlass java/nio/file/Paths
instanceKlass jdk/internal/jimage/ImageReaderFactory
instanceKlass jdk/internal/module/SystemModuleFinders$SystemImage
instanceKlass jdk/internal/module/SystemModuleFinders$SystemModuleReader
instanceKlass javax/xml/stream/XMLStreamReader
instanceKlass javax/xml/stream/XMLStreamConstants
instanceKlass com/sun/javafx/fxml/FXMLLoaderHelper$FXMLLoaderAccessor
instanceKlass javafx/util/BuilderFactory
instanceKlass javafx/fxml/FXMLLoader
instanceKlass com/example/guser/AppHostServices
instanceKlass com/sun/javafx/application/HostServicesDelegate
instanceKlass com/example/guser/SceneManager
instanceKlass com/sun/javafx/collections/VetoableListDecorator$ModCountAccessor
instanceKlass com/sun/javafx/collections/VetoableListDecorator
instanceKlass com/sun/javafx/event/EventDispatchChainImpl
instanceKlass javafx/event/EventDispatchChain
instanceKlass com/sun/javafx/event/BasicEventDispatcher
instanceKlass javafx/event/EventDispatcher
instanceKlass java/util/EventObject
instanceKlass javafx/beans/binding/NumberBinding
instanceKlass javafx/stage/Window$TKBoundsConfigurator
instanceKlass com/sun/javafx/tk/TKPulseListener
instanceKlass javafx/stage/Stage$2
instanceKlass javafx/stage/Stage$1
instanceKlass com/sun/javafx/stage/WindowHelper
instanceKlass javafx/stage/Window$1
instanceKlass com/sun/javafx/stage/WindowPeerListener
instanceKlass com/sun/javafx/tk/TKStageListener
instanceKlass javafx/beans/binding/StringExpression
instanceKlass javafx/beans/value/ObservableStringValue
instanceKlass javafx/beans/value/WritableStringValue
instanceKlass com/sun/javafx/stage/StagePeerListener$StageAccessor
instanceKlass com/sun/javafx/stage/StageHelper$StageAccessor
instanceKlass javafx/scene/Node
instanceKlass javafx/css/Styleable
instanceKlass com/sun/javafx/stage/WindowHelper$WindowAccessor
instanceKlass javafx/beans/value/WritableDoubleValue
instanceKlass javafx/beans/value/WritableNumberValue
instanceKlass com/sun/javafx/application/LauncherImpl$1
instanceKlass javafx/application/HostServices
instanceKlass javafx/stage/Window
instanceKlass javafx/event/EventTarget
instanceKlass java/util/Spliterators$ArraySpliterator
instanceKlass java/lang/Class$AnnotationData
instanceKlass java/lang/Class$EnclosingMethodInfo
instanceKlass sun/reflect/generics/repository/AbstractRepository
instanceKlass java/lang/annotation/Target
instanceKlass java/lang/reflect/Proxy$ProxyBuilder$1
instanceKlass jdk/internal/org/objectweb/asm/Edge
instanceKlass java/lang/reflect/ProxyGenerator$PrimitiveTypeInfo
instanceKlass java/util/StringJoiner
instanceKlass java/lang/reflect/ProxyGenerator$ProxyMethod
instanceKlass java/lang/PublicMethods
instanceKlass java/util/Collections$1
instanceKlass java/lang/reflect/Proxy$ProxyBuilder
instanceKlass java/lang/ClassValue$Version
instanceKlass java/lang/ClassValue$Identity
instanceKlass java/lang/ClassValue
instanceKlass java/lang/reflect/Proxy
instanceKlass sun/reflect/annotation/AnnotationInvocationHandler
instanceKlass java/lang/reflect/InvocationHandler
instanceKlass sun/reflect/annotation/AnnotationParser$1
instanceKlass sun/reflect/annotation/ExceptionProxy
instanceKlass java/lang/annotation/Inherited
instanceKlass java/lang/annotation/Retention
instanceKlass sun/reflect/annotation/AnnotationType$1
instanceKlass sun/reflect/annotation/AnnotationType
instanceKlass java/lang/reflect/GenericArrayType
instanceKlass sun/reflect/generics/visitor/Reifier
instanceKlass sun/reflect/generics/visitor/TypeTreeVisitor
instanceKlass sun/reflect/generics/factory/CoreReflectionFactory
instanceKlass sun/reflect/generics/factory/GenericsFactory
instanceKlass sun/reflect/generics/scope/AbstractScope
instanceKlass sun/reflect/generics/scope/Scope
instanceKlass sun/reflect/generics/tree/ClassTypeSignature
instanceKlass sun/reflect/generics/tree/SimpleClassTypeSignature
instanceKlass sun/reflect/generics/tree/FieldTypeSignature
instanceKlass sun/reflect/generics/tree/BaseType
instanceKlass sun/reflect/generics/tree/TypeSignature
instanceKlass sun/reflect/generics/tree/ReturnType
instanceKlass sun/reflect/generics/tree/TypeArgument
instanceKlass sun/reflect/generics/tree/TypeTree
instanceKlass sun/reflect/generics/tree/Tree
instanceKlass sun/reflect/generics/parser/SignatureParser
instanceKlass com/sun/glass/ui/InvokeLaterDispatcher$Future
instanceKlass java/util/concurrent/LinkedBlockingDeque$Node
instanceKlass com/sun/scenario/animation/AbstractPrimaryTimer$MainLoop
instanceKlass com/sun/scenario/DelayedRunnable
instanceKlass com/sun/scenario/animation/shared/TimerReceiver
instanceKlass com/sun/scenario/animation/shared/PulseReceiver
instanceKlass com/sun/javafx/animation/TickCalculation
instanceKlass com/sun/scenario/Settings
instanceKlass java/util/AbstractList$Itr
instanceKlass javafx/collections/ListChangeBuilder$SubChange
instanceKlass javafx/geometry/Rectangle2D
instanceKlass com/sun/javafx/tk/TKScreenConfigurationListener
instanceKlass com/sun/javafx/binding/ExpressionHelperBase
instanceKlass javafx/collections/WeakListChangeListener
instanceKlass javafx/beans/WeakListener
instanceKlass javafx/collections/ListChangeListener
instanceKlass javafx/collections/ListChangeBuilder
instanceKlass javafx/collections/ListChangeListener$Change
instanceKlass javafx/util/Callback
instanceKlass com/sun/javafx/collections/SortableList
instanceKlass javafx/collections/FXCollections$EmptyObservableList$1
instanceKlass javafx/collections/ObservableFloatArray
instanceKlass javafx/collections/ObservableIntegerArray
instanceKlass javafx/collections/ObservableArray
instanceKlass javafx/collections/ObservableSet
instanceKlass javafx/collections/ObservableList
instanceKlass javafx/collections/ObservableMap
instanceKlass javafx/collections/FXCollections
instanceKlass javafx/stage/Screen
instanceKlass com/sun/prism/impl/ps/BaseShaderContext$State
instanceKlass com/sun/javafx/geom/Vec3d
instanceKlass com/sun/prism/impl/VertexBuffer
instanceKlass com/sun/javafx/geom/BaseBounds
instanceKlass com/sun/javafx/geom/transform/GeneralTransform3D
instanceKlass com/sun/javafx/geom/transform/BaseTransform
instanceKlass com/sun/javafx/geom/transform/CanTransformVec3d
instanceKlass com/sun/prism/MaskTextureGraphics
instanceKlass com/sun/prism/ReadbackGraphics
instanceKlass com/sun/prism/ps/ShaderGraphics
instanceKlass com/sun/prism/impl/BaseGraphics
instanceKlass com/sun/prism/RectShadowGraphics
instanceKlass com/sun/prism/Graphics
instanceKlass com/sun/prism/impl/BaseContext
instanceKlass com/sun/prism/ps/Shader
instanceKlass com/sun/prism/impl/TextureResourcePool
instanceKlass com/sun/prism/impl/ResourcePool
instanceKlass com/sun/prism/PhongMaterial
instanceKlass com/sun/prism/Material
instanceKlass com/sun/prism/Mesh
instanceKlass com/sun/prism/MeshView
instanceKlass com/sun/prism/RTTexture
instanceKlass com/sun/prism/Presentable
instanceKlass com/sun/prism/RenderTarget
instanceKlass com/sun/prism/Surface
instanceKlass com/sun/prism/Texture
instanceKlass com/sun/prism/shape/ShapeRep
instanceKlass java/util/concurrent/Executors$RunnableAdapter
instanceKlass java/util/concurrent/FutureTask$WaitNode
instanceKlass java/util/concurrent/FutureTask
instanceKlass java/util/concurrent/BlockingDeque
instanceKlass java/lang/ProcessEnvironment$CheckedEntry
instanceKlass java/lang/ProcessEnvironment$CheckedEntrySet$1
instanceKlass java/lang/ProcessEnvironment$EntryComparator
instanceKlass java/lang/ProcessEnvironment$NameComparator
instanceKlass com/sun/glass/ui/win/WinApplication$1
instanceKlass com/sun/glass/ui/View
instanceKlass com/sun/glass/ui/Cursor
instanceKlass com/sun/glass/ui/Accessible
instanceKlass com/sun/glass/ui/Pixels
instanceKlass com/sun/glass/ui/Window
instanceKlass com/sun/glass/ui/Timer
instanceKlass com/sun/glass/ui/GlassRobot
instanceKlass com/sun/glass/ui/InvokeLaterDispatcher$InvokeLaterSubmitter
instanceKlass com/sun/glass/ui/delegate/MenuDelegate
instanceKlass com/sun/glass/ui/delegate/ClipboardDelegate
instanceKlass com/sun/glass/ui/delegate/MenuItemDelegate
instanceKlass com/sun/glass/ui/delegate/MenuBarDelegate
instanceKlass com/sun/glass/ui/Platform
instanceKlass com/sun/glass/ui/PlatformFactory
instanceKlass java/lang/Shutdown$Lock
instanceKlass java/lang/Shutdown
instanceKlass java/lang/ApplicationShutdownHooks$1
instanceKlass java/lang/ApplicationShutdownHooks
instanceKlass com/sun/javafx/tk/quantum/GlassScene
instanceKlass com/sun/javafx/tk/TKScene
instanceKlass com/sun/javafx/tk/quantum/PaintCollector
instanceKlass com/sun/javafx/tk/CompletionListener
instanceKlass java/util/concurrent/ForkJoinPool$WorkQueue
instanceKlass java/util/concurrent/ForkJoinPool$DefaultCommonPoolForkJoinWorkerThreadFactory
instanceKlass java/util/concurrent/ForkJoinPool$1
instanceKlass java/util/concurrent/ForkJoinPool$DefaultForkJoinWorkerThreadFactory
instanceKlass java/util/concurrent/ForkJoinPool$ForkJoinWorkerThreadFactory
instanceKlass java/util/concurrent/ForkJoinPool$ManagedBlocker
instanceKlass com/sun/glass/ui/Application
instanceKlass com/sun/glass/ui/View$Capability
instanceKlass com/sun/glass/ui/Screen
instanceKlass com/sun/prism/impl/BaseResourceFactory
instanceKlass com/sun/prism/ps/ShaderFactory
instanceKlass com/sun/prism/ResourceFactory
instanceKlass com/sun/prism/GraphicsResource
instanceKlass com/sun/javafx/font/FontFactory
instanceKlass com/sun/prism/GraphicsPipeline
instanceKlass java/util/concurrent/locks/AbstractQueuedSynchronizer$Node
instanceKlass com/sun/javafx/tk/quantum/QuantumRenderer$PipelineRunnable
instanceKlass com/sun/javafx/tk/quantum/QuantumRenderer$QuantumThreadFactory
instanceKlass java/util/concurrent/Executors$DefaultThreadFactory
instanceKlass java/util/concurrent/Executors
instanceKlass java/util/concurrent/LinkedBlockingQueue$Node
instanceKlass java/util/concurrent/locks/AbstractQueuedSynchronizer$ConditionObject
instanceKlass java/util/concurrent/locks/Condition
instanceKlass java/util/concurrent/atomic/AtomicReference
instanceKlass java/util/concurrent/ThreadPoolExecutor$AbortPolicy
instanceKlass java/util/concurrent/RejectedExecutionHandler
instanceKlass java/util/concurrent/RunnableFuture
instanceKlass java/util/concurrent/Future
instanceKlass java/util/concurrent/BlockingQueue
instanceKlass java/util/concurrent/AbstractExecutorService
instanceKlass java/util/concurrent/ExecutorService
instanceKlass java/util/concurrent/Executor
instanceKlass javafx/scene/input/KeyCombination
instanceKlass com/sun/glass/ui/MenuItem$Callback
instanceKlass com/sun/glass/ui/Menu$EventHandler
instanceKlass com/sun/javafx/menu/MenuItemBase
instanceKlass com/sun/javafx/tk/quantum/GlassSystemMenu
instanceKlass java/util/Collections$SynchronizedMap
instanceKlass com/sun/prism/impl/PrismSettings
instanceKlass com/sun/javafx/tk/quantum/PerformanceTrackerHelper$1
instanceKlass com/sun/javafx/tk/quantum/PerformanceTrackerHelper
instanceKlass com/sun/javafx/tk/quantum/QuantumToolkit$PulseTask
instanceKlass com/sun/javafx/geom/PathConsumer2D
instanceKlass com/sun/javafx/geom/Shape
instanceKlass com/sun/prism/BasicStroke
instanceKlass com/sun/javafx/tk/quantum/QuantumToolkit$3
instanceKlass com/sun/glass/ui/Application$EventHandler
instanceKlass com/sun/javafx/scene/text/TextLayoutFactory
instanceKlass javafx/scene/shape/PathElement
instanceKlass com/sun/glass/ui/Screen$EventHandler
instanceKlass com/sun/javafx/tk/PlatformImage
instanceKlass com/sun/javafx/tk/TKStage
instanceKlass com/sun/javafx/tk/TKSystemMenu
instanceKlass com/sun/scenario/effect/FilterContext
instanceKlass com/sun/scenario/effect/Filterable
instanceKlass com/sun/scenario/effect/LockableResource
instanceKlass com/sun/javafx/tk/ImageLoader
instanceKlass com/sun/javafx/runtime/async/AbstractAsyncOperation
instanceKlass java/util/concurrent/Callable
instanceKlass com/sun/javafx/runtime/async/AsyncOperation
instanceKlass com/sun/javafx/tk/FontLoader
instanceKlass com/sun/scenario/animation/AbstractPrimaryTimer
instanceKlass com/sun/javafx/tk/ScreenConfigurationAccessor
instanceKlass com/sun/javafx/perf/PerformanceTracker
instanceKlass jdk/internal/reflect/ClassDefiner$1
instanceKlass jdk/internal/reflect/ClassDefiner
instanceKlass jdk/internal/reflect/MethodAccessorGenerator$1
instanceKlass jdk/internal/reflect/Label$PatchInfo
instanceKlass jdk/internal/reflect/Label
instanceKlass jdk/internal/reflect/UTF8
instanceKlass jdk/internal/reflect/ClassFileAssembler
instanceKlass jdk/internal/reflect/ByteVectorImpl
instanceKlass jdk/internal/reflect/ByteVector
instanceKlass jdk/internal/reflect/ByteVectorFactory
instanceKlass jdk/internal/reflect/AccessorGenerator
instanceKlass jdk/internal/reflect/ClassFileConstants
instanceKlass sun/security/provider/ByteArrayAccess
instanceKlass java/lang/constant/DynamicConstantDesc
instanceKlass java/lang/constant/DirectMethodHandleDesc$1
instanceKlass java/lang/constant/DirectMethodHandleDescImpl$1
instanceKlass java/lang/constant/DirectMethodHandleDescImpl
instanceKlass java/lang/constant/DirectMethodHandleDesc
instanceKlass java/lang/constant/MethodHandleDesc$1
instanceKlass java/lang/constant/MethodHandleDesc
instanceKlass java/lang/constant/MethodTypeDescImpl
instanceKlass java/lang/constant/MethodTypeDesc
instanceKlass java/lang/constant/ReferenceClassDescImpl
instanceKlass java/lang/constant/ConstantUtils
instanceKlass java/lang/constant/ClassDesc
instanceKlass java/lang/constant/ConstantDescs
instanceKlass java/lang/invoke/VarHandle$2
instanceKlass java/lang/invoke/VarHandle$TypesAndInvokers
instanceKlass java/lang/invoke/VarHandleByteArrayBase
instanceKlass sun/security/provider/ByteArrayAccess$LE
instanceKlass sun/security/util/MessageDigestSpi2
instanceKlass sun/security/jca/GetInstance$Instance
instanceKlass jdk/internal/event/Event
instanceKlass java/util/LinkedHashMap$LinkedHashIterator
instanceKlass sun/security/util/SecurityProviderConstants
instanceKlass java/security/Provider$UString
instanceKlass java/security/Provider$Service
instanceKlass sun/security/provider/NativePRNG$NonBlocking
instanceKlass sun/security/provider/NativePRNG$Blocking
instanceKlass sun/security/provider/NativePRNG
instanceKlass sun/security/provider/SunEntries$1
instanceKlass sun/security/provider/SunEntries
instanceKlass sun/security/util/SecurityConstants
instanceKlass java/security/Security$2
instanceKlass jdk/internal/access/JavaSecurityPropertiesAccess
instanceKlass java/util/concurrent/ConcurrentHashMap$MapEntry
instanceKlass java/security/Security$1
instanceKlass java/security/Security
instanceKlass sun/security/jca/ProviderList$2
instanceKlass javax/security/auth/login/Configuration$Parameters
instanceKlass java/security/Policy$Parameters
instanceKlass java/security/cert/CertStoreParameters
instanceKlass java/security/SecureRandomParameters
instanceKlass java/security/Provider$EngineDescription
instanceKlass java/security/Provider$ServiceKey
instanceKlass sun/security/jca/ProviderConfig
instanceKlass sun/security/jca/ProviderList
instanceKlass sun/security/jca/Providers
instanceKlass sun/security/jca/GetInstance
instanceKlass java/security/MessageDigestSpi
instanceKlass java/lang/invoke/LambdaFormEditor$1
instanceKlass java/lang/invoke/MethodHandles$1
instanceKlass java/lang/Long$LongCache
instanceKlass java/lang/StackStreamFactory$FrameBuffer
instanceKlass java/lang/StackStreamFactory$1
instanceKlass java/lang/StackStreamFactory
instanceKlass com/sun/glass/utils/NativeLibLoader
instanceKlass jdk/internal/math/FloatingDecimal$ASCIIToBinaryBuffer
instanceKlass jdk/internal/math/FloatingDecimal$PreparedASCIIToBinaryBuffer
instanceKlass jdk/internal/math/FloatingDecimal$ASCIIToBinaryConverter
instanceKlass jdk/internal/math/FloatingDecimal$BinaryToASCIIBuffer
instanceKlass jdk/internal/math/FloatingDecimal$ExceptionalBinaryToASCIIBuffer
instanceKlass jdk/internal/math/FloatingDecimal$BinaryToASCIIConverter
instanceKlass jdk/internal/math/FloatingDecimal
instanceKlass com/sun/javafx/PlatformUtil
instanceKlass com/sun/javafx/runtime/VersionInfo
instanceKlass javafx/scene/image/Image$1
instanceKlass javafx/scene/image/PixelReader
instanceKlass javafx/beans/binding/NumberExpressionBase
instanceKlass javafx/beans/binding/NumberExpression
instanceKlass javafx/beans/value/ObservableDoubleValue
instanceKlass javafx/beans/value/ObservableNumberValue
instanceKlass com/sun/javafx/tk/Toolkit$ImageAccessor
instanceKlass javafx/geometry/Bounds
instanceKlass com/sun/javafx/util/Utils
instanceKlass javafx/scene/image/Image
instanceKlass com/sun/javafx/tk/TKClipboard
instanceKlass javafx/animation/Interpolatable
instanceKlass javafx/scene/paint/Paint
instanceKlass com/sun/javafx/tk/Toolkit
instanceKlass com/sun/javafx/application/PlatformImpl$1
instanceKlass javafx/beans/InvalidationListener
instanceKlass javafx/beans/value/WritableObjectValue
instanceKlass javafx/beans/binding/Binding
instanceKlass javafx/beans/binding/ObjectExpression
instanceKlass javafx/beans/value/ObservableObjectValue
instanceKlass com/sun/javafx/tk/TKListener
instanceKlass javafx/beans/binding/BooleanExpression
instanceKlass javafx/beans/value/ObservableBooleanValue
instanceKlass javafx/beans/value/WritableBooleanValue
instanceKlass javafx/beans/property/Property
instanceKlass javafx/beans/value/WritableValue
instanceKlass javafx/beans/property/ReadOnlyProperty
instanceKlass javafx/beans/value/ObservableValue
instanceKlass javafx/beans/Observable
instanceKlass com/sun/javafx/application/PlatformImpl
instanceKlass sun/net/NetHooks
instanceKlass sun/net/spi/DefaultProxySelector$3
instanceKlass sun/net/spi/DefaultProxySelector$NonProxyInfo
instanceKlass java/util/concurrent/CountDownLatch
instanceKlass sun/net/spi/DefaultProxySelector$1
instanceKlass java/lang/invoke/VarHandle$AccessDescriptor
instanceKlass java/net/Proxy
instanceKlass java/net/ProxySelector
instanceKlass java/lang/reflect/AnnotatedType
instanceKlass java/net/SocksSocketImpl$3
instanceKlass java/lang/reflect/TypeVariable
instanceKlass java/util/concurrent/atomic/AtomicBoolean
instanceKlass com/sun/javafx/application/ModuleAccess
instanceKlass sun/net/ext/ExtendedSocketOptions
instanceKlass javafx/application/Preloader$PreloaderNotification
instanceKlass java/net/Inet6Address$Inet6AddressHolder
instanceKlass sun/nio/ch/Net$1
instanceKlass java/net/ProtocolFamily
instanceKlass sun/nio/ch/Net
instanceKlass javafx/application/Application$Parameters
instanceKlass java/net/SocksConsts
instanceKlass com/sun/javafx/application/PlatformImpl$FinishListener
instanceKlass sun/net/PlatformSocketImpl
instanceKlass java/io/FileInputStream$1
instanceKlass com/sun/javafx/application/LauncherImpl
instanceKlass java/util/Properties$LineReader
instanceKlass sun/launcher/LauncherHelper$FXHelper
instanceKlass sun/net/NetProperties$1
instanceKlass javafx/application/Application
instanceKlass sun/net/NetProperties
instanceKlass java/net/SocketImpl
instanceKlass java/net/SocketOptions
instanceKlass java/net/InetSocketAddress$InetSocketAddressHolder
instanceKlass java/net/InetAddress$PlatformNameService
instanceKlass java/net/InetAddress$NameService
instanceKlass java/util/concurrent/locks/ReentrantReadWriteLock$WriteLock
instanceKlass java/net/Inet6AddressImpl
instanceKlass java/net/InetAddressImpl
instanceKlass java/util/concurrent/locks/ReentrantReadWriteLock$ReadLock
instanceKlass java/net/InetAddressImplFactory
instanceKlass java/util/concurrent/ConcurrentSkipListMap$Node
instanceKlass java/util/concurrent/ConcurrentSkipListMap$Index
instanceKlass java/util/concurrent/ConcurrentNavigableMap
instanceKlass java/util/concurrent/locks/ReentrantReadWriteLock
instanceKlass java/net/InetAddress$InetAddressHolder
instanceKlass java/util/concurrent/locks/ReadWriteLock
instanceKlass java/net/InetAddress$1
instanceKlass jdk/internal/access/JavaNetInetAddressAccess
instanceKlass jdk/internal/module/ModuleReferences$SafeCloseModuleReader
instanceKlass java/net/InetAddress
instanceKlass java/net/SocketAddress
instanceKlass java/lang/invoke/VarForm
instanceKlass jdk/internal/module/Resources
instanceKlass jdk/internal/module/ModulePatcher$PatchedModuleReader
instanceKlass java/lang/invoke/VarHandleGuards
instanceKlass jdk/internal/util/Preconditions$1
instanceKlass java/lang/invoke/VarHandle$1
instanceKlass java/lang/invoke/VarHandles
instanceKlass jdk/internal/module/ModuleReferences$ExplodedModuleReader
instanceKlass java/net/Socket
instanceKlass jdk/internal/loader/BuiltinClassLoader$5
instanceKlass sun/nio/cs/SingleByte
instanceKlass sun/nio/cs/MS1252$Holder
instanceKlass sun/nio/cs/ArrayDecoder
instanceKlass sun/launcher/LauncherHelper
instanceKlass com/intellij/rt/execution/application/AppMainV2
instanceKlass com/intellij/rt/execution/application/AppMainV2$Agent
instanceKlass java/security/SecureClassLoader$DebugHolder
instanceKlass java/security/PermissionCollection
instanceKlass java/security/SecureClassLoader$1
instanceKlass java/security/SecureClassLoader$CodeSourceKey
instanceKlass java/util/zip/Checksum$1
instanceKlass java/util/zip/CRC32
instanceKlass java/util/zip/Checksum
instanceKlass sun/nio/ByteBuffered
instanceKlass java/lang/Package$VersionInfo
instanceKlass java/lang/NamedPackage
instanceKlass jdk/internal/loader/Resource
instanceKlass java/util/TreeMap$PrivateEntryIterator
instanceKlass java/util/TreeMap$Entry
instanceKlass java/util/NavigableMap
instanceKlass java/util/SortedMap
instanceKlass java/util/NavigableSet
instanceKlass java/util/SortedSet
instanceKlass java/util/LinkedList$Node
instanceKlass java/nio/charset/CoderResult
instanceKlass java/nio/charset/CharsetDecoder
instanceKlass java/io/Reader
instanceKlass java/lang/Readable
instanceKlass jdk/internal/util/jar/JarIndex
instanceKlass jdk/internal/loader/FileURLMapper
instanceKlass jdk/internal/loader/URLClassPath$JarLoader$1
instanceKlass jdk/internal/loader/URLClassPath$Loader
instanceKlass jdk/internal/loader/URLClassPath$3
instanceKlass java/security/PrivilegedExceptionAction
instanceKlass sun/net/util/URLUtil
instanceKlass sun/instrument/TransformerManager$TransformerInfo
instanceKlass sun/instrument/TransformerManager
instanceKlass sun/instrument/InstrumentationImpl
instanceKlass java/lang/instrument/Instrumentation
instanceKlass java/lang/invoke/StringConcatFactory$3
instanceKlass java/lang/invoke/StringConcatFactory$2
instanceKlass java/lang/invoke/StringConcatFactory$1
instanceKlass java/lang/invoke/StringConcatFactory
instanceKlass jdk/internal/module/ModuleBootstrap$SafeModuleFinder
instanceKlass java/lang/ModuleLayer$Controller
instanceKlass java/util/concurrent/CopyOnWriteArrayList
instanceKlass jdk/internal/module/ServicesCatalog$ServiceProvider
instanceKlass jdk/internal/loader/AbstractClassLoaderValue$Memoizer
instanceKlass jdk/internal/module/ModuleLoaderMap$Modules
instanceKlass jdk/internal/module/ModuleLoaderMap$Mapper
instanceKlass jdk/internal/module/ModuleLoaderMap
instanceKlass java/util/ArrayList$ArrayListSpliterator
instanceKlass java/lang/module/ResolvedModule
instanceKlass java/lang/ModuleLayer
instanceKlass java/util/stream/ForEachOps$ForEachOp
instanceKlass java/util/stream/ForEachOps
instanceKlass sun/nio/fs/BasicFileAttributesHolder
instanceKlass java/util/Spliterators$IteratorSpliterator
instanceKlass java/nio/file/FileTreeWalker$Event
instanceKlass sun/nio/fs/WindowsDirectoryStream$WindowsDirectoryIterator
instanceKlass java/nio/file/FileTreeWalker$DirectoryNode
instanceKlass sun/nio/fs/WindowsDirectoryStream
instanceKlass java/nio/file/DirectoryStream
instanceKlass java/nio/file/Files$AcceptAllFilter
instanceKlass java/nio/file/DirectoryStream$Filter
instanceKlass java/nio/file/FileTreeWalker
instanceKlass java/nio/file/FileTreeIterator
instanceKlass java/util/function/BiPredicate
instanceKlass sun/nio/ch/IOStatus
instanceKlass java/nio/DirectByteBuffer$Deallocator
instanceKlass sun/nio/ch/Util$BufferCache
instanceKlass sun/nio/ch/Util
instanceKlass sun/nio/ch/NativeThread
instanceKlass java/nio/channels/Channels
instanceKlass sun/nio/ch/FileChannelImpl$Closer
instanceKlass sun/nio/ch/NativeDispatcher
instanceKlass sun/nio/ch/NativeThreadSet
instanceKlass sun/nio/ch/IOUtil
instanceKlass java/nio/channels/spi/AbstractInterruptibleChannel
instanceKlass java/nio/channels/InterruptibleChannel
instanceKlass java/nio/channels/ScatteringByteChannel
instanceKlass java/nio/channels/GatheringByteChannel
instanceKlass java/nio/channels/SeekableByteChannel
instanceKlass java/nio/channels/ByteChannel
instanceKlass java/nio/channels/WritableByteChannel
instanceKlass java/nio/channels/ReadableByteChannel
instanceKlass java/nio/channels/Channel
instanceKlass java/util/Collections$EmptyIterator
instanceKlass sun/nio/fs/WindowsChannelFactory$Flags
instanceKlass sun/nio/fs/WindowsChannelFactory$1
instanceKlass sun/nio/fs/WindowsChannelFactory
instanceKlass sun/nio/fs/WindowsSecurityDescriptor
instanceKlass java/nio/file/attribute/FileAttribute
instanceKlass sun/nio/fs/WindowsPath$1
instanceKlass java/util/WeakHashMap$HashIterator
instanceKlass java/util/Collections$UnmodifiableCollection$1
instanceKlass jdk/internal/module/ModuleInfo$ConstantPool$Entry
instanceKlass jdk/internal/module/ModuleInfo$ConstantPool
instanceKlass jdk/internal/module/ModuleInfo$CountingDataInput
instanceKlass jdk/internal/module/ModuleInfo
instanceKlass jdk/internal/org/objectweb/asm/ClassReader
instanceKlass java/io/RandomAccessFile$1
instanceKlass java/lang/module/ModuleReader
instanceKlass java/net/URI$Parser
instanceKlass sun/nio/fs/WindowsUriSupport
instanceKlass jdk/internal/module/ModuleReferences
instanceKlass jdk/internal/module/ModuleInfo$Attributes
instanceKlass java/util/stream/Streams
instanceKlass java/util/stream/Stream$Builder
instanceKlass java/util/stream/Streams$AbstractStreamBuilderImpl
instanceKlass java/util/stream/DistinctOps
instanceKlass java/util/HashMap$HashMapSpliterator
instanceKlass java/util/AbstractMap$SimpleImmutableEntry
instanceKlass java/util/stream/ReduceOps$AccumulatingSink
instanceKlass java/util/stream/ReduceOps$Box
instanceKlass java/util/stream/ReduceOps$ReduceOp
instanceKlass java/util/stream/ReduceOps
instanceKlass java/util/function/BinaryOperator
instanceKlass java/util/function/BiFunction
instanceKlass java/util/function/BiConsumer
instanceKlass java/util/stream/Collectors$CollectorImpl
instanceKlass java/util/stream/Collector
instanceKlass java/util/stream/Collectors
instanceKlass java/util/function/IntFunction
instanceKlass java/util/Spliterators$AbstractSpliterator
instanceKlass jdk/internal/module/Checks
instanceKlass java/lang/module/ModuleDescriptor$Builder
instanceKlass java/util/regex/ASCII
instanceKlass java/util/regex/IntHashSet
instanceKlass java/util/regex/Matcher
instanceKlass java/util/regex/MatchResult
instanceKlass java/util/regex/Pattern$BitClass
instanceKlass java/util/regex/Pattern$TreeInfo
instanceKlass java/util/regex/CharPredicates
instanceKlass java/util/regex/Pattern$BmpCharPredicate
instanceKlass java/util/regex/Pattern$CharPredicate
instanceKlass java/util/regex/Pattern$Node
instanceKlass java/util/regex/Pattern
instanceKlass jdk/internal/module/ModulePath$Patterns
instanceKlass java/util/jar/Attributes
instanceKlass java/security/CodeSigner
instanceKlass java/util/jar/JarVerifier
instanceKlass sun/security/action/GetIntegerAction
instanceKlass sun/security/util/Debug
instanceKlass sun/security/util/SignatureFileVerifier
instanceKlass java/util/zip/ZipFile$InflaterCleanupAction
instanceKlass java/util/zip/Inflater$InflaterZStreamRef
instanceKlass java/util/zip/Inflater
instanceKlass java/util/zip/ZipEntry
instanceKlass java/lang/StringCoding
instanceKlass jdk/internal/perf/PerfCounter$CoreCounters
instanceKlass sun/util/locale/LocaleUtils
instanceKlass sun/util/locale/BaseLocale
instanceKlass java/util/Locale
instanceKlass java/nio/file/attribute/FileTime
instanceKlass java/util/zip/ZipUtils
instanceKlass java/util/zip/ZipFile$Source$End
instanceKlass java/io/RandomAccessFile$2
instanceKlass jdk/internal/access/JavaIORandomAccessFileAccess
instanceKlass java/io/RandomAccessFile
instanceKlass java/io/DataInput
instanceKlass java/io/DataOutput
instanceKlass java/util/zip/ZipFile$Source$Key
instanceKlass java/util/zip/ZipFile$Source
instanceKlass java/util/zip/ZipCoder
instanceKlass java/util/zip/ZipFile$CleanableResource
instanceKlass sun/nio/fs/WindowsNativeDispatcher$CompletionStatus
instanceKlass sun/nio/fs/WindowsNativeDispatcher$AclInformation
instanceKlass sun/nio/fs/WindowsNativeDispatcher$Account
instanceKlass sun/nio/fs/WindowsNativeDispatcher$DiskFreeSpace
instanceKlass sun/nio/fs/WindowsNativeDispatcher$VolumeInformation
instanceKlass sun/nio/fs/WindowsNativeDispatcher$FirstStream
instanceKlass sun/nio/fs/WindowsNativeDispatcher$FirstFile
instanceKlass java/util/Enumeration
instanceKlass java/util/concurrent/ConcurrentHashMap$Traverser
instanceKlass java/util/concurrent/ConcurrentHashMap$CollectionView
instanceKlass jdk/internal/loader/NativeLibraries$NativeLibraryImpl
instanceKlass jdk/internal/loader/NativeLibrary
instanceKlass java/util/ArrayDeque$DeqIterator
instanceKlass jdk/internal/loader/NativeLibraries$1
instanceKlass jdk/internal/loader/NativeLibraries$LibraryPaths
instanceKlass sun/nio/fs/WindowsNativeDispatcher
instanceKlass sun/nio/fs/NativeBuffer$Deallocator
instanceKlass sun/nio/fs/NativeBuffer
instanceKlass java/lang/ThreadLocal$ThreadLocalMap
instanceKlass sun/nio/fs/NativeBuffers
instanceKlass sun/nio/fs/WindowsFileAttributes
instanceKlass java/nio/file/attribute/DosFileAttributes
instanceKlass sun/nio/fs/AbstractBasicFileAttributeView
instanceKlass sun/nio/fs/DynamicFileAttributeView
instanceKlass sun/nio/fs/WindowsFileAttributeViews
instanceKlass java/lang/Class$1
instanceKlass java/nio/charset/StandardCharsets
instanceKlass sun/nio/fs/Util
instanceKlass java/nio/file/attribute/BasicFileAttributeView
instanceKlass java/nio/file/attribute/FileAttributeView
instanceKlass java/nio/file/attribute/AttributeView
instanceKlass java/nio/file/Files
instanceKlass java/nio/file/CopyOption
instanceKlass java/nio/file/attribute/BasicFileAttributes
instanceKlass java/util/Spliterator$OfDouble
instanceKlass java/util/Spliterator$OfLong
instanceKlass java/util/Spliterator$OfInt
instanceKlass java/util/Spliterator$OfPrimitive
instanceKlass java/util/Spliterators$EmptySpliterator
instanceKlass java/util/Spliterators
instanceKlass java/util/stream/Sink$ChainedReference
instanceKlass java/util/function/Predicate
instanceKlass java/util/stream/FindOps$FindOp
instanceKlass java/util/stream/TerminalOp
instanceKlass java/util/stream/FindOps$FindSink
instanceKlass java/util/stream/TerminalSink
instanceKlass java/util/stream/Sink
instanceKlass java/util/function/Consumer
instanceKlass java/util/stream/FindOps
instanceKlass java/lang/invoke/MethodHandles$Lookup$ClassDefiner
instanceKlass java/lang/invoke/MethodHandles$Lookup$ClassFile
instanceKlass jdk/internal/org/objectweb/asm/Handler
instanceKlass jdk/internal/org/objectweb/asm/Attribute
instanceKlass jdk/internal/org/objectweb/asm/FieldVisitor
instanceKlass java/util/ArrayList$Itr
instanceKlass java/lang/invoke/InvokerBytecodeGenerator$ClassData
instanceKlass jdk/internal/org/objectweb/asm/AnnotationVisitor
instanceKlass jdk/internal/org/objectweb/asm/Frame
instanceKlass jdk/internal/org/objectweb/asm/Label
instanceKlass jdk/internal/org/objectweb/asm/MethodVisitor
instanceKlass java/lang/invoke/LambdaFormBuffer
instanceKlass java/lang/invoke/LambdaFormEditor$TransformKey
instanceKlass java/lang/invoke/LambdaFormEditor
instanceKlass sun/invoke/util/Wrapper$1
instanceKlass java/lang/invoke/DelegatingMethodHandle$Holder
instanceKlass java/lang/invoke/DirectMethodHandle$2
instanceKlass java/lang/invoke/ClassSpecializer$Factory
instanceKlass java/lang/invoke/ClassSpecializer$SpeciesData
instanceKlass java/lang/invoke/ClassSpecializer$1
instanceKlass java/lang/invoke/ClassSpecializer
instanceKlass java/lang/invoke/InnerClassLambdaMetafactory$1
instanceKlass java/lang/ref/Cleaner$Cleanable
instanceKlass jdk/internal/ref/CleanerImpl
instanceKlass java/lang/ref/Cleaner$1
instanceKlass java/lang/ref/Cleaner
instanceKlass jdk/internal/ref/CleanerFactory$1
instanceKlass java/util/concurrent/ThreadFactory
instanceKlass jdk/internal/ref/CleanerFactory
instanceKlass sun/invoke/empty/Empty
instanceKlass sun/invoke/util/VerifyType
instanceKlass java/lang/invoke/LambdaProxyClassArchive
instanceKlass jdk/internal/org/objectweb/asm/ByteVector
instanceKlass jdk/internal/org/objectweb/asm/Symbol
instanceKlass jdk/internal/org/objectweb/asm/SymbolTable
instanceKlass jdk/internal/org/objectweb/asm/ClassVisitor
instanceKlass java/lang/invoke/InfoFromMemberName
instanceKlass java/lang/invoke/MethodHandleInfo
instanceKlass jdk/internal/org/objectweb/asm/ConstantDynamic
instanceKlass sun/invoke/util/BytecodeDescriptor
instanceKlass jdk/internal/org/objectweb/asm/Handle
instanceKlass sun/security/action/GetBooleanAction
instanceKlass jdk/internal/org/objectweb/asm/Type
instanceKlass java/lang/invoke/AbstractValidatingLambdaMetafactory
instanceKlass java/lang/invoke/MethodHandleImpl$1
instanceKlass jdk/internal/access/JavaLangInvokeAccess
instanceKlass java/lang/invoke/Invokers$Holder
instanceKlass java/lang/invoke/BootstrapMethodInvoker
instanceKlass java/util/function/Function
instanceKlass java/lang/WeakPairMap$Pair$Lookup
instanceKlass java/lang/WeakPairMap$Pair
instanceKlass java/lang/WeakPairMap
instanceKlass java/lang/Module$ReflectionData
instanceKlass java/lang/invoke/InvokerBytecodeGenerator$2
instanceKlass java/lang/invoke/InvokerBytecodeGenerator
instanceKlass java/lang/invoke/LambdaForm$Holder
instanceKlass java/lang/invoke/LambdaForm$Name
instanceKlass java/lang/invoke/Invokers
instanceKlass java/lang/invoke/MethodHandleImpl
instanceKlass sun/invoke/util/ValueConversions
instanceKlass java/lang/invoke/DirectMethodHandle$Holder
instanceKlass java/lang/invoke/LambdaForm$NamedFunction
instanceKlass sun/invoke/util/Wrapper$Format
instanceKlass java/lang/invoke/MethodTypeForm
instanceKlass java/lang/Void
instanceKlass java/lang/invoke/MethodType$ConcurrentWeakInternSet
instanceKlass java/lang/invoke/LambdaMetafactory
instanceKlass sun/reflect/annotation/AnnotationParser
instanceKlass java/lang/Class$3
instanceKlass java/lang/PublicMethods$Key
instanceKlass java/lang/PublicMethods$MethodList
instanceKlass java/lang/Class$Atomic
instanceKlass java/lang/Class$ReflectionData
instanceKlass java/util/EnumMap$1
instanceKlass java/util/stream/StreamOpFlag$MaskBuilder
instanceKlass java/util/stream/Stream
instanceKlass java/util/stream/BaseStream
instanceKlass java/util/stream/PipelineHelper
instanceKlass java/util/stream/StreamSupport
instanceKlass java/util/AbstractList$RandomAccessSpliterator
instanceKlass java/util/Spliterator
instanceKlass java/util/ImmutableCollections$ListItr
instanceKlass java/util/ListIterator
instanceKlass java/lang/module/ModuleFinder$1
instanceKlass java/lang/module/Resolver
instanceKlass java/lang/module/Configuration
instanceKlass java/lang/module/ModuleFinder$2
instanceKlass jdk/internal/loader/BuiltinClassLoader$LoadedModule
instanceKlass jdk/internal/loader/AbstractClassLoaderValue
instanceKlass jdk/internal/module/ServicesCatalog
instanceKlass sun/net/util/IPAddressUtil
instanceKlass java/net/URLStreamHandler
instanceKlass java/lang/StringUTF16
instanceKlass java/util/HexFormat
instanceKlass sun/net/www/ParseUtil
instanceKlass java/net/URL$3
instanceKlass jdk/internal/access/JavaNetURLAccess
instanceKlass java/net/URL$DefaultFactory
instanceKlass java/net/URLStreamHandlerFactory
instanceKlass jdk/internal/loader/URLClassPath
instanceKlass java/security/Principal
instanceKlass java/security/ProtectionDomain$Key
instanceKlass java/security/ProtectionDomain$JavaSecurityAccessImpl
instanceKlass jdk/internal/access/JavaSecurityAccess
instanceKlass java/lang/ClassLoader$ParallelLoaders
instanceKlass java/security/cert/Certificate
instanceKlass jdk/internal/loader/ArchivedClassLoaders
instanceKlass java/util/Deque
instanceKlass java/util/Queue
instanceKlass jdk/internal/loader/ClassLoaderHelper
instanceKlass jdk/internal/loader/NativeLibraries
instanceKlass jdk/internal/loader/BootLoader
instanceKlass jdk/internal/module/SystemModuleFinders$SystemModuleFinder
instanceKlass jdk/internal/module/SystemModuleFinders$3
instanceKlass jdk/internal/module/ModuleHashes$HashSupplier
instanceKlass jdk/internal/module/SystemModuleFinders$2
instanceKlass java/util/function/Supplier
instanceKlass java/lang/module/ModuleReference
instanceKlass jdk/internal/module/ModuleResolution
instanceKlass java/util/Collections$UnmodifiableMap
instanceKlass jdk/internal/module/ModuleHashes$Builder
instanceKlass jdk/internal/module/ModuleHashes
instanceKlass jdk/internal/module/ModuleTarget
instanceKlass java/util/ImmutableCollections$Set12$1
instanceKlass java/lang/module/ModuleDescriptor$Version
instanceKlass java/lang/module/ModuleDescriptor$Provides
instanceKlass java/lang/module/ModuleDescriptor$Opens
instanceKlass java/util/ImmutableCollections$SetN$SetNIterator
instanceKlass java/lang/module/ModuleDescriptor$Exports
instanceKlass java/lang/module/ModuleDescriptor$Requires
instanceKlass jdk/internal/module/Builder
instanceKlass jdk/internal/module/SystemModules$all
instanceKlass jdk/internal/module/SystemModules
instanceKlass jdk/internal/module/SystemModulesMap
instanceKlass java/net/URI$1
instanceKlass jdk/internal/access/JavaNetUriAccess
instanceKlass java/net/URI
instanceKlass jdk/internal/module/SystemModuleFinders
instanceKlass jdk/internal/module/ArchivedModuleGraph
instanceKlass java/util/Optional
instanceKlass java/lang/Runtime$Version
instanceKlass java/util/jar/JavaUtilJarAccessImpl
instanceKlass jdk/internal/access/JavaUtilJarAccess
instanceKlass java/util/zip/ZipFile$1
instanceKlass jdk/internal/access/JavaUtilZipFileAccess
instanceKlass java/util/zip/ZipFile
instanceKlass java/util/zip/ZipConstants
instanceKlass java/nio/Bits$1
instanceKlass jdk/internal/misc/VM$BufferPool
instanceKlass java/nio/Bits
instanceKlass sun/nio/ch/DirectBuffer
instanceKlass jdk/internal/perf/Perf
instanceKlass jdk/internal/perf/Perf$GetPerfAction
instanceKlass jdk/internal/perf/PerfCounter
instanceKlass java/lang/reflect/Array
instanceKlass java/util/jar/Attributes$Name
instanceKlass jdk/internal/module/ModulePath
instanceKlass java/lang/module/ModuleFinder
instanceKlass sun/nio/fs/WindowsPath
instanceKlass sun/nio/fs/WindowsPathParser$Result
instanceKlass sun/nio/fs/WindowsPathParser
instanceKlass java/util/Collections$UnmodifiableCollection
instanceKlass java/util/Arrays$ArrayItr
instanceKlass java/nio/file/FileSystem
instanceKlass java/nio/file/OpenOption
instanceKlass java/lang/Enum
instanceKlass java/nio/file/spi/FileSystemProvider
instanceKlass sun/nio/fs/DefaultFileSystemProvider
instanceKlass java/nio/file/FileSystems
instanceKlass java/nio/file/Path
instanceKlass java/nio/file/Watchable
instanceKlass jdk/internal/util/Preconditions
instanceKlass jdk/internal/module/ArchivedBootLayer
instanceKlass jdk/internal/module/ModuleBootstrap$Counters
instanceKlass jdk/internal/module/ModulePatcher
instanceKlass jdk/internal/util/ArraysSupport
instanceKlass java/io/FileSystem
instanceKlass java/io/DefaultFileSystem
instanceKlass java/io/File
instanceKlass java/lang/module/ModuleDescriptor$1
instanceKlass jdk/internal/access/JavaLangModuleAccess
instanceKlass java/lang/reflect/Modifier
instanceKlass sun/invoke/util/VerifyAccess
instanceKlass java/lang/module/ModuleDescriptor
instanceKlass jdk/internal/module/ModuleBootstrap
instanceKlass java/lang/invoke/MethodHandleStatics
instanceKlass java/util/Collections
instanceKlass sun/io/Win32ErrorMode
instanceKlass jdk/internal/misc/OSEnvironment
instanceKlass jdk/internal/misc/Signal$NativeHandler
instanceKlass java/util/Hashtable$Entry
instanceKlass jdk/internal/misc/Signal
instanceKlass java/lang/Terminator$1
instanceKlass jdk/internal/misc/Signal$Handler
instanceKlass java/lang/Terminator
instanceKlass java/nio/ByteOrder
instanceKlass java/nio/Buffer$1
instanceKlass jdk/internal/access/JavaNioAccess
instanceKlass jdk/internal/misc/ScopedMemoryAccess
instanceKlass java/nio/charset/CodingErrorAction
instanceKlass java/nio/charset/CharsetEncoder
instanceKlass sun/nio/cs/HistoricallyNamedCharset
instanceKlass sun/security/action/GetPropertyAction
instanceKlass java/lang/ThreadLocal
instanceKlass java/nio/charset/spi/CharsetProvider
instanceKlass java/nio/charset/Charset
instanceKlass java/io/Writer
instanceKlass java/io/OutputStream
instanceKlass java/io/Flushable
instanceKlass java/io/FileDescriptor$1
instanceKlass jdk/internal/access/JavaIOFileDescriptorAccess
instanceKlass java/io/FileDescriptor
instanceKlass jdk/internal/util/StaticProperty
instanceKlass java/util/HashMap$HashIterator
instanceKlass java/lang/Integer$IntegerCache
instanceKlass java/lang/CharacterData
instanceKlass java/util/Arrays
instanceKlass java/lang/VersionProps
instanceKlass java/lang/StringConcatHelper
instanceKlass jdk/internal/misc/VM
instanceKlass jdk/internal/util/SystemProps$Raw
instanceKlass jdk/internal/util/SystemProps
instanceKlass java/lang/System$2
instanceKlass jdk/internal/access/JavaLangAccess
instanceKlass java/lang/ref/Reference$1
instanceKlass jdk/internal/access/JavaLangRefAccess
instanceKlass java/lang/ref/ReferenceQueue$Lock
instanceKlass java/lang/ref/ReferenceQueue
instanceKlass jdk/internal/reflect/ReflectionFactory
instanceKlass jdk/internal/reflect/ReflectionFactory$GetReflectionFactoryAction
instanceKlass java/security/PrivilegedAction
instanceKlass java/util/concurrent/locks/LockSupport
instanceKlass java/util/concurrent/ConcurrentHashMap$Node
instanceKlass java/util/concurrent/ConcurrentHashMap$CounterCell
instanceKlass java/util/concurrent/locks/ReentrantLock
instanceKlass java/util/concurrent/locks/Lock
instanceKlass java/lang/Runtime
instanceKlass java/util/HashMap$Node
instanceKlass java/util/KeyValueHolder
instanceKlass java/util/Map$Entry
instanceKlass java/util/ImmutableCollections$MapN$MapNIterator
instanceKlass java/lang/Math
instanceKlass jdk/internal/reflect/Reflection
instanceKlass java/lang/invoke/MethodHandles$Lookup
instanceKlass java/lang/StringLatin1
instanceKlass java/security/Permission
instanceKlass java/security/Guard
instanceKlass java/lang/invoke/MemberName$Factory
instanceKlass java/lang/invoke/MethodHandles
instanceKlass jdk/internal/access/SharedSecrets
instanceKlass java/lang/reflect/ReflectAccess
instanceKlass jdk/internal/access/JavaLangReflectAccess
instanceKlass java/util/ImmutableCollections
instanceKlass java/util/Objects
instanceKlass java/util/Set
instanceKlass jdk/internal/misc/CDS
instanceKlass java/lang/Module$ArchivedData
instanceKlass java/lang/String$CaseInsensitiveComparator
instanceKlass java/util/Comparator
instanceKlass java/io/ObjectStreamField
instanceKlass jdk/internal/vm/vector/VectorSupport$VectorPayload
instanceKlass jdk/internal/vm/vector/VectorSupport
instanceKlass java/lang/reflect/RecordComponent
instanceKlass java/util/Iterator
instanceKlass java/lang/Number
instanceKlass java/lang/Character
instanceKlass java/lang/Boolean
instanceKlass java/util/concurrent/locks/AbstractOwnableSynchronizer
instanceKlass java/lang/LiveStackFrame
instanceKlass java/lang/StackFrameInfo
instanceKlass java/lang/StackWalker$StackFrame
instanceKlass java/lang/StackStreamFactory$AbstractStackWalker
instanceKlass java/lang/StackWalker
instanceKlass java/nio/Buffer
instanceKlass java/lang/StackTraceElement
instanceKlass java/util/RandomAccess
instanceKlass java/util/List
instanceKlass java/util/AbstractCollection
instanceKlass java/util/Collection
instanceKlass java/lang/Iterable
instanceKlass java/util/concurrent/ConcurrentMap
instanceKlass java/util/AbstractMap
instanceKlass java/security/CodeSource
instanceKlass jdk/internal/loader/ClassLoaders
instanceKlass java/util/jar/Manifest
instanceKlass java/net/URL
instanceKlass java/io/InputStream
instanceKlass java/io/Closeable
instanceKlass java/lang/AutoCloseable
instanceKlass jdk/internal/module/Modules
instanceKlass jdk/internal/misc/Unsafe
instanceKlass jdk/internal/misc/UnsafeConstants
instanceKlass java/lang/AbstractStringBuilder
instanceKlass java/lang/Appendable
instanceKlass java/lang/AssertionStatusDirectives
instanceKlass java/lang/invoke/MethodHandleNatives$CallSiteContext
instanceKlass jdk/internal/invoke/NativeEntryPoint
instanceKlass java/lang/invoke/CallSite
instanceKlass java/lang/invoke/MethodType
instanceKlass java/lang/invoke/TypeDescriptor$OfMethod
instanceKlass java/lang/invoke/LambdaForm
instanceKlass java/lang/invoke/MethodHandleNatives
instanceKlass java/lang/invoke/ResolvedMethodName
instanceKlass java/lang/invoke/MemberName
instanceKlass java/lang/invoke/VarHandle
instanceKlass java/lang/invoke/MethodHandle
instanceKlass jdk/internal/reflect/CallerSensitive
instanceKlass java/lang/annotation/Annotation
instanceKlass jdk/internal/reflect/FieldAccessor
instanceKlass jdk/internal/reflect/ConstantPool
instanceKlass jdk/internal/reflect/ConstructorAccessor
instanceKlass jdk/internal/reflect/MethodAccessor
instanceKlass jdk/internal/reflect/MagicAccessorImpl
instanceKlass java/lang/reflect/Parameter
instanceKlass java/lang/reflect/Member
instanceKlass java/lang/reflect/AccessibleObject
instanceKlass java/lang/Module
instanceKlass java/util/Map
instanceKlass java/util/Dictionary
instanceKlass java/lang/ThreadGroup
instanceKlass java/lang/Thread$UncaughtExceptionHandler
instanceKlass java/lang/Thread
instanceKlass java/lang/Runnable
instanceKlass java/lang/ref/Reference
instanceKlass java/lang/Record
instanceKlass java/security/AccessController
instanceKlass java/security/AccessControlContext
instanceKlass java/security/ProtectionDomain
instanceKlass java/lang/SecurityManager
instanceKlass java/lang/Throwable
instanceKlass java/lang/System
instanceKlass java/lang/ClassLoader
instanceKlass java/lang/Cloneable
instanceKlass java/lang/Class
instanceKlass java/lang/invoke/TypeDescriptor$OfField
instanceKlass java/lang/invoke/TypeDescriptor
instanceKlass java/lang/reflect/Type
instanceKlass java/lang/reflect/GenericDeclaration
instanceKlass java/lang/reflect/AnnotatedElement
instanceKlass java/lang/String
instanceKlass java/lang/constant/ConstantDesc
instanceKlass java/lang/constant/Constable
instanceKlass java/lang/CharSequence
instanceKlass java/lang/Comparable
instanceKlass java/io/Serializable
ciInstanceKlass java/lang/Object 1 1 92 7 1 10 12 1 1 10 7 12 1 1 1 10 7 12 1 1 1 10 12 1 1 8 1 10 12 1 1 10 7 12 1 1 1 10 12 1 10 12 1 1 100 1 8 1 10 12 1 3 8 1 100 1 5 0 1 1 1 1 1 1 1 1 1 1 1 1 1 1 1 1 100 1 1 1 7 1 1 1 1 1 1 1 100 1 1 1 1 1 1 1
ciMethod java/lang/Object equals (Ljava/lang/Object;)Z 516 0 28710 0 96
ciMethod java/lang/Object hashCode ()I 256 0 128 0 -1
ciInstanceKlass java/lang/Class 1 1 1611 10 7 12 1 1 1 9 7 12 1 1 1 9 12 1 1 7 1 10 10 12 1 1 8 1 10 12 1 8 1 8 1 10 12 1 1 10 12 1 1 10 12 1 10 10 12 1 10 12 1 1 10 12 1 1 10 7 12 1 1 10 12 1 10 12 1 10 12 1 8 1 10 12 1 8 1 10 12 1 8 1 8 1 10 12 1 1 10 7 12 1 1 1 18 12 1 1 11 7 12 1 1 1 8 1 8 1 8 1 10 7 12 1 1 1 11 12 1 1 7 1 8 1 10 12 1 11 100 12 1 1 1 10 12 1 1 11 8 1 18 8 1 10 12 1 10 7 12 1 1 10 7 12 1 1 1 10 12 1 1 10 7 12 1 1 1 9 7 12 1 1 1 10 100 12 1 1 1 10 7 12 1 1 1 10 12 1 1 18 12 1 1 10 7 12 1 1 1 10 7 12 1 1 10 12 1 1 10 7 1 100 1 10 12 1 1 9 12 1 1 7 1 8 1 10 12 1 10 12 1 1 10 12 1 1 10 7 12 1 1 1 7 1 10 12 1 7 1 7 1 10 10 12 1 1 10 12 1 1 100 1 10 100 12 1 1 1 10 12 1 1 10 12 1 1 9 12 1 1 10 12 1 10 12 1 10 12 1 1 9 12 1 1 9 12 1 1 10 12 1 1 10 7 1 10 12 1 10 12 1 10 12 1 1 10 9 12 1 10 12 1 8 1 10 12 1 1 10 12 1 1 10 12 1 10 12 1 1 10 12 1 1 10 12 1 1 9 7 12 1 1 1 10 7 12 1 1 10 12 10 12 1 10 12 1 1 10 100 12 1 1 10 12 1 10 12 1 1 10 100 12 1 1 1 10 12 1 10 12 1 1 10 12 1 10 12 1 10 12 1 1 10 7 1 10 10 10 12 1 1 10 12 1 1 10 12 10 12 1 1 100 1 8 1 10 10 12 1 1 10 12 1 100 1 11 12 1 10 100 12 1 1 10 12 1 10 12 1 10 100 12 1 1 10 10 12 1 1 8 1 10 12 1 10 12 1 1 8 1 9 12 1 10 12 1 10 12 1 10 12 1 10 12 100 1 9 12 1 10 12 1 9 12 1 10 12 1 10 12 1 10 12 1 10 10 12 1 10 12 1 10 12 1 10 12 1 10 12 1 10 12 1 100 1 10 12 1 10 12 1 1 10 12 1 1 10 12 1 1 10 12 1 1 10 12 1 1 10 12 1 1 7 1 10 10 12 1 1 10 12 1 1 10 12 1 1 10 10 12 1 10 12 1 1 10 12 1 1 10 12 1 1 10 12 1 1 7 1 10 10 12 11 100 12 1 1 10 12 1 1 10 12 1 10 7 12 1 1 1 10 12 1 1 10 10 12 1 1 7 1 10 10 12 1 1 10 100 12 1 1 1 100 1 7 1 10 12 1 1 10 12 1 10 10 12 1 1 10 12 1 10 12 1 10 12 1 10 100 12 1 1 1 11 7 12 1 1 10 12 1 10 12 1 9 12 1 10 12 1 1 10 12 1 9 12 1 1 7 1 10 9 12 1 1 10 12 7 1 10 12 1 9 12 1 10 100 12 1 1 1 10 12 1 10 12 1 10 100 12 1 1 1 10 12 1 10 12 10 12 1 1 100 1 10 8 1 10 12 1 11 11 12 1 1 11 7 12 1 1 11 12 1 8 1 10 12 1 10 12 1 1 9 12 1 9 12 1 1 10 7 12 1 1 9 12 1 10 12 1 1 10 10 12 1 10 7 12 1 1 1 10 7 12 1 1 10 7 12 1 1 9 12 1 1 10 12 1 9 12 1 10 12 1 10 12 1 1 9 12 1 1 9 12 1 10 12 1 10 12 1 1 9 12 1 100 1 10 10 12 1 1 7 1 10 12 1 1 100 11 100 1 9 12 1 1 9 12 1 100 1 10 12 1 9 12 1 1 9 12 1 10 12 1 10 12 1 1 9 12 1 7 1 10 10 12 1 1 10 10 12 1 1 10 12 10 10 12 1 9 12 1 10 12 1 1 10 7 12 1 1 1 10 12 1 1 10 12 1 8 10 7 8 1 18 8 1 8 1 10 12 1 9 12 1 9 12 1 1 10 12 1 7 1 100 1 10 12 1 9 12 1 1 7 1 10 10 12 1 10 7 1 9 12 1 8 1 10 12 1 7 1 10 12 1 10 12 1 1 9 12 1 100 1 8 1 10 7 1 4 10 10 12 11 7 12 1 1 1 10 12 1 100 1 10 12 1 1 10 8 1 8 1 10 12 1 1 9 7 12 1 1 11 12 7 1 11 100 12 1 1 9 12 1 10 100 12 1 1 1 10 7 12 1 1 10 12 1 1 9 12 1 9 10 12 1 1 10 12 1 1 10 12 1 1 10 12 1 1 10 12 1 1 11 12 1 7 1 11 12 1 10 7 12 1 1 1 10 12 1 7 1 11 12 1 10 7 12 1 1 1 10 12 1 10 11 12 1 11 12 1 1 10 12 1 10 12 1 1 9 12 1 1 9 100 12 1 1 10 12 1 10 100 12 1 1 1 10 12 1 1 10 12 1 10 12 1 10 12 1 10 7 12 1 1 1 10 12 1 8 1 10 12 1 10 12 1 10 12 1 10 100 12 1 1 1 11 100 12 1 1 1 10 12 1 1 10 12 1 18 12 1 1 11 12 1 1 18 11 12 1 18 12 1 11 12 1 10 12 1 1 10 12 1 10 12 1 10 12 10 12 1 8 1 10 12 1 7 1 9 12 1 1 100 1 100 1 100 1 100 1 100 1 1 1 3 1 3 1 3 1 1 1 1 1 1 1 5 0 1 1 1 1 1 1 1 1 1 1 1 1 1 1 1 1 1 1 1 1 1 1 1 100 1 1 1 1 1 1 1 100 1 1 1 1 1 1 7 1 1 1 1 1 1 1 1 1 1 1 1 1 1 1 1 1 1 1 1 1 1 1 1 1 1 1 1 1 1 1 1 1 1 1 1 1 1 100 1 1 1 1 1 1 1 1 1 1 1 1 1 1 1 1 1 1 1 1 1 1 1 1 1 1 1 1 100 1 1 1 1 1 1 1 1 1 1 1 1 1 1 1 1 1 1 1 1 1 1 1 1 1 1 1 1 1 1 1 1 1 1 1 1 1 1 1 1 1 1 1 1 1 1 1 1 1 1 1 1 1 100 1 100 1 1 1 1 1 1 1 1 1 1 1 1 1 1 1 1 1 1 1 1 1 1 1 1 1 1 1 1 1 1 1 1 1 1 1 1 1 1 1 1 1 1 1 1 1 1 1 1 1 1 1 1 1 1 1 1 1 1 1 1 1 1 1 100 1 1 1 1 1 1 1 1 1 1 1 1 1 1 1 1 1 1 1 1 1 1 1 1 1 1 1 1 1 1 1 1 1 1 1 1 1 1 1 1 1 1 1 1 1 1 1 1 1 1 1 1 1 1 1 1 1 1 1 1 1 1 1 1 1 1 1 1 15 10 7 12 1 1 1 16 15 10 12 16 15 11 12 16 1 16 15 16 15 10 12 16 16 15 10 12 16 15 16 1 15 10 12 16 1 1 1 1 1 1 1 1 100 1 1 100 1 100 1 1 100 1 100 1 1
staticfield java/lang/Class EMPTY_CLASS_ARRAY [Ljava/lang/Class; 0 [Ljava/lang/Class;
staticfield java/lang/Class serialPersistentFields [Ljava/io/ObjectStreamField; 0 [Ljava/io/ObjectStreamField;
ciInstanceKlass java/io/Serializable 1 0 7 100 1 100 1 1 1
instanceKlass jdk/internal/vm/vector/VectorSupport$VectorShuffle
instanceKlass jdk/internal/vm/vector/VectorSupport$VectorMask
instanceKlass jdk/internal/vm/vector/VectorSupport$Vector
ciInstanceKlass jdk/internal/vm/vector/VectorSupport$VectorPayload 0 0 32 10 100 12 1 1 1 9 100 12 1 1 1 10 100 12 1 1 1 1 1 1 1 1 1 1 1 1 1 1 1 1
ciInstanceKlass jdk/internal/vm/vector/VectorSupport$VectorShuffle 0 0 28 10 100 12 1 1 1 100 1 1 1 1 1 1 1 1 1 1 1 1 1 1 1 100 1 1 1 1
ciInstanceKlass jdk/internal/vm/vector/VectorSupport$VectorMask 0 0 28 10 100 12 1 1 1 100 1 1 1 1 1 1 1 1 1 1 1 1 1 1 1 100 1 1 1 1
ciInstanceKlass jdk/internal/vm/vector/VectorSupport$Vector 0 0 28 10 100 12 1 1 1 100 1 1 1 1 1 1 1 1 1 1 1 1 1 1 1 100 1 1 1 1
ciInstanceKlass jdk/internal/vm/vector/VectorSupport 0 0 487 100 1 10 100 12 1 1 1 9 12 1 1 10 12 1 1 100 1 10 12 1 11 100 12 1 1 1 11 100 12 1 1 1 11 100 12 1 1 11 100 12 1 1 1 11 100 1 100 1 10 12 1 1 11 100 12 1 1 11 100 12 1 1 100 1 11 100 12 1 1 11 100 12 1 1 11 100 12 1 1 1 11 100 12 1 1 1 11 100 12 1 1 1 11 100 12 1 1 1 100 1 10 12 1 1 11 100 12 1 1 100 1 11 100 12 1 1 11 100 12 1 1 11 100 12 1 1 11 100 1 100 1 9 12 1 1 10 100 12 1 1 11 100 12 1 1 10 12 1 1 10 100 12 1 1 1 10 12 1 10 12 1 1 10 12 1 1 1 1 1 3 1 3 1 3 1 3 1 3 1 3 1 3 1 3 1 3 1 3 1 3 1 3 1 3 1 3 1 3 1 3 1 3 1 3 1 3 1 3 1 3 1 3 1 3 1 3 1 3 1 3 1 3 1 3 1 3 1 3 1 3 1 3 1 3 1 3 1 3 1 3 1 3 1 3 1 3 1 1 1 1 1 3 1 1 1 1 1 1 3 1 1 1 1 1 1 1 1 1 1 1 1 1 1 1 1 1 1 1 1 1 1 1 1 1 1 1 1 1 1 1 1 1 1 1 1 1 1 1 1 1 1 1 1 1 1 1 1 1 1 1 1 1 1 1 1 1 1 1 1 1 1 1 1 1 1 1 1 1 1 1 1 1 1 1 1 1 1 1 1 1 1 1 1 1 1 1 1 1 1 1 1 1 1 1 1 1 1 1 1 1 1 1 1 1 1 1 1 1 1 1 1 1 1 1 1 1 1 1 1 1 1 1 1 1 1 1 1 1 1 1 1 1 1 1 1 1 1 1 1 1 1 1 1 1 1 1 1 1 1 1 1 1 1 1 1 1 1 1 1 1 1 1 1 1 1 1 1 1 1 1 1 1 1 1 1 1 1 1 1 1 1 1 1 1 1 1 1 1 1 1 1 1 1 1 1 1 1 1 100 1 100 1 1 1 1 1 1 1 1 1 1 1 1 1 1 1 1 1 1 1 1 1 1 1 1
ciInstanceKlass java/lang/reflect/RecordComponent 0 0 196 10 100 12 1 1 1 9 100 12 1 1 1 9 12 1 1 9 12 1 10 12 1 1 10 12 1 1 10 100 12 1 1 1 10 12 1 1 9 12 1 1 10 12 1 1 10 12 1 1 10 12 1 10 100 12 1 1 10 100 12 1 1 9 12 1 1 10 100 12 1 1 1 11 100 12 1 1 1 10 9 100 12 1 1 1 10 100 12 1 1 1 9 12 1 1 10 100 12 1 1 1 10 12 1 1 11 100 12 1 1 10 100 12 1 1 100 1 9 12 1 9 12 1 1 9 12 1 10 100 12 1 1 1 10 12 1 1 10 12 1 1 100 1 10 10 12 1 10 12 1 1 8 1 10 12 1 10 12 1 9 12 1 100 1 1 1 1 1 1 1 1 1 1 1 1 1 1 1 1 1 1 1 1 1 1 100 1 1 1 1 1 1 100 1 1
ciInstanceKlass java/util/Iterator 1 1 53 100 1 8 1 10 12 1 1 10 7 12 1 1 1 11 7 12 1 1 1 11 12 1 1 11 7 12 1 1 1 100 1 1 1 1 1 1 1 1 1 1 1 1 1 1 1 1 1 1 1 1 1
instanceKlass sun/security/ssl/Alert$Level
instanceKlass sun/security/ssl/Alert
instanceKlass java/lang/invoke/MethodHandleImpl$ArrayAccess
instanceKlass jdk/internal/net/http/Http1HeaderParser$State
instanceKlass jdk/internal/net/http/Http1Response$State
instanceKlass jdk/internal/net/http/Http1Exchange$State
instanceKlass javax/net/ssl/SSLEngineResult$Status
instanceKlass jdk/internal/net/http/common/SubscriberWrapper$SchedulingAction
instanceKlass jdk/internal/net/http/PlainHttpConnection$ConnectState
instanceKlass java/net/http/HttpClient$Version
instanceKlass java/net/http/HttpClient$Redirect
instanceKlass org/fxmisc/richtext/GenericStyledAreaBehavior$DragState
instanceKlass org/fxmisc/wellbehaved/event/InputHandler$Result
instanceKlass org/fxmisc/richtext/NavigationActions$SelectionPolicy
instanceKlass org/fxmisc/richtext/model/TwoDimensional$Bias
instanceKlass org/reactfx/util/AccumulatorSize
instanceKlass org/fxmisc/richtext/Caret$CaretVisibility
instanceKlass org/fxmisc/flowless/VirtualFlow$Gravity
instanceKlass com/example/guser/controllers/TrackController$ArtifactRowKind
instanceKlass javafx/scene/input/ScrollEvent$VerticalTextScrollUnits
instanceKlass javafx/scene/input/ScrollEvent$HorizontalTextScrollUnits
instanceKlass com/sun/javafx/iio/ImageStorage$ImageType
instanceKlass javax/net/ssl/SSLEngineResult$HandshakeStatus
instanceKlass sun/security/ssl/Finished$VerifyDataScheme
instanceKlass sun/security/util/DomainName$Rule$Type
instanceKlass sun/security/util/RegisteredDomain$Type
instanceKlass java/time/Month
instanceKlass sun/security/validator/CADistrustPolicy
instanceKlass jdk/internal/icu/util/CodePointTrie$ValueWidth
instanceKlass jdk/internal/icu/util/CodePointTrie$Type
instanceKlass java/text/Normalizer$Form
instanceKlass sun/security/ssl/SSLTrafficKeyDerivation$KeySchedule
instanceKlass sun/security/ssl/SSLTrafficKeyDerivation
instanceKlass sun/security/ssl/SSLSecretDerivation$SecretSchedule
instanceKlass sun/security/ssl/ContentType
instanceKlass sun/security/ssl/SSLKeyExchange$T12KeyAgreement
instanceKlass sun/security/ssl/PskKeyExchangeModesExtension$PskKeyExchangeMode
instanceKlass sun/security/ssl/ECPointFormatsExtension$ECPointFormat
instanceKlass sun/security/ssl/CertStatusExtension$CertStatusRequestType
instanceKlass sun/security/ssl/SSLExtension
instanceKlass software/amazon/awssdk/http/auth/aws/internal/signer/util/SigningAlgorithm
instanceKlass software/amazon/awssdk/checksums/internal/DigestAlgorithm
instanceKlass software/amazon/awssdk/http/auth/aws/signer/AwsV4FamilyHttpSigner$AuthLocation
instanceKlass java/util/stream/MatchOps$MatchKind
instanceKlass software/amazon/awssdk/core/useragent/BusinessMetricFeatureId
instanceKlass software/amazon/awssdk/thirdparty/jackson/core/JsonToken
instanceKlass software/amazon/awssdk/thirdparty/jackson/core/json/JsonReadFeature
instanceKlass software/amazon/awssdk/thirdparty/jackson/core/StreamReadFeature
instanceKlass software/amazon/awssdk/thirdparty/jackson/core/JsonGenerator$Feature
instanceKlass software/amazon/awssdk/thirdparty/jackson/core/JsonParser$Feature
instanceKlass software/amazon/awssdk/thirdparty/jackson/core/JsonFactory$Feature
instanceKlass software/amazon/awssdk/core/traits/TraitType
instanceKlass software/amazon/awssdk/http/SdkHttpMethod
instanceKlass software/amazon/awssdk/metrics/MetricCategory
instanceKlass software/amazon/awssdk/metrics/MetricLevel
instanceKlass software/amazon/awssdk/core/protocol/MarshallingKnownType
instanceKlass software/amazon/awssdk/core/traits/TimestampFormatTrait$Format
instanceKlass software/amazon/awssdk/core/protocol/MarshallLocation
instanceKlass software/amazon/awssdk/awscore/internal/AwsServiceProtocol
instanceKlass org/apache/http/impl/cookie/RFC6265CookieSpecProvider$CompatibilityLevel
instanceKlass org/apache/http/impl/cookie/DefaultCookieSpecProvider$CompatibilityLevel
instanceKlass org/apache/http/conn/util/DomainType
instanceKlass software/amazon/awssdk/utils/ProxyEnvironmentSetting
instanceKlass software/amazon/awssdk/utils/ProxySystemSetting
instanceKlass software/amazon/awssdk/http/ProtocolNegotiation
instanceKlass software/amazon/awssdk/http/Protocol
instanceKlass software/amazon/awssdk/services/s3/S3SystemSetting
instanceKlass software/amazon/awssdk/utils/cache/CachedSupplier$StaleValueBehavior
instanceKlass software/amazon/awssdk/profiles/internal/ProfileSection
instanceKlass software/amazon/awssdk/profiles/ProfileFile$Type
instanceKlass software/amazon/awssdk/utils/JavaSystemSetting
instanceKlass software/amazon/awssdk/profiles/ProfileFileSystemSetting
instanceKlass software/amazon/awssdk/core/checksums/ResponseChecksumValidation
instanceKlass software/amazon/awssdk/core/checksums/RequestChecksumCalculation
instanceKlass software/amazon/awssdk/core/ClientType
instanceKlass software/amazon/awssdk/core/retry/RetryMode
instanceKlass software/amazon/awssdk/awscore/endpoints/AccountIdEndpointMode
instanceKlass software/amazon/awssdk/awscore/defaultsmode/DefaultsMode
instanceKlass software/amazon/awssdk/core/SdkSystemSetting
instanceKlass com/sun/javafx/sg/prism/CacheFilter$ScrollCacheState
instanceKlass javafx/scene/control/SelectionMode
instanceKlass javafx/scene/control/skin/ComboBoxMode
instanceKlass sun/security/ssl/SignatureScheme$SigAlgParamSpec
instanceKlass sun/security/ssl/SignatureScheme
instanceKlass sun/security/ssl/ClientAuthType
instanceKlass sun/security/ssl/SSLHandshake
instanceKlass sun/net/www/protocol/http/HttpURLConnection$TunnelState
instanceKlass sun/util/logging/PlatformLogger$Level
instanceKlass sun/security/rsa/RSAUtil$KeyType
instanceKlass sun/security/ssl/NamedGroup
instanceKlass sun/security/ssl/NamedGroup$NamedGroupSpec
instanceKlass sun/security/ssl/CipherSuite$KeyExchange
instanceKlass sun/security/ssl/CipherSuite$MacAlg
instanceKlass sun/security/ssl/CipherSuite$HashAlg
instanceKlass sun/security/ssl/CipherType
instanceKlass sun/security/ssl/SSLCipher
instanceKlass sun/security/ssl/CipherSuite
instanceKlass java/security/CryptoPrimitive
instanceKlass sun/security/util/DisabledAlgorithmConstraints$Constraint$Operator
instanceKlass sun/security/ssl/ProtocolVersion
instanceKlass com/example/guser/controllers/TrackController$ViewMode
instanceKlass com/example/guser/controllers/ProfileController$Card
instanceKlass javafx/scene/control/ScrollPane$ScrollBarPolicy
instanceKlass com/example/guser/controllers/AppNavController$Route
instanceKlass java/time/format/TextStyle
instanceKlass java/time/format/DateTimeFormatterBuilder$SettingsParser
instanceKlass java/time/format/ResolverStyle
instanceKlass java/time/format/SignStyle
instanceKlass java/time/temporal/JulianFields$Field
instanceKlass java/time/temporal/IsoFields$Unit
instanceKlass java/time/temporal/IsoFields$Field
instanceKlass java/security/DrbgParameters$Capability
instanceKlass java/time/temporal/ChronoUnit
instanceKlass java/time/temporal/ChronoField
instanceKlass sun/util/locale/provider/LocaleProviderAdapter$Type
instanceKlass com/mysql/cj/QueryReturnType
instanceKlass com/mysql/cj/Query$CancelStatus
instanceKlass javafx/scene/Scene$DragDetectedState
instanceKlass com/sun/prism/shape/ShapeRep$InvalidationType
instanceKlass com/sun/javafx/sg/prism/NGNode$RenderRootResult
instanceKlass com/sun/javafx/geom/Path2D$CornerPrefix
instanceKlass com/sun/scenario/effect/impl/state/LinearConvolveRenderState$PassType
instanceKlass com/sun/scenario/effect/impl/Renderer$RendererState
instanceKlass com/sun/scenario/effect/Effect$AccelType
instanceKlass com/sun/scenario/effect/impl/state/RenderState$EffectCoordinateSpace
instanceKlass com/sun/javafx/geom/transform/BaseTransform$Degree
instanceKlass com/sun/prism/CompositeMode
instanceKlass com/sun/prism/Texture$Usage
instanceKlass com/sun/prism/Texture$WrapMode
instanceKlass com/sun/prism/PixelFormat$DataType
instanceKlass com/sun/prism/PixelFormat
instanceKlass com/sun/javafx/sg/prism/NodeEffectInput$RenderType
instanceKlass com/sun/scenario/effect/AbstractShadow$ShadowMode
instanceKlass javafx/scene/shape/FillRule
instanceKlass javafx/scene/control/skin/TextInputControlSkin$Direction
instanceKlass javafx/scene/control/skin/TextInputControlSkin$TextUnit
instanceKlass com/sun/javafx/geom/BaseBounds$BoundsType
instanceKlass javafx/stage/PopupWindow$AnchorLocation
instanceKlass com/sun/javafx/scene/control/inputmap/KeyBinding$OptionalBoolean
instanceKlass javafx/animation/Animation$Status
instanceKlass com/sun/javafx/effect/EffectDirtyBits
instanceKlass com/sun/prism/paint/Paint$Type
instanceKlass com/sun/scenario/effect/Blend$Mode
instanceKlass com/sun/javafx/sg/prism/NGNode$DirtyFlag
instanceKlass com/sun/javafx/tk/quantum/SwipeGestureRecognizer$SwipeRecognitionState
instanceKlass com/sun/glass/ui/GestureSupport$GestureState$StateId
instanceKlass com/sun/javafx/tk/FocusCause
instanceKlass javafx/scene/input/KeyCombination$ModifierValue
instanceKlass javafx/geometry/Side
instanceKlass java/lang/System$Logger$Level
instanceKlass com/sun/javafx/logging/PlatformLogger$Level
instanceKlass javafx/scene/text/FontWeight
instanceKlass javafx/scene/text/FontPosture
instanceKlass jdk/internal/logger/BootstrapLogger$LoggingBackend
instanceKlass javafx/scene/input/MouseButton
instanceKlass javafx/scene/Scene$DirtyBits
instanceKlass com/mysql/cj/MysqlType
instanceKlass com/mysql/cj/protocol/a/authentication/AuthenticationWebAuthnClient$AuthStage
instanceKlass com/mysql/cj/protocol/a/authentication/CachingSha2PasswordPlugin$AuthStage
instanceKlass com/mysql/cj/protocol/a/NativeConstants$StringSelfDataType
instanceKlass com/mysql/cj/protocol/a/NativeConstants$StringLengthDataType
instanceKlass com/mysql/cj/protocol/a/NativeConstants$IntegerDataType
instanceKlass com/mysql/cj/protocol/Resultset$Concurrency
instanceKlass com/mysql/cj/protocol/Resultset$Type
instanceKlass com/mysql/cj/conf/PropertyDefinitions$Compression
instanceKlass com/mysql/cj/conf/PropertyDefinitions$AuthMech
instanceKlass com/mysql/cj/conf/PropertyDefinitions$XdevapiSslMode
instanceKlass com/mysql/cj/conf/PropertyDefinitions$ZeroDatetimeBehavior
instanceKlass com/mysql/cj/conf/PropertyDefinitions$SslMode
instanceKlass com/mysql/cj/conf/PropertyDefinitions$DatabaseTerm
instanceKlass java/math/RoundingMode
instanceKlass java/util/Locale$Category
instanceKlass com/mysql/cj/util/SearchMode
instanceKlass com/mysql/cj/conf/PropertyKey
instanceKlass com/mysql/cj/conf/ConnectionUrl$HostsCardinality
instanceKlass com/mysql/cj/conf/ConnectionUrl$Type
instanceKlass com/sun/javafx/cursor/CursorType
instanceKlass javafx/fxml/FXMLLoader$SupportedType
instanceKlass javafx/scene/control/ContentDisplay
instanceKlass javafx/scene/layout/BackgroundRepeat
instanceKlass javafx/scene/effect/BlurType
instanceKlass javafx/scene/paint/CycleMethod
instanceKlass javafx/css/SizeUnits
instanceKlass com/sun/javafx/css/Combinator
instanceKlass javafx/scene/control/OverrunStyle
instanceKlass javafx/scene/input/KeyCode
instanceKlass javafx/scene/image/PixelFormat$Type
instanceKlass javafx/scene/text/FontSmoothingType
instanceKlass javafx/scene/text/TextAlignment
instanceKlass javafx/scene/text/TextBoundsType
instanceKlass javafx/scene/layout/Priority
instanceKlass javafx/css/StyleOrigin
instanceKlass com/sun/javafx/sg/prism/NGShape$Mode
instanceKlass javafx/scene/shape/StrokeLineCap
instanceKlass javafx/scene/shape/StrokeLineJoin
instanceKlass javafx/scene/shape/StrokeType
instanceKlass javafx/geometry/Pos
instanceKlass com/sun/javafx/scene/traversal/Direction
instanceKlass javafx/geometry/Orientation
instanceKlass javafx/scene/input/TransferMode
instanceKlass javafx/scene/effect/BlendMode
instanceKlass javafx/scene/AccessibleAction
instanceKlass javafx/geometry/NodeOrientation
instanceKlass javafx/scene/AccessibleAttribute
instanceKlass javafx/geometry/VPos
instanceKlass javafx/geometry/HPos
instanceKlass javafx/scene/AccessibleRole
instanceKlass com/sun/javafx/scene/LayoutFlags
instanceKlass com/sun/javafx/scene/DirtyBits
instanceKlass javafx/scene/DepthTest
instanceKlass javafx/scene/CacheHint
instanceKlass com/sun/javafx/scene/CssFlags
instanceKlass com/sun/org/apache/xerces/internal/impl/XMLScanner$NameType
instanceKlass jdk/xml/internal/JdkProperty$ImplPropMap
instanceKlass javax/xml/catalog/CatalogFeatures$Feature
instanceKlass com/sun/org/apache/xerces/internal/utils/XMLSecurityPropertyManager$Property
instanceKlass com/sun/org/apache/xerces/internal/utils/XMLSecurityPropertyManager$State
instanceKlass com/sun/org/apache/xerces/internal/utils/XMLSecurityManager$NameMap
instanceKlass jdk/xml/internal/JdkProperty$State
instanceKlass com/sun/org/apache/xerces/internal/utils/XMLSecurityManager$Limit
instanceKlass com/sun/javafx/application/PlatformImpl$HighContrastScheme
instanceKlass javafx/application/ConditionalFeature
instanceKlass javafx/stage/Modality
instanceKlass javafx/stage/StageStyle
instanceKlass java/lang/annotation/RetentionPolicy
instanceKlass com/sun/prism/impl/ps/BaseShaderContext$SpecialShaderType
instanceKlass com/sun/prism/impl/ps/BaseShaderContext$MaskType
instanceKlass com/sun/prism/GraphicsPipeline$ShaderModel
instanceKlass com/sun/prism/GraphicsPipeline$ShaderType
instanceKlass java/lang/Thread$State
instanceKlass com/sun/prism/impl/PrismSettings$RasterizerType
instanceKlass java/lang/constant/DirectMethodHandleDesc$Kind
instanceKlass java/lang/invoke/VarHandle$VarHandleDesc$Kind
instanceKlass sun/security/util/KnownOIDs
instanceKlass java/lang/StackStreamFactory$WalkerState
instanceKlass java/lang/StackWalker$ExtendedOption
instanceKlass java/lang/StackWalker$Option
instanceKlass java/net/Proxy$Type
instanceKlass java/net/StandardProtocolFamily
instanceKlass java/nio/file/FileTreeWalker$EventType
instanceKlass java/nio/file/FileVisitOption
instanceKlass java/nio/file/AccessMode
instanceKlass java/util/stream/Collector$Characteristics
instanceKlass java/util/regex/Pattern$Qtype
instanceKlass java/util/concurrent/TimeUnit
instanceKlass java/nio/file/LinkOption
instanceKlass java/lang/invoke/MethodHandles$Lookup$ClassOption
instanceKlass java/util/stream/StreamShape
instanceKlass java/lang/invoke/VarHandle$AccessType
instanceKlass java/lang/invoke/VarHandle$AccessMode
instanceKlass java/lang/invoke/MethodHandleImpl$Intrinsic
instanceKlass java/lang/invoke/LambdaForm$BasicType
instanceKlass java/lang/invoke/LambdaForm$Kind
instanceKlass sun/invoke/util/Wrapper
instanceKlass java/util/stream/StreamOpFlag$Type
instanceKlass java/util/stream/StreamOpFlag
instanceKlass java/io/File$PathStatus
instanceKlass java/lang/module/ModuleDescriptor$Requires$Modifier
instanceKlass java/lang/module/ModuleDescriptor$Modifier
instanceKlass sun/nio/fs/WindowsPathType
instanceKlass java/nio/file/StandardOpenOption
ciInstanceKlass java/lang/Enum 1 1 188 9 7 12 1 1 1 9 12 1 1 10 7 12 1 1 1 10 12 1 1 100 1 10 10 12 1 1 10 12 1 100 1 10 10 7 12 1 1 10 12 1 1 18 12 1 1 10 100 12 1 1 1 10 12 1 1 11 7 12 1 1 1 100 1 8 1 10 12 1 100 1 100 1 10 8 1 10 12 1 1 10 12 1 1 8 1 10 12 1 10 100 1 8 1 10 10 12 1 1 10 100 12 1 1 1 100 1 100 1 100 1 1 1 1 1 1 1 1 1 1 1 1 1 1 1 1 1 1 1 1 1 1 1 1 1 1 1 1 1 1 1 1 1 1 1 1 1 1 1 1 1 100 1 100 1 1 100 1 1 1 1 1 1 1 1 1 1 1 15 10 100 12 1 1 1 16 15 10 12 16 1 1 100 1 100 1 1
ciInstanceKlass java/lang/System 1 1 803 10 100 12 1 1 1 9 7 12 1 1 1 10 12 1 10 12 1 1 10 12 1 1 10 12 1 9 12 1 1 10 7 12 1 1 1 11 100 12 1 1 1 10 100 12 1 1 1 10 12 1 1 10 12 1 1 100 1 8 1 10 12 1 10 100 12 1 1 1 10 7 12 1 1 1 18 12 1 1 10 100 12 1 1 1 100 1 10 12 1 1 10 100 12 1 1 1 10 12 1 10 7 12 1 1 1 9 100 12 1 1 1 10 100 12 1 1 1 11 7 12 1 1 1 10 12 1 1 10 7 12 1 1 1 100 1 10 10 12 1 1 8 1 10 12 1 8 1 10 12 1 9 12 1 1 8 1 10 7 12 1 1 1 10 12 1 1 100 1 8 1 10 9 12 1 1 8 1 10 12 1 1 10 100 12 1 1 1 8 1 10 12 1 100 1 10 12 1 8 1 10 12 1 10 12 1 1 100 1 10 12 10 12 1 9 12 1 1 9 12 1 1 10 7 12 1 1 1 10 7 12 1 1 1 10 12 1 1 10 12 1 10 12 1 10 7 12 1 1 1 10 12 1 100 1 100 1 8 1 10 12 1 10 12 1 1 7 1 10 12 1 100 1 8 1 10 10 12 1 100 1 8 1 10 8 1 10 7 12 1 1 8 1 10 12 100 1 8 1 10 10 12 1 1 10 7 12 1 1 1 100 1 18 12 1 100 1 9 100 12 1 1 1 10 12 1 100 1 10 12 1 1 10 12 1 1 10 7 12 1 1 1 10 12 1 1 10 12 1 10 12 1 10 12 1 1 10 12 1 7 1 10 12 1 10 12 1 100 1 10 12 1 10 7 12 1 1 1 100 1 8 1 10 9 12 1 9 12 1 10 12 1 10 100 12 1 1 10 12 1 10 12 1 1 8 1 10 12 1 1 8 1 11 12 1 10 12 11 12 1 1 11 7 12 1 1 1 11 7 12 1 1 11 12 1 1 7 1 11 12 1 10 12 1 8 1 10 12 1 1 8 1 8 1 8 1 8 1 11 12 1 10 12 1 10 12 1 10 12 1 10 7 12 1 1 8 1 7 1 9 7 12 1 1 1 10 12 1 7 1 9 12 10 9 12 7 1 10 12 8 1 10 12 1 1 8 1 10 7 12 1 1 10 12 1 10 7 12 1 1 1 10 12 1 1 10 7 12 1 1 1 10 12 10 7 12 1 1 1 9 12 1 1 100 1 8 1 10 12 1 1 10 7 12 1 1 1 7 1 10 12 1 1 8 1 10 8 1 8 1 8 1 8 1 10 10 7 12 1 1 10 12 1 1 10 12 1 1 10 12 1 1 10 12 1 10 100 12 1 1 1 10 100 1 8 1 10 10 10 12 1 1 10 12 1 1 8 1 10 12 1 8 1 10 12 1 10 12 1 1 7 1 10 10 12 1 10 12 1 9 12 1 1 1 3 1 3 1 1 1 1 1 1 1 1 1 1 1 1 100 1 1 7 1 1 1 1 1 1 1 1 1 1 1 100 1 100 1 1 1 1 1 1 1 1 1 1 1 1 1 1 1 1 1 1 1 1 1 1 1 1 1 1 1 1 1 1 1 1 1 1 1 1 1 1 1 1 1 1 1 1 1 1 1 1 1 1 1 1 1 1 1 1 1 1 100 1 1 1 1 1 1 1 1 1 1 1 1 1 1 1 1 1 1 1 1 1 1 1 1 1 1 1 1 1 1 1 1 1 100 1 1 15 10 100 12 1 1 1 16 15 10 12 1 1 16 15 10 12 16 1 1 1 1 1 1 1 100 1 100 1 1
staticfield java/lang/System in Ljava/io/InputStream; java/io/BufferedInputStream
staticfield java/lang/System out Ljava/io/PrintStream; java/io/PrintStream
staticfield java/lang/System err Ljava/io/PrintStream; java/io/PrintStream
instanceKlass jdk/internal/reflect/DelegatingClassLoader
instanceKlass java/security/SecureClassLoader
ciInstanceKlass java/lang/ClassLoader 1 1 1098 9 7 12 1 1 1 10 7 12 1 1 1 9 12 1 1 10 7 12 1 1 1 7 1 10 12 1 1 10 12 1 1 9 12 1 1 10 12 1 1 100 1 10 12 1 10 12 1 1 10 7 12 1 1 1 100 1 8 1 10 12 1 10 7 12 1 1 1 10 100 12 1 10 7 1 10 7 1 7 1 7 1 10 12 1 10 12 1 9 12 1 1 10 10 7 12 1 1 1 9 12 1 1 9 12 1 9 12 1 1 9 12 1 9 12 1 1 9 12 1 1 7 1 10 12 1 9 12 1 1 10 12 1 1 10 7 12 1 1 1 9 12 1 9 12 1 1 9 12 1 10 12 1 1 9 12 10 12 1 1 7 1 10 8 1 10 12 1 1 10 12 1 10 7 1 7 1 10 12 1 1 10 7 12 1 1 1 8 1 10 12 1 10 12 1 10 12 1 1 10 12 1 1 10 12 1 1 10 12 1 1 10 12 1 1 10 12 1 100 1 10 12 1 10 100 12 1 1 1 10 12 1 1 10 12 1 10 12 1 10 12 1 10 12 1 10 12 1 1 10 10 12 1 10 12 1 10 100 12 1 1 10 12 1 1 10 12 1 1 10 12 1 100 1 10 12 1 100 1 10 12 1 10 100 12 1 1 1 10 10 12 1 1 10 12 1 1 100 1 8 1 10 8 1 10 12 1 10 12 1 100 1 8 1 10 12 1 1 10 12 1 1 10 10 12 1 1 10 12 1 1 10 12 1 1 10 7 1 10 12 1 1 10 12 1 1 10 12 1 1 10 12 1 1 10 12 1 1 10 12 1 1 10 12 1 10 7 12 1 1 1 10 12 1 10 12 1 10 12 1 1 10 12 1 10 12 1 10 12 1 10 12 1 1 10 12 1 10 12 1 1 8 1 9 12 1 10 12 1 1 8 1 8 1 10 7 12 1 1 100 1 10 10 12 10 12 1 10 12 1 10 12 1 10 12 1 1 10 7 12 1 1 10 12 1 10 7 1 7 1 10 12 1 1 10 12 1 10 7 1 10 12 1 100 1 18 12 1 10 100 12 1 1 1 10 100 12 1 1 1 10 7 12 1 1 10 12 1 1 10 12 1 10 12 1 1 100 1 10 12 1 10 12 1 1 10 7 12 1 1 10 12 1 8 1 100 1 10 10 12 1 9 12 1 10 7 12 1 1 10 12 1 100 1 8 1 10 12 1 10 8 1 8 1 10 12 1 1 10 12 1 1 10 12 1 1 10 100 12 1 1 1 100 1 100 1 10 12 1 1 100 1 100 1 10 100 12 1 1 10 12 1 10 12 1 1 10 12 1 10 12 1 1 10 12 1 1 9 100 12 1 1 1 10 12 1 1 10 12 1 10 12 1 10 12 1 1 10 12 1 8 1 10 12 1 7 1 18 12 1 1 10 12 1 1 10 12 1 10 12 1 10 12 1 8 1 10 12 1 10 12 1 18 12 1 11 100 12 1 1 1 100 1 10 12 1 1 10 12 1 10 11 12 1 1 10 18 10 12 1 1 11 100 12 1 18 12 1 11 12 1 1 10 12 10 12 1 1 10 12 1 1 7 1 8 1 10 10 12 1 8 1 8 1 10 100 12 1 1 10 12 1 100 1 10 10 12 1 8 1 8 1 8 1 10 12 1 10 12 1 1 10 12 1 10 100 12 1 1 1 11 100 12 1 1 100 1 10 11 10 12 1 10 12 1 10 12 1 1 9 100 12 1 1 9 12 1 1 9 12 9 12 1 9 12 1 9 12 1 8 10 12 1 1 10 7 12 1 1 1 10 12 1 1 10 12 1 1 10 12 1 10 10 12 1 11 12 1 1 10 100 12 1 1 1 100 1 10 12 1 10 12 1 10 12 1 1 1 1 1 1 1 1 1 1 1 1 1 1 1 1 1 1 1 1 1 1 1 1 1 1 1 1 100 1 1 1 1 1 1 1 1 1 1 1 1 1 1 1 1 1 1 1 1 1 100 1 1 1 1 1 1 1 1 1 1 100 1 1 1 1 1 1 1 1 1 1 1 1 1 1 1 1 1 1 1 1 1 1 1 1 1 1 1 1 1 1 1 1 1 1 1 1 1 1 1 1 1 100 1 1 1 1 1 1 1 1 1 1 1 1 1 1 1 1 1 1 100 1 1 1 1 1 1 1 1 1 1 1 1 1 1 1 1 1 1 1 1 1 1 1 1 1 1 1 1 1 1 1 1 1 1 1 1 1 1 1 1 1 1 1 1 1 1 1 1 1 1 1 100 1 1 1 1 1 1 1 1 1 1 1 1 1 1 1 1 1 1 1 1 1 1 1 1 1 1 1 1 1 1 1 1 1 1 1 1 1 1 1 1 1 1 1 1 1 1 15 10 7 12 1 1 1 16 1 15 10 12 16 1 16 15 10 12 16 1 16 1 15 10 12 16 15 10 12 16 15 10 12 16 1 1 100 1 100 1 1
staticfield java/lang/ClassLoader nocerts [Ljava/security/cert/Certificate; 0 [Ljava/security/cert/Certificate;
staticfield java/lang/ClassLoader $assertionsDisabled Z 1
ciInstanceKlass jdk/internal/reflect/DelegatingClassLoader 1 1 18 10 7 12 1 1 1 100 1 1 1 1 1 1 1 1 1 1
instanceKlass com/sun/javafx/reflect/MethodUtil
instanceKlass java/net/URLClassLoader
instanceKlass jdk/internal/loader/BuiltinClassLoader
ciInstanceKlass java/security/SecureClassLoader 1 1 102 10 7 12 1 1 1 7 1 10 12 1 9 7 12 1 1 1 10 12 1 10 12 1 10 12 1 1 10 12 1 1 10 12 1 7 1 10 7 1 10 12 1 7 1 10 12 1 11 7 12 1 1 1 7 1 11 12 1 10 12 1 1 1 1 1 1 1 1 1 1 1 1 1 1 1 1 1 1 1 1 1 1 1 1 1 1 1 1 1 1 1 1 1 1 1 1 100 1 1 1 1
instanceKlass jdk/internal/loader/ClassLoaders$BootClassLoader
instanceKlass jdk/internal/loader/ClassLoaders$PlatformClassLoader
instanceKlass jdk/internal/loader/ClassLoaders$AppClassLoader
ciInstanceKlass jdk/internal/loader/BuiltinClassLoader 1 1 737 9 7 12 1 1 1 10 7 12 1 1 1 10 7 12 1 1 1 9 12 1 1 9 12 1 1 7 1 10 12 1 9 12 1 10 12 1 9 12 1 10 7 12 1 1 1 10 7 12 1 1 1 10 7 12 1 1 1 11 7 12 1 1 1 100 1 100 1 10 10 12 1 1 8 1 10 12 1 10 12 7 1 10 12 1 10 12 1 1 11 7 12 1 1 1 11 7 12 1 1 1 11 12 1 1 7 1 8 1 8 1 10 9 12 1 1 10 7 12 1 1 11 12 1 1 10 12 1 1 10 12 1 1 10 12 1 1 10 7 12 1 1 1 10 12 1 10 100 12 1 1 1 10 12 1 1 11 7 12 1 1 1 10 7 12 1 1 7 1 10 7 12 1 1 1 10 12 1 100 1 8 1 10 12 1 1 10 8 1 10 12 1 1 10 12 1 1 10 12 1 1 11 7 12 1 1 11 12 1 7 1 10 11 12 1 1 11 10 12 1 1 7 1 10 12 1 10 7 12 1 10 12 1 7 1 10 12 1 10 7 12 1 1 1 100 1 10 12 1 1 11 12 1 7 1 100 1 10 12 1 10 12 1 1 100 1 100 1 10 12 1 10 12 1 18 12 1 1 10 12 1 10 12 1 1 18 100 1 10 7 12 1 1 1 7 1 10 10 12 1 1 10 12 1 1 10 12 1 1 10 12 1 9 12 1 1 100 1 10 10 12 1 1 10 12 1 1 10 12 1 10 12 10 12 1 1 10 12 1 1 10 12 1 1 10 12 1 10 12 1 1 18 12 1 7 1 10 12 1 1 10 12 1 10 12 1 1 10 12 1 100 1 10 12 1 7 1 10 12 1 10 7 12 1 1 1 10 12 1 11 12 1 7 1 10 12 1 7 1 100 1 10 12 1 10 12 1 11 12 1 1 10 12 1 1 10 12 1 1 10 12 1 1 10 12 1 1 10 12 1 10 12 1 10 12 1 10 12 1 8 1 10 12 1 1 10 7 12 1 1 10 12 1 100 1 8 1 8 1 10 10 12 1 8 1 8 1 10 7 12 1 1 1 11 7 12 1 1 1 9 7 12 1 1 1 10 7 12 1 1 1 9 12 1 9 12 1 9 12 1 9 12 1 9 12 1 9 12 1 10 7 12 1 1 1 8 1 10 12 1 7 1 10 12 1 1 10 12 1 7 1 10 11 12 1 1 10 12 10 12 1 10 12 1 100 1 10 12 1 10 12 1 10 10 12 1 10 7 12 1 1 8 1 10 7 12 1 1 10 12 1 1 1 1 1 1 1 1 1 1 1 1 1 1 1 1 1 1 1 1 1 1 1 1 1 1 1 1 1 1 1 1 1 1 1 1 1 1 1 1 1 1 1 1 1 1 1 1 1 1 1 1 1 1 1 1 100 1 1 1 1 1 1 1 1 1 1 1 1 1 1 1 1 1 1 100 1 100 1 1 1 1 1 1 1 1 1 1 1 1 1 1 1 1 1 1 1 1 1 1 1 1 1 1 1 1 1 1 1 1 1 1 1 1 1 1 1 1 1 1 1 1 1 1 1 1 1 1 1 100 1 1 15 10 100 12 1 1 1 16 15 10 12 16 15 10 12 16 15 10 12 16 1 1 1 100 1 1 1 1 1 100 1 100 1 1
staticfield jdk/internal/loader/BuiltinClassLoader packageToModule Ljava/util/Map; java/util/concurrent/ConcurrentHashMap
staticfield jdk/internal/loader/BuiltinClassLoader $assertionsDisabled Z 1
ciInstanceKlass java/security/AccessController 1 1 295 10 100 12 1 1 1 10 7 12 1 1 1 10 7 12 1 1 1 10 12 1 1 10 12 1 1 10 7 12 1 1 1 10 12 1 1 10 12 1 10 12 1 1 10 12 1 100 1 8 1 10 12 1 10 12 1 10 12 1 1 10 12 1 7 1 7 1 10 12 1 1 10 12 1 10 12 1 10 12 1 1 10 7 12 1 1 1 10 12 1 1 9 100 12 1 1 1 10 100 12 1 1 1 10 12 1 10 12 1 9 100 12 1 1 1 10 12 1 10 12 1 1 9 12 1 1 10 100 1 10 11 7 12 1 1 1 10 7 12 1 1 11 7 1 7 1 10 12 1 10 12 1 10 12 1 8 1 10 12 1 1 8 1 10 100 12 1 1 1 8 1 100 1 10 10 12 1 1 10 12 1 10 7 12 1 1 1 10 12 1 8 1 10 100 12 1 1 8 1 8 1 10 12 1 8 1 10 12 1 10 12 1 1 10 12 1 1 1 1 1 1 1 1 1 1 1 1 1 1 1 1 1 1 1 1 1 1 1 1 1 1 1 1 100 1 1 1 1 1 1 1 1 1 1 1 1 1 1 1 1 1 1 1 1 1 1 1 1 1 1 1 1 1 1 1 1 1 1 100 1 100 1 1 1 1 1 1 1 1 1 3 1 1 1
staticfield java/security/AccessController $assertionsDisabled Z 1
instanceKlass jdk/internal/reflect/GeneratedConstructorAccessor20
instanceKlass jdk/internal/reflect/GeneratedConstructorAccessor19
instanceKlass jdk/internal/reflect/GeneratedConstructorAccessor18
instanceKlass jdk/internal/reflect/GeneratedConstructorAccessor17
instanceKlass jdk/internal/reflect/GeneratedConstructorAccessor16
instanceKlass jdk/internal/reflect/GeneratedConstructorAccessor15
instanceKlass jdk/internal/reflect/GeneratedConstructorAccessor14
instanceKlass jdk/internal/reflect/GeneratedConstructorAccessor13
instanceKlass jdk/internal/reflect/GeneratedConstructorAccessor12
instanceKlass jdk/internal/reflect/GeneratedConstructorAccessor11
instanceKlass jdk/internal/reflect/GeneratedConstructorAccessor10
instanceKlass jdk/internal/reflect/GeneratedConstructorAccessor9
instanceKlass jdk/internal/reflect/GeneratedConstructorAccessor8
instanceKlass jdk/internal/reflect/GeneratedConstructorAccessor7
instanceKlass jdk/internal/reflect/GeneratedConstructorAccessor6
instanceKlass jdk/internal/reflect/GeneratedConstructorAccessor5
instanceKlass jdk/internal/reflect/GeneratedConstructorAccessor4
instanceKlass jdk/internal/reflect/GeneratedConstructorAccessor3
instanceKlass jdk/internal/reflect/GeneratedConstructorAccessor2
instanceKlass jdk/internal/reflect/BootstrapConstructorAccessorImpl
instanceKlass jdk/internal/reflect/GeneratedConstructorAccessor1
instanceKlass jdk/internal/reflect/DelegatingConstructorAccessorImpl
instanceKlass jdk/internal/reflect/NativeConstructorAccessorImpl
ciInstanceKlass jdk/internal/reflect/ConstructorAccessorImpl 1 1 27 10 7 12 1 1 1 100 1 100 1 1 1 1 1 1 1 1 1 100 1 100 1 100 1 1 1
instanceKlass jdk/internal/reflect/FieldAccessorImpl
instanceKlass jdk/internal/reflect/ConstructorAccessorImpl
instanceKlass jdk/internal/reflect/MethodAccessorImpl
ciInstanceKlass jdk/internal/reflect/MagicAccessorImpl 1 1 16 10 7 12 1 1 1 100 1 1 1 1 1 1 1 1
instanceKlass jdk/internal/reflect/GeneratedMethodAccessor22
instanceKlass jdk/internal/reflect/GeneratedMethodAccessor21
instanceKlass jdk/internal/reflect/GeneratedMethodAccessor20
instanceKlass jdk/internal/reflect/GeneratedMethodAccessor19
instanceKlass jdk/internal/reflect/GeneratedMethodAccessor18
instanceKlass jdk/internal/reflect/GeneratedMethodAccessor17
instanceKlass jdk/internal/reflect/GeneratedMethodAccessor16
instanceKlass jdk/internal/reflect/GeneratedMethodAccessor15
instanceKlass jdk/internal/reflect/GeneratedMethodAccessor14
instanceKlass jdk/internal/reflect/GeneratedMethodAccessor13
instanceKlass jdk/internal/reflect/GeneratedMethodAccessor12
instanceKlass jdk/internal/reflect/GeneratedMethodAccessor11
instanceKlass jdk/internal/reflect/GeneratedMethodAccessor10
instanceKlass jdk/internal/reflect/GeneratedMethodAccessor9
instanceKlass jdk/internal/reflect/GeneratedMethodAccessor8
instanceKlass jdk/internal/reflect/GeneratedMethodAccessor7
instanceKlass jdk/internal/reflect/GeneratedMethodAccessor6
instanceKlass jdk/internal/reflect/GeneratedMethodAccessor5
instanceKlass jdk/internal/reflect/GeneratedMethodAccessor4
instanceKlass jdk/internal/reflect/GeneratedMethodAccessor3
instanceKlass jdk/internal/reflect/GeneratedMethodAccessor2
instanceKlass jdk/internal/reflect/GeneratedMethodAccessor1
instanceKlass jdk/internal/reflect/DelegatingMethodAccessorImpl
instanceKlass jdk/internal/reflect/NativeMethodAccessorImpl
ciInstanceKlass jdk/internal/reflect/MethodAccessorImpl 1 1 25 10 7 12 1 1 1 100 1 100 1 1 1 1 1 1 1 1 1 100 1 100 1 1 1
ciInstanceKlass java/lang/Module 1 1 959 10 7 12 1 1 1 9 7 12 1 1 1 10 7 12 1 1 1 9 12 1 9 12 1 1 9 12 1 1 10 12 1 1 10 12 1 10 12 1 1 10 7 12 1 1 1 7 1 10 7 12 1 1 1 10 12 1 1 11 7 12 1 1 1 10 12 1 1 10 7 12 1 1 1 10 12 1 1 10 7 12 1 1 1 9 100 12 1 1 1 10 100 12 1 1 1 10 12 1 8 1 10 7 12 1 1 1 10 7 12 1 1 1 9 12 1 1 9 12 1 1 10 12 1 9 12 1 1 11 12 1 9 7 12 1 1 10 7 12 1 1 1 10 7 12 1 1 1 10 12 1 1 100 1 100 1 10 10 12 1 1 8 1 10 12 1 10 12 10 12 1 10 12 1 1 10 12 1 1 10 12 1 1 9 7 12 1 1 1 10 12 1 1 10 12 1 1 9 12 1 10 12 1 10 12 1 9 12 1 1 11 7 12 1 1 10 12 1 1 9 12 1 9 12 1 10 12 1 10 12 1 100 1 8 1 10 10 12 1 1 10 12 1 8 1 10 12 1 1 8 1 8 1 10 12 1 1 10 12 1 10 12 1 1 18 12 1 1 10 12 1 1 11 12 1 9 12 1 11 12 10 100 12 1 1 100 1 8 1 10 7 1 11 12 1 1 10 12 1 10 12 1 10 12 1 1 11 12 1 1 11 7 12 1 1 11 12 1 1 9 12 1 11 12 1 10 12 1 1 10 12 1 1 9 12 1 10 12 10 7 12 1 1 10 7 12 1 1 10 7 1 18 12 1 1 11 100 12 1 1 1 18 12 1 11 12 1 1 10 100 12 1 1 1 11 12 1 1 10 7 12 1 1 4 7 1 11 12 1 7 1 7 1 10 10 7 12 1 1 1 10 11 7 12 1 8 1 10 10 12 1 1 10 7 12 1 1 10 12 1 10 12 1 7 1 10 12 1 10 11 12 1 1 10 12 10 12 1 1 9 12 1 100 1 10 10 12 1 1 11 7 1 10 12 1 1 11 12 1 10 10 12 1 11 10 12 1 1 10 12 1 1 10 12 1 1 10 7 12 1 1 10 12 1 10 12 1 1 10 10 12 1 1 10 12 1 18 12 1 11 12 1 18 12 1 10 12 1 10 12 1 10 12 7 1 10 12 1 10 12 1 10 12 1 9 12 1 7 1 10 10 10 10 12 1 10 12 1 10 12 1 10 12 1 1 10 12 1 1 10 12 1 9 12 1 18 12 1 1 10 100 12 1 1 1 100 1 8 1 10 12 1 1 10 12 1 1 10 100 12 1 1 100 1 10 12 1 1 100 1 8 1 100 1 10 100 1 100 1 3 10 12 1 100 1 10 12 1 10 12 1 1 10 12 1 1 100 1 10 12 1 10 12 1 1 100 1 100 1 10 12 8 1 10 12 1 1 10 12 1 1 10 7 12 1 1 10 12 1 1 10 12 1 10 12 10 12 1 1 7 1 10 10 12 1 1 10 100 12 1 1 1 100 1 8 1 10 12 1 1 10 100 12 1 1 8 1 10 12 1 8 1 10 12 1 10 12 10 12 1 8 1 10 10 100 12 1 1 7 1 10 10 12 1 10 7 12 1 1 9 12 1 9 12 1 9 12 1 9 12 1 10 12 11 12 1 10 12 1 100 1 1 1 1 1 1 1 1 1 1 1 1 1 1 1 1 100 1 1 1 1 1 1 1 1 1 1 1 1 1 1 1 1 1 1 1 1 1 1 1 1 1 1 1 1 1 1 1 1 1 1 1 1 1 1 1 1 1 1 1 1 1 1 1 1 1 1 1 1 1 1 1 1 1 1 1 1 1 1 1 1 1 1 1 1 1 1 1 1 1 1 1 1 1 1 1 1 1 1 1 100 100 1 1 1 1 1 1 1 1 1 1 1 1 1 1 1 1 1 1 1 1 1 1 1 1 1 1 1 1 1 1 1 1 1 1 100 1 100 1 7 1 1 1 1 1 1 1 1 1 1 1 1 1 1 1 1 1 1 1 1 1 1 1 1 1 1 1 1 15 10 7 12 1 1 1 16 15 10 12 16 16 15 10 12 16 16 15 10 16 1 15 10 12 16 1 15 10 12 16 1 16 15 10 12 16 1 1 1 1 1 1 1 100 1 100 1 1
staticfield java/lang/Module ALL_UNNAMED_MODULE Ljava/lang/Module; java/lang/Module
staticfield java/lang/Module ALL_UNNAMED_MODULE_SET Ljava/util/Set; java/util/ImmutableCollections$Set12
staticfield java/lang/Module EVERYONE_MODULE Ljava/lang/Module; java/lang/Module
staticfield java/lang/Module EVERYONE_SET Ljava/util/Set; java/util/ImmutableCollections$Set12
staticfield java/lang/Module $assertionsDisabled Z 1
instanceKlass org/reactfx/collection/QuasiListChangeImpl
instanceKlass com/sun/javafx/fxml/builder/ProxyBuilder$ArrayListWrapper
ciInstanceKlass java/util/ArrayList 1 1 492 10 7 12 1 1 1 7 1 9 7 12 1 1 1 9 12 1 100 1 100 1 10 8 1 10 12 1 1 10 12 1 10 12 1 1 10 12 1 9 12 1 11 7 12 1 1 1 9 12 1 1 10 12 1 1 7 10 7 12 1 1 1 9 12 1 10 12 1 10 12 1 1 10 7 12 1 1 1 10 7 12 1 1 1 10 12 1 1 10 12 1 1 10 12 1 1 10 12 1 10 12 1 1 100 1 100 1 10 12 1 10 7 12 1 1 1 10 7 12 1 1 10 12 1 10 12 10 12 1 1 10 12 1 1 10 12 1 1 7 1 10 12 1 1 10 12 1 1 10 12 1 100 1 10 11 12 1 1 11 7 12 1 1 1 11 12 1 10 12 1 10 12 1 10 12 1 1 100 1 10 12 1 1 10 10 12 1 1 10 12 1 8 1 8 1 8 1 8 1 10 12 1 1 10 12 1 1 11 12 1 100 1 10 100 12 1 1 10 12 1 10 12 1 1 10 100 12 1 1 10 12 1 10 100 12 1 1 1 11 100 12 1 1 1 10 12 1 100 1 8 1 10 100 1 10 12 1 7 1 10 12 1 10 12 1 1 7 1 10 12 1 10 12 1 1 11 7 12 1 1 7 1 10 12 1 10 12 1 1 11 100 12 1 1 10 12 1 1 10 12 1 1 10 12 1 1 10 12 1 1 11 100 12 1 1 10 12 1 1 100 1 100 1 100 1 1 1 1 5 0 1 3 1 1 1 1 1 1 1 1 1 1 1 1 1 1 1 1 1 1 1 1 1 1 1 1 1 1 1 1 1 1 1 1 1 1 1 1 1 1 1 1 1 1 1 1 1 1 1 1 1 1 1 1 1 1 1 1 1 1 1 1 1 1 1 1 1 1 1 1 1 1 1 1 1 1 1 1 1 1 1 1 1 1 1 1 1 1 1 1 1 1 1 1 1 1 1 1 100 1 1 1 1 100 1 1 1 1 1 1 1 1 1 1 1 1 1 1 1 1 1 1 1 1 1 1 1 1 1 1 1 1 1 100 1 1 1 1 1 1 1 1 1 1 1 1 1 1 1 1 1 1 100 1 100 1 1 1 1 1 1
staticfield java/util/ArrayList EMPTY_ELEMENTDATA [Ljava/lang/Object; 0 [Ljava/lang/Object;
staticfield java/util/ArrayList DEFAULTCAPACITY_EMPTY_ELEMENTDATA [Ljava/lang/Object; 0 [Ljava/lang/Object;
ciInstanceKlass java/util/concurrent/ConcurrentHashMap 1 1 1210 7 1 7 1 3 10 12 1 1 3 100 1 10 7 12 1 1 1 100 1 10 100 12 1 1 1 100 1 11 12 1 1 11 12 1 11 12 1 1 9 12 1 1 9 12 1 1 9 12 1 10 7 12 1 1 1 7 1 10 12 1 1 10 12 1 1 10 7 12 1 1 1 4 10 12 1 9 12 1 10 12 1 1 100 1 10 5 0 10 12 1 10 12 1 1 5 0 10 12 1 1 10 12 1 9 12 1 1 10 12 1 1 9 12 1 9 12 1 1 10 12 1 1 9 12 1 10 12 1 1 9 12 1 1 10 12 1 1 100 1 10 100 1 10 12 1 10 12 1 1 10 12 1 1 10 12 1 1 10 12 1 10 12 1 1 10 12 1 1 7 1 10 12 1 1 7 1 100 1 8 1 10 12 1 10 12 1 1 10 12 1 1 11 7 12 1 1 10 12 1 1 11 12 1 1 11 7 12 1 1 1 11 7 12 1 1 1 11 12 1 7 1 11 12 1 11 12 1 10 12 1 1 10 12 1 1 9 12 1 1 10 7 12 1 1 1 9 10 12 1 1 9 12 1 10 12 1 1 5 0 9 12 1 1 7 1 10 12 1 9 12 1 1 7 1 10 12 1 9 12 1 7 1 10 100 1 10 10 12 1 1 8 1 10 12 1 10 12 1 1 11 100 1 10 12 1 10 100 12 1 1 1 8 1 10 100 12 1 1 1 8 1 10 12 1 8 1 10 12 1 10 12 1 1 10 100 12 1 1 10 12 1 10 12 1 10 12 1 9 12 1 9 10 12 1 9 12 1 1 11 100 12 1 1 1 11 7 12 1 1 1 100 1 10 12 11 100 12 1 1 10 11 7 12 1 10 12 1 100 1 10 12 1 100 1 10 10 9 7 12 1 1 1 10 12 3 10 100 12 1 1 9 12 1 10 12 1 1 9 12 1 1 9 12 1 10 12 1 1 10 100 12 1 1 9 12 1 9 7 12 1 1 10 12 1 1 10 12 1 3 9 12 1 9 12 1 10 12 1 1 7 1 9 3 9 12 1 100 1 10 12 1 9 12 1 10 12 1 9 12 1 10 12 1 9 12 1 10 100 12 1 1 1 100 10 12 1 100 1 5 0 10 100 12 1 1 100 1 10 12 1 1 10 12 1 10 12 1 100 1 10 12 1 10 100 1 100 1 10 10 12 1 10 100 1 10 12 1 10 100 1 10 12 1 10 100 1 10 12 1 1 100 1 10 12 1 10 10 12 1 100 1 10 12 1 10 10 12 1 100 1 10 12 1 10 100 1 10 12 1 10 100 1 10 12 1 10 100 1 10 12 1 10 100 1 10 12 1 10 100 1 10 12 1 10 100 1 10 12 1 10 100 1 10 12 1 10 100 1 10 10 100 1 10 10 100 1 10 10 100 1 10 12 1 10 100 1 10 12 1 10 100 1 10 12 1 10 100 1 10 12 1 10 100 1 10 12 1 10 100 1 10 10 100 1 10 10 100 1 10 10 100 1 10 12 1 10 100 1 10 12 1 10 100 1 10 12 1 10 100 1 10 12 1 10 100 1 10 12 1 10 10 12 1 10 7 12 1 1 1 10 12 1 7 1 7 1 10 12 1 9 12 1 1 9 12 1 1 10 12 1 1 8 10 12 1 1 8 8 8 8 7 10 12 1 1 10 12 1 100 1 8 1 10 7 1 100 1 100 1 1 1 5 0 1 1 3 1 3 1 1 1 1 3 1 3 1 3 1 1 1 1 1 3 1 3 1 3 1 1 1 1 1 1 1 1 1 1 1 1 1 1 1 1 1 1 1 1 1 1 1 1 1 100 1 1 1 1 1 1 1 1 1 1 1 1 1 1 1 1 1 1 1 1 1 1 1 1 1 1 1 1 1 1 1 1 1 1 1 1 1 1 1 1 1 1 1 1 1 1 1 1 1 1 1 1 1 1 1 1 1 1 1 1 1 1 1 1 1 1 1 1 1 1 1 1 1 1 1 1 1 1 1 1 1 1 1 1 100 1 1 1 1 1 1 1 1 1 1 1 100 1 1 1 1 1 1 1 1 1 1 1 1 1 1 1 1 1 1 1 1 1 1 1 1 1 1 1 1 1 1 1 1 1 1 1 1 1 1 1 1 1 1 1 1 1 1 1 1 1 1 1 1 1 1 1 1 1 1 1 1 1 1 1 1 1 1 1 1 1 1 1 1 1 1 1 1 1 1 1 1 1 1 1 1 1 1 1 1 1 1 1 1 1 1 1 1 1 1 1 1 1 1 1 1 1 1 1 1 1 1 1 1 1 1 1 1 1 1 1 1 1 1 1 1 1 1 1 1 1 1 1 1 1 1 1 1 1 1 1 1 1 1 1 1 1 1 1 1 1 1 1 1 1 1 1 1 1 1 1 1 1 1 1 1 1 1 1 1 1 1 1 1 1 1 1 1 1 1 1 1 1 1 1 1 1 1 1 1 1 1 1 1 1 1 1 1 1 1 1 1 1 1 1 1 1 1 1 1 1 1 1 1 1 1 1 1 1 1 1 1 1 1 1 100 1 100 1 100 1 100 1 100 1 100 1 100 1 100 1 100 1 1 1 1 1 1 1 1 1 1 1 1 1 1 1 1 1 1 1 1 1 1 1 1 1 1 1 1 1 1 1 1 1 1 1 1 1 1 1 1 1 1 1 1 1 1 1 1 1 1 1 1 1 1 1 1 1 1
staticfield java/util/concurrent/ConcurrentHashMap NCPU I 12
staticfield java/util/concurrent/ConcurrentHashMap serialPersistentFields [Ljava/io/ObjectStreamField; 3 [Ljava/io/ObjectStreamField;
staticfield java/util/concurrent/ConcurrentHashMap U Ljdk/internal/misc/Unsafe; jdk/internal/misc/Unsafe
staticfield java/util/concurrent/ConcurrentHashMap SIZECTL J 20
staticfield java/util/concurrent/ConcurrentHashMap TRANSFERINDEX J 32
staticfield java/util/concurrent/ConcurrentHashMap BASECOUNT J 24
staticfield java/util/concurrent/ConcurrentHashMap CELLSBUSY J 36
staticfield java/util/concurrent/ConcurrentHashMap CELLVALUE J 144
staticfield java/util/concurrent/ConcurrentHashMap ABASE I 16
staticfield java/util/concurrent/ConcurrentHashMap ASHIFT I 2
ciInstanceKlass java/lang/String 1 1 1396 10 7 12 1 1 1 8 1 9 7 12 1 1 1 9 12 1 1 9 12 1 1 10 12 1 10 12 1 1 10 12 1 1 9 12 1 1 10 7 12 1 1 1 10 7 1 10 7 12 1 1 1 10 12 1 1 10 12 1 1 10 12 1 10 12 1 1 10 12 1 10 7 12 1 1 1 9 7 12 1 1 1 10 7 12 1 1 1 10 12 1 1 10 12 1 1 10 12 1 1 10 12 1 1 10 12 1 1 9 7 12 1 1 10 12 9 7 12 1 1 3 10 7 12 1 1 1 7 1 11 12 1 1 11 12 1 11 12 1 1 10 7 12 1 1 1 10 12 1 1 9 7 12 1 1 1 10 12 1 1 10 12 1 11 12 1 1 10 12 1 1 10 12 10 12 1 1 10 7 12 1 1 1 10 7 12 1 1 1 10 12 1 1 100 1 100 1 10 12 1 10 12 1 10 12 1 1 100 1 10 12 1 1 100 1 10 12 1 1 10 12 1 1 10 10 12 1 100 1 100 1 100 1 10 12 1 10 12 1 1 10 12 1 1 10 12 1 10 12 1 1 10 12 1 1 10 100 12 1 1 100 1 11 11 12 1 11 12 1 10 12 1 1 10 12 1 10 12 10 12 1 1 10 10 7 12 1 1 1 10 7 12 1 1 10 12 1 1 10 7 12 1 1 10 12 1 10 12 1 1 10 12 1 1 10 12 1 10 12 1 10 12 1 1 100 1 10 12 1 1 10 12 10 12 1 10 12 1 1 10 100 12 1 1 1 10 12 1 10 12 1 1 10 12 1 10 12 1 3 3 10 12 1 10 12 1 1 10 12 1 1 10 12 1 1 10 12 1 10 12 1 1 10 12 1 1 10 12 1 10 12 1 10 12 1 10 12 1 1 10 12 1 10 12 1 10 12 1 10 12 1 10 12 1 10 12 1 10 100 1 10 8 1 10 12 1 1 10 12 1 8 1 10 12 1 1 10 12 10 12 1 8 1 10 10 12 1 1 10 12 1 1 10 12 1 10 12 1 1 10 12 10 100 1 10 10 12 1 10 12 1 10 12 1 10 10 12 1 10 12 1 1 10 12 1 100 1 10 10 12 1 100 1 10 10 12 1 10 12 1 1 10 12 1 10 12 1 1 10 10 12 1 1 10 100 1 10 10 12 1 10 12 1 1 10 12 1 1 10 100 1 10 12 1 10 12 1 10 12 1 10 12 1 1 10 12 1 11 7 1 11 12 10 12 1 10 12 1 1 10 12 1 1 10 10 12 1 10 12 1 9 12 1 1 11 7 12 1 1 1 10 10 12 1 10 12 1 1 10 10 12 1 10 12 1 10 12 1 1 9 12 1 10 12 1 1 10 10 12 1 1 10 12 10 10 12 1 10 12 10 10 12 10 10 12 1 10 12 1 10 12 10 10 12 10 12 1 10 12 10 12 10 10 12 1 10 12 1 1 10 12 1 10 10 12 1 10 7 12 1 1 1 10 12 1 1 10 10 7 12 1 1 1 11 10 12 1 10 12 1 1 10 12 1 1 10 7 12 1 1 1 10 12 1 10 10 12 1 10 12 1 10 12 1 10 100 12 1 1 10 12 1 100 1 100 1 8 1 10 10 10 12 1 8 1 10 12 1 3 3 7 1 10 10 12 1 10 12 1 10 12 1 1 10 12 1 1 11 7 12 1 1 1 7 1 10 12 1 1 10 12 1 10 12 1 1 10 12 1 1 8 1 10 12 1 1 10 12 1 11 7 12 1 1 1 11 7 12 1 1 11 12 1 1 10 12 1 10 12 1 1 10 10 7 12 1 1 1 10 12 1 10 12 1 10 10 12 10 12 1 1 10 10 12 1 10 10 12 1 10 10 12 1 10 10 12 1 10 12 1 1 10 10 12 1 8 1 10 12 1 1 18 12 1 1 11 100 12 1 1 1 7 1 3 18 12 1 18 12 1 8 1 10 100 12 1 1 1 11 12 1 1 10 12 10 10 12 1 10 11 12 1 1 10 12 1 1 11 12 1 18 3 11 10 12 1 11 11 10 12 1 10 12 1 1 8 1 10 12 1 10 12 1 10 12 1 1 10 10 12 1 11 100 12 1 7 1 100 1 10 12 1 7 1 10 10 7 12 1 1 1 100 1 10 7 1 10 10 12 1 10 10 12 1 8 1 10 10 12 1 8 1 8 1 10 12 1 10 12 1 10 10 12 10 7 12 1 1 10 7 12 1 1 10 7 12 1 1 8 1 10 12 1 10 12 1 1 10 10 12 8 1 8 1 10 8 1 8 1 8 1 8 1 10 12 1 10 12 1 8 1 10 100 12 1 1 1 10 12 10 12 1 1 10 12 10 10 12 10 12 7 1 9 12 1 1 7 1 10 100 1 100 1 100 1 100 1 1 1 1 1 1 5 0 1 1 1 1 1 3 1 3 1 1 1 1 1 1 1 1 1 1 1 1 1 1 1 100 1 1 1 100 1 1 1 1 1 1 1 1 1 1 1 1 1 1 1 1 1 1 1 1 1 1 1 1 1 1 1 100 1 1 1 1 1 1 1 1 1 100 1 1 1 1 1 1 1 1 1 1 1 1 1 1 1 1 1 1 1 1 1 1 1 1 1 1 1 1 1 1 1 1 1 1 1 1 1 1 1 1 1 1 1 1 1 1 1 1 1 1 1 1 1 1 1 1 1 1 1 1 1 1 1 1 1 1 1 1 1 1 1 1 1 1 1 1 1 1 1 1 1 1 1 1 1 1 1 1 1 1 1 1 1 1 1 1 1 1 1 1 1 1 1 1 1 1 1 1 1 1 1 1 1 1 1 1 1 1 1 1 1 1 1 1 1 1 1 1 1 1 1 1 1 1 1 1 1 1 1 1 1 1 1 1 1 1 1 1 1 1 1 1 1 1 1 1 1 1 1 1 1 1 1 1 1 1 1 1 1 100 1 1 1 1 1 1 1 1 1 1 1 1 1 1 1 1 1 1 1 1 1 1 1 1 100 1 1 1 1 1 1 1 1 1 1 1 1 1 100 1 1 1 1 1 1 1 1 1 1 1 1 1 1 1 15 10 100 12 1 1 1 16 15 10 12 16 15 10 12 15 10 12 15 10 12 1 1 1 1 100 1 100 1 1 1
staticfield java/lang/String COMPACT_STRINGS Z 1
staticfield java/lang/String serialPersistentFields [Ljava/io/ObjectStreamField; 0 [Ljava/io/ObjectStreamField;
staticfield java/lang/String CASE_INSENSITIVE_ORDER Ljava/util/Comparator; java/lang/String$CaseInsensitiveComparator
ciInstanceKlass java/security/ProtectionDomain 1 1 324 10 7 12 1 1 1 9 7 12 1 1 1 7 1 10 9 12 1 1 9 12 1 1 9 12 1 1 10 7 12 1 1 7 1 9 12 1 9 12 1 1 7 1 9 12 1 1 9 12 1 10 100 12 1 1 10 100 12 1 1 1 10 12 1 1 10 12 1 9 12 1 9 100 12 1 1 10 12 1 1 10 100 1 10 12 1 1 8 1 100 1 8 1 10 12 1 10 10 100 12 1 1 1 10 12 1 1 8 1 11 8 1 10 12 1 8 1 8 1 10 12 1 1 10 12 1 10 12 1 1 10 12 1 8 1 10 12 1 8 1 8 1 10 100 12 1 1 1 9 100 12 1 1 1 10 12 1 1 9 100 12 1 1 1 10 100 12 1 1 1 100 1 100 1 10 12 1 10 100 12 1 1 1 10 100 1 10 12 1 10 12 1 1 11 100 12 1 1 11 12 1 100 1 11 100 12 1 1 1 10 12 1 10 11 12 1 1 11 12 1 1 10 12 1 10 7 12 1 1 10 100 12 1 1 11 12 1 10 12 8 1 8 1 10 7 12 1 1 1 7 1 10 10 7 12 1 1 1 1 1 1 1 1 1 1 100 1 1 100 1 1 1 1 1 1 1 1 1 1 1 1 1 1 1 1 1 1 1 1 1 1 1 1 1 1 1 1 1 1 1 1 1 1 1 1 1 1 1 1 1 1 100 1 1 1 1 1 100 1 1 1 1 1
staticfield java/security/ProtectionDomain filePermCompatInPD Z 0
ciInstanceKlass java/security/CodeSource 1 1 395 10 7 12 1 1 1 9 7 12 1 1 1 9 12 1 1 9 12 1 1 9 12 1 1 10 7 12 1 1 1 9 12 1 1 10 100 12 1 1 10 100 10 100 12 1 1 1 10 100 12 1 1 1 10 12 1 1 100 1 10 10 100 12 1 1 1 10 100 12 1 1 1 10 12 1 1 10 12 1 100 1 10 12 1 1 10 12 1 1 10 12 1 1 10 12 1 10 10 10 12 1 1 10 100 12 1 1 1 10 12 1 10 12 1 10 12 1 8 1 10 12 1 10 12 1 10 12 1 1 10 12 1 8 1 10 12 1 1 10 100 1 10 10 12 1 1 8 1 10 12 1 10 12 1 10 12 1 8 1 8 1 9 12 1 1 100 1 8 1 10 12 1 10 12 1 1 8 1 10 12 1 8 1 8 1 8 1 10 100 12 1 1 10 12 1 1 10 12 1 10 12 1 1 10 12 1 1 10 12 1 1 100 1 100 1 10 12 1 10 12 10 12 1 1 10 100 12 1 1 10 12 1 100 1 10 12 10 8 1 10 12 1 10 12 1 10 12 1 1 100 1 10 12 1 1 100 1 100 1 8 1 8 1 10 10 12 1 1 10 100 12 1 1 1 100 1 10 12 10 12 1 1 11 100 12 1 1 10 10 12 1 11 10 12 1 8 1 100 1 10 12 1 10 12 1 1 10 12 1 11 12 1 1 11 100 1 1 1 1 5 0 1 1 1 1 1 1 1 1 1 1 1 1 1 1 1 1 1 1 1 1 1 1 1 1 1 1 1 1 1 1 1 1 1 1 1 1 1 1 1 1 1 1 1 1 1 1 1 1 1 1 1 1 1 1 1 1 1 1 1 1 1 1 1 1 1 100 1 1 1 1 1 1 1
ciInstanceKlass java/lang/StringBuilder 1 1 409 10 7 12 1 1 1 10 12 1 10 12 1 10 12 1 1 10 7 12 1 1 1 10 7 12 1 1 1 10 12 1 10 12 1 10 12 1 10 12 1 10 12 1 10 12 1 10 12 1 10 12 1 10 12 1 10 12 1 10 12 1 10 12 1 10 12 1 10 12 1 1 10 12 1 10 12 1 1 10 12 1 1 10 12 1 10 12 1 10 12 1 10 12 1 10 12 1 10 12 1 10 12 1 10 12 10 12 1 10 12 1 10 12 1 10 12 1 1 10 12 1 10 12 1 10 12 10 12 1 1 10 12 1 1 9 12 1 1 9 12 1 1 10 7 12 1 1 1 10 7 1 10 100 12 1 1 1 10 12 1 10 12 1 1 10 12 1 1 10 10 12 1 1 10 100 12 1 1 10 12 1 10 12 1 1 100 1 100 1 8 1 10 10 12 1 1 10 12 1 1 10 12 1 10 12 1 10 12 1 10 12 1 10 12 1 10 12 1 10 12 1 10 12 1 10 12 1 10 12 1 10 12 1 10 12 1 10 12 1 10 12 1 10 12 1 1 10 12 1 1 10 12 1 10 12 1 10 12 1 10 12 10 12 10 12 1 10 12 1 10 12 1 10 12 10 12 1 10 12 1 10 12 1 10 12 1 10 12 1 10 12 1 10 12 1 10 12 1 10 12 1 1 10 12 1 10 12 1 1 10 12 1 10 12 1 1 10 12 1 10 12 1 1 10 12 1 10 12 1 10 12 1 10 10 12 1 10 12 1 100 1 100 1 100 1 1 1 1 5 0 1 1 1 1 1 1 1 1 1 1 1 1 1 1 1 1 1 1 1 1 1 1 1 1 1 1 1 1 1 1 1 1 1 1 1 1 1 1 1 1 1 1 1 100 1 1 1 100 1 1 1 1 1 1 1 1 1 1
ciInstanceKlass jdk/internal/loader/ClassLoaders 1 1 183 10 100 12 1 1 1 10 7 12 1 1 1 10 12 1 1 10 100 12 1 1 1 9 7 12 1 1 1 9 12 1 1 9 12 1 1 7 1 11 100 12 1 1 1 100 1 11 12 1 1 11 12 1 1 10 100 12 1 1 1 10 100 12 1 1 1 100 1 100 1 10 7 12 1 1 1 9 12 1 1 10 12 1 1 7 1 10 12 1 1 10 12 1 7 1 8 1 10 7 12 1 1 1 10 12 1 1 7 1 10 12 1 10 12 1 10 12 1 8 1 10 7 12 1 1 8 1 8 1 10 12 1 7 1 10 12 1 10 12 1 10 12 1 1 1 1 1 1 1 1 1 1 1 1 1 1 1 1 1 1 1 1 100 1 1 1 1 1 1 1 1 1 1 1 1 1 1 1 1 1 1 1
staticfield jdk/internal/loader/ClassLoaders JLA Ljdk/internal/access/JavaLangAccess; java/lang/System$2
staticfield jdk/internal/loader/ClassLoaders BOOT_LOADER Ljdk/internal/loader/ClassLoaders$BootClassLoader; jdk/internal/loader/ClassLoaders$BootClassLoader
staticfield jdk/internal/loader/ClassLoaders PLATFORM_LOADER Ljdk/internal/loader/ClassLoaders$PlatformClassLoader; jdk/internal/loader/ClassLoaders$PlatformClassLoader
staticfield jdk/internal/loader/ClassLoaders APP_LOADER Ljdk/internal/loader/ClassLoaders$AppClassLoader; jdk/internal/loader/ClassLoaders$AppClassLoader
ciInstanceKlass jdk/internal/misc/Unsafe 1 1 1285 10 7 12 1 1 1 9 7 12 1 1 1 9 12 1 1 10 12 1 1 10 7 12 1 1 1 10 12 1 1 10 12 1 1 10 12 1 1 10 12 1 1 10 12 1 1 10 12 1 1 10 12 1 1 10 12 1 1 10 12 1 1 10 12 1 1 10 12 1 1 10 12 1 1 10 12 1 1 10 12 1 10 12 1 100 1 10 10 12 1 1 10 12 1 1 5 0 10 12 1 1 10 12 1 1 10 7 12 1 1 1 10 12 1 1 10 12 1 10 12 1 10 12 1 1 10 12 1 1 10 12 1 10 12 1 100 1 100 1 10 8 1 10 12 1 1 10 12 1 8 1 10 12 1 1 10 12 1 10 12 1 10 12 1 1 10 12 1 10 12 1 1 10 12 1 1 10 12 1 10 12 1 10 12 1 10 12 1 1 10 12 1 10 12 1 10 12 1 1 10 12 1 5 0 5 0 5 0 10 12 1 10 12 1 10 12 1 10 12 1 10 12 1 10 12 1 10 12 1 10 12 1 10 12 1 1 10 12 1 10 12 1 100 1 8 1 10 100 1 10 10 12 1 1 10 12 1 1 10 12 1 10 12 1 1 10 12 1 1 10 12 1 10 12 1 1 10 12 1 9 7 12 1 1 9 12 1 100 1 10 10 12 1 1 8 1 10 8 1 8 1 10 12 1 1 9 7 12 1 1 1 9 100 1 9 7 1 9 7 1 9 9 100 1 9 7 1 9 100 1 10 12 1 1 10 12 1 1 10 12 1 1 10 12 1 1 5 0 5 0 9 12 1 1 10 12 1 10 12 1 10 12 1 1 10 12 1 1 10 12 1 8 1 3 10 12 1 1 10 12 1 1 10 12 1 10 12 1 1 10 12 1 1 10 12 1 10 12 1 10 12 1 10 12 1 10 12 1 10 12 1 1 10 12 1 1 10 12 1 10 12 1 10 12 1 10 12 1 10 12 1 10 12 1 1 10 12 1 1 10 12 1 10 12 1 10 12 1 10 12 1 10 12 1 10 12 1 1 10 12 1 1 10 12 1 1 10 12 1 1 10 12 1 10 12 1 10 12 1 10 12 1 10 12 1 10 12 1 10 12 1 1 10 12 1 1 10 12 1 10 12 1 10 12 1 10 12 1 10 12 1 10 12 1 10 12 1 1 10 12 1 1 10 12 1 10 12 1 10 12 1 10 12 1 10 12 1 10 12 1 10 12 1 10 12 1 1 10 12 1 10 12 1 10 12 1 10 12 1 10 12 1 1 10 12 1 10 12 1 10 12 1 10 12 1 10 12 1 10 12 1 10 12 1 10 12 1 1 10 12 1 10 12 1 10 12 1 10 12 1 10 12 1 10 12 1 1 10 12 1 10 12 1 10 12 1 1 10 12 1 10 12 1 10 12 1 10 12 1 10 12 1 10 12 1 10 12 1 10 12 1 10 12 1 10 12 1 10 12 1 10 12 1 10 12 1 10 12 1 10 12 1 10 12 1 10 12 1 10 12 1 10 12 1 10 12 1 10 12 1 10 12 1 100 1 10 100 1 10 9 12 1 5 0 10 12 1 1 5 0 10 12 1 5 0 10 12 1 10 12 1 10 12 1 1 10 12 1 1 10 12 1 10 12 1 10 12 1 10 12 1 1 10 12 1 10 12 1 10 12 1 10 12 1 10 12 1 1 10 12 1 10 12 1 10 12 1 10 12 1 1 10 12 1 10 12 1 10 12 1 1 10 12 1 10 12 1 10 12 1 10 12 1 1 10 12 1 10 10 12 1 1 10 12 1 10 12 1 1 10 12 1 10 12 5 0 5 0 5 0 10 12 1 1 10 12 1 10 12 1 10 12 10 100 12 1 1 8 1 100 1 11 12 1 1 8 1 11 12 1 1 10 100 12 1 1 10 12 1 10 12 1 10 12 1 10 12 1 10 12 1 1 10 12 1 10 12 1 10 12 1 10 12 1 10 12 1 10 12 1 10 7 1 10 12 1 9 12 1 7 1 9 12 1 7 1 9 12 1 7 1 9 12 1 7 1 9 12 1 7 1 9 12 1 7 1 9 12 1 7 1 9 12 1 7 1 9 12 1 10 12 1 9 12 1 9 12 1 9 12 1 9 12 1 9 12 1 9 12 1 9 12 1 9 12 1 9 12 1 9 12 1 1 1 3 1 1 1 1 1 1 1 1 1 1 1 1 1 1 1 1 1 1 1 1 1 1 1 1 1 1 1 1 1 1 1 1 1 1 1 1 1 1 1 1 1 1 1 1 1 1 1 1 1 1 1 1 1 1 1 1 1 1 1 1 1 1 1 1 1 1 1 1 1 1 1 1 1 1 1 1 1 1 1 1 1 1 1 1 1 1 1 1 1 100 1 1 1 1 1 1 1 1 1 1 1 1 1 1 1 1 1 1 1 1 1 1 1 1 1 1 1 1 1 1 1 1 1 1 1 1 1 1 1 1 1 1 1 1 1 1 1 1 1 1 1 1 1 1 1 1 1 1 1 1 1 1 1 1 1 1 1 1 1 1 1 1 1 1 1 1 1 1 1 1 1 1 1 1 1 1 1 1 1 1 1 1 1 1 1 1 1 1 1 1 1 1 1 1 1 1 1 1 1 1 1 1 1 1 1 1 1 1 1 1 1 1 1 1 1 1 1 1 1 1 1 1 1 1 1 1 1 1 1 1 1 1 1 1 1 1 1 1 1 1 1 1 1 1 1 1 1 1 1 1 1 1 1 1 1 1 1 1 1 1 1 1 1 1 1 1 1 1 1 1 1 1 1 1 1 1 1 1 1 1 1 1 1 1 1 1 1 1 1 1 1 1 1 1 1 1 1 3 1 1 1 1 1 1 1 1 1 1 1 1 1 1 1 1 1 1 1 1 1
staticfield jdk/internal/misc/Unsafe theUnsafe Ljdk/internal/misc/Unsafe; jdk/internal/misc/Unsafe
staticfield jdk/internal/misc/Unsafe ARRAY_BOOLEAN_BASE_OFFSET I 16
staticfield jdk/internal/misc/Unsafe ARRAY_BYTE_BASE_OFFSET I 16
staticfield jdk/internal/misc/Unsafe ARRAY_SHORT_BASE_OFFSET I 16
staticfield jdk/internal/misc/Unsafe ARRAY_CHAR_BASE_OFFSET I 16
staticfield jdk/internal/misc/Unsafe ARRAY_INT_BASE_OFFSET I 16
staticfield jdk/internal/misc/Unsafe ARRAY_LONG_BASE_OFFSET I 16
staticfield jdk/internal/misc/Unsafe ARRAY_FLOAT_BASE_OFFSET I 16
staticfield jdk/internal/misc/Unsafe ARRAY_DOUBLE_BASE_OFFSET I 16
staticfield jdk/internal/misc/Unsafe ARRAY_OBJECT_BASE_OFFSET I 16
staticfield jdk/internal/misc/Unsafe ARRAY_BOOLEAN_INDEX_SCALE I 1
staticfield jdk/internal/misc/Unsafe ARRAY_BYTE_INDEX_SCALE I 1
staticfield jdk/internal/misc/Unsafe ARRAY_SHORT_INDEX_SCALE I 2
staticfield jdk/internal/misc/Unsafe ARRAY_CHAR_INDEX_SCALE I 2
staticfield jdk/internal/misc/Unsafe ARRAY_INT_INDEX_SCALE I 4
staticfield jdk/internal/misc/Unsafe ARRAY_LONG_INDEX_SCALE I 8
staticfield jdk/internal/misc/Unsafe ARRAY_FLOAT_INDEX_SCALE I 4
staticfield jdk/internal/misc/Unsafe ARRAY_DOUBLE_INDEX_SCALE I 8
staticfield jdk/internal/misc/Unsafe ARRAY_OBJECT_INDEX_SCALE I 4
staticfield jdk/internal/misc/Unsafe ADDRESS_SIZE I 8
ciInstanceKlass java/util/Map 1 1 259 11 7 12 1 1 1 11 12 1 1 10 7 12 1 1 11 12 1 1 11 7 12 1 1 1 11 7 12 1 1 1 11 12 1 1 7 1 11 12 1 11 12 1 100 1 100 1 10 12 1 1 11 7 12 1 1 1 11 100 12 1 1 1 11 12 1 11 12 1 10 12 1 1 11 12 1 11 7 12 1 9 7 12 1 1 1 7 1 10 12 7 1 7 1 10 12 1 7 1 10 7 1 11 12 1 1 7 1 11 12 1 1 1 1 1 1 1 1 1 1 1 1 1 1 1 1 1 1 1 1 1 1 1 1 1 1 1 1 1 1 1 1 1 1 1 1 1 1 1 1 1 1 1 1 1 1 1 1 1 1 1 1 1 1 1 1 1 1 1 1 1 1 1 1 1 1 1 1 1 1 1 1 1 1 1 1 1 1 1 1 1 1 1 1 1 1 1 1 1 1 1 1 1 1 1 1 1 1 1 1 1 1 1 1 1 1 1 1 1 1 1 1 1 1 1 1 1 1 1 1 1 1 1 1 1 1 1 1 1 100 1 1 1 1 1 1 1 1 1 1 1 1 1 1 1 1 1 1
ciInstanceKlass java/lang/ThreadGroup 1 1 293 10 7 12 1 1 1 9 7 12 1 1 1 8 1 9 12 1 1 7 1 9 12 1 9 12 1 1 10 12 1 1 10 12 1 1 10 12 1 10 12 1 1 10 12 1 9 12 1 1 10 12 1 1 10 12 1 9 12 1 10 100 12 1 1 1 9 12 1 9 12 1 1 10 7 12 1 1 1 100 10 12 1 1 10 7 12 1 1 1 10 100 12 1 9 12 1 10 12 1 1 10 12 1 1 9 12 1 1 10 12 1 1 10 12 1 10 12 1 10 12 1 1 10 12 1 1 10 12 1 10 12 1 10 10 12 1 10 12 1 10 100 1 10 10 12 1 10 12 1 10 12 1 7 10 12 1 9 12 1 1 10 12 1 1 8 1 10 100 12 1 1 1 10 12 1 1 10 12 1 1 10 12 1 1 11 100 1 100 1 9 12 1 100 1 10 8 1 10 12 1 1 10 12 1 1 8 1 10 12 1 10 100 12 1 1 1 10 12 1 1 10 100 1 8 1 10 8 1 10 12 1 8 1 1 1 1 1 1 1 1 1 1 1 1 1 1 1 1 1 3 1 1 1 1 1 1 1 1 1 1 1 1 1 1 1 1 1 1 1 1 1 1 1 1 1 1 1 1 1 1 1 1 1 1 1 1 1 1 1 1 1 1
instanceKlass java/security/Provider
ciInstanceKlass java/util/Properties 1 1 690 10 7 12 1 1 1 100 1 10 7 12 1 1 7 1 10 12 1 9 12 1 1 9 12 1 1 9 12 1 1 10 7 12 1 1 1 10 12 1 1 8 1 10 7 12 1 1 1 7 1 10 12 1 10 12 1 1 8 1 10 12 1 7 1 10 12 10 12 1 1 9 12 1 1 10 12 1 1 7 1 10 12 1 10 12 1 10 12 1 1 100 1 8 1 10 12 1 10 12 1 10 12 1 1 10 12 1 100 1 3 10 10 100 12 1 1 1 10 12 1 10 12 1 1 8 1 10 12 1 10 12 1 1 8 1 10 100 12 1 1 10 12 1 1 10 12 1 10 12 1 1 100 1 10 12 1 10 12 1 1 100 1 9 100 12 1 1 1 10 12 1 10 12 1 1 10 12 1 1 10 12 1 1 100 1 9 12 1 1 7 1 100 1 10 12 1 100 1 11 7 12 1 1 1 11 12 1 1 11 100 12 1 1 1 11 7 12 1 1 1 11 12 1 1 11 12 1 11 12 1 10 12 1 1 8 1 10 12 1 10 100 12 1 1 10 12 1 100 1 10 10 12 1 10 12 1 100 1 10 10 12 1 1 10 100 12 1 1 9 100 12 1 1 10 12 1 1 10 100 12 1 1 1 100 1 100 1 100 1 10 8 1 8 1 10 12 1 10 12 1 10 12 1 1 10 10 12 1 1 10 12 1 1 7 1 10 10 12 1 11 7 12 1 1 10 7 12 1 1 1 8 1 10 100 12 1 1 11 11 7 1 8 1 10 100 1 11 10 12 1 10 10 12 1 10 12 1 1 10 12 1 1 10 12 1 1 10 12 1 10 12 1 10 10 12 1 10 12 1 10 12 1 10 10 12 1 1 10 12 1 1 10 10 12 1 10 12 1 10 12 1 10 12 1 10 12 1 1 10 12 1 1 10 12 1 10 12 1 10 12 1 1 10 12 10 12 1 1 10 12 1 1 10 12 1 10 12 1 1 10 12 1 1 10 12 10 11 12 1 4 11 10 12 1 1 10 100 12 1 1 11 12 1 10 12 1 1 10 100 12 1 1 10 12 1 100 1 8 1 10 12 1 10 10 100 12 1 1 1 100 1 6 0 10 12 1 1 11 100 12 1 1 1 10 12 1 10 12 1 1 1 1 1 5 0 1 1 1 1 1 1 1 1 1 1 1 1 1 1 1 1 1 1 1 1 1 1 1 1 1 1 1 1 1 1 1 1 1 1 1 1 1 1 1 100 1 1 1 1 1 1 1 1 1 1 1 1 1 1 1 1 1 1 1 1 100 1 1 1 1 1 1 1 1 1 1 1 1 100 1 100 1 1 1 1 1 100 1 1 1 1 1 1 1 1 1 1 1 1 1 1 1 1 1 1 1 1 1 1 1 1 1 1 1 1 1 1 1 1 1 1 1 1 1 1 1 1 1 1 1 1 1 1 1 1 1 1 1 1 1 1 1 1 1 1 1 1 1 1 1 1 1 1 1 1 1 1 1 1 1 1 1 1 1 100 1 1 1 1 1 1 1 1 1 1 1 100 1 1
staticfield java/util/Properties UNSAFE Ljdk/internal/misc/Unsafe; jdk/internal/misc/Unsafe
instanceKlass java/util/Hashtable
ciInstanceKlass java/util/Dictionary 1 1 36 10 7 12 1 1 1 100 1 1 1 1 1 1 1 1 1 1 1 1 1 1 1 1 1 1 1 1 1 1 1 1 1 1 1 1
instanceKlass org/apache/commons/logging/impl/WeakHashtable
instanceKlass java/util/Properties
ciInstanceKlass java/util/Hashtable 1 1 512 100 1 10 7 12 1 1 1 9 7 12 1 1 1 100 1 100 1 10 8 1 10 12 1 1 10 12 1 10 12 1 1 10 12 1 10 7 12 1 1 1 8 1 10 12 1 9 12 1 1 7 1 9 12 1 1 4 10 7 12 1 1 1 9 12 1 4 10 12 1 11 100 12 1 1 1 10 12 1 1 10 12 1 1 9 12 1 10 12 1 1 100 1 10 9 12 1 1 10 7 12 1 1 1 9 12 1 1 10 12 1 10 12 1 3 9 12 1 9 12 1 3 10 12 1 10 12 1 10 12 1 1 11 12 1 1 11 100 12 1 1 1 11 100 12 1 1 1 11 12 1 100 1 11 12 1 11 12 1 10 12 1 1 10 12 1 1 10 12 1 9 12 1 1 9 12 9 12 1 1 10 100 1 100 1 10 12 1 10 8 1 10 10 12 1 8 1 10 8 1 10 100 12 1 1 1 7 1 10 12 1 10 12 1 100 1 10 12 1 10 12 1 1 100 1 10 100 1 10 10 12 1 1 11 12 1 1 11 12 1 100 1 10 10 10 100 12 1 1 11 100 12 1 1 1 100 1 10 11 100 12 1 1 11 100 12 1 10 12 1 10 12 1 1 10 100 12 1 1 10 12 1 1 10 12 1 1 10 12 1 1 10 100 12 1 1 1 8 10 100 12 1 1 100 1 8 1 10 4 10 12 4 10 12 1 8 1 10 12 10 100 12 1 1 1 100 1 11 100 12 1 1 1 10 100 12 1 1 1 10 12 1 10 12 1 1 10 100 1 100 1 1 1 1 1 1 5 0 1 1 1 1 1 3 1 3 1 3 1 1 1 1 1 1 1 1 1 1 1 1 1 1 1 1 1 1 1 1 1 1 1 1 1 100 1 1 1 1 1 1 1 1 1 1 1 1 1 1 1 1 1 1 1 1 1 1 1 1 1 1 1 1 1 100 1 1 1 1 1 1 1 1 1 1 1 1 1 1 1 1 1 1 1 1 1 1 1 1 1 1 1 1 1 1 1 1 1 1 1 1 1 1 1 1 1 1 1 1 1 1 1 1 1 1 1 1 1 1 1 1 1 1 100 1 1 1 100 1 1 1 1 1 100 1 1 1 1 1 1 1 1 1 1 1 1 1 1 1 1 1 1
ciInstanceKlass java/util/Set 1 1 140 100 1 10 7 12 1 1 1 9 7 12 1 1 1 7 1 10 12 1 1 10 12 1 7 1 7 1 10 12 1 7 1 7 1 7 1 10 12 1 10 12 1 1 11 12 1 1 100 1 1 1 1 1 1 1 1 1 1 1 1 1 1 1 1 1 1 1 1 1 1 1 1 1 1 1 1 1 1 1 1 1 1 1 1 1 1 1 1 1 1 1 1 1 1 1 1 1 1 1 1 1 1 1 1 1 1 1 1 1 1 1 1 1 1 1 1 1 1 1 1 1 1 1 1 1 1 1 1 1 1 1 1 1 1 1 1 1 1 1
ciMethod java/util/Set equals (Ljava/lang/Object;)Z 0 0 1 0 -1
ciMethod java/util/Set hashCode ()I 0 0 1 0 -1
instanceKlass sun/net/www/http/ChunkedInputStream
instanceKlass com/sun/javafx/iio/png/PNGIDATChunkInputStream
instanceKlass java/io/SequenceInputStream
instanceKlass sun/security/ssl/SSLSocketImpl$AppInputStream
instanceKlass com/mysql/cj/protocol/a/CompressedInputStream
instanceKlass com/mysql/cj/protocol/ReadAheadInputStream
instanceKlass sun/nio/ch/NioSocketImpl$1
instanceKlass java/net/Socket$SocketInputStream
instanceKlass sun/nio/ch/ChannelInputStream
instanceKlass java/util/zip/ZipFile$ZipFileInputStream
instanceKlass java/io/FilterInputStream
instanceKlass java/io/FileInputStream
instanceKlass java/io/ByteArrayInputStream
ciInstanceKlass java/io/InputStream 1 1 184 100 1 10 7 12 1 1 1 100 1 10 10 7 12 1 1 1 10 7 12 1 1 1 10 12 1 100 1 3 10 12 1 1 100 1 8 1 10 12 1 10 7 12 1 1 1 3 100 1 8 1 10 10 7 12 1 1 1 7 1 10 11 7 12 1 1 1 10 12 1 1 11 12 1 1 11 7 12 1 1 1 11 12 1 1 7 1 10 7 12 1 1 1 5 0 10 12 1 10 12 1 1 100 1 10 8 1 10 8 1 8 1 10 12 1 1 10 100 12 1 1 1 100 1 1 1 1 3 1 3 1 1 1 1 1 1 1 1 1 1 1 1 1 1 1 1 1 1 1 1 1 1 1 1 1 1 1 1 1 1 1 1 1 1 1 1 1 1 1 1 1 1 1 1 1 1 1 1 1 1 1 1 1
instanceKlass software/amazon/awssdk/utils/StringInputStream
ciInstanceKlass java/io/ByteArrayInputStream 1 1 96 10 7 12 1 1 1 9 7 12 1 1 1 9 12 1 1 9 12 1 9 12 1 10 100 12 1 1 1 10 7 12 1 1 1 10 7 12 1 1 1 10 7 12 1 1 1 10 12 1 1 10 100 12 1 1 1 1 1 1 1 1 1 1 1 1 1 1 1 1 1 1 1 1 1 1 1 1 1 1 1 100 1 1 1 1 1 1 1 1 1 1 1 1 1 1
instanceKlass jdk/internal/net/http/HttpClientImpl$SelectorManager
instanceKlass com/sun/scenario/effect/ImageData$1
instanceKlass com/sun/scenario/effect/impl/ImagePool$1
instanceKlass com/sun/prism/impl/PrismTrace$1
instanceKlass java/util/logging/LogManager$Cleaner
instanceKlass com/sun/glass/ui/InvokeLaterDispatcher
instanceKlass java/util/concurrent/ForkJoinWorkerThread
instanceKlass com/sun/javafx/tk/quantum/PerformanceTrackerHelper$1$1
instanceKlass com/sun/javafx/tk/quantum/QuantumToolkit$1
instanceKlass com/intellij/rt/execution/application/AppMainV2$1
instanceKlass jdk/internal/misc/InnocuousThread
instanceKlass java/lang/ref/Finalizer$FinalizerThread
instanceKlass java/lang/ref/Reference$ReferenceHandler
ciInstanceKlass java/lang/Thread 1 1 612 9 7 12 1 1 1 9 12 1 1 10 12 1 1 9 12 1 1 9 12 1 1 100 1 8 1 10 12 1 1 3 8 1 100 1 5 0 10 12 1 1 10 7 12 1 1 9 12 1 1 9 12 1 9 12 1 1 9 12 1 100 1 8 1 10 9 12 1 1 10 7 12 1 1 1 10 100 12 1 1 1 10 10 7 12 1 1 10 12 1 1 10 12 1 1 9 100 12 1 1 1 10 12 1 1 10 12 1 9 12 1 1 10 12 1 1 10 12 1 1 9 12 1 10 12 1 1 9 12 1 1 10 7 12 1 1 1 9 12 1 1 9 12 1 1 10 12 1 1 10 7 12 1 1 1 9 12 1 10 12 1 1 9 12 1 100 1 10 7 1 10 8 1 10 12 1 1 10 12 1 10 12 1 10 12 1 1 10 12 1 10 12 1 9 12 1 100 1 10 10 12 1 1 10 12 1 10 12 1 100 1 11 7 12 1 1 9 7 12 1 1 1 10 12 1 10 12 1 10 12 9 12 1 1 10 9 12 1 10 12 1 100 1 10 10 12 1 1 9 12 1 10 12 1 11 100 12 1 1 10 12 1 9 12 1 10 12 1 10 12 1 10 10 12 1 10 12 1 10 12 1 10 12 1 10 12 1 1 100 1 10 10 12 1 10 12 1 10 12 1 9 100 12 1 1 1 10 12 1 1 10 12 1 100 1 8 1 10 10 12 1 10 12 8 1 10 12 1 8 1 10 8 1 8 1 10 100 12 1 1 10 100 12 1 1 1 100 1 8 1 10 9 12 1 9 12 1 1 10 12 1 1 10 10 12 1 1 9 12 1 10 12 1 1 100 1 10 12 11 100 12 1 1 1 9 100 12 1 1 1 9 12 1 1 10 12 1 1 100 1 10 12 1 11 100 12 1 1 1 100 1 10 12 1 10 12 1 1 11 12 1 10 12 1 100 1 10 12 1 10 12 1 1 10 7 12 1 1 1 8 1 9 12 1 10 12 1 1 11 100 12 1 1 1 10 100 12 1 1 1 11 12 1 10 12 1 7 1 1 1 1 3 1 3 1 3 1 1 1 1 1 1 1 1 1 1 1 1 1 1 1 1 1 1 1 100 1 1 1 1 1 1 1 1 1 1 1 1 100 1 100 1 1 1 1 1 1 1 1 1 1 1 1 1 1 1 1 1 1 1 1 1 1 1 1 1 1 1 1 1 1 1 1 1 1 1 1 1 1 1 1 1 1 1 100 100 1 1 1 1 1 1 1 1 1 100 1 1 1 1 1 1 1 1 1 1 1 1 1 1 1 1 1 1 1 1 1 1 1 1 1 1 1 1 100 1 1 1 1 1 1 100 1 1 100 1 1 1 1 1 1
staticfield java/lang/Thread EMPTY_STACK_TRACE [Ljava/lang/StackTraceElement; 0 [Ljava/lang/StackTraceElement;
ciMethod java/lang/System arraycopy (Ljava/lang/Object;ILjava/lang/Object;II)V 256 0 128 0 -1
instanceKlass java/lang/Exception
instanceKlass java/lang/Error
ciInstanceKlass java/lang/Throwable 1 1 417 10 7 12 1 1 1 9 7 12 1 1 1 9 12 1 1 9 12 1 9 12 1 1 9 12 1 10 12 1 1 9 12 1 1 10 12 1 1 10 12 1 100 1 7 1 10 8 1 10 12 1 1 8 1 10 100 12 1 1 10 10 12 1 100 1 8 1 10 10 12 1 1 10 7 12 1 1 10 12 1 8 1 9 100 12 1 1 1 10 12 1 1 100 1 10 12 10 12 1 100 1 10 10 7 12 1 1 1 11 100 12 1 1 1 10 100 12 1 1 1 10 12 1 1 10 12 1 1 8 1 10 12 1 10 12 1 1 8 1 8 1 10 12 1 1 10 12 1 8 1 8 1 9 12 1 1 10 100 12 1 1 100 1 10 11 12 1 8 1 8 1 10 7 12 1 1 8 1 10 12 1 8 1 100 1 10 12 1 9 12 1 1 10 12 1 10 7 12 1 9 12 1 1 10 12 1 1 100 1 8 1 10 12 1 10 100 12 1 1 10 12 1 1 100 1 10 100 12 1 1 1 10 12 1 11 100 12 1 1 1 11 100 12 1 1 1 11 12 1 8 1 10 12 1 1 8 1 10 10 9 100 12 1 1 1 8 1 10 12 1 1 10 100 1 8 1 10 11 12 1 1 8 1 9 12 1 10 100 12 1 1 11 9 12 1 1 11 12 1 1 100 9 12 1 1 11 100 12 1 1 100 1 10 12 1 10 12 1 1 100 1 1 1 1 5 0 1 1 1 1 1 1 1 1 1 1 1 1 1 1 1 1 1 1 1 1 1 1 1 1 1 1 1 1 1 1 1 1 1 1 1 1 1 1 1 1 1 1 1 1 1 1 1 1 1 1 1 1 1 1 1 100 1 100 1 1 1 1 1 1 1 1 1 1 1 1 1 1 1 1 1 1 1 1 1 1 1 1 1 1 1 100 1 100 1 1
staticfield java/lang/Throwable UNASSIGNED_STACK [Ljava/lang/StackTraceElement; 0 [Ljava/lang/StackTraceElement;
staticfield java/lang/Throwable SUPPRESSED_SENTINEL Ljava/util/List; java/util/Collections$EmptyList
staticfield java/lang/Throwable EMPTY_THROWABLE_ARRAY [Ljava/lang/Throwable; 0 [Ljava/lang/Throwable;
staticfield java/lang/Throwable $assertionsDisabled Z 1
instanceKlass org/apache/http/HttpException
instanceKlass java/util/concurrent/TimeoutException
instanceKlass sun/security/pkcs11/wrapper/PKCS11Exception
instanceKlass sun/security/ec/ECOperations$IntermediateValueException
instanceKlass javafx/scene/transform/NonInvertibleTransformException
instanceKlass javafx/css/CssParser$ParseException
instanceKlass javax/security/auth/callback/UnsupportedCallbackException
instanceKlass javax/naming/NamingException
instanceKlass java/sql/SQLException
instanceKlass java/lang/CloneNotSupportedException
instanceKlass java/security/PrivilegedActionException
instanceKlass java/net/URISyntaxException
instanceKlass sun/nio/fs/WindowsException
instanceKlass javax/xml/stream/XMLStreamException
instanceKlass com/sun/javafx/geom/transform/NoninvertibleTransformException
instanceKlass java/util/concurrent/ExecutionException
instanceKlass java/security/GeneralSecurityException
instanceKlass java/io/IOException
instanceKlass java/lang/InterruptedException
instanceKlass java/lang/ReflectiveOperationException
instanceKlass java/lang/RuntimeException
ciInstanceKlass java/lang/Exception 1 1 40 10 7 12 1 1 1 10 12 1 10 12 1 10 12 1 10 12 1 100 1 1 1 1 5 0 1 1 1 1 1 1 1 1 1 1 1 1 1 1
instanceKlass java/lang/InstantiationException
instanceKlass java/lang/IllegalAccessException
instanceKlass java/lang/reflect/InvocationTargetException
instanceKlass java/lang/NoSuchFieldException
instanceKlass java/lang/NoSuchMethodException
instanceKlass java/lang/ClassNotFoundException
ciInstanceKlass java/lang/ReflectiveOperationException 1 1 34 10 7 12 1 1 1 10 12 1 10 12 1 10 12 1 100 1 1 1 1 5 0 1 1 1 1 1 1 1 1 1 1 1
instanceKlass java/lang/AssertionError
instanceKlass java/lang/VirtualMachineError
instanceKlass java/lang/LinkageError
instanceKlass java/lang/ThreadDeath
ciInstanceKlass java/lang/Error 1 1 40 10 7 12 1 1 1 10 12 1 10 12 1 10 12 1 10 12 1 100 1 1 1 1 5 0 1 1 1 1 1 1 1 1 1 1 1 1 1 1
ciInstanceKlass java/lang/ThreadDeath 0 0 21 10 100 12 1 1 1 100 1 1 1 1 5 0 1 1 1 1 1 1 1
ciMethod java/lang/Throwable getMessage ()Ljava/lang/String; 36 0 16 0 -1
ciInstanceKlass java/lang/ClassNotFoundException 1 1 96 7 1 10 7 12 1 1 1 10 12 1 10 12 1 1 10 100 12 1 1 1 8 1 10 100 12 1 1 1 10 7 12 1 1 10 100 12 1 1 1 10 100 12 1 1 1 10 12 1 1 7 1 10 12 1 9 12 1 1 1 1 1 5 0 1 1 1 1 1 1 1 1 1 1 1 1 1 1 1 1 1 1 100 1 1 1 1 1 1 1 1 1 1 1 1
staticfield java/lang/ClassNotFoundException serialPersistentFields [Ljava/io/ObjectStreamField; 1 [Ljava/io/ObjectStreamField;
instanceKlass java/lang/ExceptionInInitializerError
instanceKlass java/lang/UnsatisfiedLinkError
instanceKlass java/lang/IncompatibleClassChangeError
instanceKlass java/lang/BootstrapMethodError
instanceKlass java/lang/NoClassDefFoundError
ciInstanceKlass java/lang/LinkageError 1 1 31 10 7 12 1 1 1 10 12 1 10 12 1 100 1 1 1 1 5 0 1 1 1 1 1 1 1 1 1 1 1
instanceKlass com/example/guser/controllers/CodeViewerController$ZipEntryVM
instanceKlass jdk/internal/misc/ThreadTracker$ThreadRef
ciInstanceKlass java/lang/Record 1 1 22 10 7 12 1 1 1 100 1 1 1 1 1 1 1 1 1 1 1 1 1 1
ciInstanceKlass java/lang/Boolean 1 1 151 10 7 12 1 1 1 9 7 12 1 1 1 10 12 1 1 10 12 1 8 1 10 7 12 1 1 9 12 1 1 9 12 1 8 1 10 12 1 1 10 12 1 1 10 7 12 1 1 1 100 1 100 1 10 12 1 1 9 100 12 1 1 9 12 10 100 12 1 1 1 10 12 1 1 8 1 10 7 12 1 1 1 9 12 1 1 100 1 100 1 100 1 1 1 1 1 1 5 0 1 1 1 1 1 1 1 1 1 1 3 1 1 1 1 1 1 1 1 1 1 1 1 1 1 1 1 1 1 1 1 100 1 1 1 1 1 1 1 1 1 1 100 1 1 1 1 1 1 1 1
staticfield java/lang/Boolean TRUE Ljava/lang/Boolean; java/lang/Boolean
staticfield java/lang/Boolean FALSE Ljava/lang/Boolean; java/lang/Boolean
staticfield java/lang/Boolean TYPE Ljava/lang/Class; java/lang/Class
instanceKlass java/util/concurrent/locks/AbstractQueuedSynchronizer
ciInstanceKlass java/util/concurrent/locks/AbstractOwnableSynchronizer 1 1 32 10 7 12 1 1 1 9 7 12 1 1 1 100 1 1 1 1 5 0 1 1 1 1 1 1 1 1 1 1 1 1
instanceKlass java/math/BigDecimal
instanceKlass java/math/BigInteger
instanceKlass java/util/concurrent/atomic/Striped64
instanceKlass java/util/concurrent/atomic/AtomicLong
instanceKlass java/util/concurrent/atomic/AtomicInteger
instanceKlass java/lang/Long
instanceKlass java/lang/Integer
instanceKlass java/lang/Short
instanceKlass java/lang/Byte
instanceKlass java/lang/Double
instanceKlass java/lang/Float
ciInstanceKlass java/lang/Number 1 1 37 10 7 12 1 1 1 10 100 12 1 1 1 100 1 1 1 1 5 0 1 1 1 1 1 1 1 1 1 1 1 1 1 1 1 1 1
instanceKlass java/lang/LiveStackFrameInfo
ciInstanceKlass java/lang/StackFrameInfo 0 0 132 10 100 12 1 1 1 9 100 12 1 1 1 9 100 1 9 12 1 1 11 100 12 1 1 1 9 12 1 1 11 12 1 1 10 12 1 1 10 100 12 1 1 1 10 12 1 11 12 1 11 12 1 1 11 12 1 10 12 1 1 9 12 1 1 10 12 1 1 10 100 12 1 1 10 12 1 1 11 12 1 1 10 12 1 9 12 1 1 10 12 1 1 100 1 8 1 10 12 1 10 100 12 1 1 1 100 1 1 1 1 1 1 1 1 1 1 1 1 1 1 1 1 1 1 100 1 1 1 1 1 1
ciInstanceKlass java/lang/LiveStackFrameInfo 0 0 97 10 100 12 1 1 1 9 100 12 1 1 1 9 12 1 9 12 1 9 12 1 9 12 1 1 100 1 10 12 1 1 10 12 1 8 1 10 12 1 1 8 1 8 1 8 1 10 100 1 10 12 1 100 1 10 12 1 100 1 100 1 1 1 3 1 3 1 1 1 1 1 1 1 1 1 1 1 1 1 1 1 1 1 1 1 1 1 1 1 1 1 1 1 100 1 1
ciInstanceKlass java/lang/Character 1 1 576 7 1 100 1 100 1 9 12 1 1 8 1 9 12 1 1 100 1 9 12 1 1 10 100 12 1 1 1 10 100 12 1 1 1 10 100 12 1 1 1 10 7 12 1 1 1 9 7 12 1 1 1 10 12 1 10 12 1 1 10 12 1 1 10 7 12 1 1 10 12 1 1 3 3 3 3 3 10 12 1 1 10 12 1 3 11 7 12 1 1 1 11 12 1 1 10 12 1 1 10 12 1 1 100 1 10 10 12 1 3 10 12 1 1 10 12 1 10 12 1 1 100 1 8 1 10 12 1 1 10 12 1 10 12 1 10 12 1 10 12 1 10 12 1 1 10 12 1 10 7 12 1 1 10 10 12 1 10 10 12 1 10 12 1 1 10 12 1 10 10 12 1 10 12 1 10 12 1 10 12 1 10 12 1 10 12 1 10 12 1 10 12 10 10 12 10 10 12 1 10 10 12 1 10 10 12 1 10 10 12 1 10 10 12 1 10 10 12 1 10 10 12 1 1 10 10 12 1 10 5 0 10 12 1 10 12 1 10 10 12 1 10 10 12 1 1 10 10 12 1 10 10 12 1 9 12 1 1 100 1 10 10 12 1 10 12 1 1 3 10 100 12 1 1 1 10 12 1 10 100 12 1 1 100 1 10 10 12 1 1 10 12 1 1 10 12 1 1 8 1 10 12 1 9 100 12 1 1 1 10 12 1 10 10 12 1 10 12 1 1 10 12 1 10 10 12 1 1 10 10 12 1 1 100 1 8 1 10 12 1 1 10 7 12 1 1 1 8 1 10 12 1 1 9 12 1 1 100 1 100 1 100 1 1 1 1 3 1 3 1 3 1 3 1 1 1 1 1 3 1 1 3 1 3 1 3 1 3 1 3 1 3 1 3 1 3 1 3 1 3 1 3 1 3 1 3 1 3 1 3 1 3 1 3 1 3 1 3 1 3 1 3 1 3 1 3 1 3 1 3 1 3 1 3 1 3 1 1 1 1 1 1 1 1 1 1 1 1 1 1 1 1 1 1 1 3 1 1 1 1 1 1 1 3 1 1 3 1 1 1 1 1 3 1 1 5 0 1 1 1 1 1 1 1 1 1 1 1 1 1 1 1 1 1 1 1 1 1 1 1 1 1 1 1 1 1 1 1 1 1 1 1 1 1 1 1 1 1 1 1 1 1 1 1 1 1 1 1 1 1 1 1 1 1 1 1 1 1 1 1 1 1 1 1 1 1 1 1 1 1 1 1 1 1 1 1 1 1 1 1 1 1 1 1 1 1 100 1 100 1 1 1 1 1 1
staticfield java/lang/Character TYPE Ljava/lang/Class; java/lang/Class
staticfield java/lang/Character $assertionsDisabled Z 1
ciInstanceKlass java/lang/Float 1 1 223 7 1 100 1 10 7 12 1 1 1 10 100 12 1 1 1 4 100 1 10 12 1 1 10 12 1 1 8 1 8 1 10 100 12 1 1 1 10 12 1 1 10 12 1 1 10 4 4 4 10 7 12 1 1 9 12 1 1 10 12 1 1 10 12 1 10 12 1 10 12 1 1 10 12 1 10 12 1 3 10 12 1 1 10 12 1 1 10 12 1 10 100 12 1 1 1 10 12 1 1 10 12 1 1 8 1 10 7 12 1 1 1 9 12 1 1 100 1 100 1 100 1 1 1 1 1 4 1 1 1 4 1 1 3 1 3 1 3 1 3 1 1 1 1 5 0 1 1 1 1 1 1 1 1 1 1 100 1 1 1 1 1 1 1 1 1 1 1 1 1 3 1 1 1 1 1 1 1 1 1 1 1 1 1 1 1 1 1 1 1 1 1 1 1 1 1 1 1 1 1 1 1 1 1 1 1 1 1 1 100 1 1 1 1 1 1 1 100 1 100 1 1
staticfield java/lang/Float TYPE Ljava/lang/Class; java/lang/Class
ciMethod java/lang/Float isNaN (F)Z 576 0 65653 0 0
ciInstanceKlass java/lang/Double 1 1 285 7 1 100 1 10 7 12 1 1 1 10 12 1 1 10 12 1 100 1 10 12 1 1 10 7 12 1 1 1 6 0 8 1 10 12 1 1 8 1 10 12 1 1 8 1 6 0 10 12 1 1 100 1 5 0 5 0 8 1 8 1 10 100 12 1 1 1 10 100 12 1 1 1 8 1 10 12 1 1 8 1 8 1 8 1 10 12 1 1 10 12 1 10 12 1 1 10 12 1 10 12 1 10 12 1 1 10 12 1 10 6 0 6 0 6 0 10 7 12 1 1 9 12 1 1 10 12 1 10 12 1 10 12 1 10 12 1 5 0 10 12 1 1 10 12 1 10 12 1 10 100 12 1 1 1 10 12 1 1 10 12 1 1 8 1 10 7 12 1 1 1 9 12 1 1 100 1 100 1 100 1 1 1 1 1 6 0 1 1 1 6 0 1 1 3 1 3 1 3 1 3 1 1 1 1 5 0 1 1 1 1 1 1 1 1 1 1 1 1 1 1 1 1 100 1 1 1 1 1 1 1 1 1 1 1 1 3 1 1 1 1 1 1 1 1 1 1 1 1 1 1 1 1 1 1 1 1 1 1 1 1 1 1 1 1 1 1 1 1 1 1 100 1 1 1 1 1 1 1 100 1 100 1 1
staticfield java/lang/Double TYPE Ljava/lang/Class; java/lang/Class
ciMethod java/lang/Double doubleValue ()D 330 0 165 0 -1
ciMethod java/lang/Double doubleToLongBits (D)J 772 0 14177 0 -1
ciInstanceKlass java/lang/Byte 1 1 215 7 1 100 1 10 100 12 1 1 1 9 12 1 1 8 1 9 12 1 1 100 1 10 12 1 1 10 12 1 1 10 100 12 1 1 1 10 100 12 1 1 1 9 7 12 1 1 1 10 12 1 1 100 1 100 1 10 12 1 1 8 1 10 12 1 1 8 1 10 12 1 10 12 1 10 12 1 10 12 1 1 10 12 1 10 12 1 10 12 1 1 10 8 1 8 1 10 7 1 9 12 1 1 10 12 1 10 12 1 1 10 12 1 1 10 12 1 1 10 12 1 5 0 10 12 1 1 8 1 10 7 12 1 1 1 9 12 1 1 100 1 100 1 1 1 3 1 3 1 1 1 1 3 1 3 1 1 5 0 1 1 1 1 1 1 1 1 1 1 1 1 1 1 1 1 1 1 1 1 1 1 1 1 1 1 1 1 1 1 1 1 1 1 1 1 1 1 1 1 1 1 1 1 1 1 1 1 1 1 1 1 1 1 1
staticfield java/lang/Byte TYPE Ljava/lang/Class; java/lang/Class
ciInstanceKlass java/lang/Short 1 1 224 7 1 100 1 100 1 10 100 12 1 1 1 10 12 1 1 100 1 100 1 10 12 1 1 8 1 10 12 1 1 8 1 10 12 1 10 12 1 10 12 1 10 12 1 1 10 12 1 1 10 12 1 9 12 1 1 8 1 9 12 1 1 100 1 10 12 1 1 10 12 1 10 100 12 1 1 1 10 100 12 1 1 1 9 7 12 1 1 1 10 12 1 10 12 1 1 10 8 1 8 1 10 7 1 9 12 1 1 10 12 1 10 12 1 1 10 12 1 1 10 12 1 1 10 12 1 3 3 5 0 10 12 1 1 8 1 10 7 12 1 1 1 9 12 1 1 100 1 100 1 1 1 3 1 3 1 1 1 1 3 1 3 1 1 5 0 1 1 1 1 1 1 1 1 1 1 1 1 1 1 1 1 1 1 1 1 1 1 1 1 1 1 1 3 1 1 1 1 1 1 1 1 1 1 1 1 1 1 1 1 1 1 1 1 1 1 1 1 1 1 1 1 1
staticfield java/lang/Short TYPE Ljava/lang/Class; java/lang/Class
ciInstanceKlass java/lang/Integer 1 1 445 7 1 100 1 7 1 7 1 10 12 1 1 9 12 1 1 9 12 1 1 10 100 12 1 1 1 10 12 1 1 10 100 12 1 1 1 10 10 12 1 1 10 100 12 1 1 1 10 12 1 10 12 1 1 10 7 12 1 1 1 10 12 1 1 10 12 1 1 10 12 1 10 12 1 10 12 1 1 10 10 12 1 9 12 1 1 9 12 1 7 1 8 1 10 12 1 100 1 10 12 1 8 1 10 12 1 1 10 12 1 8 1 10 12 1 8 1 10 12 1 1 3 10 12 1 1 3 10 12 1 1 10 12 1 1 10 7 12 1 1 1 11 7 1 100 1 10 11 10 12 1 1 8 1 10 12 1 1 8 1 100 1 10 12 1 1 10 12 1 1 5 0 8 1 10 12 1 10 12 1 10 12 1 10 12 1 1 7 1 9 12 1 1 9 12 1 1 10 12 1 10 7 1 9 12 1 10 12 1 10 12 1 10 12 1 1 10 7 12 1 1 1 100 1 100 1 10 12 1 1 10 12 1 1 8 1 8 1 10 12 1 1 8 1 8 1 8 1 8 1 8 1 8 1 10 12 1 10 12 1 10 12 1 5 0 3 3 3 3 10 12 1 3 10 12 1 10 100 12 1 1 1 10 12 1 1 10 12 1 1 8 1 10 7 12 1 1 1 9 12 1 1 3 3 3 3 3 3 9 12 1 1 100 1 100 1 100 1 1 1 1 1 1 1 3 1 3 1 1 5 0 1 1 1 1 1 1 1 1 1 100 1 1 1 1 1 1 1 1 1 1 1 1 1 1 1 1 1 1 1 1 1 1 1 1 1 1 1 1 1 1 1 1 1 1 1 1 1 1 1 3 1 1 1 1 1 1 1 1 1 1 1 1 1 1 1 1 100 1 1 1 1 1 1 1 1 1 1 1 1 1 1 1 1 1 1 1 1 1 1 1 1 1 1 1 1 1 1 1 100 1 1 1 1 1 1 1 1 1 100 1 100 1 1
staticfield java/lang/Integer TYPE Ljava/lang/Class; java/lang/Class
staticfield java/lang/Integer digits [C 36
staticfield java/lang/Integer DigitTens [B 100
staticfield java/lang/Integer DigitOnes [B 100
staticfield java/lang/Integer sizeTable [I 10
ciMethod java/lang/Integer numberOfLeadingZeros (I)I 38 0 6178 0 -1
ciInstanceKlass java/lang/Long 1 1 506 7 1 100 1 7 1 7 1 10 12 1 1 9 12 1 1 9 7 12 1 1 1 10 100 12 1 1 1 10 12 1 1 10 100 12 1 1 1 10 10 12 10 12 1 10 12 1 10 12 1 5 0 5 0 100 1 10 12 1 1 10 12 1 1 10 12 1 10 12 1 10 12 1 10 12 1 1 10 100 12 1 1 10 12 1 10 12 1 1 10 12 1 1 10 12 1 1 10 12 1 1 10 100 12 1 1 1 10 12 1 1 10 12 1 10 12 1 10 12 1 10 12 1 1 10 10 12 1 5 0 5 0 9 12 1 1 9 12 1 5 0 100 1 8 1 10 12 1 8 1 10 12 1 8 1 8 1 10 12 1 1 5 0 10 12 1 1 5 0 10 12 1 1 10 12 1 1 10 100 12 1 1 1 11 100 1 100 1 10 11 10 12 1 1 8 1 10 12 1 1 8 1 100 1 10 12 1 1 10 12 1 8 1 8 1 11 12 1 1 10 12 1 10 12 1 10 12 1 5 0 5 0 9 7 12 1 1 1 10 12 1 10 12 1 1 8 1 8 1 10 12 1 1 8 1 8 1 8 1 8 1 8 1 8 1 10 12 1 10 12 1 10 12 1 1 10 7 1 9 12 1 1 10 12 1 10 12 1 1 10 100 12 1 1 1 100 1 100 1 10 12 1 1 10 12 1 1 5 0 10 12 1 10 12 1 5 0 5 0 5 0 10 12 1 1 5 0 5 0 10 12 1 10 12 1 10 100 12 1 1 1 10 12 1 1 10 12 1 1 8 1 10 7 12 1 1 1 9 12 1 1 100 1 100 1 100 1 1 1 1 5 0 1 1 1 1 3 1 3 1 5 0 1 1 1 1 1 1 1 1 1 100 1 1 1 1 1 1 1 1 1 1 1 1 1 1 1 1 1 1 1 1 1 1 1 1 1 1 1 1 1 1 1 1 1 1 1 1 1 1 1 1 1 1 1 1 1 1 1 1 1 1 1 1 1 1 3 1 1 1 1 1 1 1 1 1 1 1 1 1 1 1 100 1 1 1 1 1 1 1 1 1 1 1 1 1 1 1 1 1 1 1 1 1 1 1 1 1 1 1 100 1 1 1 1 1 1 1 1 1 100 1 100 1 1
staticfield java/lang/Long TYPE Ljava/lang/Class; java/lang/Class
ciInstanceKlass java/util/WeakHashMap$Entry 1 1 112 10 7 12 1 1 1 9 7 12 1 1 1 9 12 1 1 9 12 1 1 10 12 1 1 10 7 12 1 1 1 100 1 10 12 1 11 10 100 12 1 1 1 10 12 1 11 10 100 12 1 1 1 100 1 10 12 1 10 12 1 1 8 1 10 12 1 10 12 1 1 1 1 1 1 1 1 1 1 1 1 1 1 1 1 1 1 1 1 1 1 1 1 1 1 1 1 1 1 1 1 1 1 1 1 1 1 1 1 1 100 1
instanceKlass java/lang/ref/PhantomReference
instanceKlass java/lang/ref/FinalReference
instanceKlass java/lang/ref/WeakReference
instanceKlass java/lang/ref/SoftReference
ciInstanceKlass java/lang/ref/Reference 1 1 195 9 7 12 1 1 1 9 7 12 1 1 10 12 1 1 10 12 1 1 9 12 1 1 10 12 1 1 9 12 1 1 9 12 1 1 7 1 10 12 1 10 7 12 1 1 10 12 1 10 12 1 1 10 12 1 9 12 1 10 12 1 1 10 12 1 10 12 1 9 12 1 100 1 100 1 10 12 1 9 12 1 9 12 1 100 1 10 10 12 1 10 10 7 12 1 1 10 7 12 1 1 1 10 12 1 1 10 7 12 1 1 7 1 8 1 10 12 1 10 12 1 1 10 12 1 1 10 12 1 7 1 10 10 7 12 1 1 1 1 1 1 1 1 1 1 1 1 1 1 1 1 1 1 1 100 1 1 1 100 1 1 1 1 1 1 1 1 1 1 1 1 1 1 1 1 1 1 1 1 1 1 1 1 1 1 1 1 1 1 1 1 1 1 1
staticfield java/lang/ref/Reference processPendingLock Ljava/lang/Object; java/lang/Object
staticfield java/lang/ref/Reference $assertionsDisabled Z 1
instanceKlass sun/security/util/MemoryCache$SoftCacheEntry
instanceKlass sun/util/locale/provider/LocaleResources$ResourceReference
instanceKlass sun/util/resources/Bundles$BundleReference
instanceKlass java/util/ResourceBundle$BundleReference
instanceKlass sun/util/locale/LocaleObjectCache$CacheEntry
instanceKlass java/lang/invoke/LambdaFormEditor$Transform
ciInstanceKlass java/lang/ref/SoftReference 1 1 47 10 7 12 1 1 1 9 7 12 1 1 1 9 12 1 10 12 1 10 12 1 1 1 1 1 1 1 1 1 1 1 1 1 1 1 1 1 1 1 1 100 1 1 1 1 1
ciMethod java/lang/ref/Reference refersToImpl (Ljava/lang/Object;)Z 778 0 15320 0 96
ciInstanceKlass java/lang/PublicMethods$Key 1 1 91 10 7 12 1 1 1 10 7 12 1 1 1 9 7 12 1 1 1 9 12 1 1 10 7 12 1 1 1 9 12 1 1 10 7 12 1 1 1 10 7 12 1 1 10 7 12 1 1 1 10 12 1 1 7 1 10 10 7 12 1 1 1 1 1 1 1 1 1 1 1 1 1 1 1 1 1 1 1 1 1 1 1 1 1 1 100 1 1 1 1
staticfield java/lang/PublicMethods$Key reflectionFactory Ljdk/internal/reflect/ReflectionFactory; jdk/internal/reflect/ReflectionFactory
instanceKlass org/apache/commons/logging/impl/WeakHashtable$WeakKey
instanceKlass javax/crypto/JceSecurity$WeakIdentityWrapper
instanceKlass com/sun/util/reentrant/ReentrantContextProvider$HardReference
instanceKlass com/sun/javafx/util/WeakReferenceQueue$ListEntry
instanceKlass java/util/logging/LogManager$LoggerWeakRef
instanceKlass java/util/logging/Level$KnownLevel
instanceKlass java/util/ResourceBundle$KeyElementReference
instanceKlass java/lang/ClassValue$Entry
instanceKlass java/lang/WeakPairMap$WeakRefPeer
instanceKlass java/lang/ThreadLocal$ThreadLocalMap$Entry
instanceKlass java/lang/invoke/MethodType$ConcurrentWeakInternSet$WeakEntry
instanceKlass java/util/WeakHashMap$Entry
ciInstanceKlass java/lang/ref/WeakReference 1 1 31 10 7 12 1 1 1 10 12 1 100 1 1 1 1 1 1 1 1 1 1 1 1 1 1 1 1 1 1 1 1
ciMethod java/lang/ref/Reference get ()Ljava/lang/Object; 0 0 1 0 -1
instanceKlass java/lang/ref/Finalizer
ciInstanceKlass java/lang/ref/FinalReference 1 1 47 10 7 12 1 1 1 10 7 12 1 1 1 10 12 1 1 100 1 8 1 10 12 1 1 1 1 1 1 1 1 1 1 1 1 1 1 1 1 1 1 1 1 1 1 1 1
ciInstanceKlass java/lang/ref/Finalizer 1 1 152 9 7 12 1 1 1 10 7 12 1 1 1 9 12 1 1 9 12 1 1 9 12 1 9 12 1 10 12 1 10 12 1 1 9 12 1 1 100 1 10 12 1 7 1 11 7 12 1 1 100 1 10 12 1 100 1 10 12 1 10 100 12 1 1 1 10 100 12 1 1 1 100 1 10 10 12 1 10 7 12 1 1 1 7 1 10 7 1 10 10 7 12 1 1 1 10 12 1 1 10 7 12 1 1 7 1 10 12 1 10 12 1 1 10 12 1 1 10 12 1 1 1 1 1 1 1 1 1 1 1 1 1 1 1 1 1 1 1 1 1 1 1 1 1 1 1 1 1 1 1 1
staticfield java/lang/ref/Finalizer lock Ljava/lang/Object; java/lang/Object
staticfield java/lang/ref/Finalizer $assertionsDisabled Z 1
instanceKlass com/mysql/cj/jdbc/AbandonedConnectionCleanupThread$ConnectionFinalizerPhantomReference
instanceKlass jdk/internal/ref/PhantomCleanable
instanceKlass jdk/internal/ref/Cleaner
ciInstanceKlass java/lang/ref/PhantomReference 1 1 39 10 100 12 1 1 1 10 7 12 1 1 1 1 1 1 1 1 1 1 1 1 1 1 1 1 1 1 1 1 1 1 1 1 1 1 1 1 1
instanceKlass java/lang/ref/ReferenceQueue$Null
ciInstanceKlass java/lang/ref/ReferenceQueue 1 1 140 10 7 12 1 1 1 7 1 10 9 7 12 1 1 1 9 12 1 1 9 7 12 1 1 1 9 12 1 9 12 1 9 12 1 1 100 1 10 9 12 1 1 9 12 1 7 1 10 100 12 1 1 1 10 12 1 10 12 1 1 100 1 8 1 10 12 1 10 7 12 1 1 1 10 12 1 1 5 0 10 12 1 1 11 100 12 1 1 1 10 7 12 1 1 1 7 1 10 1 1 1 1 1 1 1 1 1 1 1 1 1 1 100 1 1 1 1 1 1 1 1 1 100 1 1 1 1 1 1 1 1 1 1 1 1 1 1 1 1
staticfield java/lang/ref/ReferenceQueue NULL Ljava/lang/ref/ReferenceQueue; java/lang/ref/ReferenceQueue$Null
staticfield java/lang/ref/ReferenceQueue ENQUEUED Ljava/lang/ref/ReferenceQueue; java/lang/ref/ReferenceQueue$Null
staticfield java/lang/ref/ReferenceQueue $assertionsDisabled Z 1
instanceKlass java/lang/reflect/Executable
instanceKlass java/lang/reflect/Field
ciInstanceKlass java/lang/reflect/AccessibleObject 1 1 398 10 7 12 1 1 1 9 100 12 1 1 1 10 100 12 1 1 1 10 7 12 1 1 10 7 12 1 1 1 10 100 12 1 1 1 10 12 1 1 10 12 1 1 9 12 1 1 100 1 10 7 12 1 1 1 11 12 1 100 1 10 12 1 7 1 100 1 10 12 1 10 12 1 1 7 1 10 7 12 1 1 1 10 12 1 1 7 1 10 12 1 1 7 1 10 10 10 7 12 1 1 1 10 12 1 1 10 12 1 10 12 1 10 12 1 1 10 12 1 8 1 100 1 10 10 12 1 1 8 1 10 12 1 10 12 1 8 1 8 1 8 1 8 1 8 1 8 1 100 1 10 12 1 10 12 1 9 12 1 1 10 12 1 1 10 12 1 10 11 100 1 100 1 8 1 10 10 12 1 10 12 1 1 8 1 10 12 1 8 1 10 12 1 1 10 100 1 8 1 10 11 7 12 1 1 10 12 1 1 10 12 1 1 10 12 1 1 9 12 1 1 100 1 10 12 1 7 1 10 12 1 10 12 1 1 10 100 1 10 12 1 10 12 10 12 1 10 12 1 1 10 12 1 10 12 1 1 10 12 1 9 12 1 10 100 12 1 1 8 1 10 100 12 1 1 1 8 1 10 100 12 1 1 1 9 12 1 100 1 10 7 1 10 10 7 12 1 1 1 7 1 10 10 7 12 1 1 1 7 1 9 12 1 1 1 1 1 1 1 1 1 1 1 1 1 1 1 1 1 1 1 1 1 1 1 1 1 1 1 1 1 1 1 1 1 1 1 1 1 1 1 1 1 1 1 1 1 1 1 1 1 1 1 1 1 1 1 1 1 1 1 1 1 1 1 1 1 1 1 1 1 1 1 1 1 1 1 1 1 1 1 1 1 1 1 1 1
staticfield java/lang/reflect/AccessibleObject reflectionFactory Ljdk/internal/reflect/ReflectionFactory; jdk/internal/reflect/ReflectionFactory
instanceKlass java/lang/reflect/Constructor
instanceKlass java/lang/reflect/Method
ciInstanceKlass java/lang/reflect/Executable 1 1 548 10 7 12 1 1 1 10 7 12 1 1 1 10 7 12 1 1 1 11 7 12 1 1 1 10 7 12 1 1 1 10 12 1 1 10 7 12 1 1 1 10 100 12 1 1 1 10 12 1 8 1 10 10 12 1 1 10 12 1 1 10 100 12 1 1 1 18 12 1 1 11 100 12 1 1 1 8 1 8 1 8 1 10 100 12 1 1 1 11 12 1 1 100 1 8 1 8 1 10 12 1 100 1 8 1 10 12 1 8 1 11 100 12 1 1 1 100 1 10 12 1 1 11 12 1 8 1 18 8 1 10 12 1 10 12 1 1 18 8 1 10 12 1 100 1 10 12 1 10 12 1 11 100 12 1 1 10 12 1 1 8 1 8 1 10 12 1 1 10 12 1 1 10 10 12 1 100 1 10 10 12 1 10 12 1 1 10 100 12 1 1 10 12 1 10 12 1 10 12 1 1 10 100 12 1 1 10 12 1 10 12 1 10 100 12 1 1 1 10 12 1 8 1 10 12 1 10 12 1 3 100 1 8 1 10 12 1 10 12 1 10 10 12 1 10 12 1 1 8 1 8 1 8 1 9 12 1 10 12 1 100 1 8 1 9 12 1 10 12 1 10 12 1 1 10 12 1 1 10 12 1 10 12 10 12 1 7 1 10 12 1 10 12 1 1 100 1 10 100 12 1 1 1 7 1 10 7 12 1 1 1 10 12 1 1 11 7 12 1 1 10 7 12 1 1 10 100 12 1 1 1 10 12 1 1 9 12 1 10 12 1 1 10 12 1 10 12 1 1 9 100 12 1 1 1 10 100 12 1 1 1 10 12 1 10 12 1 1 9 12 1 10 10 10 10 100 12 1 1 1 10 12 1 9 12 1 10 12 1 1 9 12 1 100 1 100 1 1 1 1 1 1 1 1 1 1 1 1 1 1 1 1 1 1 1 1 1 1 1 1 1 1 1 1 1 1 1 1 1 1 100 1 1 1 1 1 1 1 1 100 1 1 1 1 1 1 1 1 1 1 1 1 100 1 1 1 1 1 1 1 1 1 1 1 1 1 1 1 1 1 1 1 1 1 1 1 1 1 1 1 1 1 1 1 1 1 1 1 1 1 1 1 1 1 100 1 1 1 1 1 1 1 1 1 1 1 1 1 1 1 1 1 1 1 1 1 100 1 100 1 1 15 10 100 12 1 1 1 16 15 16 1 16 1 15 10 12 16 1 100 1 1 100 1 100 1 1
ciInstanceKlass java/lang/reflect/Constructor 1 1 433 10 100 12 1 1 1 10 100 12 1 1 9 7 12 1 1 1 10 12 1 1 10 12 1 1 10 100 12 1 1 9 12 1 1 10 7 12 1 1 1 9 12 1 1 9 12 1 1 9 12 1 9 12 1 1 9 12 1 9 12 1 1 9 12 1 1 9 12 1 100 1 8 1 10 12 1 10 12 1 9 12 1 1 10 7 12 1 1 10 7 12 1 1 1 10 12 1 1 10 12 1 1 10 12 1 7 1 100 1 8 1 10 10 12 1 10 12 1 10 12 1 1 10 12 1 1 9 100 12 1 1 1 10 7 12 1 1 10 12 1 1 10 12 1 10 12 1 1 10 7 12 1 1 1 10 100 12 1 1 10 12 1 1 10 12 1 10 100 12 1 1 1 8 1 10 10 12 1 100 1 8 1 10 12 1 10 12 1 1 10 12 1 1 10 12 1 10 12 1 10 12 1 1 10 12 1 1 9 12 1 1 10 12 1 1 10 12 1 1 10 12 1 8 1 10 12 1 1 11 7 12 1 1 1 10 12 1 1 10 12 1 10 12 1 9 12 1 1 10 7 12 1 1 1 10 12 1 1 10 12 1 1 10 12 1 1 10 12 1 1 10 12 1 9 100 12 1 1 10 12 1 10 12 1 10 12 1 100 1 8 1 10 10 12 1 1 10 12 1 10 10 12 1 1 10 12 1 1 10 100 12 1 1 1 11 100 12 1 1 1 10 12 1 1 9 100 12 1 1 1 10 100 12 1 1 1 10 12 1 1 1 1 1 1 1 1 1 1 1 1 1 1 1 1 1 1 1 1 1 1 1 1 1 1 1 1 1 1 1 1 1 1 1 1 1 1 1 1 1 1 1 1 1 1 1 1 1 1 1 100 1 100 1 100 1 100 1 1 1 1 1 1 1 1 1 1 1 1 1 1 1 1 1 1 1 1 1 1 1 1 1 1 1 1 1 1 1 1 1 100 1 1
ciInstanceKlass java/lang/reflect/Method 1 1 450 9 7 12 1 1 1 10 7 12 1 1 1 10 7 12 1 1 9 12 1 1 10 12 1 1 10 12 1 1 10 7 12 1 1 10 7 12 1 1 1 9 12 1 1 9 12 1 9 12 1 1 9 12 1 9 12 1 9 12 1 1 9 12 1 9 12 1 1 9 12 1 9 12 1 9 12 1 1 100 1 8 1 10 12 1 10 12 1 9 12 1 1 8 1 10 7 12 1 1 10 7 12 1 1 1 10 12 1 1 10 12 1 1 10 12 1 10 12 1 1 10 12 1 1 9 100 12 1 1 1 10 12 1 1 10 12 10 7 12 1 1 10 12 1 1 10 12 1 10 12 1 10 12 1 10 7 12 1 1 1 10 12 1 1 10 7 1 10 100 12 1 1 1 10 7 12 1 1 10 12 1 1 10 12 1 1 10 12 1 10 7 12 1 1 1 10 12 1 10 8 1 10 12 1 10 12 1 7 1 8 1 8 1 8 1 10 12 1 10 12 1 1 10 12 1 1 10 10 12 1 1 10 12 1 11 100 1 9 12 1 1 10 12 1 1 10 12 1 10 12 1 1 10 12 1 1 11 7 12 1 1 1 10 12 1 10 12 1 10 12 1 10 12 1 10 12 1 9 12 1 1 10 7 12 1 1 1 10 12 1 1 10 7 12 1 1 1 10 7 12 1 1 1 10 7 12 1 1 1 11 7 12 1 1 1 10 7 12 1 1 1 7 1 100 1 100 1 10 12 1 10 12 1 1 10 12 1 100 1 8 1 10 12 1 10 10 12 1 1 10 12 1 1 10 12 1 1 10 12 1 1 8 1 10 12 1 1 1 1 1 1 1 1 1 1 1 1 1 1 1 1 1 1 1 1 1 1 1 1 1 1 1 1 1 1 1 1 1 1 1 1 1 1 1 1 1 1 1 1 1 1 1 1 1 1 1 1 1 100 1 100 1 100 1 1 1 1 1 1 1 1 1 1 1 1 1 1 1 1 1 1 1 1 1 1 1 1 1 1
ciInstanceKlass java/lang/reflect/Field 1 1 437 9 7 12 1 1 1 10 12 1 1 10 100 12 1 1 1 10 100 12 1 1 9 12 1 1 10 12 1 1 10 12 1 1 10 100 12 1 1 10 7 12 1 1 1 9 12 1 1 9 12 1 9 12 1 9 12 1 1 9 12 1 1 9 12 1 9 12 1 1 9 12 1 1 100 1 8 1 10 12 1 10 12 1 9 12 1 1 9 12 1 10 12 1 10 7 12 1 1 10 12 1 1 10 12 1 1 10 12 1 10 12 1 1 100 1 10 12 1 1 10 12 1 1 10 12 1 1 10 12 1 10 12 1 10 7 1 10 100 12 1 1 100 1 10 8 1 10 12 1 1 10 12 1 1 8 1 10 12 10 12 1 8 1 8 1 10 11 100 1 9 12 1 10 12 1 1 10 12 1 1 11 7 12 1 1 1 11 12 1 1 11 12 1 1 11 12 1 1 11 12 1 1 11 12 1 1 11 12 1 1 11 12 1 1 11 12 1 1 11 12 1 1 11 12 1 1 11 12 1 1 11 12 1 1 11 12 1 1 11 12 1 1 11 12 1 1 11 12 1 1 11 12 1 1 10 12 1 10 100 12 1 1 10 12 1 10 12 1 1 10 12 9 12 1 1 10 7 12 1 1 1 10 12 1 1 10 7 12 1 1 10 12 1 1 11 7 1 10 12 1 7 1 10 100 12 1 1 1 10 7 12 1 1 1 9 12 1 10 7 12 1 1 1 11 7 12 1 1 1 10 12 1 1 10 12 1 1 9 100 12 1 1 1 10 100 12 1 1 1 10 12 1 1 100 1 1 1 1 1 1 1 1 1 1 1 1 1 1 1 1 1 1 1 1 1 1 1 1 1 1 1 1 1 1 1 1 1 1 1 100 1 1 1 1 1 1 1 1 1 1 1 1 1 1 1 1 1 1 1 1 1 1 1 1 1 1 1 1 1 1 1 1 1 1 100 1 1 1 1 1 1 1 1 100 1 1
ciInstanceKlass java/lang/reflect/Parameter 0 0 226 10 100 12 1 1 1 9 100 12 1 1 1 9 12 1 1 9 12 1 1 9 12 1 10 12 1 1 10 12 1 1 10 100 12 1 1 1 100 1 10 10 12 1 1 11 100 12 1 1 1 10 12 1 10 100 12 1 1 1 10 12 1 1 10 12 1 10 12 1 8 1 8 1 10 100 12 1 1 1 10 12 1 10 12 10 12 1 8 1 10 12 1 9 12 1 1 10 12 1 1 9 12 1 1 10 12 1 1 10 12 1 1 10 12 1 1 10 12 1 10 10 12 1 10 100 12 1 1 1 10 12 1 1 11 100 12 1 1 10 100 12 1 1 100 1 10 100 12 1 1 1 10 12 1 1 10 12 1 1 10 12 1 1 10 12 1 1 9 12 1 100 1 10 11 12 1 1 11 12 1 1 100 1 1 1 1 1 1 1 1 1 1 1 1 1 1 1 1 1 1 1 1 1 1 1 1 1 1 1 1 1 1 1 1 1 1 1 1 1 1 100 1 1 1 1
ciInstanceKlass java/lang/StringBuffer 1 1 470 10 7 12 1 1 1 10 12 1 10 12 1 10 12 1 1 9 7 12 1 1 1 10 12 1 1 10 12 1 10 12 1 1 9 12 1 1 10 12 1 10 12 1 1 10 12 1 1 10 12 1 10 12 1 1 10 12 1 10 12 1 1 10 12 1 1 10 100 12 1 1 1 10 12 1 1 10 12 1 10 12 1 10 12 1 10 12 1 10 12 1 10 12 1 10 12 1 10 12 1 10 12 1 10 12 1 10 12 1 10 12 1 10 12 1 10 12 1 1 10 12 1 10 12 1 1 10 12 1 1 10 10 12 1 1 10 12 1 10 12 1 10 12 1 10 12 1 10 12 1 10 12 1 10 12 10 12 1 10 12 1 10 12 1 10 12 1 1 10 12 1 10 12 1 10 10 12 1 1 10 12 1 1 9 12 1 1 10 7 12 1 1 1 10 100 1 10 10 100 12 1 1 1 10 10 12 1 10 8 10 100 12 1 1 1 8 10 12 1 8 1 10 12 1 10 12 1 10 100 12 1 1 1 10 100 12 1 1 1 7 1 10 12 100 1 8 1 10 10 12 1 1 10 12 1 1 10 12 1 1 10 12 1 10 12 1 10 12 1 10 12 1 10 12 1 10 12 1 10 12 1 10 12 1 10 12 1 10 12 1 10 12 1 10 12 1 10 12 1 10 12 1 10 12 1 10 12 1 10 12 10 12 10 12 1 10 12 1 10 12 1 10 12 10 12 1 10 12 1 10 12 1 10 12 1 10 12 1 10 12 1 10 12 1 10 12 1 10 12 1 10 12 1 10 12 1 7 1 10 12 1 9 7 12 1 1 1 9 7 1 9 12 1 1 100 1 100 1 100 1 1 1 1 5 0 1 1 1 1 1 1 1 1 1 1 1 1 1 1 1 1 1 1 1 1 1 1 1 1 1 1 1 1 1 1 1 1 1 1 1 1 1 1 1 1 1 1 1 1 1 1 1 1 1 1 1 1 1 1 1 1 1 1 1 1 100 1 1 1 1 1 100 1 1 1 1 1 1 1 1 1 1 1 1 1 1 1 1 1
staticfield java/lang/StringBuffer serialPersistentFields [Ljava/io/ObjectStreamField; 3 [Ljava/io/ObjectStreamField;
instanceKlass java/lang/StringBuilder
instanceKlass java/lang/StringBuffer
ciInstanceKlass java/lang/AbstractStringBuilder 1 1 547 7 1 7 1 10 7 12 1 1 1 9 7 12 1 1 1 9 12 1 9 12 1 1 9 12 1 1 10 7 12 1 1 1 10 12 1 1 3 3 10 12 1 10 12 1 1 11 7 1 100 1 100 1 10 8 1 10 12 1 10 12 1 10 12 1 1 10 12 1 10 12 1 10 12 1 9 12 1 1 10 12 1 1 10 7 12 1 1 1 10 10 12 1 10 12 1 10 12 1 1 10 12 1 1 10 7 12 1 1 1 10 7 12 1 1 1 100 1 8 1 10 10 12 1 1 100 1 10 12 10 12 1 1 10 10 12 1 1 10 12 1 1 10 12 1 1 10 12 1 1 100 1 10 10 12 1 10 100 12 1 1 1 10 12 1 1 10 12 1 10 12 1 1 10 10 12 1 1 10 12 10 12 1 10 12 1 1 10 12 1 1 10 12 1 1 10 12 1 10 10 12 1 1 10 12 1 10 12 1 1 8 1 10 12 1 1 10 12 1 10 12 1 10 12 1 10 12 1 10 12 1 10 12 1 10 7 12 1 1 10 12 1 10 12 1 10 100 12 1 1 1 10 12 1 10 12 1 10 12 1 10 12 1 10 12 1 1 10 12 1 10 12 1 1 10 12 1 1 10 10 7 12 1 1 1 10 12 1 10 12 1 10 12 1 1 10 12 1 10 12 1 10 12 1 10 12 1 10 12 1 10 12 1 10 12 1 10 12 1 10 12 1 1 10 12 1 10 12 1 10 12 10 12 1 1 18 12 1 1 100 1 10 100 12 1 1 1 18 10 12 1 1 10 12 1 10 12 1 1 11 12 1 10 12 1 10 12 1 10 10 12 1 10 8 1 8 1 8 1 10 10 100 1 10 12 1 100 1 10 100 1 10 100 1 1 1 3 1 1 1 1 1 1 1 1 1 1 100 1 1 1 1 1 1 1 1 1 1 1 1 1 1 1 1 1 1 1 1 1 1 1 1 1 1 1 1 1 1 1 1 1 1 1 1 1 1 1 1 1 1 1 1 1 1 1 1 1 1 1 1 1 1 1 1 1 1 1 1 1 1 1 1 1 1 1 1 1 1 1 1 1 1 1 1 1 1 1 1 1 1 1 1 1 1 1 1 1 1 1 1 1 1 1 1 1 100 1 1 100 1 1 1 1 1 100 1 1 1 1 1 1 15 10 100 12 1 1 1 16 1 15 10 12 16 15 10 12 1 1 1 1 100 1 100 1 1
staticfield java/lang/AbstractStringBuilder EMPTYVALUE [B 0
instanceKlass javax/crypto/JceSecurityManager
ciInstanceKlass java/lang/SecurityManager 1 1 576 10 7 12 1 1 1 9 7 12 1 1 1 10 7 12 1 1 1 100 1 8 1 10 12 1 10 12 1 1 10 100 12 1 1 1 10 100 1 10 100 1 10 9 100 12 1 1 1 10 7 12 1 1 1 10 12 1 1 10 7 12 1 1 100 1 8 1 10 9 12 1 1 9 12 1 8 1 9 12 1 100 1 10 8 1 10 12 1 1 10 12 1 10 12 1 1 100 1 10 10 12 1 1 100 1 8 1 10 12 1 8 1 8 1 8 1 8 1 8 1 8 1 10 12 1 8 1 8 1 8 1 8 1 8 1 10 100 12 1 1 1 10 12 1 1 8 1 100 1 8 1 10 8 1 8 1 8 1 8 1 8 1 10 100 12 1 1 8 1 100 1 8 1 8 1 10 8 1 10 12 1 100 1 8 1 10 10 12 1 1 10 12 1 10 12 1 10 12 1 10 7 12 1 1 1 10 12 1 10 7 12 1 1 11 7 12 1 1 1 18 12 1 1 11 7 12 1 1 1 18 12 1 1 11 12 1 1 18 18 11 12 1 18 12 1 11 12 1 1 9 12 1 1 9 12 1 9 12 1 9 12 1 7 1 10 7 12 1 1 10 12 1 10 12 1 18 12 1 18 10 7 12 1 1 1 18 12 1 10 12 1 18 18 8 1 10 12 1 9 12 1 1 11 7 12 1 1 1 8 1 100 1 10 12 1 10 12 1 1 10 12 1 1 9 12 1 1 10 12 1 10 12 1 1 8 1 100 1 10 9 12 1 8 1 10 12 1 8 1 100 1 10 10 7 12 1 1 10 7 1 9 7 12 1 1 1 11 12 1 1 10 12 1 11 12 1 10 12 1 7 1 10 10 12 1 1 10 12 1 1 1 1 1 1 1 1 1 1 1 100 1 1 1 1 1 1 1 1 1 1 1 1 1 1 1 1 1 1 1 1 1 1 1 1 1 1 1 1 1 1 1 1 1 1 1 1 1 1 1 1 1 1 1 1 1 1 1 1 1 1 1 1 1 1 1 1 3 1 1 1 1 1 1 1 1 1 1 100 1 1 1 1 1 1 1 1 1 1 1 1 1 1 1 1 1 1 1 1 1 1 1 1 1 1 1 1 1 1 1 1 1 1 1 1 1 1 15 10 7 12 1 1 1 16 15 10 7 12 1 1 1 16 1 16 15 10 12 16 1 15 10 12 16 15 11 7 1 16 1 16 1 15 10 12 16 15 10 12 16 15 10 12 1 16 1 15 11 12 1 15 10 12 16 15 10 16 1 1 1 1 100 1 100 1 1
staticfield java/lang/SecurityManager packageAccessLock Ljava/lang/Object; java/lang/Object
staticfield java/lang/SecurityManager packageDefinitionLock Ljava/lang/Object; java/lang/Object
staticfield java/lang/SecurityManager nonExportedPkgs Ljava/util/Map; java/util/concurrent/ConcurrentHashMap
instanceKlass org/apache/http/ParseException
instanceKlass org/apache/commons/logging/LogConfigurationException
instanceKlass software/amazon/awssdk/retries/api/TokenAcquisitionFailedException
instanceKlass java/util/concurrent/CompletionException
instanceKlass software/amazon/awssdk/core/exception/SdkException
instanceKlass java/io/UncheckedIOException
instanceKlass java/security/ProviderException
instanceKlass java/time/DateTimeException
instanceKlass java/util/ConcurrentModificationException
instanceKlass java/util/MissingResourceException
instanceKlass com/mysql/cj/exceptions/CJException
instanceKlass com/sun/javafx/geom/IllegalPathStateException
instanceKlass java/lang/reflect/UndeclaredThrowableException
instanceKlass com/sun/javafx/fxml/PropertyNotFoundException
instanceKlass java/util/NoSuchElementException
instanceKlass com/sun/javafx/geom/transform/SingularMatrixException
instanceKlass java/lang/IndexOutOfBoundsException
instanceKlass java/lang/UnsupportedOperationException
instanceKlass java/lang/SecurityException
instanceKlass java/lang/IllegalStateException
instanceKlass java/lang/IllegalArgumentException
instanceKlass java/lang/ArithmeticException
instanceKlass java/lang/NullPointerException
instanceKlass java/lang/IllegalMonitorStateException
instanceKlass java/lang/ArrayStoreException
instanceKlass java/lang/ClassCastException
ciInstanceKlass java/lang/RuntimeException 1 1 40 10 7 12 1 1 1 10 12 1 10 12 1 10 12 1 10 12 1 100 1 1 1 1 5 0 1 1 1 1 1 1 1 1 1 1 1 1 1 1
instanceKlass java/security/InvalidParameterException
instanceKlass java/nio/file/InvalidPathException
instanceKlass java/nio/charset/UnsupportedCharsetException
instanceKlass java/nio/charset/IllegalCharsetNameException
instanceKlass java/lang/NumberFormatException
ciInstanceKlass java/lang/IllegalArgumentException 1 1 35 10 7 12 1 1 1 10 12 1 10 12 1 10 12 1 100 1 1 1 1 5 0 1 1 1 1 1 1 1 1 1 1 1 1
ciInstanceKlass java/lang/ArithmeticException 1 1 26 10 100 12 1 1 1 10 12 1 100 1 1 1 1 5 0 1 1 1 1 1 1 1 1 1
ciInstanceKlass java/lang/NullPointerException 1 1 52 10 7 12 1 1 1 10 12 1 9 7 12 1 1 1 10 12 1 1 9 12 1 1 10 12 1 1 10 12 1 1 1 1 5 0 1 1 1 1 1 1 1 1 100 1 100 1 100 1 1 1
instanceKlass java/util/Collections$SingletonMap
instanceKlass com/sun/javafx/fxml/builder/ProxyBuilder
instanceKlass com/sun/javafx/fxml/BeanAdapter
instanceKlass javafx/collections/FXCollections$EmptyObservableMap
instanceKlass java/util/concurrent/ConcurrentSkipListMap
instanceKlass java/util/TreeMap
instanceKlass java/util/stream/Collectors$Partition
instanceKlass java/util/IdentityHashMap
instanceKlass sun/util/PreHashedMap
instanceKlass java/util/EnumMap
instanceKlass java/util/WeakHashMap
instanceKlass java/util/Collections$EmptyMap
instanceKlass java/util/HashMap
instanceKlass java/util/ImmutableCollections$AbstractImmutableMap
instanceKlass java/util/concurrent/ConcurrentHashMap
ciInstanceKlass java/util/AbstractMap 1 1 192 10 7 12 1 1 1 10 7 12 1 1 1 11 7 12 1 1 1 10 11 12 1 1 11 7 12 1 1 1 11 12 1 1 7 1 11 12 1 10 12 1 1 11 12 1 100 1 10 11 12 1 11 7 1 10 12 1 1 11 12 1 9 12 1 1 100 1 10 12 1 9 12 1 1 100 1 10 11 11 12 1 1 11 12 1 100 1 100 1 11 12 1 8 1 100 1 10 10 12 1 1 8 1 10 12 1 10 12 1 1 10 12 1 1 1 1 1 1 1 1 1 1 1 1 1 1 1 1 1 1 1 1 1 1 1 1 1 1 1 1 1 1 1 1 1 1 1 1 1 1 1 1 100 1 1 1 1 1 1 1 1 1 1 1 1 1 1 1 1 100 1 1 1 1 1 1 1 1 1 100 1 100 1 100 1 100 1 1 1 1 1
ciInstanceKlass java/util/Collections$EmptyList 1 1 150 10 7 12 1 1 1 10 7 12 1 1 1 10 12 1 1 11 100 12 1 1 1 100 1 100 1 100 1 10 8 1 10 12 1 1 10 12 1 10 12 1 1 10 12 1 7 1 11 10 100 12 1 1 1 10 100 12 1 1 1 9 12 1 1 100 1 100 1 100 1 1 1 1 5 0 1 1 1 1 1 1 1 1 1 1 1 1 1 1 1 1 1 1 1 1 1 1 1 1 1 1 1 1 1 1 1 1 1 1 1 1 1 1 1 1 1 1 1 1 1 1 1 1 1 1 1 1 1 1 1 1 1 1 1 1 1 1 1 1 1 1 1 1 1 1 1 1 1 1
ciInstanceKlass java/security/AccessControlContext 1 1 373 9 7 12 1 1 1 9 12 1 1 10 100 12 1 1 1 8 1 10 100 12 1 1 1 10 7 12 1 1 1 9 12 1 9 12 1 1 9 12 1 1 10 7 12 1 1 100 1 10 12 1 11 100 12 1 1 1 11 12 1 11 12 1 11 12 1 1 7 1 11 12 1 1 10 12 1 10 7 12 1 1 1 9 100 12 1 1 1 10 100 12 1 1 1 11 100 12 1 1 1 10 7 1 100 1 8 1 10 12 1 10 12 1 1 7 1 10 7 12 1 1 1 9 12 1 9 12 1 9 12 1 9 12 1 1 9 12 1 1 9 12 1 9 12 1 10 7 12 1 1 1 9 12 1 10 12 1 1 10 12 1 1 8 1 10 12 1 1 10 12 1 1 10 100 12 1 1 1 100 1 10 10 12 1 1 10 100 12 1 1 1 10 8 1 10 100 12 1 1 8 1 10 100 12 1 1 8 1 8 1 10 12 1 8 1 10 12 1 8 1 10 12 1 10 12 1 10 12 1 1 8 1 8 1 100 1 10 12 1 10 12 1 1 100 1 10 12 1 8 1 10 12 1 10 12 1 10 8 1 10 12 1 1 10 12 1 1 10 12 1 1 10 12 1 1 10 12 1 10 12 1 10 12 1 10 12 1 1 10 10 10 12 1 1 1 1 1 1 1 1 1 1 1 1 1 1 1 1 1 1 1 1 1 1 1 1 100 1 1 1 1 1 1 1 1 1 1 1 1 1 1 1 1 1 1 1 1 1 1 1 1 1 1 1 1 1 1 1 1 1 1 1 1 1 1 1 1 1 1 1 1 1 1 1 1 1 1 1 1 3 1 1
ciInstanceKlass java/net/URL 1 1 743 10 7 12 1 1 1 10 12 1 10 7 12 1 1 9 12 1 1 9 12 1 10 7 12 1 1 1 10 12 1 1 10 12 1 1 9 12 1 1 10 7 12 1 1 1 8 1 10 12 1 1 7 1 10 10 12 1 1 8 1 10 12 1 1 9 12 1 7 1 8 1 10 12 1 10 12 1 8 1 9 12 1 10 12 1 1 9 12 1 10 12 1 10 12 1 9 12 1 9 12 1 8 1 9 12 1 10 12 1 1 8 1 9 12 1 1 10 12 1 1 10 7 12 1 1 1 8 1 10 12 1 7 1 10 12 1 10 12 1 10 12 1 10 12 1 1 10 12 1 1 8 1 10 12 1 1 10 12 1 8 1 9 12 1 8 1 10 12 1 10 7 12 1 1 1 100 1 10 12 1 10 12 1 1 10 7 12 1 1 1 100 1 8 1 10 10 12 1 8 1 10 12 1 1 10 12 1 10 12 1 10 12 1 10 12 1 10 12 1 8 1 10 12 1 10 10 7 12 1 1 1 10 12 1 9 100 12 1 1 1 10 100 12 1 1 1 9 12 1 1 10 12 1 10 100 12 1 1 1 100 1 100 1 10 12 1 10 12 1 10 12 1 10 12 1 10 12 1 10 12 10 10 10 12 1 100 1 10 12 1 10 12 1 1 8 1 9 100 12 1 1 1 10 100 12 1 1 1 10 12 1 1 9 100 12 1 1 1 10 12 1 1 100 1 10 12 1 10 12 1 10 10 12 1 1 10 12 1 1 10 12 1 10 12 1 10 12 1 10 7 12 1 1 1 10 12 1 1 10 12 1 9 12 1 1 9 12 1 1 100 1 8 1 10 10 12 1 9 12 1 1 10 7 12 1 1 8 1 10 7 12 1 1 8 1 10 12 1 1 10 12 1 8 1 8 1 10 7 12 1 1 1 100 1 10 100 12 1 1 1 10 12 1 10 12 1 7 1 10 9 12 1 1 10 7 12 1 1 8 1 10 12 1 1 7 1 10 10 7 12 1 1 1 8 9 7 12 1 1 1 10 12 1 10 12 1 10 12 1 10 12 1 10 7 12 1 1 11 7 12 1 1 10 12 1 10 12 1 9 12 1 10 12 1 1 10 100 12 1 1 10 100 12 1 1 1 8 10 100 12 1 1 100 1 10 8 8 10 12 1 8 8 8 100 1 10 12 1 9 12 1 1 10 12 1 10 12 1 1 10 12 1 10 12 10 12 1 1 10 12 1 1 10 10 10 12 1 10 12 1 10 12 1 10 12 1 10 12 1 10 10 12 1 100 1 8 1 10 10 10 12 1 1 10 12 1 10 12 1 1 8 1 7 1 10 10 10 7 1 10 12 1 9 7 12 1 1 1 9 12 1 1 7 1 10 10 7 12 1 1 1 100 1 1 1 1 1 5 0 1 1 1 1 1 1 1 1 1 1 1 1 1 1 1 1 1 1 1 1 1 1 1 1 1 1 1 1 1 1 1 1 1 1 1 1 1 1 1 100 1 1 1 1 1 1 1 1 1 1 1 1 1 1 1 1 1 1 1 1 1 1 1 1 1 1 1 1 1 1 1 1 1 1 1 1 1 100 1 1 1 1 1 1 1 1 1 1 1 1 1 1 1 1 100 1 1 1 1 1 1 1 1 1 1 1 1 1 1 1 1 1 1
staticfield java/net/URL defaultFactory Ljava/net/URLStreamHandlerFactory; java/net/URL$DefaultFactory
staticfield java/net/URL streamHandlerLock Ljava/lang/Object; java/lang/Object
staticfield java/net/URL serialPersistentFields [Ljava/io/ObjectStreamField; 7 [Ljava/io/ObjectStreamField;
ciInstanceKlass java/util/jar/Manifest 1 1 336 10 7 12 1 1 1 7 1 10 9 7 12 1 1 1 7 1 10 9 12 1 1 9 12 1 1 10 12 1 10 12 1 1 10 12 1 1 10 12 1 1 10 12 1 1 11 7 1 11 12 1 1 10 12 1 1 10 100 12 1 1 1 100 1 100 1 10 8 1 10 12 1 1 10 12 1 1 10 12 1 10 12 1 11 100 1 10 12 1 10 12 1 1 11 12 1 1 10 12 1 11 12 1 1 11 100 12 1 1 1 11 100 12 1 1 11 12 1 1 100 1 10 12 1 8 1 11 12 1 100 1 10 12 1 1 11 12 1 10 12 1 10 12 1 10 100 12 1 1 1 8 1 10 12 1 1 10 9 100 12 1 1 1 10 12 1 1 10 100 12 1 10 12 1 10 12 1 9 100 12 1 1 1 8 1 10 12 1 8 1 8 1 7 1 10 12 1 10 12 1 10 12 1 1 100 1 8 1 10 12 1 1 8 1 10 10 12 1 1 8 1 10 12 1 1 10 100 12 1 1 1 10 12 1 10 11 12 1 1 10 12 1 10 100 12 1 1 1 10 12 1 1 10 12 1 1 11 10 12 1 11 10 12 1 100 1 1 1 1 1 1 1 1 1 1 1 1 1 1 1 1 1 1 1 1 1 1 1 1 1 1 1 1 1 1 1 1 1 1 1 1 1 1 1 1 1 1 1 100 1 1 1 1 1 1 1 1 1 1 1 1 1 1 100 1 1 1 1 1 1 1 1 1 1 1
ciInstanceKlass java/util/Objects 1 1 151 10 7 12 1 1 1 100 1 8 1 10 12 1 10 12 1 1 10 7 12 1 1 1 10 12 1 1 10 12 1 10 100 12 1 1 1 10 12 1 1 11 100 12 1 1 1 100 1 10 10 12 1 8 1 10 7 12 1 1 1 8 1 100 1 11 12 1 1 8 1 10 7 12 1 1 1 10 12 1 1 10 12 1 10 12 1 10 12 1 10 12 1 1 1 1 1 1 1 1 1 1 1 1 1 1 1 1 1 1 1 1 1 1 1 1 1 1 1 1 1 1 1 1 1 1 1 1 1 1 1 1 1 1 1 1 1 1 1 1 1 1 1 1 1 1 1 1 1 1 1
ciInstanceKlass java/util/Collection 1 1 115 11 100 12 1 1 1 100 1 11 7 12 1 1 1 10 100 12 1 1 1 11 12 1 1 11 100 12 1 1 1 11 12 1 1 11 100 12 1 1 1 11 12 1 1 10 100 12 1 1 1 11 12 1 10 7 12 1 1 1 100 1 100 1 1 1 1 1 1 1 1 1 1 1 1 1 1 1 1 1 1 1 1 1 1 1 1 1 1 1 1 1 1 1 1 1 1 1 1 1 1 1 1 1 1 1 1 1 1 1 1 1 1 1 1
instanceKlass java/util/concurrent/ConcurrentLinkedDeque
instanceKlass java/util/TreeMap$Values
instanceKlass java/util/EnumMap$Values
instanceKlass java/util/IdentityHashMap$Values
instanceKlass java/util/WeakHashMap$Values
instanceKlass java/util/LinkedHashMap$LinkedValues
instanceKlass java/util/AbstractQueue
instanceKlass java/util/HashMap$Values
instanceKlass java/util/ArrayDeque
instanceKlass java/util/AbstractSet
instanceKlass java/util/ImmutableCollections$AbstractImmutableCollection
instanceKlass java/util/AbstractList
ciInstanceKlass java/util/AbstractCollection 1 1 160 10 7 12 1 1 1 10 7 12 1 1 1 10 12 1 1 11 7 12 1 1 1 11 12 1 1 10 12 1 1 10 100 12 1 1 1 10 12 1 1 10 12 1 1 10 7 12 1 1 10 7 12 1 1 1 7 1 10 100 12 1 1 1 10 100 12 1 1 1 100 1 10 11 12 1 11 7 1 10 12 1 10 12 1 10 100 12 1 1 1 11 8 1 100 1 10 10 12 1 1 8 1 10 12 1 10 12 1 1 1 1 1 1 1 1 1 1 1 1 1 1 1 1 1 1 1 1 1 1 1 1 1 1 1 1 1 1 1 1 1 1 1 1 1 1 1 1 1 1 1 1 1 1 1 1 1 1 1 1
ciInstanceKlass java/util/List 1 1 217 10 100 12 1 1 1 11 100 12 1 1 1 11 100 12 1 1 1 11 12 1 1 11 100 12 1 1 11 12 1 1 11 12 1 1 10 100 12 1 1 1 7 1 7 1 10 12 1 1 100 1 10 7 12 1 1 1 9 7 12 1 1 1 7 1 10 12 10 12 1 7 1 10 12 1 1 10 12 1 10 12 1 1 100 1 1 1 1 1 1 1 1 1 1 1 1 1 1 1 1 1 1 1 1 1 1 1 1 1 1 1 1 1 1 1 1 1 1 1 1 1 1 1 1 1 1 1 1 1 1 1 1 1 1 100 1 100 1 1 1 1 1 1 1 1 1 1 1 1 1 1 1 1 1 1 1 1 1 1 1 1 1 1 1 1 1 1 1 1 1 1 1 1 1 1 1 1 1 1 1 1 1 1 1 1 1 1 1 1 1 1 1 1 1 1 1 1 1 1 1 1 1 1 1 1 1 1 1 1 100 1 1 100 1 1 1
instanceKlass java/util/Collections$CopiesList
instanceKlass org/reactfx/util/FingerTree$Branch$1
instanceKlass org/reactfx/collection/SubList
instanceKlass org/reactfx/util/Lists$2
instanceKlass javafx/scene/control/skin/VirtualFlow$ArrayLinkedList
instanceKlass javafx/scene/control/TextArea$ParagraphList
instanceKlass sun/security/jca/ProviderList$ServiceList
instanceKlass com/sun/javafx/UnmodifiableArrayList
instanceKlass java/util/AbstractList$SubList
instanceKlass java/util/Collections$SingletonList
instanceKlass javafx/collections/ObservableListBase
instanceKlass javafx/collections/FXCollections$EmptyObservableList
instanceKlass sun/security/jca/ProviderList$3
instanceKlass java/util/AbstractSequentialList
instanceKlass java/util/Vector
instanceKlass java/util/Arrays$ArrayList
instanceKlass java/util/ArrayList$SubList
instanceKlass java/util/Collections$EmptyList
instanceKlass java/util/ArrayList
ciInstanceKlass java/util/AbstractList 1 1 218 10 7 12 1 1 1 9 7 12 1 1 1 10 12 1 1 10 12 1 1 100 1 10 10 12 1 1 11 7 12 1 1 1 11 12 1 1 11 12 1 10 7 12 1 1 1 10 12 1 11 12 1 11 12 1 11 12 1 10 12 1 1 10 12 1 1 11 7 12 1 1 1 11 7 1 11 7 1 10 12 1 7 1 10 12 1 10 12 1 1 7 1 7 1 10 12 1 100 1 10 100 1 100 1 10 8 1 10 12 1 1 10 12 1 10 12 1 1 10 12 1 8 1 100 1 8 1 8 1 8 1 10 7 1 11 10 10 12 1 11 12 1 10 12 1 1 8 1 8 1 1 1 1 1 1 1 1 1 1 1 1 1 1 1 1 1 1 1 1 1 1 1 1 1 1 1 1 1 1 1 1 1 1 1 1 1 1 1 1 1 1 1 1 1 1 1 1 1 1 1 1 1 1 1 1 1 1 100 1 100 1 1 1 1 1 1 1
ciInstanceKlass jdk/internal/util/Preconditions 1 1 170 10 7 12 1 1 1 11 7 12 1 1 1 11 7 12 1 1 1 7 1 100 1 10 7 12 1 1 1 10 12 1 8 1 7 1 10 7 12 1 1 1 10 12 1 1 8 1 8 1 10 100 12 1 1 7 1 10 12 1 8 1 10 7 12 1 1 1 8 1 10 12 1 1 10 12 1 1 11 12 1 8 1 8 1 11 12 1 1 8 1 8 1 8 1 10 12 1 1 10 12 1 1 10 12 1 10 12 1 10 12 1 10 12 1 1 1 1 1 1 1 1 1 1 1 1 1 1 1 1 1 1 1 1 1 1 1 1 1 1 1 1 1 1 1 1 1 1 1 1 1 1 1 1 1 1 1 1 1 1 1 1 1 1 1 1 1 1 1 1
ciMethod java/util/Objects checkIndex (II)I 512 0 36213 0 -1
ciInstanceKlass java/lang/AssertionStatusDirectives 0 0 24 10 100 12 1 1 1 100 1 1 1 1 1 1 1 1 1 1 1 1 1 1 1 1
ciInstanceKlass java/lang/invoke/MethodHandleNatives$CallSiteContext 1 1 49 10 7 12 1 1 1 7 1 10 10 7 12 1 1 1 10 7 12 1 1 1 10 7 12 1 1 1 100 1 1 1 1 1 1 1 1 1 1 1 1 1 1 1 1 1 100 1 1
ciInstanceKlass jdk/internal/invoke/NativeEntryPoint 0 0 92 10 100 12 1 1 1 9 100 12 1 1 1 10 100 12 1 1 1 100 1 9 12 1 9 12 1 9 12 1 1 9 12 1 1 9 12 1 1 100 1 8 1 10 12 1 11 100 12 1 1 1 10 12 1 1 10 12 1 11 100 12 1 1 11 12 1 10 12 1 1 10 12 1 1 1 1 1 1 1 1 1 1 1 1 1 1 1 1 1 1 1
instanceKlass java/lang/invoke/VolatileCallSite
instanceKlass java/lang/invoke/MutableCallSite
instanceKlass java/lang/invoke/ConstantCallSite
ciInstanceKlass java/lang/invoke/CallSite 1 1 302 10 7 12 1 1 1 10 7 12 1 1 1 9 7 12 1 1 1 10 12 1 1 9 12 1 1 10 7 12 1 1 1 10 12 1 100 1 10 12 1 1 10 12 1 1 9 100 12 1 1 1 10 100 12 1 1 10 12 1 1 100 1 100 1 10 10 100 12 1 1 1 10 12 1 1 8 1 10 12 1 10 12 1 1 10 12 1 10 12 1 1 10 12 1 1 10 10 100 12 1 1 10 12 1 1 9 12 1 9 100 12 1 1 1 8 1 10 7 12 1 1 1 10 12 1 1 100 1 10 12 1 1 9 12 1 8 1 100 1 10 12 1 10 12 1 100 1 8 1 10 10 12 1 10 12 1 1 100 1 10 12 1 1 10 12 1 10 12 1 10 12 1 1 10 12 1 1 9 12 1 1 8 10 12 1 1 9 12 1 1 100 1 10 10 12 1 10 100 12 1 1 1 10 12 1 1 10 12 1 1 10 12 1 10 7 12 1 1 1 100 1 8 1 10 10 12 10 12 1 1 100 1 100 1 100 1 8 1 10 12 1 10 7 12 1 1 1 1 1 1 1 1 1 1 1 1 1 1 1 1 1 1 1 1 1 1 1 1 1 1 1 1 1 1 1 1 1 1 1 1 1 1 1 1 1 1 1 1 1 1 1 1 1 1 1 1 1 1 1 1 1
staticfield java/lang/invoke/CallSite $assertionsDisabled Z 1
ciInstanceKlass java/lang/invoke/VolatileCallSite 0 0 37 10 100 12 1 1 1 10 12 1 10 100 12 1 1 1 10 12 1 10 12 1 1 1 1 1 1 1 1 1 1 1 1 1 1 1 1
ciInstanceKlass java/lang/invoke/MethodType 1 1 771 7 1 10 7 12 1 1 1 9 12 1 1 9 12 1 1 9 12 1 1 10 7 12 1 1 1 9 7 12 1 1 8 1 10 100 12 1 1 1 9 7 1 9 7 1 10 12 1 1 100 1 10 8 1 10 12 1 1 10 12 1 10 12 1 1 100 1 8 1 10 12 1 100 1 10 10 12 1 10 12 1 1 10 12 1 1 11 7 12 1 1 1 9 12 1 11 12 1 1 7 7 1 10 7 12 1 1 1 10 12 1 9 12 1 1 10 7 12 1 1 10 12 1 1 10 7 12 1 1 1 10 7 12 1 1 1 10 12 1 9 12 1 1 10 12 1 1 7 1 10 12 1 1 10 12 1 1 10 12 1 1 10 12 1 1 10 12 1 1 10 12 1 10 12 1 10 12 1 1 10 12 1 8 1 8 1 10 12 1 1 9 12 1 1 100 1 10 10 12 1 1 10 12 1 10 12 1 1 10 12 1 1 10 12 1 10 12 1 1 10 12 1 8 1 10 12 1 1 10 7 12 1 1 1 10 12 1 10 12 1 1 10 12 1 10 12 1 10 12 1 1 10 12 1 10 12 1 9 12 1 10 12 1 10 10 12 1 1 10 12 1 9 12 1 1 10 12 1 1 10 12 1 1 10 12 1 1 10 12 1 1 7 1 10 12 10 12 1 10 12 1 100 1 8 1 8 1 8 1 10 12 1 10 12 1 10 12 1 10 11 12 1 1 11 12 1 10 100 12 1 1 1 9 12 1 10 12 1 10 12 1 1 10 12 1 1 10 12 1 10 12 1 10 100 12 1 1 1 10 12 1 1 10 12 1 10 12 1 10 12 1 10 9 12 1 1 7 1 10 12 1 10 12 1 1 9 100 12 1 1 1 10 100 12 1 1 1 10 100 12 1 1 1 10 12 1 1 10 7 12 1 1 1 10 12 1 1 8 1 10 7 12 1 1 1 11 12 1 1 9 12 1 1 10 12 1 1 10 12 1 10 12 1 1 10 12 1 1 10 100 12 1 1 100 1 10 12 1 1 11 100 12 1 1 1 18 12 1 1 11 12 1 1 18 12 1 11 12 1 100 1 11 100 12 1 1 10 12 1 100 1 10 12 1 10 100 12 1 1 10 12 1 1 9 12 1 1 9 100 12 1 1 1 10 100 12 1 1 1 9 12 1 10 100 12 1 1 10 12 1 100 10 12 1 1 10 12 1 10 7 1 7 1 9 12 1 1 100 1 100 1 100 1 1 1 5 0 1 1 1 1 1 1 1 3 1 3 1 3 1 1 1 1 1 1 1 1 1 1 1 1 1 1 1 1 1 1 1 1 1 1 1 1 1 1 1 1 1 1 1 1 1 1 1 1 1 1 1 1 1 1 1 1 1 1 1 1 1 1 1 1 1 1 1 1 1 1 1 1 1 1 1 1 1 1 1 1 1 1 1 1 1 1 1 1 1 1 1 1 1 1 1 1 1 1 1 1 1 1 1 1 1 1 1 1 1 1 1 1 1 1 1 1 1 1 1 1 1 1 1 1 1 1 1 1 1 1 1 1 1 1 1 1 1 1 1 100 1 100 1 1 1 1 1 1 1 1 1 1 1 1 1 100 1 1 1 100 1 1 1 1 1 1 1 1 1 1 1 1 1 1 1 1 1 1 1 1 1 15 10 100 12 1 1 1 16 15 10 12 16 16 15 10 12 16 1 1 1 1 100 1 1 100 1 1 100 1 100 1 1
staticfield java/lang/invoke/MethodType internTable Ljava/lang/invoke/MethodType$ConcurrentWeakInternSet; java/lang/invoke/MethodType$ConcurrentWeakInternSet
staticfield java/lang/invoke/MethodType NO_PTYPES [Ljava/lang/Class; 0 [Ljava/lang/Class;
staticfield java/lang/invoke/MethodType objectOnlyTypes [Ljava/lang/invoke/MethodType; 20 [Ljava/lang/invoke/MethodType;
staticfield java/lang/invoke/MethodType METHOD_HANDLE_ARRAY [Ljava/lang/Class; 1 [Ljava/lang/Class;
staticfield java/lang/invoke/MethodType serialPersistentFields [Ljava/io/ObjectStreamField; 0 [Ljava/io/ObjectStreamField;
staticfield java/lang/invoke/MethodType $assertionsDisabled Z 1
ciInstanceKlass java/lang/BootstrapMethodError 0 0 45 10 100 12 1 1 1 10 12 1 10 12 1 10 100 12 1 1 1 10 100 12 1 1 1 1 1 1 5 0 1 1 1 1 1 1 1 1 1 1 1 100 1 1 1
ciInstanceKlass jdk/internal/loader/ClassLoaders$AppClassLoader 1 1 119 8 1 10 7 12 1 1 1 10 7 12 1 1 1 10 100 12 1 1 1 10 12 1 1 10 100 12 1 1 1 10 12 1 1 10 12 1 1 7 1 8 1 10 12 10 7 12 1 1 1 10 7 12 1 1 10 12 1 1 10 12 1 1 10 7 12 1 1 1 100 1 10 12 1 1 1 1 1 1 1 1 1 1 1 1 1 1 1 1 1 1 1 1 1 100 1 1 1 1 1 1 1 1 1 1 1 1 1 1 1 1 1 1 1 100 1 1 1
ciInstanceKlass jdk/internal/loader/ClassLoaders$PlatformClassLoader 1 1 42 8 1 10 7 12 1 1 1 10 7 12 1 1 1 100 1 10 12 1 100 1 1 1 1 1 1 1 1 1 1 1 1 1 1 100 1 1 1 100 1 1
ciInstanceKlass java/lang/ArrayStoreException 1 1 26 10 100 12 1 1 1 10 12 1 100 1 1 1 1 5 0 1 1 1 1 1 1 1 1 1
ciInstanceKlass java/lang/ClassCastException 1 1 26 10 100 12 1 1 1 10 12 1 100 1 1 1 1 5 0 1 1 1 1 1 1 1 1 1
ciInstanceKlass java/lang/NoClassDefFoundError 1 1 26 10 7 12 1 1 1 10 12 1 100 1 1 1 1 5 0 1 1 1 1 1 1 1 1 1
ciInstanceKlass java/lang/IllegalMonitorStateException 1 1 26 10 100 12 1 1 1 10 12 1 100 1 1 1 1 5 0 1 1 1 1 1 1 1 1 1
ciInstanceKlass java/lang/StackOverflowError 1 1 26 10 100 12 1 1 1 10 12 1 100 1 1 1 1 5 0 1 1 1 1 1 1 1 1 1
instanceKlass java/lang/StackOverflowError
instanceKlass java/lang/OutOfMemoryError
instanceKlass java/lang/InternalError
ciInstanceKlass java/lang/VirtualMachineError 1 1 34 10 7 12 1 1 1 10 12 1 10 12 1 10 12 1 100 1 1 1 1 5 0 1 1 1 1 1 1 1 1 1 1 1
ciInstanceKlass java/lang/OutOfMemoryError 1 1 26 10 100 12 1 1 1 10 12 1 100 1 1 1 1 5 0 1 1 1 1 1 1 1 1 1
ciInstanceKlass java/lang/InternalError 1 1 34 10 7 12 1 1 1 10 12 1 10 12 1 10 12 1 100 1 1 1 1 5 0 1 1 1 1 1 1 1 1 1 1 1
ciInstanceKlass java/lang/StackTraceElement 0 0 224 10 100 12 1 1 1 10 100 12 1 1 9 12 1 1 9 12 1 1 9 12 1 9 12 1 8 1 10 100 12 1 1 1 100 1 9 12 1 8 1 9 12 1 9 12 1 9 12 1 1 8 1 10 12 1 1 10 12 1 100 1 10 10 12 1 1 8 1 10 12 1 1 10 12 1 8 1 8 1 8 1 10 12 1 8 1 8 1 10 12 1 8 1 8 1 10 12 1 1 10 12 1 10 12 1 1 10 12 1 9 12 1 1 10 100 12 1 1 1 10 12 1 1 100 1 10 12 1 1 10 100 12 1 1 10 100 12 1 1 1 10 100 12 1 1 10 100 12 1 1 10 10 12 1 1 10 12 1 10 12 1 1 100 1 1 1 1 1 3 1 3 1 1 5 0 1 1 1 1 1 1 1 1 1 1 1 1 1 1 1 1 1 1 1 1 1 1 1 1 1 1 100 1 100 1 1 1 1 1 1 1 1 1 1 100 1 1 1 1 1 1 1 1
instanceKlass java/nio/DoubleBuffer
instanceKlass java/nio/FloatBuffer
instanceKlass java/nio/ShortBuffer
instanceKlass java/nio/IntBuffer
instanceKlass java/nio/CharBuffer
instanceKlass java/nio/LongBuffer
instanceKlass java/nio/ByteBuffer
ciInstanceKlass java/nio/Buffer 1 1 224 100 1 10 7 12 1 1 1 9 7 12 1 1 1 9 12 1 9 12 1 1 9 12 1 9 12 1 1 10 12 1 1 10 12 1 1 10 12 100 1 100 1 10 8 1 10 12 1 1 10 12 1 8 1 8 1 10 12 1 1 10 12 1 8 1 9 12 1 1 100 1 8 1 10 12 1 8 1 8 1 9 12 10 12 1 8 1 8 1 8 1 10 12 1 8 1 8 1 8 1 100 1 10 100 1 10 100 1 10 100 1 10 10 100 12 1 1 1 10 11 100 12 1 1 10 7 12 1 1 1 10 7 12 1 1 1 9 12 1 1 10 7 12 1 1 1 9 12 1 1 7 1 10 10 7 12 1 1 1 1 1 3 1 1 1 1 1 1 1 1 1 1 1 1 1 1 1 1 1 1 100 1 1 1 1 1 1 1 1 1 1 1 1 1 1 1 1 1 1 1 1 1 1 1 1 1 1 1 1 1 1 1 1 1 1 1 1 1 1 1 1 1 1
staticfield java/nio/Buffer UNSAFE Ljdk/internal/misc/Unsafe; jdk/internal/misc/Unsafe
staticfield java/nio/Buffer SCOPED_MEMORY_ACCESS Ljdk/internal/misc/ScopedMemoryAccess; jdk/internal/misc/ScopedMemoryAccess
staticfield java/nio/Buffer $assertionsDisabled Z 1
ciInstanceKlass jdk/internal/misc/UnsafeConstants 1 1 34 10 100 12 1 1 1 9 7 12 1 1 1 9 12 1 9 12 1 1 9 12 1 9 12 1 1 1 1 1 1 1 1 1
staticfield jdk/internal/misc/UnsafeConstants ADDRESS_SIZE0 I 8
staticfield jdk/internal/misc/UnsafeConstants PAGE_SIZE I 4096
staticfield jdk/internal/misc/UnsafeConstants BIG_ENDIAN Z 0
staticfield jdk/internal/misc/UnsafeConstants UNALIGNED_ACCESS Z 1
staticfield jdk/internal/misc/UnsafeConstants DATA_CACHE_LINE_FLUSH_SIZE I 0
instanceKlass java/lang/invoke/DelegatingMethodHandle
instanceKlass java/lang/invoke/BoundMethodHandle
instanceKlass java/lang/invoke/DirectMethodHandle
ciInstanceKlass java/lang/invoke/MethodHandle 1 1 641 100 1 9 7 12 1 1 1 10 7 12 1 1 1 10 7 12 1 1 1 7 1 7 1 10 12 1 1 9 12 1 1 10 12 1 10 12 1 1 10 12 1 1 10 100 12 1 1 1 10 12 1 1 10 12 1 1 11 100 12 1 1 1 10 12 1 1 10 12 1 10 12 1 9 12 1 1 10 12 1 1 100 1 100 1 10 8 1 10 12 1 1 10 12 1 8 1 10 12 1 1 10 12 1 10 7 12 1 1 1 10 12 1 10 12 1 1 10 12 1 1 10 12 1 1 10 12 1 1 10 7 12 1 1 1 10 7 12 1 1 1 7 1 10 12 1 1 10 12 1 1 10 12 1 1 8 1 10 7 12 1 1 1 8 1 10 12 1 1 10 12 1 1 10 12 1 1 10 12 1 8 1 10 12 1 1 8 1 10 12 1 8 1 10 100 12 1 1 1 9 12 1 1 100 1 10 9 100 12 1 1 1 9 100 1 8 1 10 12 1 1 10 12 1 10 12 1 1 10 12 1 10 12 1 1 10 12 1 10 12 1 1 10 12 1 10 12 1 1 10 12 1 1 8 1 10 12 1 1 8 1 10 12 1 10 12 1 1 10 12 1 10 12 1 10 12 1 1 9 100 12 1 1 1 10 12 1 1 11 12 1 10 12 1 10 12 1 1 10 100 12 1 1 1 100 1 11 12 1 10 100 1 11 12 1 100 1 10 12 1 11 12 1 9 100 12 1 1 1 11 12 1 1 11 100 12 1 1 1 10 12 1 1 9 12 1 11 12 1 9 12 1 9 12 1 9 12 1 11 12 1 1 9 12 1 9 12 1 9 12 1 9 12 1 9 12 1 9 12 1 9 12 1 8 1 10 12 1 10 12 1 8 1 10 12 1 10 12 1 10 10 7 12 1 1 10 12 1 1 100 1 8 1 10 12 1 1 10 12 1 1 10 12 1 10 12 1 100 1 10 100 12 1 1 1 10 12 1 9 7 12 1 1 1 10 12 1 1 10 12 1 1 8 1 9 12 1 9 12 1 1 9 12 1 1 10 12 1 7 1 10 12 1 10 12 1 1 9 12 1 1 9 12 1 1 10 7 12 1 1 1 11 7 12 1 1 9 12 1 10 12 1 1 9 12 1 10 12 1 8 10 12 1 1 8 1 1 1 1 1 1 100 1 1 1 1 1 1 1 1 1 1 1 1 1 1 1 1 1 1 1 1 1 1 1 1 1 1 1 1 1 1 1 1 1 1 1 1 1 1 1 1 1 1 1 1 1 1 1 1 1 1 1 1 1 1 1 1 1 1 1 1 1 1 1 1 1 1 1 1 1 100 1 1 1 1 1 1 1 1 1 100 1 1 1 1 1 1 1 1 1 1 1 1 1 1 1 1 1 1 1 1 1 1 1 1 1 1 1 100 1 1 100 1 1 100 1 1 1 1
staticfield java/lang/invoke/MethodHandle FORM_OFFSET J 20
staticfield java/lang/invoke/MethodHandle UPDATE_OFFSET J 13
staticfield java/lang/invoke/MethodHandle $assertionsDisabled Z 1
instanceKlass org/reactfx/util/HashAccuMap
instanceKlass sun/net/www/http/KeepAliveCache
instanceKlass java/lang/ProcessEnvironment
instanceKlass java/util/LinkedHashMap
ciInstanceKlass java/util/HashMap 1 1 610 10 7 12 1 1 1 7 1 10 12 1 1 100 1 10 100 12 1 1 1 100 1 11 12 1 1 11 12 1 11 12 1 1 10 7 12 1 1 1 7 1 3 10 7 12 1 1 1 100 1 100 1 10 8 1 10 12 1 1 10 12 1 10 12 1 1 10 12 1 10 7 12 1 1 1 8 1 10 12 1 9 12 1 1 10 12 1 9 12 1 1 4 10 12 1 10 12 1 1 11 7 12 1 1 9 12 1 1 4 10 12 1 1 11 12 1 1 11 7 12 1 1 1 11 7 12 1 1 1 11 12 1 1 7 1 11 12 1 11 12 1 10 12 1 10 12 1 1 9 12 10 12 1 1 9 7 12 1 1 1 9 12 9 12 1 10 12 1 1 9 12 1 7 1 10 12 1 1 10 12 1 1 10 12 1 1 10 12 1 1 10 12 1 1 9 12 1 10 12 1 1 3 10 12 1 1 10 12 1 1 9 12 1 1 9 10 12 1 1 10 12 1 1 10 12 1 1 10 12 1 9 12 1 1 7 1 10 12 1 10 12 1 10 100 12 1 1 1 100 1 9 12 1 1 7 1 10 9 12 7 1 10 100 1 10 11 7 12 1 1 1 100 1 10 11 7 12 1 1 11 7 12 1 1 1 10 12 1 100 1 100 1 10 12 1 10 12 1 10 12 1 10 100 12 1 1 10 12 1 1 10 12 1 1 10 100 12 1 1 1 8 10 100 12 1 1 1 100 1 10 4 10 100 12 1 1 1 4 10 12 1 10 100 12 1 1 1 10 12 1 8 1 4 10 100 12 1 1 1 100 1 11 100 12 1 1 1 10 12 1 10 12 1 10 10 12 1 1 100 1 100 1 1 1 1 5 0 1 3 1 1 1 3 1 3 1 3 1 1 1 1 1 1 1 1 1 1 1 1 1 1 1 1 1 1 1 1 1 1 100 1 1 1 1 1 1 1 1 1 1 1 1 1 1 1 1 1 1 1 1 1 1 1 1 1 1 1 1 1 1 1 1 100 1 1 1 1 1 1 1 1 1 1 1 1 1 1 1 1 1 1 1 1 1 1 1 1 1 1 1 1 1 1 1 1 1 1 1 1 1 1 1 1 1 1 1 1 1 1 1 1 1 1 100 1 1 1 1 1 1 1 1 1 1 1 1 1 1 1 1 1 1 1 1 1 1 1 1 1 1 1 1 1 1 1 1 1 1 1 1 1 1 1 1 1 1 1 1 1 1 1 1 100 1 1 1 1 1 1 1 1 100 1 1 1 1 1 1 1 1 1 1 1 1 1 1 100 1 100 1 100 1 100 1 100 1 100 1 100 1 100 1 1 1 1 1 1 1 1 1 1 1 1 1 1 1 1 1 1
instanceKlass software/amazon/awssdk/utils/internal/BoundedLinkedHashMap
instanceKlass com/mysql/cj/util/LRUCache
ciInstanceKlass java/util/LinkedHashMap 1 1 289 9 7 12 1 1 1 9 12 1 9 7 12 1 1 9 12 1 10 7 12 1 1 1 10 12 1 1 10 12 1 1 9 12 1 1 9 12 1 1 9 12 1 10 12 1 1 100 1 10 10 12 1 1 10 12 1 10 12 1 1 9 12 1 1 9 12 1 10 100 12 1 1 1 10 12 1 10 12 1 10 12 10 12 1 1 10 100 12 1 1 1 10 12 1 1 10 12 1 1 9 7 1 10 12 1 9 12 1 1 7 1 10 12 1 9 12 1 1 7 1 10 9 12 1 7 1 10 100 1 10 11 7 12 1 1 1 100 1 10 11 100 12 1 1 1 100 1 1 1 1 5 0 1 1 1 1 1 1 1 1 1 1 1 1 1 1 1 1 1 1 1 1 1 1 1 1 1 1 1 1 1 1 1 1 1 1 1 1 1 1 1 1 1 1 1 1 1 1 1 1 1 1 1 100 1 1 1 1 1 1 1 1 1 1 1 1 1 1 1 1 1 1 1 1 1 1 1 1 1 100 1 1 1 1 1 1 1 1 100 1 1 1 1 1 100 1 1 1 1 1 1 1 1 1 1 1 1 1 1 1 1 1 1 1 1 1 1 100 1 100 1 100 1 100 1 1 1 1 1 100 1 1 1 1 1 1 1 1
ciMethod java/util/HashMap get (Ljava/lang/Object;)Ljava/lang/Object; 782 0 37933 0 1088
ciMethod java/util/HashMap put (Ljava/lang/Object;Ljava/lang/Object;)Ljava/lang/Object; 2130 0 31357 0 256
ciMethod java/util/HashMap isEmpty ()Z 532 0 5722 0 96
ciMethod java/util/HashMap containsKey (Ljava/lang/Object;)Z 534 0 5440 0 1120
ciMethod java/util/HashMap newNode (ILjava/lang/Object;Ljava/lang/Object;Ljava/util/HashMap$Node;)Ljava/util/HashMap$Node; 1374 0 10922 0 -1
ciMethod java/util/HashMap afterNodeAccess (Ljava/util/HashMap$Node;)V 3958 0 3565 0 -1
ciMethod java/util/HashMap afterNodeInsertion (Z)V 2206 0 2424 0 -1
instanceKlass java/lang/invoke/DirectMethodHandle$Special
instanceKlass java/lang/invoke/DirectMethodHandle$Interface
instanceKlass java/lang/invoke/DirectMethodHandle$Constructor
instanceKlass java/lang/invoke/DirectMethodHandle$Accessor
instanceKlass java/lang/invoke/DirectMethodHandle$StaticAccessor
ciInstanceKlass java/lang/invoke/DirectMethodHandle 1 1 940 7 1 7 1 100 1 7 1 7 1 10 7 12 1 1 1 10 7 12 1 1 1 100 1 10 12 1 10 12 1 1 10 7 12 1 1 10 12 1 1 10 12 1 10 12 1 7 1 10 12 1 1 10 12 1 1 10 12 1 10 12 1 1 10 7 12 1 1 1 10 12 1 9 12 1 1 100 1 10 9 12 1 1 9 12 1 10 12 1 10 12 1 10 12 1 1 10 12 1 10 12 1 10 12 1 10 7 12 1 1 1 10 12 1 10 12 1 1 8 1 10 12 1 1 7 1 10 12 1 7 1 10 10 12 1 10 12 1 10 12 1 10 7 12 1 1 1 10 12 1 1 100 1 10 12 1 10 12 1 7 1 10 12 1 10 12 1 1 10 12 1 1 10 12 1 8 10 100 12 1 1 1 10 12 1 10 12 1 10 12 1 1 10 12 1 9 7 12 1 1 1 7 1 10 12 1 10 7 12 1 1 1 10 12 1 10 12 1 1 9 12 1 1 100 1 10 8 1 10 12 1 1 10 12 1 10 12 1 10 10 12 1 10 12 1 10 12 1 10 12 1 10 12 1 1 10 12 1 10 12 1 1 10 12 1 10 12 1 1 10 10 7 12 1 1 1 10 12 1 10 12 1 1 10 12 1 10 12 1 1 8 1 9 7 12 1 1 1 8 1 9 12 1 9 12 1 8 1 9 12 1 9 12 1 8 1 9 12 1 9 12 1 8 1 10 12 1 10 12 1 1 9 12 1 1 7 1 10 12 1 1 100 1 10 7 12 1 1 1 10 12 1 1 10 12 1 10 12 1 1 7 1 10 12 1 1 10 12 1 10 12 1 1 7 1 10 12 1 1 10 7 12 1 1 1 10 12 1 10 12 1 10 12 1 9 12 1 1 10 7 1 9 12 9 12 1 10 7 12 1 1 1 10 12 1 7 1 7 1 7 1 9 12 1 1 10 7 12 1 10 12 1 1 10 12 1 7 1 10 12 1 10 12 1 1 9 7 12 1 1 1 10 12 1 1 100 1 10 100 12 1 1 1 10 12 1 10 12 1 8 1 9 12 1 9 12 1 10 12 1 9 12 1 1 10 100 12 1 1 1 9 12 1 1 9 12 1 1 10 12 1 10 12 1 10 12 1 10 12 1 10 12 1 1 10 12 1 10 7 12 1 1 9 12 1 10 12 1 10 12 1 10 12 1 10 12 1 1 10 12 1 1 9 12 1 1 10 12 1 1 9 7 12 1 1 1 9 12 1 9 12 1 9 12 1 9 12 1 9 12 1 9 12 1 9 12 1 9 12 1 9 12 1 9 12 1 9 12 1 9 12 1 9 12 1 9 12 1 9 12 1 9 12 1 9 12 1 9 12 1 9 12 1 9 12 1 9 12 1 9 12 1 9 12 1 9 12 1 9 12 1 9 12 1 9 12 1 9 12 1 9 12 1 9 12 1 9 12 1 9 12 1 9 12 1 9 12 1 9 12 1 9 12 1 8 1 9 12 1 1 9 12 1 1 10 12 1 10 12 1 1 9 7 1 10 12 1 9 12 1 1 10 12 10 12 1 10 12 1 10 12 1 10 8 1 8 1 8 1 8 1 10 12 1 1 9 12 1 1 10 12 1 10 100 12 1 1 1 8 9 12 1 1 10 12 1 1 8 1 8 8 9 12 1 8 1 8 8 8 8 8 1 8 10 12 1 10 12 1 8 1 8 1 10 12 1 10 12 1 10 12 1 10 12 1 1 7 1 1 1 1 3 1 3 1 3 1 3 1 3 1 3 1 3 1 3 1 3 1 3 1 1 1 1 1 1 1 1 1 1 3 1 3 1 1 1 1 3 1 1 1 1 1 1 1 1 1 1 1 1 1 1 1 1 1 1 1 1 1 1 1 1 1 1 1 1 1 1 1 1 1 1 1 1 1 1 1 1 1 1 1 1 1 1 1 1 1 1 1 1 1 1 1 1 100 1 1 1 1 1 1 1 1 1 1 1 1 100 1 1 1 1 1 1 1 1 1 1 1 1 1 1 1 1 1 1 1 1 1 1 1 1 1 1 1 1 1 1 1 1 1 1 1 1 1 1 1 1 1 1 1 1 1 1 1 1 1 1 1
staticfield java/lang/invoke/DirectMethodHandle IMPL_NAMES Ljava/lang/invoke/MemberName$Factory; java/lang/invoke/MemberName$Factory
staticfield java/lang/invoke/DirectMethodHandle FT_UNCHECKED_REF I 8
staticfield java/lang/invoke/DirectMethodHandle ACCESSOR_FORMS [Ljava/lang/invoke/LambdaForm; 132 [Ljava/lang/invoke/LambdaForm;
staticfield java/lang/invoke/DirectMethodHandle ALL_WRAPPERS [Lsun/invoke/util/Wrapper; 10 [Lsun/invoke/util/Wrapper;
staticfield java/lang/invoke/DirectMethodHandle NFS [Ljava/lang/invoke/LambdaForm$NamedFunction; 12 [Ljava/lang/invoke/LambdaForm$NamedFunction;
staticfield java/lang/invoke/DirectMethodHandle OBJ_OBJ_TYPE Ljava/lang/invoke/MethodType; java/lang/invoke/MethodType
staticfield java/lang/invoke/DirectMethodHandle LONG_OBJ_TYPE Ljava/lang/invoke/MethodType; java/lang/invoke/MethodType
staticfield java/lang/invoke/DirectMethodHandle $assertionsDisabled Z 1
ciInstanceKlass java/lang/ThreadLocal$ThreadLocalMap$Entry 1 1 37 10 7 12 1 1 1 9 7 12 1 1 1 1 1 1 1 1 1 1 1 1 1 1 1 1 1 1 1 1 100 1 1 100 1 1 1
ciInstanceKlass java/lang/invoke/LambdaForm 1 1 1052 100 1 9 7 12 1 1 1 10 7 12 1 1 1 10 7 12 1 1 9 12 1 1 9 12 1 1 10 12 1 1 100 1 10 9 12 1 10 12 1 1 9 12 1 10 7 12 1 1 1 9 12 1 9 12 1 9 12 1 1 9 12 1 10 12 1 1 7 1 10 12 1 10 100 12 1 1 1 10 100 12 1 1 1 10 12 1 10 12 1 1 9 100 12 1 1 1 10 12 1 1 9 12 1 10 12 1 1 10 12 1 10 12 1 1 10 12 1 1 10 100 12 1 1 1 7 1 10 10 12 1 1 8 1 10 12 1 10 12 1 10 12 1 1 7 1 10 7 12 1 1 1 10 12 1 1 10 12 1 10 12 1 1 9 12 1 1 9 12 1 9 12 1 1 10 12 1 9 12 1 10 100 12 1 1 1 10 12 1 1 10 12 1 9 12 1 1 10 100 12 1 1 1 10 12 1 10 12 1 10 12 1 10 12 1 10 12 1 10 12 1 1 10 12 1 10 12 1 1 8 1 10 12 1 10 12 1 8 1 8 1 9 12 1 9 12 1 9 12 1 1 10 12 1 1 10 12 1 9 12 1 10 12 1 1 10 7 12 1 1 1 10 12 1 1 10 12 1 10 12 1 10 12 1 1 9 12 1 10 12 1 8 1 8 1 8 1 8 1 8 1 8 1 8 1 8 1 10 12 1 9 12 1 7 1 10 12 1 1 9 12 1 10 12 1 10 12 1 1 10 12 10 12 1 10 12 1 1 10 12 1 1 10 10 12 1 1 10 12 1 1 7 1 8 1 10 12 1 1 10 12 1 10 12 1 1 10 8 1 10 12 1 1 8 1 8 1 8 1 10 12 1 9 12 1 1 10 12 1 1 10 12 1 1 100 1 10 12 1 1 10 12 1 10 7 12 1 1 1 10 12 1 1 9 12 1 1 8 1 10 100 12 1 1 1 10 7 12 1 1 10 12 10 10 12 1 1 9 12 1 8 10 12 1 1 100 1 10 12 1 1 10 12 1 9 7 12 1 1 9 12 1 1 8 1 10 100 12 1 1 10 12 1 1 100 1 100 1 10 10 12 1 1 10 12 1 1 8 1 8 1 100 1 8 1 10 12 10 12 1 10 12 1 10 12 1 1 8 1 8 1 9 100 12 1 1 1 10 12 1 10 12 1 1 8 1 8 1 8 1 100 1 8 1 100 1 8 1 100 1 8 1 10 12 1 8 1 9 10 7 12 1 1 1 10 12 1 9 12 1 1 10 12 1 10 10 12 1 10 12 1 10 12 1 10 12 1 1 10 12 1 10 12 1 1 10 12 1 1 10 12 1 1 8 1 100 10 12 1 10 12 1 9 12 1 1 10 7 12 1 1 8 1 8 1 100 1 8 1 8 1 8 1 8 1 8 1 8 1 8 1 8 1 10 12 1 1 10 12 1 1 10 12 1 10 12 1 8 1 8 1 8 1 10 12 1 8 1 10 12 1 8 1 8 1 8 1 8 1 8 1 10 12 1 10 12 1 10 12 1 1 10 7 12 1 1 1 10 12 1 10 12 1 10 12 1 10 12 1 10 12 1 10 12 1 10 12 1 9 12 1 1 8 1 10 12 1 1 9 12 1 1 10 12 1 1 9 12 1 9 12 1 1 9 12 1 9 12 1 1 7 1 10 7 12 1 1 1 9 12 1 10 12 1 10 12 1 8 1 10 12 1 9 12 1 1 7 1 10 7 12 1 1 1 8 1 100 1 10 12 1 9 12 1 9 12 1 10 12 1 10 12 1 10 7 12 1 1 1 10 12 1 9 7 12 1 1 10 12 1 1 10 12 1 10 12 1 9 12 10 12 1 10 10 12 1 9 9 12 1 7 9 12 1 1 10 12 1 1 9 12 1 10 12 1 10 7 1 9 1 1 1 1 3 1 3 1 3 1 1 1 1 1 1 1 1 1 1 1 1 1 1 1 1 1 1 1 1 1 1 1 1 1 1 1 1 1 1 1 1 1 1 1 1 1 1 1 1 1 1 1 1 1 1 1 1 1 1 1 1 1 1 1 1 100 1 1 1 1 1 1 1 1 1 1 1 1 1 1 1 1 1 1 1 1 1 1 1 1 1 1 1 1 1 1 1 1 1 1 1 1 1 1 1 1 1 1 1 1 1 1 1 1 1 1 1 1 1 1 1 1 1 1 1 100 1 1 1 1 1 1 1 1 1 1 1 1 1 1 1 1 1 1 1 1 1 1 1 1 1 1 1 1 1 1 1 1 1 1 100 1 1 1 1 1 1 1 1 1 1 1 1 1 1 1 1 1 1 1 1 1 1 100 1 1 1 100 1 1 100 1 1 1 1 1 1 1 1 1 1 1
staticfield java/lang/invoke/LambdaForm COMPILE_THRESHOLD I 0
staticfield java/lang/invoke/LambdaForm INTERNED_ARGUMENTS [[Ljava/lang/invoke/LambdaForm$Name; 5 [[Ljava/lang/invoke/LambdaForm$Name;
staticfield java/lang/invoke/LambdaForm IMPL_NAMES Ljava/lang/invoke/MemberName$Factory; java/lang/invoke/MemberName$Factory
staticfield java/lang/invoke/LambdaForm LF_identity [Ljava/lang/invoke/LambdaForm; 6 [Ljava/lang/invoke/LambdaForm;
staticfield java/lang/invoke/LambdaForm LF_zero [Ljava/lang/invoke/LambdaForm; 6 [Ljava/lang/invoke/LambdaForm;
staticfield java/lang/invoke/LambdaForm NF_identity [Ljava/lang/invoke/LambdaForm$NamedFunction; 6 [Ljava/lang/invoke/LambdaForm$NamedFunction;
staticfield java/lang/invoke/LambdaForm NF_zero [Ljava/lang/invoke/LambdaForm$NamedFunction; 6 [Ljava/lang/invoke/LambdaForm$NamedFunction;
staticfield java/lang/invoke/LambdaForm createFormsLock Ljava/lang/Object; java/lang/Object
staticfield java/lang/invoke/LambdaForm DEBUG_NAME_COUNTERS Ljava/util/HashMap; null
staticfield java/lang/invoke/LambdaForm DEBUG_NAMES Ljava/util/HashMap; null
staticfield java/lang/invoke/LambdaForm TRACE_INTERPRETER Z 0
staticfield java/lang/invoke/LambdaForm $assertionsDisabled Z 1
ciInstanceKlass java/lang/invoke/MethodHandleNatives 1 1 684 100 1 10 7 12 1 1 1 9 7 12 1 1 1 10 12 1 1 100 1 10 10 12 1 1 10 12 1 10 12 1 8 1 8 1 8 1 8 1 8 1 8 1 8 1 8 1 8 1 8 1 10 12 1 1 7 1 10 7 12 1 1 1 10 100 12 1 1 1 7 1 10 10 12 1 1 8 1 10 12 1 8 1 10 12 1 1 8 1 10 12 1 1 9 100 12 1 1 1 8 1 10 100 12 1 1 1 100 1 10 12 100 1 100 1 8 1 7 1 10 10 12 1 7 1 9 7 12 1 1 10 12 1 1 10 12 1 10 7 12 1 1 1 7 1 10 12 1 1 10 7 12 1 1 1 10 12 1 10 12 1 1 10 12 1 1 9 12 1 8 1 10 12 1 8 1 10 12 1 8 1 8 1 8 1 100 1 10 12 1 8 1 10 12 1 1 10 12 1 10 100 12 1 1 1 100 1 8 1 10 100 12 1 1 1 7 1 8 1 10 12 1 8 1 8 1 8 1 8 1 8 1 10 12 1 1 10 12 1 1 10 12 1 10 12 1 1 10 12 1 1 7 1 10 12 1 100 1 100 1 10 12 1 10 12 1 8 1 8 1 10 10 12 1 1 10 12 1 1 8 1 10 100 12 1 1 1 8 1 8 1 10 12 1 1 10 7 12 1 1 1 100 1 10 12 1 1 7 1 9 12 1 1 10 7 12 1 1 1 10 10 12 1 9 12 1 10 12 1 1 9 12 1 9 12 1 10 12 1 1 10 12 1 10 12 1 1 7 1 7 1 10 12 1 1 10 12 1 10 12 1 1 10 7 12 1 1 1 10 12 1 8 1 10 12 1 10 12 1 10 12 1 1 10 12 1 10 7 12 1 1 1 10 12 1 1 100 1 8 1 10 9 7 12 1 1 1 10 12 1 1 10 12 1 1 100 1 10 12 1 1 10 12 1 1 100 1 100 1 10 10 100 1 100 1 10 100 1 10 10 12 1 1 10 100 1 10 12 1 10 12 1 10 12 1 1 10 12 1 1 10 12 1 1 10 12 1 10 12 1 1 10 8 1 100 1 10 12 1 10 12 1 10 12 1 10 12 1 10 12 1 1 10 12 1 9 12 1 1 10 7 12 1 1 1 9 12 1 1 11 7 12 1 1 1 10 12 1 10 12 1 10 10 12 1 10 7 12 1 1 1 1 1 1 1 1 1 1 1 1 1 1 1 100 1 1 1 1 1 1 1 1 1 1 1 1 1 1 1 1 1 1 1 1 1 1 1 1 1 1 1 1 1 1 1 1 1 1 1 1 1 1 1 1 1 1 1 1 1 1 1 1 1 1 1 1 1 1 1 1 1 1 1 1 1 1 1 1 1 1 1 1 1 1 1 1 1 1 1 1 1 1 1 1 1 1 1 1 1 1 1 1 1 1 1 1 1 1 1 1 1 1 100 1 1 1 1 1 1 1 1 1 1 1 1 1 1 1 1 1 1 1 1 1 1 1 1 1 1 1 1 100 1 1 1 1 1 1 1 100 1 1 1
staticfield java/lang/invoke/MethodHandleNatives JLA Ljdk/internal/access/JavaLangAccess; java/lang/System$2
staticfield java/lang/invoke/MethodHandleNatives $assertionsDisabled Z 1
ciInstanceKlass jdk/internal/reflect/CallerSensitive 1 1 17 100 1 100 1 100 1 1 1 1 1 1 1 1 1 1 1
ciInstanceKlass jdk/internal/reflect/ConstantPool 1 1 142 10 100 12 1 1 1 9 7 12 1 1 1 10 12 1 1 10 12 1 1 10 12 1 10 12 1 1 10 12 1 1 10 12 1 10 12 1 1 10 12 1 10 12 1 1 10 12 1 10 12 1 10 12 1 10 12 1 1 10 12 1 1 10 12 1 1 10 12 1 1 10 12 1 10 12 1 1 10 100 12 1 1 1 8 11 7 12 1 1 1 10 7 12 1 1 1 1 1 1 1 1 1 1 1 1 1 1 1 1 1 1 1 1 1 1 1 1 1 1 1 1 1 1 1 1 1 1 1 1 1 1 1 1 1 1 1 1 1 1 1 1
instanceKlass jdk/internal/reflect/UnsafeQualifiedStaticFieldAccessorImpl
ciInstanceKlass jdk/internal/reflect/UnsafeStaticFieldAccessorImpl 1 1 47 10 7 12 1 1 1 9 7 12 1 1 1 10 7 12 1 1 1 9 12 1 1 8 11 7 12 1 1 1 10 7 12 1 1 1 1 1 1 1 1 1 1 1 1 1 1
instanceKlass jdk/internal/reflect/UnsafeFieldAccessorImpl
ciInstanceKlass jdk/internal/reflect/FieldAccessorImpl 1 1 59 10 7 12 1 1 1 100 1 100 1 1 1 1 1 1 1 1 1 100 1 1 1 1 1 1 1 1 1 1 1 1 1 1 1 1 1 1 1 100 1 1 1 1 1 1 1 1 1 1 1 1 1 1 1 1 1 1 1
instanceKlass jdk/internal/reflect/UnsafeObjectFieldAccessorImpl
instanceKlass jdk/internal/reflect/UnsafeStaticFieldAccessorImpl
ciInstanceKlass jdk/internal/reflect/UnsafeFieldAccessorImpl 1 1 254 10 7 12 1 1 1 9 7 12 1 1 1 10 7 12 1 1 1 10 7 12 1 1 1 9 12 1 1 10 7 12 1 1 1 9 12 1 1 10 12 1 10 12 1 9 12 1 10 12 1 1 10 7 12 1 1 10 7 12 1 1 1 10 12 1 1 100 1 10 10 12 1 1 10 12 1 1 8 1 10 10 12 1 100 1 8 1 10 12 1 8 1 10 12 1 8 1 10 12 1 100 1 10 12 1 1 10 8 1 10 12 1 1 8 1 10 100 12 1 1 8 1 10 100 12 1 1 8 1 10 100 12 1 1 8 1 10 100 12 1 1 8 1 10 100 12 1 1 8 1 10 100 12 1 1 8 1 10 100 12 1 1 8 1 10 100 12 1 1 10 12 1 1 8 1 8 1 8 1 8 1 8 1 8 1 10 100 12 1 1 1 8 1 8 1 8 1 10 12 10 12 1 1 1 1 1 1 1 1 1 1 1 1 1 1 1 1 1 1 1 1 1 1 1 1 1 1 1 1 1 1 1 1 1 1 1 1 1 1 1 1 1 1 1 1 1 1 1 1 1 1 1 1
staticfield jdk/internal/reflect/UnsafeFieldAccessorImpl unsafe Ljdk/internal/misc/Unsafe; jdk/internal/misc/Unsafe
ciInstanceKlass jdk/internal/reflect/NativeConstructorAccessorImpl 1 1 126 10 7 12 1 1 1 9 7 12 1 1 1 9 12 1 1 10 7 12 1 1 1 10 7 12 1 1 1 10 7 12 1 1 1 9 12 1 9 12 1 1 9 12 1 1 10 7 12 1 1 1 7 1 10 10 12 1 1 10 12 1 10 12 1 10 12 1 1 9 12 1 1 10 7 12 1 1 1 100 1 10 12 1 1 10 12 1 1 8 10 12 1 1 1 1 1 1 1 1 1 1 1 1 1 1 1 1 1 1 1 1 1 1 100 1 100 1 100 1 1 1 1 1 1 1
staticfield jdk/internal/reflect/NativeConstructorAccessorImpl U Ljdk/internal/misc/Unsafe; jdk/internal/misc/Unsafe
staticfield jdk/internal/reflect/NativeConstructorAccessorImpl GENERATED_OFFSET J 16
ciInstanceKlass java/lang/invoke/ConstantCallSite 1 1 65 10 7 12 1 1 1 9 7 12 1 1 1 9 12 1 1 10 7 12 1 1 1 10 12 1 100 1 10 12 9 12 1 1 100 1 10 10 12 1 1 10 12 1 1 1 1 1 1 1 1 1 1 1 1 1 100 1 1 1 1 1 1 1 1
staticfield java/lang/invoke/ConstantCallSite UNSAFE Ljdk/internal/misc/Unsafe; jdk/internal/misc/Unsafe
ciInstanceKlass java/lang/invoke/DirectMethodHandle$StaticAccessor 0 0 95 10 100 12 1 1 1 10 100 12 1 1 1 9 100 12 1 1 1 9 12 1 1 9 12 1 1 10 100 12 1 1 1 9 12 1 1 9 12 1 1 10 12 1 9 12 1 10 12 1 1 100 1 10 12 1 9 12 1 1 10 12 1 1 10 12 1 1 1 1 1 1 1 1 1 1 1 1 1 1 1 1 1 1 1 1 1 1 1 1 1 1 1 1 1
ciInstanceKlass java/lang/invoke/DirectMethodHandle$Accessor 1 1 92 10 7 12 1 1 1 10 7 12 1 1 1 9 7 12 1 1 1 9 12 1 1 10 7 12 1 1 1 9 12 1 1 9 12 1 1 10 12 1 9 12 1 10 12 1 1 100 1 10 12 1 9 12 1 1 10 12 1 1 10 12 1 1 1 1 1 1 1 1 1 1 1 1 1 1 1 1 1 1 1 1 1 1 1 1 1 1 1 1 1 1
staticfield java/lang/invoke/DirectMethodHandle$Accessor $assertionsDisabled Z 1
ciInstanceKlass java/lang/invoke/MutableCallSite 0 0 63 10 100 12 1 1 1 10 12 1 9 100 12 1 1 1 10 12 1 10 12 1 1 9 12 1 1 10 100 12 1 1 1 10 100 12 1 1 1 10 12 1 1 1 1 1 1 1 1 1 1 1 1 1 1 1 1 1 1 100 1 1 1
instanceKlass java/lang/invoke/VarHandleBooleans$FieldInstanceReadOnly
instanceKlass java/lang/invoke/VarHandleReferences$FieldStaticReadOnly
instanceKlass java/lang/invoke/VarHandleInts$FieldStaticReadOnly
instanceKlass java/lang/invoke/VarHandleLongs$FieldInstanceReadOnly
instanceKlass java/lang/invoke/VarHandleByteArrayAsLongs$ByteArrayViewVarHandle
instanceKlass java/lang/invoke/VarHandleByteArrayAsInts$ByteArrayViewVarHandle
instanceKlass java/lang/invoke/VarHandleInts$FieldInstanceReadOnly
instanceKlass java/lang/invoke/VarHandleReferences$FieldInstanceReadOnly
ciInstanceKlass java/lang/invoke/VarHandle 1 1 390 10 7 12 1 1 1 10 7 12 1 1 9 12 1 1 9 12 1 1 100 1 10 8 1 10 12 1 1 10 7 12 1 1 1 10 12 1 1 10 100 12 1 1 1 9 100 12 1 1 1 10 12 1 1 10 100 12 1 1 1 10 12 1 1 9 12 1 10 12 1 9 12 1 1 10 7 12 1 1 10 12 1 9 7 12 1 1 1 9 12 1 1 10 12 1 1 100 1 100 1 10 8 1 10 12 1 1 10 12 1 8 1 10 12 1 10 12 1 10 12 1 1 9 7 12 1 1 1 10 12 1 10 12 1 1 10 12 1 10 10 100 12 1 1 1 10 12 1 1 10 12 1 1 10 100 12 1 1 1 10 100 12 1 1 1 10 100 12 1 1 1 9 12 1 1 10 9 12 1 1 10 12 1 10 12 1 10 12 1 1 10 12 1 10 100 12 1 1 1 9 12 1 1 10 12 1 1 9 12 1 10 12 1 10 12 1 10 100 12 1 1 100 1 10 9 7 12 1 1 1 9 12 1 1 10 7 12 1 1 1 10 12 1 10 12 1 10 12 1 10 12 1 10 12 1 10 12 1 1 7 1 10 10 7 12 1 1 1 9 12 1 1 8 10 12 1 1 7 1 10 12 1 1 100 1 1 1 1 1 1 1 1 1 1 1 1 1 1 1 1 1 1 1 1 1 1 1 1 1 1 1 1 1 1 1 1 1 1 1 1 1 1 1 1 1 1 1 1 1 1 1 1 1 1 1 1 1 1 1 1 1 1 1 1 1 1 1 1 1 1 1 1 1 1 1 1 1 1 1 1 1 1 1 1 1 1 1 1 1 1 1 1 1 100 1 100 1 100 1 1 1 1 1 1 1 100 1 1 1
staticfield java/lang/invoke/VarHandle AIOOBE_SUPPLIER Ljava/util/function/BiFunction; jdk/internal/util/Preconditions$1
staticfield java/lang/invoke/VarHandle VFORM_OFFSET J 16
staticfield java/lang/invoke/VarHandle $assertionsDisabled Z 1
ciInstanceKlass java/lang/invoke/MemberName 1 1 757 7 1 7 1 100 1 9 12 1 1 10 7 12 1 1 1 9 12 1 1 10 12 1 1 10 12 1 1 10 12 1 1 10 12 1 10 12 1 1 10 7 12 1 1 1 10 12 1 9 100 12 1 1 10 12 1 100 1 100 1 10 12 1 8 1 10 12 1 1 10 12 1 10 12 1 1 10 12 1 9 12 1 1 8 1 10 100 12 1 1 1 7 1 10 10 12 1 1 7 1 7 1 10 12 1 1 9 12 1 1 100 1 8 1 10 12 1 10 12 1 10 12 1 10 12 1 10 12 1 1 10 12 1 10 12 1 10 12 1 1 10 12 1 1 10 12 1 8 1 8 1 8 1 10 100 12 1 1 1 10 12 1 9 12 1 1 3 10 12 1 10 12 1 10 12 1 10 10 7 12 1 1 1 10 12 1 10 12 1 10 12 1 10 12 1 7 1 8 10 12 1 1 10 12 1 1 8 1 9 100 1 8 9 100 1 10 12 1 1 10 12 1 10 12 1 8 1 10 12 1 1 10 12 1 10 12 1 10 12 1 10 12 1 1 100 1 10 12 1 1 10 12 1 8 1 10 12 1 10 12 1 8 1 10 12 1 1 10 12 1 1 100 1 10 12 1 1 10 12 8 1 8 1 100 1 10 12 1 10 100 12 1 1 1 100 1 10 12 10 12 1 10 12 1 10 12 1 10 12 1 10 10 12 1 10 12 1 10 12 1 3 10 12 1 3 10 12 1 3 3 3 3 3 3 3 100 1 10 12 1 10 7 12 1 1 1 10 12 1 3 9 12 1 10 12 1 1 3 10 12 1 10 10 7 12 1 1 1 10 12 1 1 10 7 1 10 10 12 1 10 12 1 10 12 1 10 10 12 1 1 10 12 1 10 12 1 10 12 1 100 1 10 10 10 12 100 1 10 10 10 12 1 1 10 12 1 1 10 10 12 1 8 10 100 1 10 12 1 10 100 1 10 12 1 10 12 1 10 12 1 10 10 12 1 10 12 1 1 10 12 1 1 10 12 1 10 12 1 10 12 1 100 1 10 12 1 1 100 1 8 1 10 7 1 10 12 1 10 12 10 12 1 1 10 12 1 10 12 1 8 1 8 1 8 1 8 1 10 12 1 10 12 1 10 12 1 1 8 1 8 1 10 12 1 8 1 10 10 12 1 10 12 1 8 1 8 1 10 10 12 1 8 1 10 100 12 1 1 1 8 1 10 12 1 10 12 1 1 10 12 1 8 1 8 1 8 1 8 1 100 1 10 8 1 8 1 8 1 8 1 10 12 1 100 1 100 1 100 1 10 100 1 10 100 1 10 100 12 1 1 1 9 7 12 1 1 1 100 1 100 1 1 1 1 1 1 1 3 1 3 1 3 1 3 1 3 1 3 1 1 1 1 1 1 1 1 3 1 3 1 1 1 1 3 1 1 1 1 1 1 1 1 1 1 1 1 1 1 1 1 1 1 1 1 1 1 1 1 1 1 1 1 1 1 1 1 1 1 1 1 1 1 1 1 1 1 1 1 1 1 1 1 1 1 1 1 1 1 1 1 1 1 1 1 1 1 1 1 1 1 1 1 1 1 1 1 1 1 1 1 1 1 1 1 1 1 1 1 1 1 1 1 1 1 1 1 1 1 1 1 1 1 1 1 1 1 1 1 1 1 100 1 1 1 1 1 1 1 1 1 1 1 1 1 1 1
staticfield java/lang/invoke/MemberName $assertionsDisabled Z 1
ciInstanceKlass java/lang/invoke/ResolvedMethodName 1 1 16 10 100 12 1 1 1 100 1 1 1 1 1 1 1 1
ciInstanceKlass java/lang/StackWalker 1 1 235 9 7 12 1 1 1 10 7 12 1 1 1 7 1 10 7 12 1 1 1 10 12 1 1 11 7 12 1 1 1 10 12 1 1 10 12 1 1 10 12 1 1 100 1 8 1 10 12 1 10 12 1 10 12 1 10 7 12 1 1 9 12 1 1 9 12 1 1 9 12 1 1 9 12 1 1 10 12 1 1 9 12 1 1 10 7 12 1 1 1 11 12 1 1 100 1 8 1 10 10 100 12 1 1 9 12 1 1 10 12 1 1 10 7 12 1 1 1 10 100 12 1 1 1 18 12 1 1 100 1 8 1 10 10 12 1 1 10 7 12 1 1 1 9 7 12 1 1 11 100 12 1 1 1 10 12 1 1 1 1 1 1 1 1 1 1 1 1 1 1 1 1 1 1 1 1 1 1 1 1 1 1 1 1 1 1 1 1 1 1 1 1 1 1 1 1 1 1 1 1 1 1 1 1 1 1 1 100 1 1 15 10 100 12 1 1 1 16 15 10 12 16 1 1 1 1 1 1 1 100 1 100 1 1
staticfield java/lang/StackWalker DEFAULT_EMPTY_OPTION Ljava/util/EnumSet; java/util/RegularEnumSet
staticfield java/lang/StackWalker DEFAULT_WALKER Ljava/lang/StackWalker; java/lang/StackWalker
instanceKlass java/lang/StackStreamFactory$CallerClassFinder
ciInstanceKlass java/lang/StackStreamFactory$AbstractStackWalker 1 1 306 7 1 100 1 3 10 7 12 1 1 1 10 7 12 1 1 10 7 12 1 1 1 9 12 1 1 10 12 1 1 9 12 1 1 9 12 1 1 9 12 1 1 9 12 1 9 7 12 1 1 1 10 7 12 1 1 1 10 12 1 1 9 12 1 1 10 7 12 1 1 1 10 12 1 1 9 12 1 1 9 100 12 1 1 1 100 1 10 8 1 10 12 1 1 10 12 1 8 1 10 12 1 1 10 100 12 1 1 1 100 1 8 1 10 12 1 8 1 10 12 9 7 12 1 1 1 10 7 12 1 1 9 12 1 8 1 5 0 8 1 8 1 9 12 1 1 10 12 1 1 10 12 1 1 10 12 1 9 12 1 10 12 1 10 12 1 10 12 1 10 12 1 1 10 12 1 10 12 1 1 8 1 10 12 1 10 12 1 10 12 1 10 12 1 1 8 1 10 12 1 1 10 12 1 1 10 12 1 1 10 12 1 10 12 1 10 100 12 1 1 1 9 12 1 8 1 10 12 1 10 12 1 10 12 1 10 12 1 10 12 1 10 12 1 10 12 1 1 10 12 1 1 10 12 1 1 10 12 1 8 1 1 1 1 1 1 1 1 1 1 1 1 1 1 1 1 1 1 100 1 1 1 1 100 1 1 1 1 1 1 1 1 1 1 1 1 1 1 1 1 1 1 1 1 1
ciInstanceKlass jdk/internal/module/Modules 1 1 504 10 100 12 1 1 1 9 7 12 1 1 1 11 7 12 1 1 1 11 12 1 1 11 12 1 1 11 12 1 1 11 12 1 11 12 1 11 12 1 11 12 1 11 12 1 1 10 100 12 1 1 1 10 100 12 1 1 1 18 12 1 1 10 100 12 1 1 1 100 1 10 100 12 1 1 1 10 100 12 1 1 1 10 100 12 1 1 10 12 1 1 11 12 1 9 12 1 1 11 7 12 1 1 1 10 12 1 1 10 10 12 1 10 9 12 1 1 10 100 12 1 1 10 12 1 1 10 100 12 1 1 100 1 11 100 12 1 1 1 10 100 12 1 1 1 11 100 12 1 1 10 12 1 1 10 100 12 1 1 10 100 12 1 1 1 10 12 1 1 10 12 1 1 11 12 1 1 18 12 1 1 11 100 12 1 1 10 100 12 1 1 1 11 100 12 1 1 1 100 1 11 12 1 1 11 100 12 1 1 1 11 12 1 1 10 12 1 1 10 100 12 1 1 18 12 1 1 11 12 1 1 18 12 1 1 11 12 1 1 10 12 1 18 18 10 12 1 1 9 12 1 1 11 100 12 1 1 1 100 1 10 11 12 1 11 12 1 1 11 12 1 1 10 100 1 10 12 1 1 10 100 12 1 1 10 12 1 1 11 12 10 12 1 1 100 1 10 18 12 1 10 12 1 1 100 1 8 1 10 12 1 10 100 12 1 1 18 12 1 11 11 12 10 12 1 10 10 100 1 18 12 1 10 10 10 7 12 1 1 10 7 12 1 1 1 10 12 1 1 1 1 1 1 1 1 1 1 1 1 1 1 1 1 1 1 1 1 1 1 1 1 1 1 1 1 1 1 1 1 1 100 1 1 1 1 1 1 1 1 1 1 1 1 1 1 1 1 1 1 1 1 1 1 1 1 1 1 1 1 1 1 1 1 1 1 1 100 1 1 1 1 1 1 1 1 1 1 1 1 1 1 1 1 1 1 1 1 1 1 1 15 10 100 12 1 1 1 16 15 10 12 1 16 16 15 10 12 1 16 1 16 1 15 10 12 1 16 1 16 1 15 10 12 16 1 15 10 16 1 15 10 12 16 1 15 10 12 16 15 10 12 16 15 10 12 1 1 1 100 1 100 1 1
staticfield jdk/internal/module/Modules JLA Ljdk/internal/access/JavaLangAccess; java/lang/System$2
staticfield jdk/internal/module/Modules JLMA Ljdk/internal/access/JavaLangModuleAccess; java/lang/module/ModuleDescriptor$1
staticfield jdk/internal/module/Modules $assertionsDisabled Z 1
ciInstanceKlass java/util/Locale 1 1 1155 9 7 12 1 1 1 7 1 10 12 1 1 9 12 1 1 11 7 12 1 1 1 10 7 12 1 1 9 12 1 1 9 12 1 1 100 1 10 10 12 1 1 8 1 10 12 1 1 10 12 1 1 10 12 1 10 12 1 10 12 1 11 12 1 1 9 7 12 1 1 1 10 100 1 10 9 12 1 1 10 7 12 1 1 9 7 12 1 1 1 9 12 1 10 12 1 1 9 12 1 1 9 12 1 100 1 8 1 10 12 1 9 12 1 10 12 1 10 12 1 1 10 7 12 1 1 1 8 1 8 1 10 7 12 1 1 1 8 1 10 12 10 7 12 1 1 1 10 12 1 1 10 12 1 8 1 8 1 8 1 8 1 10 12 1 1 10 7 12 1 1 100 1 9 12 1 1 10 12 1 1 9 12 1 10 12 1 9 12 1 10 12 1 9 12 1 10 12 1 9 12 1 10 12 1 1 10 7 12 1 1 1 10 12 1 1 7 1 10 10 12 1 1 10 100 1 10 12 1 1 10 12 1 1 8 1 10 12 1 8 1 10 100 12 1 1 1 100 1 8 1 10 12 1 10 100 12 1 1 1 9 100 12 1 1 1 10 12 1 1 8 1 10 100 12 1 1 1 9 12 1 1 100 1 8 1 10 12 1 1 10 12 1 1 10 100 12 1 1 1 9 12 1 8 1 10 12 1 10 10 10 12 1 10 10 12 1 1 10 12 1 1 100 1 7 1 10 8 1 10 12 1 1 10 12 1 10 12 1 10 10 100 12 1 1 1 10 12 1 1 10 100 12 1 1 1 10 12 1 10 12 1 10 12 1 8 1 10 12 1 10 12 1 10 12 10 12 1 10 8 1 9 12 1 10 7 12 1 1 1 10 10 12 1 10 8 1 10 12 1 10 10 12 1 10 12 1 1 11 7 12 1 1 1 11 7 12 1 1 11 12 1 1 10 12 1 10 12 1 10 12 1 10 8 1 10 12 1 1 10 12 1 1 10 12 1 1 10 12 1 100 1 8 1 8 1 10 8 1 10 8 1 8 1 10 12 1 1 10 12 1 10 12 1 1 10 12 1 1 10 12 1 10 12 1 100 1 10 12 1 1 8 1 9 100 12 1 1 1 10 7 12 1 1 10 12 1 1 10 12 1 10 100 12 1 1 1 10 12 1 1 10 12 1 1 8 1 10 100 12 1 1 10 12 1 1 10 12 1 8 1 100 1 10 12 1 10 12 1 1 10 100 12 1 1 1 10 12 1 1 11 100 12 1 1 1 18 12 1 1 11 100 12 1 1 1 18 12 1 1 11 12 1 1 18 12 1 10 12 1 10 12 1 10 12 1 1 11 12 1 1 100 100 1 10 10 12 1 1 8 1 10 12 1 100 1 100 1 10 12 1 9 12 1 1 10 12 1 10 10 12 1 10 100 1 8 1 10 10 12 1 10 12 1 10 10 8 1 8 1 8 1 9 12 1 10 12 1 10 12 1 8 1 10 12 1 10 12 1 10 100 12 1 1 18 12 1 10 12 1 8 1 10 12 1 10 12 1 8 1 10 100 12 1 1 1 11 12 1 1 18 12 1 11 12 1 1 10 12 1 10 100 12 1 1 1 8 1 10 100 12 1 1 8 1 8 1 8 1 8 1 8 1 10 12 1 10 12 1 10 100 12 1 1 1 10 100 12 1 1 100 1 10 12 1 10 10 12 1 10 12 1 10 8 1 10 12 1 1 8 1 8 1 9 12 1 8 1 8 1 9 12 1 10 100 12 1 1 1 9 100 12 1 1 1 10 10 12 1 10 10 12 1 1 10 12 1 1 100 1 10 12 1 1 10 12 1 1 10 7 12 1 1 7 1 10 10 12 1 1 9 12 1 9 12 1 9 12 1 9 12 1 9 12 1 9 12 1 9 12 1 9 12 1 9 12 1 9 12 1 9 12 1 9 12 1 9 12 1 9 12 1 9 12 1 9 12 1 9 12 1 9 12 1 9 12 1 9 12 1 9 12 1 10 12 7 1 10 12 1 9 12 1 1 9 12 1 1 100 1 100 1 1 1 1 1 1 3 1 3 1 1 5 0 1 3 1 3 1 3 1 3 1 3 1 3 1 1 1 1 1 1 1 1 1 1 1 1 1 1 1 1 1 1 1 1 1 1 1 1 1 1 1 1 1 1 1 1 1 1 1 1 1 1 1 1 1 1 1 1 1 1 1 1 1 1 1 1 1 1 1 1 1 1 1 1 100 1 1 1 1 1 1 1 1 1 1 1 1 1 1 1 1 1 1 1 1 1 1 1 1 1 1 1 1 1 1 1 1 1 1 1 1 1 1 1 100 1 1 1 1 1 1 1 1 1 1 1 1 1 1 1 1 1 1 100 1 1 1 1 1 1 1 1 100 1 1 100 1 1 1 1 1 1 1 1 1 1 1 1 1 1 1 1 1 1 1 1 1 1 1 1 1 1 1 1 1 1 100 1 100 1 100 1 100 1 100 1 1 15 10 100 12 1 1 1 16 15 10 12 16 16 15 16 15 10 12 15 10 12 16 15 10 12 16 1 1 1 1 1 1 100 1 1 1 1 1 1 1 100 1 100 1 1
staticfield java/util/Locale ENGLISH Ljava/util/Locale; java/util/Locale
staticfield java/util/Locale FRENCH Ljava/util/Locale; java/util/Locale
staticfield java/util/Locale GERMAN Ljava/util/Locale; java/util/Locale
staticfield java/util/Locale ITALIAN Ljava/util/Locale; java/util/Locale
staticfield java/util/Locale JAPANESE Ljava/util/Locale; java/util/Locale
staticfield java/util/Locale KOREAN Ljava/util/Locale; java/util/Locale
staticfield java/util/Locale CHINESE Ljava/util/Locale; java/util/Locale
staticfield java/util/Locale SIMPLIFIED_CHINESE Ljava/util/Locale; java/util/Locale
staticfield java/util/Locale TRADITIONAL_CHINESE Ljava/util/Locale; java/util/Locale
staticfield java/util/Locale FRANCE Ljava/util/Locale; java/util/Locale
staticfield java/util/Locale GERMANY Ljava/util/Locale; java/util/Locale
staticfield java/util/Locale ITALY Ljava/util/Locale; java/util/Locale
staticfield java/util/Locale JAPAN Ljava/util/Locale; java/util/Locale
staticfield java/util/Locale KOREA Ljava/util/Locale; java/util/Locale
staticfield java/util/Locale UK Ljava/util/Locale; java/util/Locale
staticfield java/util/Locale US Ljava/util/Locale; java/util/Locale
staticfield java/util/Locale CANADA Ljava/util/Locale; java/util/Locale
staticfield java/util/Locale CANADA_FRENCH Ljava/util/Locale; java/util/Locale
staticfield java/util/Locale ROOT Ljava/util/Locale; java/util/Locale
staticfield java/util/Locale CONSTANT_LOCALES Ljava/util/Map; java/util/HashMap
staticfield java/util/Locale CHINA Ljava/util/Locale; java/util/Locale
staticfield java/util/Locale PRC Ljava/util/Locale; java/util/Locale
staticfield java/util/Locale TAIWAN Ljava/util/Locale; java/util/Locale
staticfield java/util/Locale serialPersistentFields [Ljava/io/ObjectStreamField; 6 [Ljava/io/ObjectStreamField;
staticfield java/util/Locale $assertionsDisabled Z 1
ciInstanceKlass java/util/Formatter 1 1 357 8 1 10 100 12 1 1 1 10 100 12 1 1 1 100 1 100 1 100 1 10 12 1 1 7 1 10 12 1 10 7 1 7 1 3 9 12 1 1 9 12 1 1 9 12 1 1 100 1 100 1 100 1 10 12 1 10 12 1 10 12 1 10 12 1 9 7 12 1 1 1 10 7 12 1 1 1 10 12 1 1 10 10 12 1 10 12 1 10 12 1 100 1 10 10 12 1 8 1 10 12 1 10 12 1 100 1 10 12 1 10 12 1 9 12 1 10 12 1 1 10 100 12 1 1 1 10 12 1 1 10 12 1 10 12 1 1 100 1 11 12 1 100 1 9 12 1 1 100 1 11 12 1 100 1 10 10 12 1 1 10 12 1 1 11 7 12 1 1 1 11 12 1 1 7 1 11 12 1 11 12 1 1 100 1 11 10 7 1 10 10 7 12 1 1 10 12 1 1 7 1 10 12 1 10 12 1 100 1 8 1 10 10 12 1 1 10 7 12 1 1 1 7 1 10 12 1 9 12 1 1 10 7 12 1 1 1 10 7 12 1 1 1 10 12 1 10 12 1 10 12 1 10 12 1 1 8 1 10 12 1 1 1 1 1 1 1 1 1 1 1 1 1 100 1 1 1 1 1 1 1 100 1 1 1 1 1 1 1 1 1 1 1 1 1 1 1 1 1 1 1 1 1 1 100 1 1 1 1 1 1 1 1 1 1 1 1 1 1 1 1 1 100 1 1 1 1 1 1 1 1 1 1 1 1 1 1 1 100 1 100 1 100 1 100 1 1 1 1 1 1 1 1 1 1 1
staticfield java/util/Formatter fsPattern Ljava/util/regex/Pattern; java/util/regex/Pattern
ciMethod java/util/Formatter toString ()Ljava/lang/String; 32 0 394 0 -1
ciMethod java/util/Formatter <init> ()V 32 0 394 0 -1
ciMethod java/util/Formatter format (Ljava/lang/String;[Ljava/lang/Object;)Ljava/util/Formatter; 32 0 394 0 -1
ciMethod java/util/Formatter format (Ljava/util/Locale;Ljava/lang/String;[Ljava/lang/Object;)Ljava/util/Formatter; 32 64 407 0 -1
instanceKlass java/lang/ClassValue$ClassValueMap
ciInstanceKlass java/util/WeakHashMap 1 1 376 7 1 10 7 12 1 1 1 7 1 10 9 7 12 1 1 1 100 1 100 1 10 8 1 10 12 1 1 10 12 1 10 12 1 1 10 12 1 3 10 7 12 1 1 1 8 1 10 12 1 10 12 1 1 9 12 1 1 9 12 1 1 9 12 1 1 4 10 12 1 11 7 12 1 1 1 10 100 12 1 1 1 10 12 1 1 9 12 1 1 10 12 1 1 10 12 1 1 10 7 12 1 1 10 12 1 10 12 1 1 9 12 1 10 12 1 9 12 1 1 9 12 1 9 12 10 12 1 10 10 12 1 1 10 12 1 10 12 1 1 10 12 1 1 10 12 1 1 9 12 1 10 12 1 10 12 1 1 100 1 3 10 12 1 1 11 12 1 1 11 7 12 1 1 1 11 7 12 1 1 1 11 12 7 1 11 12 1 11 12 1 10 12 1 1 10 10 7 12 1 1 1 10 12 1 9 12 1 1 7 1 10 12 1 9 12 1 1 7 1 10 9 12 7 1 10 10 100 12 1 1 10 12 1 11 100 12 1 1 1 100 1 10 11 100 12 1 1 10 1 1 3 1 1 1 1 1 1 1 1 1 1 1 1 1 1 1 1 1 1 1 1 1 1 1 1 1 1 1 1 1 1 1 1 1 100 1 1 1 1 1 100 1 1 1 1 1 1 1 1 1 1 1 1 1 1 1 1 1 1 1 1 1 1 1 1 1 1 1 1 1 1 1 100 1 1 1 1 1 1 1 1 1 1 1 1 1 1 1 1 1 1 1 1 1 1 100 1 100 1 100 1 100 1 100 1 100 1 100 1 100 1 1 1 1 1 1 1 1 1 1 1 1 1 1
staticfield java/util/WeakHashMap NULL_KEY Ljava/lang/Object; java/lang/Object
ciMethod java/util/WeakHashMap get (Ljava/lang/Object;)Ljava/lang/Object; 522 0 20360 0 640
ciMethod java/util/WeakHashMap put (Ljava/lang/Object;Ljava/lang/Object;)Ljava/lang/Object; 512 90 7620 0 0
ciMethod java/util/WeakHashMap resize (I)V 4 0 11 0 -1
ciMethod java/util/WeakHashMap hash (Ljava/lang/Object;)I 520 0 5381 0 224
ciMethod java/util/WeakHashMap indexFor (II)I 490 0 35455 0 64
ciMethod java/util/WeakHashMap expungeStaleEntries ()V 514 0 22067 0 3840
ciMethod java/util/WeakHashMap maskNull (Ljava/lang/Object;)Ljava/lang/Object; 520 0 35960 0 0
ciMethod java/util/WeakHashMap getTable ()[Ljava/util/WeakHashMap$Entry; 768 0 35378 0 96
ciMethod java/util/WeakHashMap matchesKey (Ljava/util/WeakHashMap$Entry;Ljava/lang/Object;)Z 254 0 16821 0 0
ciInstanceKlass java/lang/System$Logger 1 1 78 100 1 100 1 11 7 12 1 1 1 10 100 12 1 1 1 100 1 11 12 1 1 11 100 12 1 1 1 100 1 10 100 12 1 1 1 11 12 1 1 1 1 1 1 1 1 1 1 1 1 1 1 1 1 1 1 1 1 1 1 1 1 1 1 1 1 1 1 1 1 1 1 100 1 1 1 1
ciMethod java/lang/System$Logger log (Ljava/lang/System$Logger$Level;Ljava/lang/String;[Ljava/lang/Object;)V 4 0 2 0 -1
ciMethod java/lang/System$Logger isLoggable (Ljava/lang/System$Logger$Level;)Z 0 0 1 0 -1
instanceKlass java/util/LinkedHashMap$Entry
ciInstanceKlass java/util/HashMap$Node 1 1 95 10 7 12 1 1 1 9 7 12 1 1 1 9 12 1 1 9 12 1 9 12 1 1 100 1 10 10 12 1 1 8 1 10 12 1 10 12 1 1 10 7 12 1 1 1 100 1 11 12 1 1 10 12 1 1 11 12 1 1 1 1 1 1 1 1 1 1 1 1 1 1 1 1 1 1 1 1 1 1 1 1 1 1 1 1 1 1 100 1 1 1 100 1 1
instanceKlass java/util/HashMap$TreeNode
ciInstanceKlass java/util/LinkedHashMap$Entry 1 1 41 10 7 12 1 1 1 100 1 1 1 1 1 1 1 1 1 1 1 1 1 1 1 1 1 1 1 1 1 1 1 1 1 1 100 1 1 100 1 1 1
ciInstanceKlass java/util/HashMap$TreeNode 1 1 250 7 1 10 7 12 1 1 1 9 7 12 1 1 1 9 12 1 1 9 12 1 9 12 1 1 9 12 1 1 10 12 1 1 100 1 10 12 1 9 12 1 9 12 1 9 12 1 1 10 7 12 1 1 1 10 12 1 1 10 12 1 1 10 12 1 1 10 12 1 1 10 12 1 1 10 7 12 1 1 1 10 7 12 1 1 1 10 7 12 1 1 1 9 12 1 10 12 1 1 10 12 1 1 10 12 1 1 10 12 1 1 9 7 1 10 12 1 1 10 12 1 1 10 12 1 10 12 1 1 10 12 1 10 12 1 10 12 1 1 1 1 1 1 1 1 1 1 1 1 1 1 1 1 1 1 1 1 1 1 1 1 1 1 100 1 1 1 1 1 1 1 1 1 1 1 1 1 1 1 1 1 1 1 1 1 1 1 1 1 1 1 1 1 1 1 1 1 1 1 1 1 1 1 1 1 1 1 1 1 1 1 1 1 1 1 1 1 1 1 1 1 1 1 1 1 1 1 1 1 1 1 1 1 1 1 1 1 1 1 1 1 1 1 1 100 1 1 1 1
staticfield java/util/HashMap$TreeNode $assertionsDisabled Z 1
ciInstanceKlass java/util/Formatter$FormatSpecifier 1 1 1108 10 7 12 1 1 1 9 7 12 1 1 1 100 1 10 12 1 1 100 1 3 10 7 12 1 1 1 9 12 1 1 9 12 1 10 12 1 1 9 12 1 100 1 10 9 12 1 100 1 10 9 12 1 1 9 12 1 1 10 7 12 1 1 1 100 1 10 7 12 1 1 1 10 12 1 10 7 12 1 1 9 12 1 10 12 1 1 10 12 1 1 10 12 1 9 12 1 1 10 7 12 1 1 9 12 1 10 7 12 1 1 1 10 12 1 10 12 1 10 12 1 10 12 10 12 10 12 1 1 10 12 1 1 10 12 1 10 12 1 10 12 1 10 12 1 10 12 1 10 12 1 10 12 1 10 12 1 10 12 1 10 12 1 10 12 1 1 10 12 1 10 12 1 10 12 1 10 12 1 10 12 1 10 12 1 9 7 12 1 1 1 10 100 12 1 1 1 11 7 12 1 1 1 8 1 10 12 1 1 9 12 1 100 1 10 8 1 100 1 10 12 1 1 10 12 1 100 1 10 12 1 1 10 12 1 10 12 1 1 10 12 1 100 1 10 12 1 1 10 12 1 100 1 10 12 1 10 12 1 1 100 1 10 12 1 1 10 12 1 100 1 10 12 1 1 10 12 1 100 1 10 12 1 9 100 12 1 1 1 10 100 12 1 1 1 10 12 1 1 100 1 10 12 1 1 10 12 1 1 10 12 1 1 100 1 10 12 1 10 12 1 10 12 1 10 12 1 1 10 12 1 1 10 12 1 100 1 10 7 1 10 12 1 1 10 12 1 1 10 12 1 10 12 11 12 1 1 9 12 1 10 12 1 1 10 100 1 10 10 12 1 10 12 1 10 12 1 1 10 12 1 10 12 1 1 10 12 1 1 10 12 1 1 9 100 12 1 1 1 10 12 1 1 10 100 12 1 1 1 10 12 1 1 9 12 1 11 7 1 11 12 1 100 1 10 10 12 1 1 10 12 1 10 10 12 1 10 12 1 10 12 1 10 12 10 100 1 10 10 9 12 1 9 12 1 9 12 1 9 12 1 9 12 1 10 12 1 1 10 100 1 10 8 1 10 12 1 100 1 10 5 0 5 0 10 12 5 0 10 12 1 10 12 1 1 10 12 1 1 10 12 1 1 10 12 1 10 12 1 1 10 12 1 1 10 12 8 1 8 1 10 12 1 10 12 1 1 10 10 12 10 10 12 1 1 10 12 1 1 10 100 12 1 1 10 12 1 10 12 1 8 1 8 1 8 1 8 1 9 100 12 1 1 1 10 100 12 1 1 10 12 1 1 10 12 1 10 12 1 10 12 1 10 12 1 1 9 12 1 9 12 1 10 12 1 10 12 1 1 10 12 1 9 12 1 10 12 1 10 12 1 10 10 12 1 10 12 1 10 12 10 12 1 10 12 1 1 10 100 1 10 12 1 1 5 0 5 0 5 0 10 12 1 1 8 1 10 12 1 8 1 10 10 10 12 1 10 12 1 10 12 1 10 12 100 1 10 10 12 1 10 12 1 100 1 9 100 12 1 1 10 12 1 10 12 1 1 10 12 1 1 10 12 1 9 100 12 1 1 1 10 12 1 1 9 12 10 10 12 1 1 9 12 1 1 10 12 1 1 10 12 1 10 12 1 1 10 12 1 10 12 1 10 12 1 3 10 12 1 8 1 8 1 10 100 12 1 1 10 12 1 1 10 12 5 0 3 10 12 1 1 100 1 10 12 1 1 10 12 1 10 12 1 10 12 1 10 12 1 10 12 1 9 100 12 1 1 1 11 12 1 9 12 1 9 12 1 9 12 1 100 1 9 12 1 9 12 1 11 12 1 1 9 12 1 9 12 1 9 12 1 10 100 12 1 1 1 11 12 1 1 100 1 100 1 10 12 1 1 10 12 1 100 1 11 12 1 1 10 100 12 1 1 1 10 12 1 10 12 1 10 12 1 1 10 100 12 1 1 1 9 12 1 9 12 1 9 12 1 9 12 1 9 12 1 100 1 100 1 10 12 1 10 10 100 12 1 1 10 12 1 1 10 12 1 10 12 1 1 11 10 12 1 10 12 1 10 100 12 1 1 1 100 1 100 1 10 100 12 1 1 1 100 1 10 12 1 1 10 12 1 1 10 100 12 1 1 10 12 1 10 12 1 10 12 1 10 12 1 10 12 1 1 10 7 12 1 1 100 1 1 1 1 1 1 1 1 1 1 1 1 1 1 1 1 1 1 1 1 1 100 1 1 1 1 1 1 1 1 1 1 1 1 1 1 1 1 1 100 1 1 1 1 1 1 1 1 1 1 1 1 1 1 1 1 1 1 1 1 1 1 1 100 1 1 1 1 1 1 1 1 1 1 1 1 1 1 1 1 1 1 1 1 1 1 1 1 1 1 1 1 1 1 1 1 1 1 1 100 1 1 1 1 1 1 1 1 1 1 1 1 1 1 1 1 1 1 1 1 1 1 1 1 1 1 1 1 1 1 1 1 1 1 1 1 1 1
staticfield java/util/Formatter$FormatSpecifier $assertionsDisabled Z 1
ciInstanceKlass java/util/function/BiFunction 1 1 65 10 100 12 1 1 1 18 12 1 1 11 100 12 1 1 11 100 12 1 100 1 1 1 1 1 1 1 1 1 1 1 1 1 1 1 1 1 1 1 1 1 1 1 1 1 1 1 15 10 100 12 1 1 1 16 15 11 12 1 100 1 100 1 1
ciInstanceKlass java/util/jar/Attributes$Name 1 1 229 9 7 12 1 1 1 11 7 12 1 1 1 10 12 1 1 10 7 12 1 1 10 12 1 1 9 12 1 1 10 7 12 1 1 1 9 12 1 1 8 10 7 12 1 1 1 10 12 1 1 100 1 10 10 12 1 1 10 12 1 1 11 12 1 1 10 7 12 1 1 1 8 1 9 12 1 1 8 1 9 12 1 8 1 9 12 1 8 1 9 12 1 8 1 9 12 1 8 1 9 12 1 8 1 9 12 1 8 1 9 12 1 8 1 9 12 1 8 1 9 12 1 8 1 9 12 1 8 1 9 12 1 8 1 9 12 1 8 1 9 12 1 8 1 9 12 1 8 1 9 12 1 8 1 9 12 1 8 1 9 12 1 7 1 10 12 1 10 12 1 1 8 1 8 1 8 1 8 1 8 1 8 1 8 1 8 1 11 12 1 1 1 1 1 1 1 1 1 1 1 1 1 1 1 1 1 1 1 1 1 1 1 1 1 1 1 1 1 1 1 1 1 1 1 1 100 1 1
staticfield java/util/jar/Attributes$Name MANIFEST_VERSION Ljava/util/jar/Attributes$Name; java/util/jar/Attributes$Name
staticfield java/util/jar/Attributes$Name SIGNATURE_VERSION Ljava/util/jar/Attributes$Name; java/util/jar/Attributes$Name
staticfield java/util/jar/Attributes$Name CONTENT_TYPE Ljava/util/jar/Attributes$Name; java/util/jar/Attributes$Name
staticfield java/util/jar/Attributes$Name CLASS_PATH Ljava/util/jar/Attributes$Name; java/util/jar/Attributes$Name
staticfield java/util/jar/Attributes$Name MAIN_CLASS Ljava/util/jar/Attributes$Name; java/util/jar/Attributes$Name
staticfield java/util/jar/Attributes$Name SEALED Ljava/util/jar/Attributes$Name; java/util/jar/Attributes$Name
staticfield java/util/jar/Attributes$Name EXTENSION_LIST Ljava/util/jar/Attributes$Name; java/util/jar/Attributes$Name
staticfield java/util/jar/Attributes$Name EXTENSION_NAME Ljava/util/jar/Attributes$Name; java/util/jar/Attributes$Name
staticfield java/util/jar/Attributes$Name EXTENSION_INSTALLATION Ljava/util/jar/Attributes$Name; java/util/jar/Attributes$Name
staticfield java/util/jar/Attributes$Name IMPLEMENTATION_TITLE Ljava/util/jar/Attributes$Name; java/util/jar/Attributes$Name
staticfield java/util/jar/Attributes$Name IMPLEMENTATION_VERSION Ljava/util/jar/Attributes$Name; java/util/jar/Attributes$Name
staticfield java/util/jar/Attributes$Name IMPLEMENTATION_VENDOR Ljava/util/jar/Attributes$Name; java/util/jar/Attributes$Name
staticfield java/util/jar/Attributes$Name IMPLEMENTATION_VENDOR_ID Ljava/util/jar/Attributes$Name; java/util/jar/Attributes$Name
staticfield java/util/jar/Attributes$Name IMPLEMENTATION_URL Ljava/util/jar/Attributes$Name; java/util/jar/Attributes$Name
staticfield java/util/jar/Attributes$Name SPECIFICATION_TITLE Ljava/util/jar/Attributes$Name; java/util/jar/Attributes$Name
staticfield java/util/jar/Attributes$Name SPECIFICATION_VERSION Ljava/util/jar/Attributes$Name; java/util/jar/Attributes$Name
staticfield java/util/jar/Attributes$Name SPECIFICATION_VENDOR Ljava/util/jar/Attributes$Name; java/util/jar/Attributes$Name
staticfield java/util/jar/Attributes$Name MULTI_RELEASE Ljava/util/jar/Attributes$Name; java/util/jar/Attributes$Name
ciInstanceKlass java/util/zip/ZipFile$ZipFileInflaterInputStream 1 1 154 10 7 12 1 1 1 10 7 12 1 1 1 9 12 1 1 10 7 12 1 1 9 12 1 1 10 7 12 1 1 1 7 1 10 12 1 10 7 12 1 1 1 9 12 1 1 9 12 1 10 12 1 1 9 7 12 1 1 1 9 12 1 1 11 7 12 1 1 1 11 7 12 1 1 100 1 8 1 10 12 1 9 12 1 1 9 12 1 1 10 7 12 1 1 1 9 12 1 1 9 12 1 1 10 7 12 1 1 1 7 1 10 12 1 1 10 12 1 100 1 5 0 3 1 1 1 1 1 1 1 1 1 100 1 100 1 1 100 1 1 1 1 1 1 1 1 1 1 1 1 1 1 1
ciMethod java/lang/ref/ReferenceQueue poll ()Ljava/lang/ref/Reference; 550 0 35077 0 -1
ciInstanceKlass java/util/Arrays$ArrayList 1 1 149 10 7 12 1 1 1 10 7 12 1 1 1 7 1 9 7 12 1 1 10 7 12 1 1 1 10 12 1 1 10 7 12 1 1 1 10 100 12 1 1 1 10 12 1 1 10 12 1 1 100 1 10 7 12 1 1 1 11 100 12 1 1 1 11 100 12 1 1 10 12 1 1 7 1 10 12 1 100 1 100 1 1 1 1 5 0 1 1 1 1 1 1 1 1 1 1 1 1 1 1 1 1 1 1 1 1 1 1 1 1 1 1 1 1 1 1 1 1 1 1 1 1 1 1 1 1 1 1 1 1 1 1 1 1 1 1 1 1 1 1 1 1 1 1 1 1 1 1
ciMethod java/util/Arrays$ArrayList get (I)Ljava/lang/Object; 800 0 2654 0 128
instanceKlass java/util/Collections$UnmodifiableList
instanceKlass java/util/Collections$UnmodifiableSet
ciInstanceKlass java/util/Collections$UnmodifiableCollection 1 1 136 10 7 12 1 1 1 100 1 10 9 7 12 1 1 1 11 7 12 1 1 1 11 12 1 1 11 12 1 1 11 12 1 1 11 12 1 11 12 1 10 12 1 1 7 1 10 12 1 100 1 10 11 12 1 1 11 12 1 1 11 12 1 1 11 12 1 1 11 12 1 100 1 1 1 1 5 0 1 1 1 1 1 1 1 1 1 1 1 1 1 1 1 1 1 1 1 1 1 1 1 1 1 1 1 1 1 1 1 1 1 1 1 1 1 1 1 1 1 1 1 1 1 1 1 1 1 1 1 1 1 1 100 1 1 1
ciMethod java/util/Collections$UnmodifiableCollection size ()I 1122 0 17669 0 128
instanceKlass java/util/Collections$UnmodifiableRandomAccessList
ciInstanceKlass java/util/Collections$UnmodifiableList 1 1 127 10 7 12 1 1 1 9 7 12 1 1 1 11 7 12 1 1 1 11 12 1 1 11 12 1 1 100 1 10 12 1 11 12 1 1 11 12 1 10 12 1 1 100 1 10 12 1 11 12 1 1 10 12 1 100 1 100 1 10 1 1 1 5 0 1 1 1 1 1 1 1 1 1 1 1 1 1 1 1 1 1 1 1 1 1 1 1 1 1 1 1 1 1 1 1 1 1 1 1 1 1 1 1 1 1 1 1 1 1 1 1 1 1 1 100 1 1 1 1 1 100 1 1 1 1 1
ciInstanceKlass java/util/Collections$UnmodifiableRandomAccessList 1 1 52 10 7 12 1 1 1 100 1 9 12 1 1 11 100 12 1 1 1 10 100 1 1 1 1 5 0 1 1 1 1 1 1 1 1 1 1 1 1 1 1 1 1 1 1 1 1 100 1 1 1 1
ciMethod java/util/Collections$UnmodifiableList get (I)Ljava/lang/Object; 1106 0 5882 0 256
ciInstanceKlass java/util/zip/ZipFile$ZipFileInputStream 1 1 179 100 1 100 1 9 7 12 1 1 1 10 7 12 1 1 1 10 7 12 1 1 1 9 12 1 1 10 12 1 9 12 1 10 12 1 9 12 1 5 0 10 12 1 1 9 7 12 1 1 1 9 7 12 1 1 1 9 7 12 1 1 10 12 1 1 10 12 1 10 12 1 10 12 1 10 12 1 1 100 1 8 1 10 12 1 10 12 1 1 5 0 8 1 10 12 1 1 10 12 1 9 12 1 10 12 1 10 12 1 1 10 12 1 10 12 1 10 12 1 1 100 1 5 0 3 9 12 1 1 9 12 1 1 11 7 12 1 1 1 1 1 1 1 1 1 1 1 1 1 1 100 1 1 1 1 1 1 1 100 1 1 100 1 100 1 1 1 1 1 1 1 1 1 1 1 1 1 1
ciMethod java/util/HashMap$TreeNode getTreeNode (ILjava/lang/Object;)Ljava/util/HashMap$TreeNode; 82 0 399 0 0
ciMethod java/util/HashMap$TreeNode putTreeVal (Ljava/util/HashMap;[Ljava/util/HashMap$Node;ILjava/lang/Object;Ljava/lang/Object;)Ljava/util/HashMap$TreeNode; 72 228 271 0 -1
ciMethod java/util/HashMap$TreeNode root ()Ljava/util/HashMap$TreeNode; 0 0 1 0 0
ciMethod java/util/HashMap$TreeNode find (ILjava/lang/Object;Ljava/lang/Class;)Ljava/util/HashMap$TreeNode; 156 282 841 0 0
ciMethod java/util/HashMap getNode (Ljava/lang/Object;)Ljava/util/HashMap$Node; 5904 330 23574 0 1120
ciMethod java/util/HashMap resize ()[Ljava/util/HashMap$Node; 44 2676 4527 0 -1
ciMethod java/util/HashMap compareComparables (Ljava/lang/Class;Ljava/lang/Object;Ljava/lang/Object;)I 0 0 1 0 -1
ciMethod java/util/HashMap comparableClassFor (Ljava/lang/Object;)Ljava/lang/Class; 420 0 449 0 -1
ciMethod java/util/HashMap treeifyBin ([Ljava/util/HashMap$Node;I)V 0 0 34 0 -1
ciMethod java/util/HashMap putVal (ILjava/lang/Object;Ljava/lang/Object;ZZ)Ljava/lang/Object; 1300 142 32500 0 6432
ciMethod java/util/HashMap tableSizeFor (I)I 516 0 6264 0 0
ciMethod java/util/HashMap hash (Ljava/lang/Object;)I 1752 0 86325 0 0
ciMethod java/util/HashMap <init> ()V 768 0 18233 0 -1
ciMethod java/util/HashMap <init> (IF)V 512 0 5429 0 288
ciMethod java/util/HashMap <init> (I)V 512 0 1970 0 0
ciMethod jdk/internal/util/Preconditions checkIndex (IILjava/util/function/BiFunction;)I 566 0 347808 0 -1
ciMethod java/util/List get (I)Ljava/lang/Object; 0 0 1 0 -1
ciMethod java/util/List isEmpty ()Z 0 0 1 0 -1
ciMethod java/util/List size ()I 0 0 1 0 -1
ciMethod java/util/Collection size ()I 0 0 1 0 -1
ciMethod java/util/Collections$EmptyList isEmpty ()Z 258 0 129 0 0
ciMethod java/util/AbstractMap <init> ()V 526 0 31236 0 0
ciMethod java/lang/ref/Reference refersTo0 (Ljava/lang/Object;)Z 256 0 128 0 -1
ciMethod java/lang/ref/Reference refersTo (Ljava/lang/Object;)Z 770 0 27666 0 0
ciMethod java/util/WeakHashMap$Entry <init> (Ljava/lang/Object;Ljava/lang/Object;Ljava/lang/ref/ReferenceQueue;ILjava/util/WeakHashMap$Entry;)V 512 0 7620 0 -1
ciMethod java/util/Set retainAll (Ljava/util/Collection;)Z 0 0 1 0 -1
ciMethod java/util/Set addAll (Ljava/util/Collection;)Z 0 0 1 0 -1
ciMethod java/util/Map containsKey (Ljava/lang/Object;)Z 0 0 1 0 -1
ciMethod java/util/Map isEmpty ()Z 0 0 1 0 -1
ciMethod java/util/Map put (Ljava/lang/Object;Ljava/lang/Object;)Ljava/lang/Object; 0 0 1 0 -1
ciMethod java/util/Map get (Ljava/lang/Object;)Ljava/lang/Object; 0 0 1 0 -1
ciMethod java/lang/String equals (Ljava/lang/Object;)Z 518 0 26032 0 -1
ciMethod java/lang/String valueOf (Ljava/lang/Object;)Ljava/lang/String; 0 0 4999 0 -1
ciMethod java/lang/String format (Ljava/lang/String;[Ljava/lang/Object;)Ljava/lang/String; 0 0 381 0 0
ciMethod java/lang/String concat (Ljava/lang/String;)Ljava/lang/String; 512 0 6752 0 -1
ciMethod java/util/ArrayList size ()I 258 0 129 0 0
ciMethod java/util/ArrayList isEmpty ()Z 2580 0 8533 0 96
ciMethod java/util/ArrayList get (I)Ljava/lang/Object; 512 0 27254 0 192
ciMethod java/util/ArrayList elementData (I)Ljava/lang/Object; 512 0 36695 0 0
ciMethod java/lang/Enum compareTo (Ljava/lang/Enum;)I 62 0 6186 0 -1
ciMethod java/lang/Object getClass ()Ljava/lang/Class; 256 0 128 0 -1
ciMethod java/lang/Object <init> ()V 1460 0 1027603 0 128
ciInstanceKlass javafx/beans/value/ObservableObjectValue 1 0 14 100 1 100 1 100 1 1 1 1 1 1 1 1
ciInstanceKlass javafx/beans/value/ObservableValue 1 0 18 100 1 100 1 100 1 1 1 1 1 1 1 1 1 1 1 1
ciInstanceKlass javafx/beans/value/WritableValue 1 0 15 100 1 100 1 1 1 1 1 1 1 1 1 1 1
instanceKlass javafx/beans/property/ObjectPropertyBase
ciInstanceKlass javafx/beans/property/ObjectProperty 1 1 85 10 7 12 1 1 1 10 7 12 1 1 1 10 100 12 1 1 1 10 12 1 10 12 1 1 10 12 1 1 100 1 8 1 10 12 1 8 1 10 12 1 1 10 12 1 8 1 8 1 10 100 12 1 1 1 8 1 8 1 10 12 1 8 1 10 12 1 100 1 100 1 1 1 1 1 1 1 1 1 100 1 1 1 1
instanceKlass javafx/scene/control/TreeItem$2
instanceKlass javafx/scene/control/TreeItem$3
instanceKlass javafx/scene/control/TreeView$7
instanceKlass javafx/scene/control/ComboBoxBase$9
instanceKlass javafx/scene/control/ComboBoxBase$8
instanceKlass javafx/scene/control/ComboBoxBase$7
instanceKlass javafx/scene/control/ComboBoxBase$6
instanceKlass javafx/scene/control/ComboBoxBase$5
instanceKlass javafx/scene/control/ToggleButton$2
instanceKlass javafx/scene/control/MultipleSelectionModel$1
instanceKlass javafx/scene/control/ListView$6
instanceKlass javafx/scene/control/ListView$4
instanceKlass javafx/scene/control/ListView$5
instanceKlass javafx/scene/control/ListView$3
instanceKlass javafx/scene/image/ImageView$2
instanceKlass javafx/scene/image/ImageView$11
instanceKlass javafx/scene/layout/ColumnConstraints$5
instanceKlass javafx/scene/layout/ColumnConstraints$6
instanceKlass javafx/scene/layout/BorderPane$BorderPositionProperty
instanceKlass javafx/scene/shape/SVGPath$2
instanceKlass javafx/scene/control/ContextMenu$1
instanceKlass javafx/scene/control/PopupControl$1
instanceKlass javafx/stage/PopupWindow$6
instanceKlass javafx/scene/control/MenuItem$2
instanceKlass javafx/scene/control/MenuItem$1
instanceKlass javafx/scene/shape/Path$2
instanceKlass javafx/animation/Animation$6
instanceKlass javafx/animation/Animation$3
instanceKlass javafx/scene/text/Text$TextAttribute$8
instanceKlass javafx/scene/effect/DropShadow$6
instanceKlass javafx/scene/effect/DropShadow$4
instanceKlass javafx/scene/effect/Effect$EffectInputProperty
instanceKlass javafx/scene/Node$NodeTransformation$9
instanceKlass javafx/scene/Scene$8
instanceKlass javafx/scene/Scene$6
instanceKlass javafx/scene/Scene$7
instanceKlass javafx/scene/Scene$30
instanceKlass javafx/scene/Scene$27
instanceKlass javafx/scene/Scene$35
instanceKlass javafx/scene/Scene$50
instanceKlass javafx/scene/Scene$33
instanceKlass javafx/scene/Scene$45
instanceKlass javafx/scene/Scene$47
instanceKlass javafx/scene/Scene$9
instanceKlass javafx/scene/Scene$25
instanceKlass javafx/scene/Scene$38
instanceKlass javafx/scene/Scene$29
instanceKlass javafx/scene/Scene$37
instanceKlass javafx/scene/Scene$23
instanceKlass javafx/scene/Scene$20
instanceKlass javafx/scene/Scene$18
instanceKlass javafx/scene/Scene$51
instanceKlass javafx/scene/Scene$41
instanceKlass javafx/scene/Scene$40
instanceKlass javafx/scene/Scene$17
instanceKlass javafx/scene/Scene$16
instanceKlass javafx/scene/Scene$19
instanceKlass javafx/scene/Scene$48
instanceKlass javafx/scene/Scene$36
instanceKlass javafx/scene/Scene$14
instanceKlass javafx/scene/Scene$24
instanceKlass javafx/scene/Scene$42
instanceKlass javafx/scene/Scene$15
instanceKlass javafx/scene/Scene$28
instanceKlass javafx/scene/Scene$22
instanceKlass javafx/scene/Scene$26
instanceKlass javafx/scene/Scene$21
instanceKlass javafx/scene/Scene$13
instanceKlass javafx/scene/Scene$31
instanceKlass javafx/scene/Scene$32
instanceKlass javafx/scene/Scene$49
instanceKlass javafx/scene/Scene$39
instanceKlass javafx/scene/Scene$34
instanceKlass javafx/scene/Scene$43
instanceKlass javafx/scene/Scene$44
instanceKlass javafx/scene/Scene$46
instanceKlass javafx/scene/control/ButtonBase$2
instanceKlass javafx/beans/property/IntegerProperty$2
instanceKlass javafx/scene/control/TextField$2
instanceKlass javafx/scene/control/TextInputControl$4
instanceKlass javafx/scene/control/Label$1
instanceKlass javafx/scene/control/Control$3
instanceKlass javafx/scene/Node$MiscProperties$5
instanceKlass javafx/scene/Node$MiscProperties$8
instanceKlass javafx/scene/Node$MiscProperties$6
instanceKlass javafx/scene/transform/Rotate$5
instanceKlass javafx/css/StyleableObjectProperty
instanceKlass javafx/beans/property/DoubleProperty$2
instanceKlass javafx/stage/Window$9
instanceKlass javafx/stage/Window$11
instanceKlass javafx/stage/Window$8
instanceKlass javafx/stage/Window$10
instanceKlass javafx/beans/property/SimpleObjectProperty
instanceKlass javafx/stage/Window$7
instanceKlass javafx/beans/property/BooleanProperty$2
ciInstanceKlass javafx/beans/property/ObjectPropertyBase 1 1 194 10 7 12 1 1 1 9 7 12 1 1 1 9 12 1 1 9 12 1 1 9 12 1 1 9 12 1 1 10 7 12 1 1 1 10 12 1 1 10 12 1 10 12 1 10 12 1 1 10 12 1 10 12 11 7 12 1 1 1 10 12 1 1 100 1 10 12 1 10 12 1 1 10 7 12 1 1 1 10 100 12 1 1 18 12 1 1 8 1 18 12 1 10 12 1 10 12 1 100 1 8 1 10 10 12 1 1 10 12 1 7 1 10 12 1 11 12 1 11 12 100 1 8 1 10 8 1 10 12 1 1 10 12 1 8 1 10 100 1 8 1 8 1 8 1 10 12 1 8 1 8 1 10 12 1 1 1 1 1 1 1 1 1 1 1 1 1 1 1 1 1 1 1 1 1 1 15 10 100 12 1 1 8 1 8 1 1 1 100 1 100 1 1
ciInstanceKlass javafx/collections/ObservableList 1 1 150 100 1 10 12 1 1 100 1 10 12 1 100 1 10 12 1 11 100 12 1 1 1 100 1 100 1 100 1 1 1 1 1 1 1 1 1 1 1 1 1 1 1 1 1 1 1 1 1 1 1 1 1 1 1 1 1 1 100 1 8 1 1 12 10 1 1 1 8 1 1 8 1 1 8 1 1 8 1 1 8 1 1 1 8 1 1 1 8 1 1 8 1 1 1 8 1 1 1 8 1 1 1 8 1 1 1 8 1 1 8 1 1 1 8 1 1 8 1 1 1 8 1 1 8 1 1 1 8 1 1 8 1 1 8 1 1 1 8 1 1 8 1 1 8 1 1 1 8 1
ciInstanceKlass javafx/collections/ObservableSet 1 0 76 100 1 100 1 100 1 100 1 1 1 1 1 1 1 1 1 1 100 1 8 1 1 12 10 1 1 1 8 1 1 8 1 1 1 8 1 1 1 8 1 1 1 8 1 1 1 8 1 1 8 1 1 1 8 1 1 8 1 1 1 8 1 1 8 1 1 8 1 1 8 1 1 1 8 1
ciInstanceKlass java/lang/AssertionError 0 0 79 10 100 12 1 1 1 10 12 1 10 100 12 1 1 1 10 100 1 100 1 10 12 1 1 10 12 1 10 12 1 10 12 1 10 12 1 10 12 1 10 12 1 10 12 1 1 1 1 5 0 1 1 1 1 1 1 1 1 1 1 100 1 1 1 1 1 1 1 1 1 1 1 1 1 1 1 1 1
instanceKlass com/sun/javafx/stage/EmbeddedWindow
instanceKlass javafx/stage/PopupWindow
instanceKlass javafx/stage/Stage
ciInstanceKlass javafx/stage/Window 1 1 682 10 100 12 1 1 1 9 100 12 1 1 1 10 100 12 1 1 1 9 7 12 1 1 1 10 7 12 1 1 1 9 12 1 1 10 7 12 1 1 1 9 12 1 1 7 1 10 12 1 9 12 1 1 9 12 1 1 7 1 8 1 10 12 1 9 12 1 8 1 9 12 7 1 8 1 10 12 1 9 12 1 7 1 8 1 10 12 1 9 12 1 7 1 8 1 10 9 12 9 12 1 8 1 7 1 6 0 9 12 9 12 1 8 1 9 12 9 12 1 8 1 9 12 9 12 1 8 1 9 12 7 1 10 9 12 1 1 7 1 10 9 12 1 1 7 1 10 9 12 1 9 12 1 7 1 10 7 12 1 1 1 10 12 1 9 12 1 1 10 12 1 10 7 12 1 1 9 12 1 1 9 12 1 1 10 12 1 1 10 100 12 1 1 1 10 12 1 1 10 7 12 1 1 1 6 0 10 10 12 1 10 10 12 1 1 10 12 1 10 12 1 10 12 1 1 10 7 12 1 1 10 6 0 10 12 1 10 6 0 10 12 1 1 4 4 10 12 1 1 10 12 1 1 10 7 12 1 1 1 10 7 12 1 1 10 100 12 1 1 1 10 10 12 10 12 1 1 10 12 10 10 12 1 10 12 1 1 10 12 1 10 12 1 10 12 1 10 12 1 10 7 1 11 100 12 1 1 10 10 12 1 9 12 1 1 100 1 10 10 7 12 1 1 1 11 100 12 1 1 10 12 1 1 9 12 1 1 11 12 1 1 11 12 1 10 12 10 12 1 10 12 1 10 12 1 1 9 12 1 100 1 10 12 1 10 12 1 1 10 7 1 9 12 1 1 10 100 1 100 1 10 10 12 1 9 12 1 100 1 10 10 12 1 9 12 1 100 1 10 10 12 1 9 12 1 100 1 10 10 12 1 9 12 1 100 1 10 10 7 12 1 1 1 10 12 1 10 12 1 10 12 1 1 10 7 12 1 1 1 9 12 1 100 1 10 10 12 1 7 1 9 12 1 10 12 1 1 10 7 12 1 1 1 10 100 12 1 1 1 10 12 1 10 12 1 10 12 1 10 12 1 9 12 1 1 10 12 1 7 1 8 10 12 1 10 10 7 12 1 1 1 11 7 12 1 1 1 9 12 1 1 10 12 1 11 12 1 11 12 1 10 12 1 10 12 1 10 12 1 1 10 12 1 10 12 10 100 12 1 1 1 10 12 1 1 10 10 12 1 1 10 10 7 12 1 1 10 12 1 1 9 12 1 10 12 1 1 7 1 10 10 12 1 1 100 1 1 1 1 1 1 1 1 1 1 1 1 1 1 1 1 1 1 1 1 1 1 1 1 1 1 1 1 1 1 1 1 1 1 1 1 1 1 1 1 1 1 1 1 1 1 1 1 1 1 1 1 1 1 1 1 1 1 1 1 1 1 1 1 1 1 1 1 1 1 1 1 1 1 1 1 1 1 1 1 1 1 1 1 1 1 1 1 1 1 1 1 1 1 1 1 1 1 1 1 1 1 1 100 1 1
staticfield javafx/stage/Window USER_DATA_KEY Ljava/lang/Object; java/lang/Object
staticfield javafx/stage/Window $assertionsDisabled Z 1
instanceKlass javafx/scene/control/TreeView$5
instanceKlass javafx/scene/control/TreeView$6
instanceKlass javafx/scene/control/TreeView$4
instanceKlass javafx/scene/control/TreeView$1
instanceKlass javafx/scene/control/skin/VirtualFlow$8
instanceKlass javafx/scene/control/ComboBox$2
instanceKlass com/sun/javafx/scene/EventHandlerProperties$EventHandlerProperty
instanceKlass javafx/scene/Scene$11
instanceKlass javafx/scene/control/Control$4
instanceKlass javafx/scene/transform/Transform$4
instanceKlass javafx/beans/property/ReadOnlyObjectWrapper
ciInstanceKlass javafx/beans/property/SimpleObjectProperty 1 1 51 9 7 12 1 1 1 9 12 1 1 9 12 1 8 1 10 12 1 1 10 12 1 10 7 12 1 1 10 12 1 1 1 1 1 1 1 1 1 1 1 1 100 1 100 1 1 1 1 1 1
staticfield javafx/beans/property/SimpleObjectProperty DEFAULT_BEAN Ljava/lang/Object; null
ciInstanceKlass javafx/css/Styleable 1 1 27 100 1 100 1 1 1 1 1 1 1 1 1 1 1 1 1 1 1 1 1 1 1 1 1 1 1
instanceKlass javafx/scene/image/ImageView
instanceKlass javafx/scene/shape/Shape3D
instanceKlass javafx/scene/Camera
instanceKlass javafx/scene/SubScene
instanceKlass javafx/scene/shape/Shape
instanceKlass javafx/scene/Parent
ciInstanceKlass javafx/scene/Node 1 1 3298 7 1 10 7 12 1 1 1 10 12 1 1 9 12 1 1 11 7 12 1 1 1 10 12 1 1 10 7 12 1 1 1 10 12 1 1 10 7 12 1 1 11 12 1 11 12 1 11 12 1 11 12 1 9 12 1 1 9 7 12 1 1 1 10 12 1 1 9 12 1 10 7 12 1 1 10 12 1 10 12 1 1 10 12 1 9 12 1 9 12 1 9 12 1 9 12 1 10 12 1 1 10 12 1 9 12 1 1 9 7 12 1 1 1 10 12 1 1 9 12 1 10 12 1 10 12 1 1 9 7 12 1 1 9 12 1 10 12 1 1 10 7 12 1 1 1 10 7 12 1 1 10 7 1 10 12 1 18 12 1 1 10 7 12 1 1 1 9 12 1 10 12 1 1 9 12 1 10 12 1 1 10 12 1 1 10 12 1 1 10 12 1 1 9 12 1 10 12 1 10 7 12 1 1 1 10 12 1 1 9 12 1 10 12 1 10 12 1 1 10 12 1 1 9 12 1 10 12 1 1 9 12 1 10 12 1 1 10 7 12 1 1 1 10 12 1 9 12 1 10 12 1 10 12 1 1 10 12 1 10 12 1 1 9 12 1 10 12 1 10 12 1 9 12 1 10 12 1 1 10 12 1 1 10 12 1 1 9 12 1 1 7 1 10 12 1 10 7 12 1 1 1 11 7 1 10 12 1 1 9 12 1 1 11 12 1 1 11 12 1 1 10 12 1 1 10 7 12 1 1 1 9 12 1 1 10 12 1 7 1 10 12 1 1 7 1 10 12 10 12 1 10 7 1 9 12 1 1 10 12 1 1 10 12 1 10 12 1 10 12 1 10 12 1 1 10 12 1 1 10 12 1 9 12 1 1 10 12 1 10 12 1 10 12 1 1 10 12 1 9 12 1 1 10 7 12 1 1 9 12 1 1 10 12 1 1 10 100 12 1 1 10 10 12 1 10 12 1 10 10 10 10 12 1 1 10 7 1 9 12 1 1 10 7 1 10 9 12 1 1 10 12 1 9 12 1 8 1 100 1 10 12 1 10 12 1 1 10 7 12 1 9 12 1 1 10 12 7 1 10 12 1 10 12 1 1 10 7 1 9 12 1 1 9 12 1 1 10 7 12 1 1 1 10 12 1 1 10 10 12 1 1 10 7 12 1 9 12 1 1 10 12 7 1 10 12 1 10 12 1 9 12 1 1 10 100 1 100 1 10 12 1 10 12 1 9 12 1 1 10 10 10 12 1 10 10 10 12 1 9 12 1 1 10 10 10 12 1 9 12 1 1 10 10 10 12 1 9 12 1 1 10 12 1 1 10 10 9 7 12 1 1 10 9 12 1 10 12 1 9 12 1 10 12 1 10 12 1 10 10 12 1 9 12 1 7 1 8 10 12 1 10 12 1 1 10 7 1 9 12 1 1 10 10 12 1 7 1 10 10 10 12 1 10 10 12 1 10 10 100 12 1 1 1 10 12 1 1 10 100 12 1 1 1 10 12 1 1 100 1 10 12 1 100 1 10 11 7 1 10 12 1 10 12 1 9 12 1 1 9 7 12 1 1 10 12 1 10 12 1 10 12 1 1 11 100 12 1 1 1 11 12 1 10 12 1 10 12 1 10 12 1 10 12 1 10 12 1 10 12 1 10 12 10 100 12 1 1 1 100 1 10 10 100 12 1 1 1 10 12 1 1 10 100 12 1 1 10 12 1 10 12 1 10 12 1 10 7 12 1 1 1 9 12 1 10 7 12 1 1 10 12 10 12 10 12 10 12 1 10 12 1 1 10 12 1 1 10 12 1 1 10 7 12 1 1 1 10 12 1 10 10 10 12 1 1 10 10 12 1 10 10 12 1 1 10 12 1 100 1 8 1 10 12 10 12 1 1 18 12 1 1 10 12 1 1 10 12 1 9 12 1 1 10 7 12 1 1 1 10 12 1 1 10 10 12 1 10 12 1 10 10 12 1 10 12 1 10 10 12 1 10 12 1 10 10 12 1 10 12 1 10 10 12 1 1 100 1 8 1 10 10 12 1 1 8 1 9 12 1 10 12 1 10 12 1 9 100 12 1 1 1 10 100 12 1 1 8 1 10 12 10 100 12 1 1 10 12 1 1 10 9 12 1 1 10 7 12 1 1 1 7 1 4 10 12 1 18 12 1 1 9 12 1 1 18 9 12 1 10 7 1 10 7 1 10 9 12 1 1 9 12 1 10 9 12 1 9 12 1 9 12 1 9 12 1 9 12 1 9 12 1 9 12 1 1 9 12 1 9 12 1 7 1 10 9 12 1 1 10 12 1 1 9 12 1 10 12 1 10 12 1 9 12 1 7 1 10 10 12 1 9 12 1 7 1 10 10 12 1 9 12 1 7 1 10 10 12 1 1 10 7 1 10 12 1 10 10 12 1 10 7 12 1 1 1 9 7 12 1 1 1 10 7 12 1 1 1 10 12 1 18 12 1 10 12 1 10 12 1 1 10 12 1 10 10 12 1 1 10 10 12 1 10 12 1 1 6 0 10 12 1 10 12 1 10 12 1 10 12 1 10 12 1 9 7 12 1 1 1 10 12 1 1 10 7 12 1 1 1 10 12 1 10 12 1 6 0 10 12 1 10 12 1 100 1 10 12 1 9 12 1 1 100 1 10 12 1 10 12 1 10 12 1 10 12 1 10 12 1 10 100 1 10 7 12 1 1 10 12 1 10 12 1 10 12 1 10 12 1 10 12 1 10 12 1 10 12 1 10 12 1 9 12 1 1 10 7 12 1 1 10 12 1 1 9 12 1 1 10 12 1 10 12 1 10 12 1 10 10 12 1 10 12 1 1 10 12 1 10 12 1 1 10 12 10 12 1 10 12 10 12 1 9 12 1 1 10 12 1 1 10 100 12 1 1 10 12 1 1 10 10 12 1 10 12 1 6 0 10 12 1 10 12 1 10 10 12 1 10 12 1 10 10 12 1 10 12 1 7 1 10 12 1 10 12 1 9 7 12 1 1 10 12 1 9 12 1 1 10 7 12 1 1 10 12 1 10 12 1 10 12 1 10 12 1 10 12 1 1 10 12 1 10 12 1 10 12 1 10 12 1 10 12 10 12 10 12 1 10 12 1 10 10 10 10 10 10 10 10 10 10 12 1 1 10 12 1 1 10 12 1 10 12 1 10 12 1 10 12 1 10 10 12 1 10 12 1 1 9 12 1 1 10 12 1 1 7 1 10 12 1 10 12 1 10 12 1 1 10 12 1 10 10 10 12 1 10 12 1 10 12 1 7 1 10 12 1 10 12 1 10 12 1 10 12 1 1 10 12 1 10 12 1 1 10 12 1 9 12 1 1 9 7 12 1 1 1 9 12 1 10 12 1 1 7 1 10 12 10 7 12 1 1 10 12 1 10 12 1 1 10 12 1 10 12 1 1 10 10 100 1 10 10 10 12 1 1 10 12 10 100 12 1 1 1 10 12 1 1 10 7 1 10 10 12 1 10 12 1 1 10 7 12 1 1 1 10 12 10 12 1 10 12 10 12 1 10 12 1 10 12 1 10 12 9 12 9 12 10 12 10 12 1 10 12 1 1 10 12 10 12 10 12 1 1 10 100 12 1 1 10 100 12 1 1 1 10 12 1 10 12 10 12 10 12 1 10 12 1 10 12 1 10 12 1 10 12 1 10 12 10 12 10 12 10 12 1 10 12 10 12 10 12 10 12 1 9 12 1 10 12 1 10 12 1 10 12 1 10 12 10 10 10 10 12 1 10 12 1 1 10 12 1 1 10 12 1 10 12 1 10 12 1 10 12 1 10 12 1 10 12 1 10 12 1 10 12 1 10 12 1 10 12 1 10 12 1 10 12 10 12 1 10 12 1 1 10 12 1 1 10 12 1 10 12 1 11 12 1 1 11 100 12 1 1 11 12 1 10 12 1 1 10 12 1 1 10 12 1 10 10 10 10 10 12 10 12 10 12 1 10 12 1 10 7 12 1 1 1 10 12 1 10 12 1 10 12 1 1 10 12 1 10 12 1 10 12 1 1 10 7 12 1 1 1 10 12 1 1 10 12 1 1 10 12 1 10 10 6 0 6 0 10 12 1 6 0 6 0 10 12 1 10 10 10 12 1 10 12 1 1 10 10 12 1 10 10 10 12 1 10 10 10 12 1 10 10 10 12 1 10 10 10 12 1 10 10 10 12 1 10 10 10 12 1 10 10 10 12 1 9 12 1 1 10 10 10 12 1 10 10 10 12 1 10 10 10 10 9 12 1 1 9 100 12 1 1 10 12 1 1 10 7 12 1 1 1 10 12 1 10 12 1 9 12 1 9 7 12 1 1 7 1 10 12 1 10 12 1 1 9 12 1 9 12 1 9 12 1 1 7 1 10 10 12 1 1 10 12 1 10 12 1 1 10 12 1 10 10 12 1 10 12 1 10 12 1 10 12 1 10 12 1 10 12 1 10 10 12 1 10 10 10 12 1 9 12 1 7 1 10 10 12 1 9 12 1 7 1 10 10 12 1 10 12 1 10 10 12 1 10 12 1 10 10 12 1 10 12 1 10 10 12 1 10 12 1 10 10 12 1 10 12 1 10 10 12 1 10 12 1 10 10 12 1 10 12 1 10 10 12 1 10 12 1 10 10 12 1 10 12 1 10 10 12 1 10 12 1 10 10 12 1 10 12 1 10 10 12 1 10 12 1 10 10 12 1 10 12 1 10 10 12 1 10 12 1 10 10 12 1 10 12 1 10 10 12 1 10 12 1 10 10 12 1 10 12 1 10 10 12 1 10 12 1 10 10 12 1 10 12 1 10 10 12 1 10 12 1 10 10 12 1 10 12 1 10 10 12 1 10 12 1 10 10 12 1 10 12 1 10 10 12 1 10 12 1 10 10 12 1 10 12 1 10 10 12 1 10 12 1 10 10 12 1 10 12 1 10 10 12 1 10 12 1 10 10 12 1 10 12 1 10 10 12 1 10 12 1 10 10 12 1 10 12 1 10 10 12 1 10 12 1 10 10 12 1 10 12 1 10 10 12 1 10 12 1 10 10 12 1 9 12 1 1 10 12 1 1 10 10 12 1 1 9 7 12 1 1 10 12 1 10 12 1 9 12 1 1 10 10 10 12 1 9 12 1 7 1 10 10 12 1 10 12 1 10 12 1 10 12 1 1 10 12 1 1 10 12 1 1 100 1 10 10 12 1 10 12 1 11 10 12 1 1 10 12 1 10 100 12 1 1 10 12 1 8 1 8 1 8 1 8 1 10 12 1 10 10 7 12 1 1 1 9 12 1 1 10 12 1 10 12 1 9 12 1 10 12 1 1 9 12 1 9 12 1 10 12 1 9 12 1 9 12 1 9 12 1 1 9 7 12 1 9 12 1 10 12 1 1 10 12 1 10 12 1 10 12 1 1 10 10 12 1 10 12 1 10 12 1 10 12 1 10 12 1 1 7 1 10 10 7 1 9 12 1 1 10 10 10 12 1 18 12 1 10 12 1 9 12 1 100 1 10 10 12 1 7 1 10 9 12 1 10 7 12 1 1 1 10 12 1 10 12 1 10 12 1 10 12 1 9 12 1 1 10 12 1 7 1 8 10 12 1 10 12 9 12 1 1 18 12 1 1 11 7 12 1 1 1 10 12 1 1 7 1 10 12 1 9 12 1 10 7 1 10 9 12 1 9 12 1 10 12 1 10 12 1 10 12 1 1 10 12 1 1 10 7 1 10 12 1 9 100 12 1 1 1 9 7 12 1 1 1 10 12 1 1 10 7 12 1 1 1 8 1 10 12 1 10 12 1 11 12 10 12 1 1 9 12 9 12 1 10 12 1 11 7 1 11 9 12 1 1 10 12 1 1 10 12 1 9 12 1 10 9 10 9 10 12 1 1 9 12 1 10 12 1 10 12 10 12 1 1 11 11 9 7 12 1 1 1 10 12 1 10 12 1 10 12 1 9 7 12 1 1 1 10 12 1 9 12 1 8 10 12 1 9 12 1 1 9 100 12 1 1 10 12 1 1 10 12 1 10 12 1 9 12 1 10 12 1 10 12 1 9 12 1 10 12 1 10 9 12 1 10 100 1 10 12 1 1 10 12 10 12 10 12 10 12 10 12 1 1 10 12 1 9 12 1 10 100 1 10 12 100 1 9 12 1 100 1 10 12 1 10 12 1 10 12 1 1 10 12 1 1 10 100 12 1 1 1 10 12 1 1 100 1 10 10 12 1 11 12 1 10 12 1 1 100 1 10 12 1 11 100 12 1 1 100 1 7 1 8 1 10 12 1 1 10 12 1 8 1 10 7 12 1 1 7 1 10 10 12 1 1 9 7 12 1 1 9 7 12 1 1 8 10 7 12 1 1 1 9 12 1 1 8 9 12 1 8 9 12 1 8 9 12 1 8 1 9 12 1 18 12 1 100 1 100 1 1 1 1 1 1 1 1 1 1 1 1 1 6 0 1 1 1 6 0 1 1 1 1 1 3 1 3 1 1 1 3 1 1 1 1 1 1 1 1 1 1 1 1 1 100 1 100 1 1 1 1 1 1 1 1 1 1 1 1 1 1 1 1 100 1 1 1 1 1 1 1 1 1 1 1 100 1 1 1 1 1 1 1 1 1 1 1 1 1 100 1 1 1 1 1 1 1 100 1 1 1 1 1 1 1 1 1 1 1 1 1 1 1 1 1 1 1 1 1 1 1 1 1 1 1 1 1 1 1 1 1 1 1 1 1 1 1 1 1 1 1 1 1 1 1 1 1 1 1 1 1 1 1 1 1 1 1 1 1 1 1 1 1 1 1 1 1 1 1 1 1 1 1 1 1 1 1 1 1 1 1 1 1 1 1 1 1 1 1 1 1 1 1 1 1 1 1 1 1 1 1 1 1 1 1 1 1 1 1 1 1 1 1 1 1 1 1 1 1 1 1 1 1 1 100 1 1 1 1 1 1 100 1 1 1 1 1 1 1 1 1 1 1 1 1 1 1 1 1 1 1 1 1 1 1 1 1 100 1 1 1 1 1 1 1 1 1 1 1 1 1 1 1 1 1 1 1 1 1 1 1 1 1 1 1 1 1 1 1 1 1 1 1 1 1 1 1 1 1 1 1 1 1 1 100 1 100 1 100 1 100 1 100 1 100 1 100 1 100 1 100 1 100 1 100 1 100 1 100 1 100 1 100 1 100 1 100 1 100 1 100 1 100 1 100 1 100 1 100 1 100 1 100 1 100 1 100 1 100 1 100 1 100 1 100 1 100 1 100 1 100 1 100 1 100 1 100 1 1 15 10 100 12 1 1 8 1 15 10 7 12 1 1 1 16 15 10 12 16 15 10 12 15 10 12 8 1 8 1 16 15 10 12 16 15 10 12 1 100 1 1 1 1 1 1 1 1 1 1 1 1 1 100 1 1 100 1 1 1 100 1 100 1 1
staticfield javafx/scene/Node USER_DATA_KEY Ljava/lang/Object; java/lang/Object
staticfield javafx/scene/Node DEFAULT_ROTATION_AXIS Ljavafx/geometry/Point3D; javafx/geometry/Point3D
staticfield javafx/scene/Node DEFAULT_CACHE_HINT Ljavafx/scene/CacheHint; javafx/scene/CacheHint
staticfield javafx/scene/Node DEFAULT_CLIP Ljavafx/scene/Node; null
staticfield javafx/scene/Node DEFAULT_CURSOR Ljavafx/scene/Cursor; null
staticfield javafx/scene/Node DEFAULT_DEPTH_TEST Ljavafx/scene/DepthTest; javafx/scene/DepthTest
staticfield javafx/scene/Node DEFAULT_EFFECT Ljavafx/scene/effect/Effect; null
staticfield javafx/scene/Node DEFAULT_INPUT_METHOD_REQUESTS Ljavafx/scene/input/InputMethodRequests; null
staticfield javafx/scene/Node HOVER_PSEUDOCLASS_STATE Ljavafx/css/PseudoClass; com/sun/javafx/css/PseudoClassImpl
staticfield javafx/scene/Node PRESSED_PSEUDOCLASS_STATE Ljavafx/css/PseudoClass; com/sun/javafx/css/PseudoClassImpl
staticfield javafx/scene/Node DISABLED_PSEUDOCLASS_STATE Ljavafx/css/PseudoClass; com/sun/javafx/css/PseudoClassImpl
staticfield javafx/scene/Node FOCUSED_PSEUDOCLASS_STATE Ljavafx/css/PseudoClass; com/sun/javafx/css/PseudoClassImpl
staticfield javafx/scene/Node SHOW_MNEMONICS_PSEUDOCLASS_STATE Ljavafx/css/PseudoClass; com/sun/javafx/css/PseudoClassImpl
staticfield javafx/scene/Node boundsAccessor Lcom/sun/javafx/scene/BoundsAccessor; javafx/scene/Node$$Lambda$140+0x00000222d8100ea8
instanceKlass javafx/scene/Group
instanceKlass javafx/scene/layout/Region
ciInstanceKlass javafx/scene/Parent 1 1 908 10 7 12 1 1 1 7 1 10 7 12 1 1 1 10 12 1 1 11 7 12 1 1 1 9 12 1 1 9 100 12 1 1 1 18 12 1 1 10 100 12 1 1 1 9 7 12 1 1 1 10 12 1 1 9 12 1 10 12 1 1 9 12 1 1 11 7 1 11 12 1 1 7 1 10 10 12 1 1 9 12 1 1 10 12 1 1 9 12 1 1 11 12 1 11 10 12 1 1 11 12 1 9 12 1 10 12 1 9 12 1 10 12 1 1 10 12 1 18 10 12 1 1 18 12 1 18 100 1 8 1 10 12 1 1 11 12 1 1 11 7 12 1 1 11 12 1 1 18 12 1 9 12 1 10 7 12 1 1 11 10 12 1 1 11 12 1 1 18 12 1 1 10 100 12 1 1 1 9 12 1 9 12 1 7 1 10 12 10 12 1 11 12 1 10 12 1 9 12 1 1 11 100 12 1 1 8 1 9 12 1 11 12 1 11 11 12 1 10 7 12 1 1 1 10 12 1 1 10 12 1 1 9 12 1 1 9 7 12 1 1 10 7 12 1 1 10 7 1 9 12 1 10 9 12 1 10 12 1 10 12 1 1 10 12 1 10 12 1 10 12 1 1 10 7 12 1 1 10 12 1 1 10 7 12 1 1 1 10 12 1 1 10 12 1 10 12 1 1 10 12 1 1 10 12 1 10 12 1 1 10 12 1 1 9 12 1 1 10 12 1 1 9 12 1 9 12 1 10 12 1 1 9 12 1 1 100 1 8 10 12 1 9 12 1 10 12 1 10 7 12 1 1 1 10 12 1 10 12 1 1 10 12 1 10 12 1 10 12 1 9 12 1 10 9 12 1 6 0 9 12 1 1 9 12 1 9 12 1 9 12 1 10 12 1 1 10 12 1 10 12 1 10 12 1 10 12 1 1 10 7 12 1 1 10 12 1 10 7 12 1 1 1 10 12 1 10 12 1 10 12 1 10 12 1 1 10 12 1 10 12 1 10 12 1 10 12 1 10 12 1 10 12 1 10 10 10 12 1 6 0 9 12 1 1 9 7 12 1 1 1 10 12 1 10 12 1 10 12 1 10 12 1 10 12 1 10 12 1 9 12 1 10 7 12 1 1 1 11 10 12 7 1 9 12 1 1 9 7 12 1 9 12 10 12 1 10 12 1 1 11 12 1 1 7 1 9 12 1 9 10 12 1 1 10 12 10 7 1 10 7 1 7 1 10 12 10 12 1 10 7 12 1 1 1 7 1 10 10 12 1 7 1 10 9 12 1 1 9 12 1 9 12 1 9 12 1 9 12 1 9 12 1 9 12 1 9 12 1 9 7 12 1 1 1 10 12 1 1 10 10 12 1 10 7 12 1 1 1 10 7 12 1 1 9 12 1 10 12 1 9 12 1 1 10 9 12 1 10 12 1 10 12 1 10 12 1 10 12 10 12 1 10 12 1 10 12 1 10 12 1 10 12 1 10 12 1 10 12 1 1 10 12 1 6 0 6 0 10 12 1 10 12 1 1 10 9 12 1 10 10 10 12 1 1 9 12 1 9 12 1 9 12 1 9 12 1 9 12 1 9 12 1 9 12 1 1 10 12 1 1 10 12 1 10 12 1 1 10 12 1 9 12 1 10 12 1 10 12 1 10 12 1 10 100 12 1 1 9 12 1 1 9 100 12 1 1 1 9 12 1 10 12 1 1 100 1 10 12 1 9 12 1 10 100 1 10 12 1 1 10 12 1 1 10 12 1 8 1 10 7 12 1 1 1 9 12 1 7 1 10 10 12 1 1 1 1 3 1 3 1 1 1 1 1 1 1 3 3 3 3 3 3 1 1 1 1 1 1 1 1 1 1 1 1 1 1 100 1 1 1 1 1 1 1 1 1 1 1 1 1 1 1 1 1 1 1 1 1 1 1 1 1 1 1 1 1 1 1 1 1 1 1 1 1 1 1 1 1 15 10 100 12 1 1 8 1 8 1 8 1 8 1 8 1 15 10 100 12 1 1 1 16 1 15 10 12 16 1 100 1 1 100 1 100 1 1
staticfield javafx/scene/Parent warnOnAutoMove Z 0
instanceKlass javafx/scene/control/TreeCell$6
instanceKlass javafx/scene/control/TreeCell$5
instanceKlass javafx/scene/control/ListCell$4
instanceKlass javafx/scene/control/ToggleGroup$3
instanceKlass com/sun/javafx/scene/control/inputmap/InputMap$1
instanceKlass javafx/scene/Scene$3
instanceKlass javafx/scene/Scene$12
instanceKlass javafx/scene/Node$ReadOnlyObjectWrapperManualFire
instanceKlass javafx/scene/Node$2
instanceKlass javafx/stage/Window$SceneModel
ciInstanceKlass javafx/beans/property/ReadOnlyObjectWrapper 1 1 47 10 7 12 1 1 1 10 12 1 10 12 1 10 12 1 9 7 12 1 1 1 7 1 10 12 1 10 12 1 10 1 1 1 1 1 1 1 1 1 1 1 1 1 1 1 1
instanceKlass org/fxmisc/richtext/TextExt
instanceKlass com/sun/javafx/scene/control/LabeledText
ciInstanceKlass javafx/scene/text/Text 1 1 1157 10 7 12 1 1 1 10 7 12 1 1 1 9 7 12 1 1 1 7 1 10 9 12 1 1 9 12 1 1 9 7 12 1 1 1 10 12 1 1 18 12 1 1 10 12 1 1 10 7 12 1 1 1 10 12 1 1 10 7 1 10 12 1 18 10 12 1 1 10 10 12 1 1 10 12 10 12 1 1 10 12 1 7 1 10 9 12 1 10 12 1 1 10 12 1 1 7 1 10 12 10 12 1 10 12 1 10 12 1 1 9 7 12 1 1 1 7 1 10 12 1 1 11 12 1 1 10 12 1 9 12 1 1 10 12 1 1 10 12 1 1 11 12 1 1 10 7 12 1 1 1 9 7 12 1 1 1 10 12 1 1 7 1 10 12 9 12 1 1 10 10 7 12 1 1 1 10 12 1 1 11 7 12 1 1 10 12 1 1 9 12 1 1 10 7 12 1 1 1 11 12 1 10 12 1 1 11 12 1 1 10 12 1 11 12 1 10 12 1 11 12 1 10 12 1 1 11 7 1 10 12 1 1 100 1 4 11 12 1 1 11 12 1 1 11 12 1 1 10 12 1 9 7 12 1 1 1 10 7 12 1 1 1 9 12 1 10 12 1 10 7 12 1 1 1 10 12 1 1 10 7 12 1 11 10 12 1 10 12 1 11 12 1 1 10 7 12 1 1 1 9 7 12 1 1 1 10 12 1 1 9 100 12 1 1 1 11 12 1 1 10 12 1 10 100 12 1 1 11 12 8 1 10 12 1 1 10 7 12 1 1 1 9 12 1 1 10 12 1 7 1 10 12 1 7 1 10 12 1 10 12 1 1 10 7 12 1 9 12 1 10 12 100 1 10 10 12 1 9 12 7 1 10 10 12 1 1 10 7 1 9 12 1 1 10 7 12 1 1 1 10 10 12 1 10 7 12 1 1 1 7 1 10 12 1 10 12 1 9 12 1 1 9 7 12 1 1 9 12 1 1 10 12 1 1 10 12 1 1 10 10 12 1 9 12 1 9 12 1 1 7 1 7 1 10 12 1 10 12 1 9 12 1 7 1 10 10 12 1 10 12 9 12 1 1 10 10 10 12 1 9 12 1 10 10 10 12 1 9 12 1 10 10 10 12 1 9 12 1 10 10 10 12 1 1 10 7 1 10 10 12 1 9 12 1 9 7 12 1 1 1 7 1 10 12 1 9 12 1 1 10 7 12 1 1 9 12 1 9 12 1 10 12 1 10 7 1 10 9 12 1 1 10 12 1 1 10 7 12 1 1 10 12 1 10 9 12 1 10 12 1 10 12 1 10 10 12 1 10 100 1 10 12 1 10 9 12 1 10 12 1 10 12 1 10 9 12 1 10 12 1 10 12 1 10 10 7 12 1 1 10 10 12 1 10 10 12 1 11 12 1 1 7 1 10 7 12 1 1 10 12 1 10 12 1 10 12 1 10 12 1 11 12 1 1 9 12 1 11 12 1 1 10 12 1 10 9 7 12 1 1 1 10 7 1 10 12 1 10 10 12 1 10 12 1 1 9 12 1 10 12 10 12 1 10 7 1 10 12 1 10 12 1 1 10 12 1 10 12 1 1 10 12 1 1 11 12 1 10 7 12 1 1 1 9 12 1 10 12 1 9 12 1 1 10 12 1 1 100 1 10 10 100 12 1 1 1 10 12 1 9 12 1 10 10 9 7 12 1 1 1 10 12 1 1 10 12 1 1 9 12 1 10 12 1 1 10 12 1 10 12 1 10 12 1 1 10 10 12 1 9 12 1 10 12 1 10 12 1 1 10 12 1 1 9 12 1 10 10 10 12 1 1 11 100 12 1 1 1 10 12 1 1 10 12 1 10 100 1 8 1 10 10 12 1 8 1 10 12 1 1 8 1 8 1 8 1 8 1 10 12 1 8 1 8 1 10 12 1 8 1 8 1 8 1 8 1 8 1 10 12 1 8 1 8 1 8 1 8 1 8 1 10 12 1 1 10 12 1 8 1 8 1 10 12 1 8 1 10 12 1 9 12 1 10 100 1 10 12 1 10 12 1 10 10 100 12 1 1 1 10 12 1 11 12 1 1 11 100 12 1 1 11 12 1 10 12 1 1 10 12 1 1 10 10 12 1 1 100 1 100 1 100 1 10 10 10 10 10 12 1 1 10 12 1 1 10 12 1 10 12 1 7 1 10 10 12 1 1 7 1 9 12 1 9 12 1 9 12 1 9 7 12 1 1 1 9 12 1 1 1 1 1 1 1 3 1 1 1 6 0 1 1 3 1 1 1 3 1 1 1 1 1 1 1 1 100 1 1 1 100 1 100 1 1 1 1 1 1 1 1 1 1 1 1 1 1 1 1 1 1 1 1 1 1 1 1 1 1 1 1 1 1 1 1 1 1 1 1 1 1 1 1 100 1 100 1 100 1 1 1 1 1 1 1 1 1 1 1 100 1 100 1 100 1 100 1 100 1 100 1 100 1 100 1 100 1 100 1 100 1 100 1 100 1 100 1 100 1 100 1 100 1 100 1 100 1 100 1 100 1 100 1 100 1 1 15 10 7 12 1 1 1 16 15 10 12 15 10 12 1 100 1 1 1 1 1 1 100 1 1 100 1 100 1 1
staticfield javafx/scene/text/Text EMPTY_PATH_ELEMENT_ARRAY [Ljavafx/scene/shape/PathElement; 0 [Ljavafx/scene/shape/PathElement;
staticfield javafx/scene/text/Text DEFAULT_TEXT_ORIGIN Ljavafx/geometry/VPos; javafx/geometry/VPos
staticfield javafx/scene/text/Text DEFAULT_BOUNDS_TYPE Ljavafx/scene/text/TextBoundsType; javafx/scene/text/TextBoundsType
staticfield javafx/scene/text/Text DEFAULT_TEXT_ALIGNMENT Ljavafx/scene/text/TextAlignment; javafx/scene/text/TextAlignment
staticfield javafx/scene/text/Text DEFAULT_SELECTION_FILL Ljavafx/scene/paint/Color; javafx/scene/paint/Color
ciInstanceKlass javafx/geometry/Insets 1 1 84 9 7 12 1 1 1 9 12 1 9 12 1 9 12 1 10 7 12 1 1 1 9 12 1 1 5 0 5 0 10 7 12 1 1 1 18 12 1 1 10 12 1 9 12 1 1 1 1 1 1 1 1 1 1 1 1 1 1 1 1 1 1 1 1 1 1 1 1 1 15 10 100 12 1 1 8 1 1 100 1 100 1 1
staticfield javafx/geometry/Insets EMPTY Ljavafx/geometry/Insets; javafx/geometry/Insets
instanceKlass javafx/scene/layout/GridPane
instanceKlass javafx/scene/layout/FlowPane
instanceKlass javafx/scene/layout/BorderPane
instanceKlass javafx/scene/control/PopupControl$CSSBridge
instanceKlass javafx/scene/text/TextFlow
instanceKlass javafx/scene/layout/VBox
instanceKlass javafx/scene/layout/HBox
instanceKlass javafx/scene/layout/StackPane
ciInstanceKlass javafx/scene/layout/Pane 1 1 87 10 7 12 1 1 1 11 7 12 1 1 1 11 12 1 1 10 12 1 1 10 7 12 1 1 1 10 12 1 1 11 12 1 10 7 12 1 1 10 7 12 1 1 1 10 100 12 1 1 1 11 100 12 1 1 1 10 7 1 10 10 12 1 1 1 1 1 1 1 1 1 1 1 1 1 1 1 1 1 1 1 1 1 100 1 1
instanceKlass javafx/scene/control/skin/SplitPaneSkin$ContentDivider$1
instanceKlass javafx/scene/control/skin/SplitPaneSkin$ContentDivider
instanceKlass javafx/scene/control/skin/SplitPaneSkin$Content
instanceKlass javafx/scene/control/skin/ScrollBarSkin$1
instanceKlass javafx/scene/control/skin/ScrollPaneSkin$6
instanceKlass javafx/scene/control/skin/ScrollPaneSkin$5
ciInstanceKlass javafx/scene/layout/StackPane 1 1 283 7 1 8 1 10 12 1 1 10 12 1 1 7 1 8 1 7 1 10 12 1 1 10 12 1 1 10 7 12 1 1 1 9 12 1 1 10 12 1 1 11 100 12 1 1 1 9 12 1 1 7 1 9 12 1 1 10 12 1 10 12 1 1 10 7 12 1 1 1 10 12 1 1 10 12 1 1 9 12 1 1 10 12 1 1 11 7 12 1 1 1 11 7 12 1 1 1 11 12 1 7 1 10 12 1 1 9 100 12 1 1 10 12 1 1 10 12 1 1 9 12 1 1 10 12 1 1 10 12 1 10 12 1 10 12 1 10 12 1 1 10 12 1 1 10 12 1 6 0 10 12 1 10 12 1 1 10 12 1 10 12 1 1 10 12 1 10 12 1 9 7 12 1 1 1 18 12 1 1 10 12 1 1 11 12 1 1 11 12 1 10 12 1 10 12 1 1 10 12 1 1 9 7 12 1 1 1 10 12 1 10 100 12 1 1 1 18 12 1 1 1 1 1 1 1 1 1 1 1 1 1 1 1 1 1 1 1 1 1 100 1 1 1 100 1 1 1 1 1 1 1 1 1 1 100 1 1 15 10 7 12 1 1 1 16 1 15 10 12 16 1 15 10 12 16 1 1 100 1 100 1 1
staticfield javafx/scene/layout/StackPane marginAccessor Ljavafx/util/Callback; javafx/scene/layout/StackPane$$Lambda$142+0x00000222d8102738
instanceKlass javafx/scene/Scene$2$1
ciInstanceKlass javafx/scene/Scene 1 1 2407 7 1 6 0 9 7 12 1 1 1 9 7 12 1 1 1 10 12 1 1 10 7 12 1 1 1 10 12 1 1 10 7 12 1 1 1 10 100 12 1 1 1 8 1 10 12 1 1 10 7 12 1 1 9 12 1 1 9 12 1 9 12 1 1 7 1 10 7 12 1 1 1 9 12 1 1 10 7 12 1 1 1 9 12 1 1 7 1 10 12 1 9 12 1 1 9 12 1 1 7 1 10 9 12 1 1 7 1 10 9 12 1 1 9 12 1 1 7 1 10 9 12 1 1 9 12 1 9 12 1 9 12 1 7 1 10 9 12 1 1 9 12 1 1 9 12 1 1 9 12 1 1 9 12 1 7 1 10 9 12 1 1 9 12 1 1 9 12 1 7 1 10 9 12 1 1 7 1 8 1 10 12 1 9 12 1 9 12 1 1 7 1 10 9 12 1 1 9 12 1 9 12 1 100 1 8 1 10 12 9 7 12 1 1 1 10 7 12 1 1 1 8 1 10 12 1 10 12 1 1 10 12 1 10 12 1 1 9 12 1 9 12 1 9 12 1 10 7 12 1 1 9 12 1 100 1 8 1 10 12 1 9 12 1 1 9 12 1 9 12 1 1 10 12 1 7 1 10 100 12 1 1 1 10 12 1 1 9 7 12 1 1 1 9 7 12 1 1 9 7 12 1 1 1 10 12 1 1 10 12 1 10 12 1 10 12 1 8 1 9 12 1 100 1 10 11 100 12 1 1 1 11 12 1 9 12 1 10 12 1 1 10 7 12 1 1 9 12 1 10 12 1 1 7 1 10 12 1 1 7 1 10 9 12 1 10 10 12 1 1 10 7 12 1 1 1 9 12 1 10 100 12 1 1 8 1 10 7 12 1 1 10 12 1 1 10 12 1 10 12 1 11 7 12 1 1 1 8 1 7 1 10 11 7 12 1 1 1 7 1 10 11 12 1 1 8 1 10 12 1 11 12 1 10 12 1 1 10 12 1 1 11 12 1 10 12 1 1 10 7 12 1 1 1 10 7 1 7 1 11 12 1 1 11 12 1 8 1 10 12 1 1 7 1 10 10 12 1 1 7 1 10 10 12 1 1 8 1 8 1 10 12 1 9 12 1 1 10 12 1 10 12 1 10 100 12 1 1 11 8 1 10 12 1 1 10 7 12 1 1 9 12 1 1 10 12 1 10 12 1 8 10 12 1 10 12 1 9 12 1 8 10 12 1 9 12 1 7 1 10 10 12 1 9 12 1 7 1 10 10 12 1 10 12 1 1 10 7 1 9 12 1 10 100 1 10 10 12 1 100 1 9 12 1 1 7 1 10 10 12 1 10 12 1 10 12 1 10 12 1 10 12 1 9 12 1 1 10 12 1 10 12 1 9 12 1 10 12 1 9 12 1 7 1 7 1 10 12 1 10 12 1 9 12 1 7 1 10 11 12 1 10 12 1 10 12 1 10 12 1 10 12 1 11 12 1 11 12 1 10 12 1 11 12 1 100 1 10 10 100 12 1 1 1 10 12 1 10 12 1 1 100 1 10 12 1 10 10 9 12 9 12 9 12 9 12 9 12 1 1 9 10 9 12 1 9 12 1 1 10 12 1 10 12 1 9 12 1 9 12 1 11 12 1 11 12 1 1 100 1 11 12 1 100 1 10 10 12 1 1 11 100 12 1 1 1 9 12 1 10 12 1 1 11 12 1 1 10 12 1 9 100 12 1 1 10 12 1 1 9 12 1 1 9 12 1 9 12 1 9 12 1 18 12 1 1 10 12 1 18 12 1 1 10 12 1 8 1 18 12 1 10 12 1 1 10 12 1 9 12 1 100 1 100 1 10 10 12 1 1 100 1 8 10 12 1 100 1 10 12 1 10 12 1 10 12 1 10 12 1 18 12 1 1 7 1 10 9 12 1 1 7 1 10 9 12 1 1 18 10 12 1 10 12 1 10 12 1 10 12 1 10 12 1 1 10 7 1 10 12 1 10 12 1 10 12 1 10 12 1 10 10 12 1 8 1 10 12 1 1 10 12 1 1 10 12 1 9 100 12 1 1 1 10 12 1 10 12 1 10 12 1 10 12 1 1 10 12 1 10 12 1 10 12 1 10 12 1 1 10 12 1 1 10 12 1 10 12 1 1 10 12 1 6 0 10 12 1 6 0 10 12 1 1 10 7 12 1 1 100 1 9 12 1 1 10 12 1 10 7 12 1 1 1 10 7 12 1 1 1 9 7 12 1 1 9 7 12 1 1 9 7 12 1 1 9 12 1 1 9 12 1 10 12 1 10 100 1 100 1 10 12 1 1 10 9 12 1 9 12 1 9 12 1 7 1 10 12 1 10 12 1 10 12 9 12 1 1 10 12 1 10 12 1 9 12 1 10 100 12 1 1 1 10 100 12 1 1 1 9 100 12 1 1 1 10 12 1 1 10 100 12 1 1 9 100 12 1 1 9 12 1 9 12 1 9 12 1 10 100 12 1 1 1 10 12 1 10 12 1 10 12 1 10 12 1 10 12 1 10 12 1 10 12 1 10 100 12 1 1 1 11 100 12 1 1 1 9 12 1 1 11 12 1 7 1 100 1 6 0 6 0 10 12 1 10 12 1 1 10 12 1 10 12 1 7 1 10 12 1 1 9 100 12 1 1 1 10 12 1 1 10 12 1 1 10 7 12 1 1 10 12 1 10 12 1 1 10 12 1 7 1 9 12 9 12 9 12 1 10 12 1 10 12 1 10 12 1 1 10 12 1 1 7 1 10 10 12 1 1 10 100 12 1 1 1 10 7 12 1 1 1 10 12 1 9 100 12 1 1 1 10 10 100 12 1 1 1 10 12 1 1 10 12 1 10 12 1 10 12 1 10 12 1 11 12 1 10 12 1 9 12 1 1 9 100 12 1 10 12 1 10 10 12 1 10 10 12 1 11 9 12 1 10 12 1 1 11 12 1 1 11 12 1 1 10 12 1 10 12 1 7 1 10 12 1 9 12 1 10 12 1 1 10 7 12 1 1 1 10 100 12 1 1 1 10 12 1 10 12 1 10 12 1 10 12 1 9 12 1 1 10 12 1 7 1 8 10 12 1 10 10 12 1 1 10 7 12 1 1 1 10 12 1 10 12 1 10 12 1 1 10 12 1 11 7 12 1 1 1 10 12 1 1 10 12 1 9 12 1 100 1 100 1 10 10 12 1 9 12 1 100 1 10 10 12 1 9 12 1 100 1 10 10 12 1 9 12 1 100 1 10 10 12 1 9 12 1 100 1 10 10 12 1 9 12 1 100 1 10 10 12 1 9 12 1 100 1 10 10 12 1 9 12 1 100 1 10 10 12 1 9 12 1 100 1 10 10 12 1 9 12 1 100 1 10 10 12 1 9 12 1 100 1 10 10 12 1 9 12 1 100 1 10 10 12 1 9 12 1 100 1 10 10 12 1 9 12 1 100 1 10 10 12 1 9 12 1 100 1 10 10 12 1 9 12 1 100 1 10 10 12 1 9 12 1 100 1 10 10 12 1 9 12 1 100 1 10 10 12 1 9 12 1 100 1 10 10 12 1 9 12 1 100 1 10 10 12 1 9 12 1 100 1 10 10 12 1 9 12 1 100 1 10 10 12 1 9 12 1 100 1 10 10 12 1 9 12 1 100 1 10 10 12 1 9 12 1 100 1 10 10 12 1 9 12 1 100 1 10 10 12 1 9 12 1 100 1 10 10 12 1 9 12 1 100 1 10 10 12 1 9 12 1 100 1 10 10 12 1 9 12 1 100 1 10 10 12 1 9 12 1 100 1 10 10 12 1 9 12 1 100 1 10 10 12 1 9 12 1 100 1 10 10 12 1 9 12 1 100 1 10 10 12 1 9 12 1 100 1 10 10 12 1 1 10 12 1 1 9 12 1 1 9 100 12 1 1 100 1 8 1 10 100 1 10 100 12 1 1 1 11 12 1 1 11 100 12 1 1 11 12 1 11 100 1 10 12 1 1 8 1 10 12 1 8 1 10 12 1 9 12 1 100 1 10 10 12 1 9 12 1 100 1 10 10 12 1 9 12 1 100 1 10 10 12 1 9 12 1 100 1 10 9 12 1 1 10 100 12 1 1 1 11 100 1 10 12 1 9 12 1 11 11 12 10 12 1 9 12 1 9 12 1 1 7 1 100 1 10 12 1 9 12 1 10 12 1 1 9 12 1 1 100 1 10 10 12 1 9 12 1 10 12 1 10 12 1 10 12 1 10 12 1 7 1 10 12 1 10 12 1 1 10 12 1 9 12 1 9 12 1 11 12 1 1 11 100 1 11 12 1 11 12 1 9 9 12 1 1 8 1 10 100 12 1 1 10 8 1 11 10 100 12 1 1 1 10 12 1 1 100 1 10 10 12 1 10 12 1 1 10 100 12 1 8 1 10 7 12 1 1 1 10 12 1 100 1 10 12 1 11 100 12 1 1 100 1 7 1 8 1 10 12 1 1 18 12 1 10 12 1 1 11 100 12 1 8 1 11 10 12 1 7 1 10 10 12 1 1 7 1 10 10 7 12 1 1 9 12 1 18 12 1 10 12 1 10 12 1 9 12 1 1 1 1 1 1 1 3 1 3 1 1 1 1 1 1 1 1 1 1 1 1 1 1 1 1 1 1 1 1 1 1 1 1 1 1 1 1 1 1 1 1 1 1 1 1 1 1 1 1 1 1 1 1 1 1 1 1 1 1 1 1 1 1 1 1 1 1 1 1 1 1 1 1 1 1 1 1 3 1 1 1 1 1 1 1 1 1 1 1 1 1 1 1 1 1 1 1 1 1 1 1 1 1 1 1 1 1 1 1 1 1 1 1 1 1 1 1 1 100 100 1 1 1 1 1 1 1 1 1 1 1 1 1 1 1 1 1 100 1 1 1 1 1 1 1 1 1 1 1 1 1 1 1 1 1 1 1 1 1 1 1 1 1 1 1 1 1 1 1 1 1 1 1 1 1 1 1 1 1 1 1 1 1 1 1 1 1 1 1 1 1 1 1 1 1 1 1 1 1 1 1 1 1 1 1 1 1 1 1 1 1 1 1 1 1 1 1 1 1 1 1 1 1 1 1 1 1 1 1 1 1 1 1 1 1 1 1 1 1 1 1 1 1 1 1 1 1 1 1 1 1 1 1 1 1 1 1 1 1 1 1 1 1 1 1 1 1 1 1 1 1 1 1 1 1 1 1 1 1 1 1 1 1 1 1 1 1 1 1 100 1 100 1 100 1 100 1 100 1 1 15 10 7 12 1 1 1 16 15 10 12 15 10 12 15 10 12 15 10 100 12 1 1 8 1 8 1 16 15 10 12 16 1 15 10 12 16 1 1 1 1 1 1 1 1 1 1 1 1 1 1 1 1 1 1 1 1 100 1 1 100 1 1 100 1 1 1 1 100 1 100 1 1
staticfield javafx/scene/Scene trackerMonitor Ljava/lang/Object; java/lang/Object
staticfield javafx/scene/Scene USER_DATA_KEY Ljava/lang/Object; java/lang/Object
staticfield javafx/scene/Scene defaultNodeOrientation Ljavafx/geometry/NodeOrientation; javafx/geometry/NodeOrientation
staticfield javafx/scene/Scene $assertionsDisabled Z 1
ciInstanceKlass javafx/scene/text/Font 1 1 257 9 7 12 1 1 1 4 10 7 12 1 1 1 10 12 1 1 10 7 12 1 1 1 9 12 1 1 8 1 10 12 1 10 12 1 1 10 12 1 1 10 12 1 10 12 1 8 1 10 7 12 1 1 1 8 1 10 12 1 1 10 12 1 6 0 9 12 1 1 9 12 1 9 12 1 9 12 1 1 10 7 12 1 1 9 12 1 1 10 12 1 1 9 12 1 1 10 12 1 1 100 1 10 12 1 100 1 10 12 1 1 8 1 10 12 1 100 1 10 10 12 1 10 100 12 1 1 1 100 1 8 1 10 12 1 10 100 12 1 1 1 10 12 10 12 1 1 10 100 12 1 1 1 10 12 1 10 100 12 1 1 100 1 8 1 10 10 12 1 1 8 1 8 1 8 1 10 12 1 8 1 10 12 1 5 0 5 0 10 12 1 1 10 100 12 1 1 1 10 12 1 7 1 10 10 7 12 1 1 1 1 1 1 1 1 1 1 1 1 1 1 1 1 1 1 1 1 1 1 1 1 1 1 1 1 100 1 1 1 100 1 1 1 1 1 1 1 1 1 1 1 1 1 100 1 1
ciInstanceKlass javafx/css/StyleableProperty 1 0 19 100 1 100 1 100 1 1 1 1 1 1 1 1 1 1 1 1 1
ciInstanceKlass javafx/scene/SubScene 0 0 589 9 100 12 1 1 1 10 100 12 1 1 1 10 100 12 1 1 10 100 12 1 1 1 9 12 1 1 9 12 1 1 9 12 1 100 1 10 12 9 12 1 1 9 12 1 1 100 1 10 9 12 1 1 9 12 1 9 12 1 10 12 1 1 10 12 1 1 10 12 1 9 12 1 10 100 12 1 1 1 10 100 12 1 1 1 8 1 10 12 1 1 10 100 12 1 1 1 10 12 1 1 8 1 10 12 1 1 10 100 12 1 1 1 9 12 1 10 12 1 1 100 1 100 1 10 10 12 1 9 12 1 100 1 100 1 10 10 12 1 1 100 1 9 12 1 1 100 1 10 10 12 1 10 12 1 1 10 12 1 10 12 1 10 12 1 9 100 12 1 1 1 10 12 1 1 10 12 1 1 10 100 12 1 9 12 1 1 10 12 100 1 10 10 12 1 9 12 1 100 1 10 10 12 1 9 12 1 100 1 100 1 10 12 1 10 12 1 10 12 1 1 100 1 10 12 1 10 12 1 1 10 12 1 10 12 1 9 12 1 10 12 1 1 10 12 1 1 11 100 12 1 1 1 10 12 1 9 12 1 10 12 1 10 12 9 12 1 10 100 1 10 12 1 1 9 12 1 10 12 1 1 10 10 12 1 10 12 1 10 12 1 10 12 1 10 12 1 9 12 1 1 9 100 12 1 1 9 10 12 1 1 10 12 1 9 100 12 1 1 1 10 12 1 10 12 1 1 9 12 1 10 100 1 8 10 12 1 100 1 10 12 1 10 12 1 10 10 12 1 10 100 12 1 1 1 10 100 12 1 1 1 10 100 12 1 1 1 10 10 12 1 1 10 12 1 10 10 12 1 10 100 12 1 1 1 10 12 1 1 9 12 1 10 100 12 1 1 10 12 1 10 12 1 1 10 12 1 1 100 1 10 100 1 10 10 12 1 1 10 12 1 1 10 100 12 1 1 10 12 1 1 10 12 1 1 10 12 1 1 10 100 12 1 1 1 10 12 1 10 12 1 1 10 100 12 1 1 10 12 1 10 12 1 1 10 12 1 1 10 12 1 10 12 1 1 11 100 12 1 1 1 9 12 1 11 12 1 11 12 1 10 12 1 1 11 12 1 10 12 1 1 11 12 1 100 1 11 12 1 100 1 10 100 1 10 10 12 1 1 9 100 12 1 1 1 10 100 12 1 1 1 1 1 1 1 1 1 1 1 1 1 1 1 1 1 1 1 1 1 1 1 1 1 1 1 100 1 1 1 1 1 1 1 1 1 1 1 1 1 1 1 100 1 1 1 1 100 1 1 1 1 1 1 1 1 100 1 1
ciInstanceKlass javafx/scene/Node$2 1 1 134 9 7 12 1 1 1 10 7 12 1 1 1 9 12 1 1 10 7 12 1 1 1 9 7 12 1 1 1 10 7 12 1 1 1 10 12 1 1 9 12 1 10 7 1 9 12 1 1 9 100 12 1 1 1 10 12 1 1 10 12 1 1 10 100 1 10 12 1 10 12 1 10 12 1 1 10 12 1 10 10 10 12 1 9 100 12 1 1 1 9 12 1 10 12 1 1 10 12 1 10 12 1 9 7 12 1 1 1 10 12 1 1 8 1 1 1 1 1 1 1 1 1 1 1 1 1 1 12 1 1 1 1 1
ciInstanceKlass javafx/scene/layout/Region$3 1 1 87 9 7 12 1 1 1 10 7 12 1 1 1 9 7 12 1 1 1 9 12 1 8 1 9 100 12 1 1 1 10 12 1 1 10 12 1 1 10 12 1 1 10 12 1 100 1 8 1 10 12 1 10 12 1 1 9 7 12 1 1 1 10 7 12 1 1 1 1 1 1 1 1 1 1 1 1 1 1 1 1 1 1 1 1 1 1
ciInstanceKlass javafx/scene/layout/Region$5 1 1 148 9 7 12 1 1 1 10 7 12 1 1 1 9 12 1 1 8 1 9 100 12 1 1 1 10 12 1 1 7 1 10 12 1 1 10 12 1 1 10 7 1 10 7 12 1 1 1 10 12 1 9 7 12 1 1 1 10 7 12 1 1 1 10 12 1 1 11 7 12 1 1 1 11 7 12 1 1 1 11 12 1 100 1 9 12 1 1 10 100 12 1 1 1 11 100 12 1 1 1 10 100 12 1 1 1 10 12 1 1 10 12 1 9 7 12 1 1 1 10 12 1 1 9 12 1 1 1 1 1 1 1 1 1 1 1 1 1 1 1 1 1 1 1 1 1 1 1
ciInstanceKlass sun/util/logging/internal/LoggingProviderImpl$JULWrapper 1 1 299 10 7 12 1 1 1 9 7 12 1 1 1 10 7 12 1 1 1 10 12 1 1 10 12 1 1 10 12 1 10 12 1 10 12 1 10 12 1 10 12 1 1 10 12 1 10 12 1 1 10 12 1 10 12 1 10 12 1 10 12 1 10 12 1 10 12 1 10 12 1 1 10 12 1 10 100 12 1 1 1 18 12 1 1 9 12 1 1 10 7 12 1 1 1 9 12 1 1 100 1 10 10 12 1 1 9 7 12 1 1 1 10 10 7 12 1 1 1 100 1 10 12 1 10 12 1 10 12 1 1 10 9 12 1 10 100 12 1 1 1 10 12 1 10 12 1 10 12 1 7 1 10 7 12 1 1 1 9 12 1 9 12 1 9 12 1 9 12 1 9 12 1 9 12 1 9 12 1 9 12 1 100 1 100 1 100 1 1 1 1 1 1 1 1 1 1 1 1 1 1 1 1 1 1 1 1 1 1 1 1 1 1 1 1 1 1 1 1 1 1 1 1 1 1 1 1 1 1 1 1 1 1 1 1 1 1 1 1 1 1 1 1 1 1 1 1 1 1 1 1 1 1 1 1 1 1 1 1 1 1 1 1 1 1 1 1 1 1 1 15 10 100 12 1 1 1 16 1 15 10 12 16 1 100 1 1 1 1 1 100 1 1 1 100 1 100 1 1
staticfield sun/util/logging/internal/LoggingProviderImpl$JULWrapper spi2JulLevelMapping [Ljava/util/logging/Level; 7 [Ljava/util/logging/Level;
staticfield sun/util/logging/internal/LoggingProviderImpl$JULWrapper platform2JulLevelMapping [Ljava/util/logging/Level; 9 [Ljava/util/logging/Level;
staticfield sun/util/logging/internal/LoggingProviderImpl$JULWrapper $assertionsDisabled Z 1
ciInstanceKlass java/lang/System$Logger$Level 1 1 95 7 1 9 12 1 1 9 12 1 9 12 1 9 12 1 9 12 1 9 12 1 9 12 1 9 12 1 1 10 100 12 1 1 10 7 12 1 1 1 10 12 1 1 9 12 1 1 10 12 1 1 8 100 1 3 10 12 1 8 8 8 8 8 8 3 10 12 1 1 1 1 1 1 1 1 1 1 1 1 1 1 1 1 1 1 1 1 100 1 1 100 1 1 1
staticfield java/lang/System$Logger$Level ALL Ljava/lang/System$Logger$Level; java/lang/System$Logger$Level
staticfield java/lang/System$Logger$Level TRACE Ljava/lang/System$Logger$Level; java/lang/System$Logger$Level
staticfield java/lang/System$Logger$Level DEBUG Ljava/lang/System$Logger$Level; java/lang/System$Logger$Level
staticfield java/lang/System$Logger$Level INFO Ljava/lang/System$Logger$Level; java/lang/System$Logger$Level
staticfield java/lang/System$Logger$Level WARNING Ljava/lang/System$Logger$Level; java/lang/System$Logger$Level
staticfield java/lang/System$Logger$Level ERROR Ljava/lang/System$Logger$Level; java/lang/System$Logger$Level
staticfield java/lang/System$Logger$Level OFF Ljava/lang/System$Logger$Level; java/lang/System$Logger$Level
staticfield java/lang/System$Logger$Level $VALUES [Ljava/lang/System$Logger$Level; 7 [Ljava/lang/System$Logger$Level;
instanceKlass com/sun/javafx/css/StyleClassSet
instanceKlass com/sun/javafx/css/PseudoClassState
ciInstanceKlass com/sun/javafx/css/BitSet 1 1 153 10 7 12 1 1 1 9 7 12 1 1 1 9 12 1 10 7 12 1 1 1 7 1 10 12 1 10 12 1 1 10 7 12 1 1 1 9 12 1 1 10 7 12 1 1 1 100 1 10 12 1 1 10 12 1 1 5 0 10 12 1 1 10 12 1 1 10 12 1 10 12 1 1 10 12 1 10 12 1 10 12 10 12 1 10 12 1 1 100 1 1 1 1 1 1 1 1 1 1 1 1 1 1 1 1 1 1 1 1 1 1 100 1 100 1 1 1 1 1 1 1 1 1 1 1 1 1 1 1 1 1 1 1 1 1 100 1 100 1 1 100 1 8 1 1 12 10 1 1 1 8 1
staticfield com/sun/javafx/css/BitSet EMPTY_SET [J 0
ciInstanceKlass com/sun/javafx/css/PseudoClassState 1 1 212 10 7 12 1 1 1 11 7 12 1 1 1 11 12 1 1 7 1 10 7 12 1 1 1 10 12 1 1 10 7 1 10 12 1 1 100 1 10 12 1 1 100 1 10 12 1 7 1 10 10 12 1 1 11 100 12 1 1 1 11 12 1 1 10 12 1 1 11 10 100 12 1 1 100 1 8 1 10 12 1 7 1 10 12 1 9 12 1 1 11 7 12 1 1 7 1 9 12 1 1 10 12 1 1 10 12 1 10 12 1 11 12 1 1 10 12 1 10 12 1 100 1 8 1 10 9 12 1 1 100 1 10 10 12 1 1 10 12 1 10 12 1 10 12 10 12 1 1 10 12 1 10 12 1 10 12 1 10 12 1 10 12 1 10 12 1 1 10 12 1 10 12 1 10 12 1 10 12 1 10 12 1 10 10 10 10 10 7 12 1 1 7 1 10 12 1 1 1 1 1 1 1 1 1 1 1 1 1 1 1 1
staticfield com/sun/javafx/css/PseudoClassState pseudoClassMap Ljava/util/Map; java/util/HashMap
staticfield com/sun/javafx/css/PseudoClassState pseudoClasses Ljava/util/List; java/util/ArrayList
staticfield com/sun/javafx/css/PseudoClassState $assertionsDisabled Z 1
ciInstanceKlass javafx/scene/Node$ReadOnlyObjectWrapperManualFire 1 1 35 9 7 12 1 1 1 10 7 12 1 1 1 8 1 10 12 1 1 1 1 1 1 1 1 1 1 1 1 1 1 7 1 1 1
ciInstanceKlass javafx/scene/layout/Border 1 1 291 9 7 12 1 1 1 9 12 1 9 12 1 9 12 1 1 9 12 1 11 7 12 1 1 1 10 12 1 1 11 12 1 1 7 1 11 12 1 1 100 1 100 1 100 1 10 7 12 1 1 10 7 12 1 1 1 9 12 1 10 7 12 1 1 1 10 12 1 10 12 1 10 12 1 9 12 1 7 1 10 12 1 9 9 10 12 1 11 12 1 9 12 1 1 10 12 1 1 11 12 1 1 7 1 8 1 10 7 12 1 1 1 10 12 1 9 12 1 1 8 1 10 7 12 1 1 9 12 1 8 1 10 7 12 1 1 9 12 1 8 1 10 7 12 1 1 9 12 1 8 1 10 7 12 1 1 9 12 1 8 1 10 7 12 1 1 9 12 1 8 1 10 7 12 1 1 7 1 9 7 12 1 1 1 10 12 1 10 12 1 9 12 1 8 1 10 7 12 1 1 7 1 9 12 1 1 9 12 1 8 1 10 7 12 1 1 7 1 9 12 1 9 12 1 8 1 9 12 1 9 12 1 7 1 10 7 12 1 1 1 10 12 1 1 9 12 1 1 1 1 1 1 1 1 1 1 1 1 1 1 1 1 1 1 1 1 1 1 1 1 1 1 1 1 1 1 1 1 1 1 1 1 1 100 1 1 100 1 100 1
staticfield javafx/scene/layout/Border BORDER_COLOR Ljavafx/css/CssMetaData; com/sun/javafx/css/SubCssMetaData
staticfield javafx/scene/layout/Border BORDER_STYLE Ljavafx/css/CssMetaData; com/sun/javafx/css/SubCssMetaData
staticfield javafx/scene/layout/Border BORDER_WIDTH Ljavafx/css/CssMetaData; com/sun/javafx/css/SubCssMetaData
staticfield javafx/scene/layout/Border BORDER_RADIUS Ljavafx/css/CssMetaData; com/sun/javafx/css/SubCssMetaData
staticfield javafx/scene/layout/Border BORDER_INSETS Ljavafx/css/CssMetaData; com/sun/javafx/css/SubCssMetaData
staticfield javafx/scene/layout/Border BORDER_IMAGE_SOURCE Ljavafx/css/CssMetaData; com/sun/javafx/css/SubCssMetaData
staticfield javafx/scene/layout/Border BORDER_IMAGE_REPEAT Ljavafx/css/CssMetaData; com/sun/javafx/css/SubCssMetaData
staticfield javafx/scene/layout/Border BORDER_IMAGE_SLICE Ljavafx/css/CssMetaData; com/sun/javafx/css/SubCssMetaData
staticfield javafx/scene/layout/Border BORDER_IMAGE_WIDTH Ljavafx/css/CssMetaData; com/sun/javafx/css/SubCssMetaData
staticfield javafx/scene/layout/Border BORDER_IMAGE_INSETS Ljavafx/css/CssMetaData; com/sun/javafx/css/SubCssMetaData
staticfield javafx/scene/layout/Border STYLEABLES Ljava/util/List; java/util/Collections$UnmodifiableRandomAccessList
staticfield javafx/scene/layout/Border EMPTY Ljavafx/scene/layout/Border; javafx/scene/layout/Border
instanceKlass javafx/scene/control/skin/TreeCellSkin$StyleableProperties$1
instanceKlass javafx/scene/text/TextFlow$StyleableProperties$3
instanceKlass javafx/scene/text/TextFlow$StyleableProperties$2
instanceKlass javafx/scene/text/TextFlow$StyleableProperties$1
instanceKlass javafx/scene/control/TreeView$StyleableProperties$1
instanceKlass org/fxmisc/flowless/VirtualFlow$2
instanceKlass org/fxmisc/richtext/CustomCssMetaData
instanceKlass javafx/scene/control/skin/CellSkinBase$StyleableProperties$1
instanceKlass javafx/scene/layout/FlowPane$StyleableProperties$6
instanceKlass javafx/scene/layout/FlowPane$StyleableProperties$5
instanceKlass javafx/scene/layout/FlowPane$StyleableProperties$4
instanceKlass javafx/scene/layout/FlowPane$StyleableProperties$3
instanceKlass javafx/scene/layout/FlowPane$StyleableProperties$2
instanceKlass javafx/scene/layout/FlowPane$StyleableProperties$1
instanceKlass javafx/scene/layout/GridPane$StyleableProperties$4
instanceKlass javafx/scene/layout/GridPane$StyleableProperties$3
instanceKlass javafx/scene/layout/GridPane$StyleableProperties$2
instanceKlass javafx/scene/layout/GridPane$StyleableProperties$1
instanceKlass javafx/scene/control/ScrollBar$StyleableProperties$3
instanceKlass javafx/scene/control/ScrollBar$StyleableProperties$2
instanceKlass javafx/scene/control/ScrollBar$StyleableProperties$1
instanceKlass javafx/scene/control/SplitPane$StyleableProperties$1
instanceKlass javafx/scene/control/ListView$StyleableProperties$2
instanceKlass javafx/scene/control/ListView$StyleableProperties$1
instanceKlass javafx/scene/image/ImageView$StyleableProperties$1
instanceKlass javafx/scene/control/TextArea$StyleableProperties$3
instanceKlass javafx/scene/control/TextArea$StyleableProperties$2
instanceKlass javafx/scene/control/TextArea$StyleableProperties$1
instanceKlass javafx/scene/control/Separator$StyleableProperties$3
instanceKlass javafx/scene/control/Separator$StyleableProperties$2
instanceKlass javafx/scene/control/Separator$StyleableProperties$1
instanceKlass javafx/scene/control/ScrollPane$StyleableProperties$5
instanceKlass javafx/scene/control/ScrollPane$StyleableProperties$4
instanceKlass javafx/scene/control/ScrollPane$StyleableProperties$3
instanceKlass javafx/scene/control/ScrollPane$StyleableProperties$2
instanceKlass javafx/scene/control/ScrollPane$StyleableProperties$1
instanceKlass javafx/scene/control/skin/TextInputControlSkin$StyleableProperties$5
instanceKlass javafx/scene/control/skin/TextInputControlSkin$StyleableProperties$4
instanceKlass javafx/scene/control/skin/TextInputControlSkin$StyleableProperties$3
instanceKlass javafx/scene/control/skin/TextInputControlSkin$StyleableProperties$2
instanceKlass javafx/scene/control/skin/TextInputControlSkin$StyleableProperties$1
instanceKlass javafx/scene/shape/Rectangle$StyleableProperties$2
instanceKlass javafx/scene/shape/Rectangle$StyleableProperties$1
instanceKlass javafx/scene/control/PopupControl$9
instanceKlass com/sun/javafx/scene/control/LabeledText$5
instanceKlass com/sun/javafx/scene/control/LabeledText$4
instanceKlass com/sun/javafx/scene/control/LabeledText$3
instanceKlass com/sun/javafx/scene/control/LabeledText$2
instanceKlass javafx/scene/layout/VBox$StyleableProperties$3
instanceKlass javafx/scene/layout/VBox$StyleableProperties$2
instanceKlass javafx/scene/layout/VBox$StyleableProperties$1
instanceKlass javafx/scene/layout/HBox$StyleableProperties$3
instanceKlass javafx/scene/layout/HBox$StyleableProperties$2
instanceKlass javafx/scene/layout/HBox$StyleableProperties$1
instanceKlass javafx/scene/layout/StackPane$StyleableProperties$1
instanceKlass javafx/scene/control/TextField$StyleableProperties$2
instanceKlass javafx/scene/control/TextField$StyleableProperties$1
instanceKlass javafx/scene/control/Control$StyleableProperties$1
instanceKlass javafx/scene/control/Labeled$StyleableProperties$13
instanceKlass javafx/scene/control/Labeled$StyleableProperties$12
instanceKlass javafx/scene/control/Labeled$StyleableProperties$11
instanceKlass javafx/scene/control/Labeled$StyleableProperties$10
instanceKlass javafx/scene/control/Labeled$StyleableProperties$9
instanceKlass javafx/scene/control/Labeled$StyleableProperties$8
instanceKlass javafx/scene/control/Labeled$StyleableProperties$7
instanceKlass javafx/scene/control/Labeled$StyleableProperties$6
instanceKlass javafx/scene/control/Labeled$StyleableProperties$5
instanceKlass javafx/scene/control/Labeled$StyleableProperties$4
instanceKlass javafx/scene/control/Labeled$StyleableProperties$3
instanceKlass javafx/scene/control/Labeled$StyleableProperties$2
instanceKlass javafx/scene/text/Text$StyleableProperties$9
instanceKlass javafx/scene/text/Text$StyleableProperties$8
instanceKlass javafx/scene/text/Text$StyleableProperties$7
instanceKlass javafx/scene/text/Text$StyleableProperties$6
instanceKlass javafx/scene/text/Text$StyleableProperties$5
instanceKlass javafx/scene/text/Text$StyleableProperties$4
instanceKlass javafx/scene/text/Text$StyleableProperties$3
instanceKlass javafx/scene/text/Text$StyleableProperties$2
instanceKlass javafx/scene/shape/Shape$StyleableProperties$10
instanceKlass javafx/scene/shape/Shape$StyleableProperties$9
instanceKlass javafx/scene/shape/Shape$StyleableProperties$8
instanceKlass javafx/scene/shape/Shape$StyleableProperties$7
instanceKlass javafx/scene/shape/Shape$StyleableProperties$6
instanceKlass javafx/scene/shape/Shape$StyleableProperties$5
instanceKlass javafx/scene/shape/Shape$StyleableProperties$4
instanceKlass javafx/scene/shape/Shape$StyleableProperties$3
instanceKlass javafx/scene/shape/Shape$StyleableProperties$2
instanceKlass javafx/scene/shape/Shape$StyleableProperties$1
instanceKlass javafx/scene/Node$StyleableProperties$15
instanceKlass javafx/scene/Node$StyleableProperties$13
instanceKlass javafx/scene/Node$StyleableProperties$12
instanceKlass javafx/scene/Node$StyleableProperties$11
instanceKlass javafx/scene/Node$StyleableProperties$10
instanceKlass javafx/scene/Node$StyleableProperties$9
instanceKlass javafx/scene/Node$StyleableProperties$8
instanceKlass javafx/scene/Node$StyleableProperties$7
instanceKlass javafx/scene/Node$StyleableProperties$6
instanceKlass javafx/scene/Node$StyleableProperties$5
instanceKlass javafx/scene/Node$StyleableProperties$4
instanceKlass javafx/scene/Node$StyleableProperties$3
instanceKlass javafx/scene/Node$StyleableProperties$2
instanceKlass javafx/scene/Node$StyleableProperties$1
instanceKlass com/sun/javafx/css/SubCssMetaData
instanceKlass javafx/scene/layout/Region$StyleableProperties$15
instanceKlass javafx/scene/layout/Region$StyleableProperties$14
instanceKlass javafx/scene/layout/Region$StyleableProperties$13
instanceKlass javafx/scene/layout/Region$StyleableProperties$12
instanceKlass javafx/scene/layout/Region$StyleableProperties$11
instanceKlass javafx/scene/layout/Region$StyleableProperties$10
instanceKlass javafx/scene/layout/Region$StyleableProperties$9
instanceKlass javafx/scene/layout/Region$StyleableProperties$8
instanceKlass javafx/scene/layout/Region$StyleableProperties$7
instanceKlass javafx/scene/layout/Region$StyleableProperties$6
instanceKlass javafx/scene/layout/Region$StyleableProperties$5
instanceKlass javafx/scene/layout/Region$StyleableProperties$4
instanceKlass javafx/scene/layout/Region$StyleableProperties$3
instanceKlass javafx/scene/layout/Region$StyleableProperties$2
instanceKlass javafx/scene/layout/Region$StyleableProperties$1
instanceKlass javafx/css/FontCssMetaData$4
instanceKlass javafx/css/FontCssMetaData$3
instanceKlass javafx/css/FontCssMetaData$2
instanceKlass javafx/css/FontCssMetaData$1
instanceKlass javafx/css/FontCssMetaData
ciInstanceKlass javafx/css/CssMetaData 1 1 160 10 7 12 1 1 1 11 100 12 1 1 1 11 12 1 1 10 7 12 1 1 1 11 12 1 1 9 12 1 1 9 12 1 1 9 12 1 1 9 12 1 1 9 12 1 1 10 12 1 1 10 7 12 1 1 1 100 1 8 1 10 12 1 10 12 1 10 12 1 1 10 7 1 10 12 1 1 100 1 8 1 10 8 1 10 12 1 1 8 1 10 12 1 1 8 1 10 12 1 1 8 1 10 12 1 8 1 8 1 8 1 10 1 1 1 1 1 1 1 1 1 100 1 1 1 1 1 1 1 1 1 1 1 1 1 1 1 1 1 1 1 1 1 1 1 100 1 100 1 1 1 1 1 1 1 1 1 1 1
ciInstanceKlass javafx/scene/paint/LinearGradient 1 1 336 9 7 12 1 1 1 9 12 1 9 12 1 9 12 1 9 12 1 1 9 12 1 1 9 12 1 1 9 12 1 10 7 12 1 1 1 9 7 12 1 1 10 7 12 1 1 1 10 12 1 1 10 12 1 11 7 12 1 1 1 11 12 1 1 10 12 1 1 10 7 12 1 1 9 12 1 1 10 7 12 1 1 1 10 12 1 1 11 12 1 1 9 12 1 1 5 0 5 0 10 7 12 1 1 1 5 0 5 0 10 12 1 11 12 1 1 11 7 12 1 1 11 12 1 1 10 100 1 8 1 10 12 1 10 100 12 1 1 1 10 12 1 1 8 1 8 1 8 1 9 100 12 1 1 1 10 12 1 8 1 8 1 10 12 1 10 12 1 10 12 1 1 8 1 10 12 1 1 100 1 8 1 10 8 1 10 100 12 1 1 1 10 12 1 100 1 18 12 1 1 10 10 10 12 1 1 100 1 10 10 12 1 8 1 9 100 12 1 1 1 10 12 1 1 8 1 10 10 12 1 1 10 12 1 1 8 1 8 1 10 12 1 8 1 9 12 1 8 1 8 1 8 1 8 1 8 1 8 1 10 12 1 9 12 1 9 12 1 9 9 12 1 10 100 12 1 1 1 10 12 1 1 10 12 1 1 1 1 1 1 1 1 1 1 1 1 1 1 1 1 1 100 1 1 1 1 1 1 1 1 1 1 1 100 1 1 1 1 1 15 10 100 12 1 1 8 1 1 1 1 100 1 100 1 1
ciInstanceKlass javafx/css/StyleOrigin 1 1 54 7 1 9 12 1 1 9 12 1 9 12 1 9 12 1 9 12 1 1 10 7 12 1 1 10 7 12 1 1 1 10 12 1 1 8 10 8 8 8 10 12 1 1 1 1 1 1 1 1 1 1 1 1
staticfield javafx/css/StyleOrigin USER_AGENT Ljavafx/css/StyleOrigin; javafx/css/StyleOrigin
staticfield javafx/css/StyleOrigin USER Ljavafx/css/StyleOrigin; javafx/css/StyleOrigin
staticfield javafx/css/StyleOrigin AUTHOR Ljavafx/css/StyleOrigin; javafx/css/StyleOrigin
staticfield javafx/css/StyleOrigin INLINE Ljavafx/css/StyleOrigin; javafx/css/StyleOrigin
staticfield javafx/css/StyleOrigin $VALUES [Ljavafx/css/StyleOrigin; 4 [Ljavafx/css/StyleOrigin;
ciInstanceKlass javafx/scene/layout/HBox 1 1 471 7 1 8 1 10 12 1 1 10 12 1 1 7 1 8 1 7 1 10 12 1 1 10 12 1 1 10 7 12 1 1 1 9 12 1 1 7 1 6 0 9 12 1 1 9 12 1 9 12 1 10 10 12 1 1 10 12 1 1 11 7 12 1 1 1 9 12 1 1 7 1 10 12 1 10 12 1 1 10 7 12 1 1 10 12 1 1 9 12 1 1 7 1 9 7 12 1 1 1 10 12 1 10 12 1 1 10 7 12 1 1 10 12 1 10 12 1 1 9 12 1 1 100 1 10 12 1 10 12 1 1 10 100 12 1 1 10 12 1 10 12 1 10 12 1 10 12 1 1 9 7 12 1 1 1 9 12 1 1 10 12 1 1 11 7 12 1 1 1 11 7 12 1 1 11 12 1 7 1 10 12 1 1 9 100 12 1 1 10 12 1 1 10 12 1 10 12 1 1 10 12 1 1 10 12 1 6 0 10 10 12 1 1 10 12 1 1 9 12 1 1 10 12 1 1 10 12 1 10 12 1 10 12 1 10 12 1 10 12 1 10 12 11 12 1 1 10 12 1 1 10 12 1 11 12 1 10 12 1 1 10 12 1 10 12 1 1 10 12 1 10 12 1 10 12 1 1 10 12 1 9 12 1 1 10 12 1 1 9 12 1 10 12 1 1 10 12 1 10 7 12 1 1 10 12 1 10 12 1 10 12 1 1 10 12 1 10 12 11 12 1 6 0 10 12 1 10 12 1 1 10 100 12 1 1 10 12 1 1 10 12 1 10 12 1 1 10 12 1 10 12 1 10 12 1 1 18 12 1 1 10 12 1 1 10 12 1 1 9 12 1 1 7 10 12 1 9 7 12 1 1 1 10 12 1 10 100 12 1 1 10 12 1 1 18 12 1 1 1 1 1 1 1 1 1 1 1 1 1 1 1 1 1 1 1 1 1 1 1 1 1 1 100 1 1 1 1 100 1 1 1 1 1 1 1 1 1 1 100 1 100 1 100 1 1 15 10 7 12 1 1 1 16 1 15 10 12 16 1 15 10 12 16 1 1 100 1 100 1 1
staticfield javafx/scene/layout/HBox marginAccessor Ljavafx/util/Callback; javafx/scene/layout/HBox$$Lambda$150+0x00000222d811fd18
ciInstanceKlass javafx/scene/layout/VBox 1 1 388 7 1 8 1 10 12 1 1 10 12 1 1 7 1 8 1 7 1 10 12 1 1 10 12 1 1 10 7 12 1 1 1 9 12 1 1 10 10 12 1 1 10 12 1 1 11 7 12 1 1 1 9 12 1 1 7 1 10 12 1 10 12 1 1 10 7 12 1 1 10 12 1 1 9 12 1 1 7 1 9 7 12 1 1 1 10 12 1 10 12 1 1 10 7 12 1 1 10 12 1 10 12 1 1 9 12 1 1 100 1 10 12 1 10 12 1 1 10 100 12 1 1 10 12 1 9 12 1 1 10 12 1 1 11 7 12 1 1 1 11 7 12 1 1 11 12 1 7 1 10 12 1 1 9 100 12 1 1 10 12 1 1 6 0 10 10 12 1 1 10 12 1 1 9 12 1 1 10 12 1 1 10 12 1 10 12 1 10 12 1 1 10 12 1 10 12 1 10 12 1 10 12 1 1 10 12 1 10 12 1 10 12 11 12 1 1 10 12 1 1 10 12 1 11 12 1 10 12 1 1 10 12 1 1 10 12 1 10 12 1 1 10 12 1 9 12 1 1 10 12 1 1 9 12 1 10 12 1 1 10 12 1 10 7 12 1 1 10 12 1 10 12 1 10 12 1 10 12 1 10 12 1 10 12 1 1 10 12 1 1 10 12 1 1 10 12 1 1 9 12 1 1 7 10 12 1 1 9 7 12 1 1 1 10 12 1 18 12 1 1 1 1 1 1 1 1 1 1 1 1 1 1 1 1 1 1 1 1 1 1 1 1 1 1 100 1 1 1 1 100 1 100 1 1 1 1 1 1 1 1 100 1 100 1 100 1 1 15 10 7 12 1 1 1 16 1 15 10 12 16 1 1 100 1 100 1 1
staticfield javafx/scene/layout/VBox marginAccessor Ljavafx/util/Callback; javafx/scene/layout/VBox$$Lambda$151+0x00000222d811dd78
ciInstanceKlass javafx/scene/text/Text$7 1 1 80 9 7 12 1 1 1 10 7 12 1 1 1 8 1 9 100 12 1 1 1 10 7 12 1 1 1 9 12 1 10 7 12 1 1 1 9 7 12 1 1 1 7 1 11 12 1 1 10 12 1 1 10 100 12 1 1 1 1 1 1 1 1 1 1 1 1 1 1 1 1 1 1 1 12 1 1 1 1 1
ciInstanceKlass javafx/scene/text/Text$9 1 1 62 9 7 12 1 1 1 10 7 12 1 1 1 8 1 9 100 12 1 1 1 9 7 12 1 1 1 10 7 12 1 1 1 10 12 1 1 1 1 1 1 1 1 1 1 1 1 1 1 1 1 1 1 1 100 1 12 1 1 1 1 1
ciInstanceKlass javafx/scene/text/Text$6 1 1 61 9 7 12 1 1 1 10 7 12 1 1 1 8 1 9 100 12 1 1 1 10 7 12 1 1 1 9 7 12 1 1 1 10 7 12 1 1 1 1 1 1 1 1 1 1 1 1 1 1 1 1 1 1 1 12 1 1 1 1 1
ciInstanceKlass javafx/scene/control/Label 1 1 146 10 7 12 1 1 1 18 12 1 1 9 7 12 1 1 1 10 12 1 10 12 1 10 12 1 10 12 1 1 7 1 8 1 11 7 12 1 1 1 9 7 12 1 1 1 10 12 1 1 10 12 1 1 7 1 9 7 12 1 1 1 11 12 1 1 9 12 1 1 7 1 10 12 1 10 12 1 1 10 100 12 1 1 1 10 12 1 1 100 1 7 1 10 10 100 12 1 1 1 10 100 12 1 1 1 1 1 1 1 1 1 1 1 1 1 1 1 1 1 1 1 1 1 1 1 1 15 10 7 12 1 1 1 16 1 15 10 12 16 1 100 1 100 1 1
ciInstanceKlass javafx/scene/control/Labeled$6 1 1 87 9 7 12 1 1 1 10 7 12 1 1 1 9 12 1 1 10 12 1 1 100 1 10 12 1 1 7 1 10 12 1 1 10 12 1 10 7 12 1 1 1 10 12 1 1 9 100 12 1 1 1 8 1 10 12 1 10 12 1 1 1 1 1 100 1 1 1 1 1 1 1 1 1 1 1 1 1 1 100 1 12 1 1 1 1 1
ciInstanceKlass javafx/scene/control/Labeled$14 1 1 44 9 7 12 1 1 1 10 7 12 1 1 1 9 100 12 1 1 1 8 1 1 1 1 1 1 1 1 1 1 1 1 1 1 1 1 100 1 12 1 1 1 1 1
ciInstanceKlass com/sun/javafx/css/StyleManager 1 1 1075 9 7 12 1 1 1 10 100 12 1 1 1 9 7 12 1 1 1 10 7 12 1 1 1 7 1 10 9 12 1 1 9 12 1 9 12 1 1 7 1 10 9 12 1 1 7 1 10 9 12 1 1 9 12 1 1 7 1 10 9 12 1 1 10 100 12 1 1 1 7 1 10 12 1 1 10 7 1 100 1 10 9 12 1 1 9 12 1 11 7 12 1 1 1 7 1 10 11 12 1 1 10 12 1 1 10 12 1 1 7 1 10 7 1 10 12 1 9 7 12 1 1 1 10 12 1 1 10 12 1 1 10 12 1 1 10 7 12 1 1 10 12 1 1 11 7 12 1 1 1 11 12 1 7 1 9 12 1 1 10 12 1 1 9 12 1 1 10 7 12 1 1 1 9 12 1 11 12 11 12 1 1 11 7 12 1 1 1 11 7 12 1 1 11 12 1 1 7 1 11 12 1 11 7 1 10 12 7 1 10 10 12 1 11 12 11 11 12 1 10 12 1 10 7 12 1 1 10 12 10 12 1 10 12 1 1 10 12 1 1 10 12 1 10 12 1 11 12 10 12 1 1 9 12 1 1 10 7 1 10 12 1 1 10 12 1 1 10 11 12 1 1 10 12 1 10 12 1 9 12 1 11 11 12 1 11 12 1 11 10 100 12 1 1 1 10 12 1 1 7 1 10 12 10 12 1 8 1 10 12 1 1 8 1 10 12 1 8 1 10 7 12 1 1 1 8 1 10 12 1 1 8 1 10 12 1 1 10 12 1 10 12 1 1 10 7 12 1 1 1 7 1 100 1 100 1 100 1 100 1 10 100 12 1 1 10 100 12 1 1 1 10 12 1 10 12 1 8 1 10 100 12 1 1 10 12 1 1 100 1 100 1 10 12 1 8 1 10 12 1 10 12 1 1 7 1 8 1 10 7 12 1 1 1 10 12 1 10 12 1 1 10 10 12 1 1 10 12 1 1 10 12 1 10 7 1 7 1 10 12 1 1 100 1 100 1 100 1 100 1 10 12 1 1 100 1 9 7 12 1 1 1 18 12 1 1 10 100 12 1 1 8 1 10 12 1 1 8 1 10 12 1 18 12 1 1 10 7 12 1 1 1 10 12 1 10 12 1 10 12 1 100 1 8 10 12 1 10 12 1 1 10 100 12 1 1 100 1 100 1 10 12 1 10 12 1 18 12 1 10 12 1 100 1 100 1 10 12 1 1 18 12 1 10 12 1 7 1 18 10 12 1 7 1 10 12 1 18 12 1 10 12 1 1 18 10 12 1 1 7 1 10 10 12 1 10 100 12 1 1 1 8 1 10 12 1 10 12 1 8 1 10 12 1 8 1 8 1 8 1 10 12 1 8 1 10 100 12 1 1 10 12 1 1 100 1 100 1 8 1 10 12 1 1 9 12 1 1 100 1 10 11 100 1 10 12 1 9 100 12 1 1 1 10 100 12 1 1 1 10 12 1 10 12 1 10 12 1 10 12 100 1 10 12 1 10 12 1 8 1 18 8 1 10 12 1 100 1 100 1 10 12 1 100 1 10 12 1 1 9 100 12 1 1 1 10 12 1 6 0 10 100 12 1 1 1 18 10 12 1 100 1 18 9 12 1 18 10 12 1 18 9 12 1 1 10 12 1 10 12 1 1 9 12 1 1 10 7 12 1 1 11 10 12 1 10 12 1 10 12 1 10 12 1 10 12 1 9 7 12 1 1 1 10 12 1 1 10 12 1 8 1 10 8 1 10 12 1 11 12 1 1 11 12 1 10 100 1 11 7 1 10 7 1 11 12 1 11 12 1 9 12 1 10 12 1 10 12 10 7 12 1 1 10 7 12 1 1 1 10 12 1 1 10 9 12 1 100 1 10 10 12 10 10 12 1 10 12 1 1 10 12 1 7 1 18 12 1 1 10 12 1 1 10 12 1 10 12 1 10 12 1 7 1 10 9 12 1 9 12 1 9 12 1 1 10 7 12 1 1 10 10 12 1 1 7 1 10 10 12 1 1 11 12 1 1 10 12 1 10 12 1 10 100 12 1 1 8 1 10 12 1 10 12 1 9 12 1 1 10 10 12 1 1 10 12 1 1 10 100 12 1 1 10 12 1 1 10 12 1 1 1 1 1 1 1 1 1 1 1 1 1 1 1 1 100 1 1 1 1 1 1 1 1 1 1 1 100 100 1 1 1 1 1 1 1 1 1 1 1 100 1 1 1 1 1 1 1 1 1 1 1 1 1 1 1 100 1 1 15 10 7 12 1 1 8 1 15 10 7 12 1 1 1 16 15 10 12 16 15 10 12 16 1 15 10 12 16 1 15 10 12 16 1 8 1 8 1 8 1 8 1 8 1 8 1 8 1 16 15 10 16 1 1 1 1 1 1 1 1 1 100 1 1 1 1 1 1 1 100 1 100 1 1
staticfield com/sun/javafx/css/StyleManager styleLock Ljava/lang/Object; java/lang/Object
staticfield com/sun/javafx/css/StyleManager cacheContainerMap Ljava/util/Map; java/util/WeakHashMap
staticfield com/sun/javafx/css/StyleManager $assertionsDisabled Z 1
ciInstanceKlass com/sun/javafx/css/StyleManager$InstanceHolder 1 1 24 10 100 12 1 1 1 7 1 10 9 7 12 1 1 1 1 1 1 1 1 1 1 1
staticfield com/sun/javafx/css/StyleManager$InstanceHolder INSTANCE Lcom/sun/javafx/css/StyleManager; com/sun/javafx/css/StyleManager
ciInstanceKlass com/sun/javafx/css/StyleClassSet 1 1 222 10 7 12 1 1 1 11 7 12 1 1 1 11 12 1 1 7 1 10 12 1 1 10 7 12 1 1 1 10 12 1 1 10 7 1 10 12 1 1 100 1 10 12 1 1 100 1 10 12 1 100 1 8 1 10 12 1 10 12 1 1 11 100 12 1 1 11 12 1 1 10 12 1 1 10 12 1 1 8 1 10 12 1 10 12 1 100 1 8 1 10 10 12 1 10 12 1 100 1 8 1 10 9 12 1 1 11 7 12 1 1 7 1 10 12 1 9 12 1 1 9 12 1 1 100 1 10 10 12 1 11 10 12 1 1 11 12 1 1 10 12 1 1 10 12 1 10 12 1 10 12 10 12 1 1 10 12 1 10 12 1 10 12 1 10 12 1 10 12 1 10 12 1 1 10 12 1 10 12 1 10 12 1 10 12 1 10 12 1 10 10 10 10 10 7 12 1 1 7 1 10 12 1 7 1 10 1 1 1 1 1 1 1 1 1 1 1 1 1 1 1
staticfield com/sun/javafx/css/StyleClassSet styleClassMap Ljava/util/Map; java/util/HashMap
staticfield com/sun/javafx/css/StyleClassSet styleClasses Ljava/util/List; java/util/ArrayList
staticfield com/sun/javafx/css/StyleClassSet $assertionsDisabled Z 1
instanceKlass com/sun/javafx/collections/SetListenerHelper$Generic
instanceKlass com/sun/javafx/collections/SetListenerHelper$SingleInvalidation
instanceKlass com/sun/javafx/collections/SetListenerHelper$SingleChange
ciInstanceKlass com/sun/javafx/collections/SetListenerHelper 1 1 69 10 7 12 1 1 1 100 1 10 100 1 10 12 1 10 7 12 1 1 1 10 12 1 7 1 10 12 1 10 12 1 10 12 10 12 1 1 1 1 1 1 1 1 1 1 1 1 1 1 1 1 1 1 1 1 1 1 100 1 1 1 1 100 1 100 1 1 1
ciInstanceKlass com/sun/javafx/css/SelectorPartitioning$PartitionKey 1 1 40 10 7 12 1 1 1 9 7 12 1 1 1 10 12 1 1 10 12 1 1 10 12 1 1 1 1 1 1 1 1 1 1 1 1 1 7 1 1 1
instanceKlass com/sun/javafx/css/ParsedValueImpl
ciInstanceKlass javafx/css/ParsedValue 1 1 45 9 7 12 1 1 1 9 12 1 1 10 100 12 1 1 1 10 7 12 1 1 1 1 1 1 1 1 1 1 1 1 1 1 1 1 1 1 1 1 1 1 1 1 1
ciInstanceKlass com/sun/javafx/css/ParsedValueImpl 1 1 395 9 7 12 1 1 1 9 12 1 7 1 7 1 7 1 10 7 12 1 1 1 10 12 1 1 9 7 12 1 1 1 10 12 1 1 10 12 1 1 7 1 10 12 1 1 100 1 3 9 12 1 1 10 12 1 1 10 12 1 9 12 1 1 10 7 12 1 1 1 9 12 1 1 7 1 9 12 1 10 12 1 10 12 1 1 10 100 12 1 1 1 10 100 12 1 1 1 100 1 10 12 1 10 12 1 10 12 1 1 8 1 8 1 10 12 8 10 12 1 1 8 1 8 1 10 12 1 8 1 10 12 1 8 1 10 12 1 10 12 1 8 1 10 12 1 8 1 8 1 8 1 8 1 8 1 10 7 12 1 1 1 10 12 1 10 10 12 1 1 10 10 12 1 1 10 100 12 1 1 1 10 12 1 1 10 12 1 1 10 10 12 1 1 10 10 12 1 100 1 7 1 10 12 1 1 10 7 12 1 1 1 10 12 1 1 10 12 1 10 12 1 10 12 1 7 1 10 12 1 10 100 12 1 1 1 10 12 1 100 1 10 12 1 10 12 10 100 1 100 1 18 12 1 1 10 12 1 10 7 12 1 1 10 12 1 1 10 12 1 1 10 12 1 10 12 1 10 12 1 1 10 12 1 1 10 12 1 1 10 12 1 1 100 1 18 12 1 10 10 12 1 1 9 12 1 10 12 1 9 12 1 1 10 10 100 12 1 1 100 1 10 10 12 1 10 100 1 18 12 1 18 1 1 1 3 1 3 1 3 1 3 1 3 1 3 1 3 1 3 1 3 1 3 1 1 1 1 1 1 1 1 1 1 1 100 1 100 1 1 1 1 1 1 15 10 100 12 1 1 8 1 8 1 8 1 8 1 1 1 100 1 100 1 1
instanceKlass javafx/css/converter/DurationConverter
instanceKlass javafx/css/converter/CursorConverter
instanceKlass javafx/scene/Node$StyleableProperties$14
instanceKlass javafx/css/converter/ShapeConverter
instanceKlass javafx/scene/layout/BackgroundConverter
instanceKlass javafx/scene/layout/BorderConverter
instanceKlass javafx/css/converter/StringConverter
instanceKlass javafx/css/converter/FontConverter
instanceKlass javafx/css/converter/BooleanConverter
instanceKlass javafx/css/converter/SizeConverter
instanceKlass javafx/css/converter/InsetsConverter
instanceKlass javafx/css/converter/PaintConverter$RepeatingImagePatternConverter
instanceKlass javafx/css/converter/PaintConverter$ImagePatternConverter
instanceKlass javafx/css/converter/PaintConverter
instanceKlass javafx/css/converter/EnumConverter
instanceKlass javafx/css/converter/StopConverter
instanceKlass javafx/css/converter/LadderConverter
instanceKlass javafx/css/converter/DeriveSizeConverter
instanceKlass javafx/css/converter/DeriveColorConverter
instanceKlass com/sun/javafx/scene/layout/region/CornerRadiiConverter
instanceKlass com/sun/javafx/scene/layout/region/Margins$SequenceConverter
instanceKlass com/sun/javafx/scene/layout/region/Margins$Converter
instanceKlass com/sun/javafx/scene/layout/region/StrokeBorderPaintConverter
instanceKlass com/sun/javafx/scene/layout/region/SliceSequenceConverter
instanceKlass com/sun/javafx/scene/layout/region/RepeatStructConverter
instanceKlass com/sun/javafx/scene/layout/region/LayeredBorderStyleConverter
instanceKlass com/sun/javafx/scene/layout/region/LayeredBorderPaintConverter
instanceKlass com/sun/javafx/scene/layout/region/LayeredBackgroundSizeConverter
instanceKlass com/sun/javafx/scene/layout/region/LayeredBackgroundPositionConverter
instanceKlass com/sun/javafx/scene/layout/region/BorderStyleConverter
instanceKlass com/sun/javafx/scene/layout/region/BorderStrokeStyleSequenceConverter
instanceKlass com/sun/javafx/scene/layout/region/BorderImageWidthsSequenceConverter
instanceKlass com/sun/javafx/scene/layout/region/BorderImageWidthConverter
instanceKlass com/sun/javafx/scene/layout/region/BorderImageSliceConverter
instanceKlass com/sun/javafx/scene/layout/region/BackgroundSizeConverter
instanceKlass com/sun/javafx/scene/layout/region/BackgroundPositionConverter
instanceKlass javafx/css/converter/URLConverter$SequenceConverter
instanceKlass javafx/css/converter/StringConverter$SequenceConverter
instanceKlass javafx/css/converter/SizeConverter$SequenceConverter
instanceKlass javafx/css/converter/PaintConverter$RadialGradientConverter
instanceKlass javafx/css/converter/PaintConverter$LinearGradientConverter
instanceKlass javafx/css/converter/PaintConverter$SequenceConverter
instanceKlass javafx/css/converter/InsetsConverter$SequenceConverter
instanceKlass javafx/css/converter/FontConverter$FontSizeConverter
instanceKlass javafx/css/converter/FontConverter$FontWeightConverter
instanceKlass javafx/css/converter/FontConverter$FontStyleConverter
instanceKlass javafx/css/converter/EffectConverter
instanceKlass javafx/css/converter/URLConverter
ciInstanceKlass javafx/css/StyleConverter 1 1 564 10 7 12 1 1 1 10 100 12 1 1 1 10 7 12 1 1 1 10 7 1 10 100 1 10 100 1 7 1 10 12 1 10 100 1 10 7 1 10 7 1 10 7 1 10 7 1 10 7 1 10 12 1 1 10 100 12 1 1 1 10 100 12 1 1 1 10 100 12 1 1 1 9 7 12 1 1 1 11 7 12 1 1 11 12 1 1 7 1 10 11 12 1 1 10 7 12 1 1 1 10 7 12 1 1 1 8 1 10 12 1 1 10 12 1 1 10 12 1 1 18 12 1 1 8 1 10 12 1 1 9 12 1 11 12 1 1 10 12 1 10 100 12 1 1 1 9 100 12 1 1 1 10 100 12 1 1 1 18 10 12 1 1 9 100 12 1 1 1 10 100 12 1 1 7 1 10 10 12 1 8 1 10 12 1 8 1 8 1 8 1 8 1 8 1 8 1 8 1 8 1 8 1 8 1 8 1 8 1 8 1 8 1 8 1 8 1 8 1 8 1 8 1 8 1 8 1 8 1 8 1 8 1 8 1 8 1 8 1 8 1 8 1 8 1 8 1 8 1 8 1 8 1 8 1 8 1 8 1 8 1 8 1 8 1 8 1 8 1 8 1 8 1 8 1 8 1 8 1 8 1 8 1 8 1 8 1 8 1 8 1 8 1 8 1 8 1 8 1 8 1 8 1 8 1 8 1 8 1 8 1 10 100 1 10 7 12 1 1 10 7 12 1 1 10 100 12 1 1 10 7 12 1 1 10 7 12 1 1 10 7 12 1 1 10 7 12 1 1 10 7 12 1 1 10 7 12 1 1 10 7 12 1 1 10 100 12 1 1 10 7 12 1 1 10 100 12 1 1 10 7 12 1 1 10 100 12 1 1 10 100 12 1 1 10 100 12 1 1 10 7 12 1 1 10 7 12 1 1 10 100 12 1 1 10 7 12 1 1 10 7 12 1 1 10 7 12 1 1 10 7 12 1 1 10 100 12 1 1 10 7 12 1 1 10 7 12 1 1 10 7 12 1 1 10 7 12 1 1 10 7 12 1 1 10 100 12 1 1 10 7 12 1 1 10 7 12 1 1 18 1 1 1 1 1 1 1 1 1 1 1 1 1 1 1 1 1 1 1 1 1 1 1 1 1 1 1 1 1 1 1 1 1 1 1 1 100 1 1 1 1 1 1 1 1 1 1 1 1 1 1 1 15 10 100 12 1 1 8 1 8 1 8 1 1 1 1 1 1 1 1 1 1 1 1 100 1 1 100 1 100 1 1
ciInstanceKlass javafx/css/converter/FontConverter 1 1 164 9 7 12 1 1 1 10 7 12 1 1 1 10 100 12 1 1 1 100 1 10 100 12 1 1 1 10 12 1 1 100 1 10 100 12 1 1 1 10 12 1 1 10 12 1 1 100 1 10 12 1 1 100 1 9 12 1 1 100 1 9 12 1 1 10 12 1 1 11 100 12 1 1 1 11 100 12 1 1 1 11 100 12 1 1 1 11 12 1 100 1 11 11 12 1 100 1 10 12 1 8 1 10 12 1 1 100 1 10 12 1 8 1 8 1 8 1 8 1 10 100 12 1 1 10 12 1 1 1 1 1 1 1 1 1 100 1 1 1 1 1 1 1 1 1 100 1 100 1 100 1 100 1 100 1 100 1 1 1 1 1 1 1
ciInstanceKlass javafx/scene/control/Button 1 1 129 10 7 12 1 1 1 10 7 12 1 1 10 12 1 10 12 1 10 12 1 1 7 1 8 1 11 7 12 1 1 1 9 7 12 1 1 1 10 12 1 1 10 12 1 1 10 12 1 1 10 7 12 1 1 9 12 1 1 10 12 1 1 7 1 10 12 1 10 12 1 9 12 1 7 1 10 10 12 1 7 1 10 10 12 1 1 7 1 10 12 1 8 1 10 7 12 1 1 1 9 12 1 1 8 1 9 12 1 1 1 1 1 1 1 1 1 1 1 1 1 1 1 1 1 1 1 1 1
staticfield javafx/scene/control/Button PSEUDO_CLASS_DEFAULT Ljavafx/css/PseudoClass; com/sun/javafx/css/PseudoClassImpl
staticfield javafx/scene/control/Button PSEUDO_CLASS_CANCEL Ljavafx/css/PseudoClass; com/sun/javafx/css/PseudoClassImpl
ciInstanceKlass javafx/scene/Scene$8 1 1 156 9 7 12 1 1 1 10 7 12 1 1 1 9 100 12 1 1 1 8 1 10 100 12 1 1 1 10 12 1 10 12 1 1 7 1 10 12 1 1 10 12 1 100 1 8 1 10 12 10 12 1 1 100 1 18 12 1 1 10 10 12 1 1 18 10 12 1 1 10 7 12 1 1 18 9 12 1 1 10 12 1 1 10 12 1 1 8 1 11 7 12 1 1 1 9 7 12 1 1 1 10 12 1 1 10 12 1 1 10 12 1 10 12 1 1 10 12 1 1 1 1 1 1 1 1 1 1 1 1 1 1 12 1 1 1 1 15 10 100 12 1 1 8 1 8 1 8 1 1 1 100 1 100 1 1
ciInstanceKlass javafx/scene/Scene$2$1 1 1 39 9 7 12 1 1 1 10 7 12 1 1 1 10 12 1 1 10 12 1 10 12 1 1 1 1 1 1 1 1 1 1 100 1 12 1 1 1 1
ciInstanceKlass javafx/scene/CssStyleHelper 1 1 942 10 7 12 1 1 1 9 7 12 1 1 1 9 12 1 9 12 1 1 7 1 10 9 12 1 1 9 12 1 11 7 12 1 1 1 10 7 12 1 1 1 10 7 12 1 1 1 10 12 1 1 10 12 1 1 9 12 1 1 9 12 1 1 10 12 1 1 9 7 12 1 1 1 11 7 12 1 1 9 12 1 10 12 1 1 10 12 1 1 10 7 12 1 1 1 10 12 1 1 11 7 12 1 1 1 11 12 1 1 7 1 10 12 1 10 12 1 1 10 10 12 1 7 1 10 12 1 1 10 12 1 10 9 12 1 1 10 12 1 1 11 7 12 1 1 1 9 7 12 1 1 1 10 12 1 10 12 1 1 11 100 12 1 1 100 1 10 12 1 10 12 1 1 11 12 1 10 12 1 1 10 9 12 1 1 10 7 12 1 1 1 9 12 1 11 7 1 11 12 1 1 10 12 1 11 7 12 1 1 1 11 7 12 1 1 11 12 1 7 1 11 12 1 11 7 1 10 12 1 10 11 12 1 1 10 10 12 1 1 10 12 1 1 9 12 1 1 11 11 12 1 10 7 12 1 1 1 10 12 1 1 10 12 1 10 12 1 10 12 1 1 8 1 10 7 12 1 1 8 1 10 12 1 1 10 7 12 1 1 1 7 1 10 10 10 10 12 1 1 10 7 12 1 1 1 10 12 1 10 12 1 1 9 12 1 1 9 12 1 11 10 9 12 1 1 9 7 12 1 1 1 10 7 12 1 1 1 10 12 1 18 12 1 1 10 12 1 1 11 12 1 1 100 1 8 1 10 12 1 10 12 1 1 10 7 12 1 1 1 9 12 1 10 12 1 10 12 1 10 12 1 1 7 1 10 7 12 1 1 1 10 12 1 11 12 1 10 12 1 1 10 12 1 1 10 7 12 1 1 1 7 1 10 10 12 1 1 10 12 1 9 12 1 100 1 18 12 1 10 10 12 1 10 12 1 11 12 1 8 1 10 12 1 1 100 1 10 12 1 11 12 1 10 12 1 1 9 12 1 8 1 10 12 1 10 12 1 1 11 10 12 1 1 10 7 12 1 1 1 10 12 1 1 10 7 12 1 10 12 1 7 1 10 10 12 1 1 10 12 1 10 7 12 1 1 1 100 1 10 12 1 1 8 1 10 12 1 1 18 12 1 10 12 18 8 1 10 7 1 10 12 1 1 10 12 1 1 11 9 12 1 1 10 12 1 11 12 1 1 10 12 1 9 7 12 1 1 1 10 12 1 1 11 10 12 1 1 10 100 1 18 12 1 100 1 10 12 11 10 7 1 10 12 1 11 12 1 10 12 1 7 1 11 10 10 12 1 7 1 7 1 10 12 1 1 100 1 10 8 1 10 12 1 1 8 1 8 1 8 1 10 12 1 8 1 10 100 12 1 1 1 10 100 1 10 12 1 1 10 100 12 1 1 8 1 10 8 1 9 12 1 10 8 1 10 8 1 8 1 8 1 8 1 8 1 10 10 12 1 10 12 1 10 12 1 10 12 1 10 12 1 1 18 10 12 1 1 18 12 1 100 1 9 7 12 1 1 1 10 12 1 8 1 10 12 1 9 12 1 9 7 12 1 1 1 8 1 8 1 9 12 1 8 1 8 1 9 12 1 8 1 9 12 1 8 1 9 12 1 9 12 1 8 1 9 12 1 8 1 8 1 9 12 1 10 12 1 10 12 1 1 10 7 12 1 1 10 12 1 1 10 12 1 1 10 12 1 1 10 12 1 1 6 0 9 12 1 8 1 10 12 1 10 12 1 10 12 1 1 7 1 10 12 1 10 12 1 1 8 1 8 1 8 1 10 100 12 1 1 10 12 1 10 12 1 11 100 1 10 12 1 11 100 1 10 12 1 100 1 10 10 12 1 10 12 1 1 10 12 1 11 10 12 1 1 11 10 7 12 1 1 7 1 10 12 1 1 1 1 1 1 1 100 1 1 1 1 1 1 1 100 1 1 1 100 1 1 1 1 1 1 1 1 1 1 1 1 1 1 1 1 1 1 1 1 15 10 100 12 1 1 8 1 8 1 8 1 8 1 8 1 8 1 8 1 1 1 1 1 1 100 1 100 1 1 1 100 1 100 1 1
staticfield javafx/scene/CssStyleHelper LOGGER Lcom/sun/javafx/logging/PlatformLogger; com/sun/javafx/logging/PlatformLogger
staticfield javafx/scene/CssStyleHelper EMPTY_NODE Ljava/lang/ref/WeakReference; java/lang/ref/WeakReference
staticfield javafx/scene/CssStyleHelper NULL_PSEUDO_CLASS_STATE Ljava/util/Set; null
staticfield javafx/scene/CssStyleHelper dummyFontProperty Ljavafx/css/CssMetaData; javafx/scene/CssStyleHelper$1
staticfield javafx/scene/CssStyleHelper $assertionsDisabled Z 1
ciInstanceKlass com/sun/javafx/util/Logging 1 1 59 10 100 12 1 1 1 9 7 12 1 1 1 8 1 10 7 12 1 1 1 9 12 1 8 1 9 12 1 8 1 9 12 1 8 1 9 12 1 8 1 9 12 1 8 1 1 1 1 1 1 1 1 1 1 1 1 1 1
ciInstanceKlass com/sun/javafx/logging/PlatformLogger 1 1 144 9 7 12 1 1 1 10 7 12 1 1 1 9 7 12 1 1 1 9 12 1 9 12 1 9 12 1 9 12 1 9 12 1 9 12 1 9 7 12 1 1 1 11 7 12 1 1 1 7 1 10 12 1 10 7 12 1 1 1 10 12 1 1 10 12 1 11 12 1 1 10 7 12 1 1 9 12 1 1 9 12 1 1 11 7 12 1 1 1 11 12 1 1 11 12 1 1 11 12 1 100 1 10 10 12 1 1 100 1 11 12 1 11 12 1 7 1 10 1 1 1 1 1 1 1 1 1 1 1 1 1 1 1 1 1 1 1 1 1 1 1 1 1
staticfield com/sun/javafx/logging/PlatformLogger loggers Ljava/util/Map; java/util/HashMap
ciInstanceKlass javafx/scene/text/FontPosture 1 1 70 7 1 9 12 1 1 9 12 1 9 12 1 1 10 100 12 1 1 10 7 12 1 1 1 10 12 1 1 9 12 1 1 10 12 1 1 10 7 12 1 1 1 8 8 1 8 1 10 12 1 8 8 1 10 12 1 1 1 1 1 1 1 1 100 1 1 1 1 1
staticfield javafx/scene/text/FontPosture REGULAR Ljavafx/scene/text/FontPosture; javafx/scene/text/FontPosture
staticfield javafx/scene/text/FontPosture ITALIC Ljavafx/scene/text/FontPosture; javafx/scene/text/FontPosture
staticfield javafx/scene/text/FontPosture $VALUES [Ljavafx/scene/text/FontPosture; 2 [Ljavafx/scene/text/FontPosture;
ciInstanceKlass javafx/scene/text/FontWeight 1 1 128 7 1 9 12 1 1 9 12 1 9 12 1 9 12 1 9 12 1 9 12 1 9 12 1 9 12 1 9 12 1 9 12 1 1 10 7 12 1 1 10 7 12 1 1 1 10 12 1 1 9 12 1 1 9 12 1 1 10 12 1 1 10 7 12 1 1 1 8 8 1 10 12 1 8 8 1 8 1 8 8 1 8 8 1 8 1 8 8 1 8 8 1 8 1 8 8 1 8 8 1 8 1 8 8 1 8 1 10 12 1 1 1 1 1 1 1 1 1 1 100 1 1 1 1 1 1 1
staticfield javafx/scene/text/FontWeight THIN Ljavafx/scene/text/FontWeight; javafx/scene/text/FontWeight
staticfield javafx/scene/text/FontWeight EXTRA_LIGHT Ljavafx/scene/text/FontWeight; javafx/scene/text/FontWeight
staticfield javafx/scene/text/FontWeight LIGHT Ljavafx/scene/text/FontWeight; javafx/scene/text/FontWeight
staticfield javafx/scene/text/FontWeight NORMAL Ljavafx/scene/text/FontWeight; javafx/scene/text/FontWeight
staticfield javafx/scene/text/FontWeight MEDIUM Ljavafx/scene/text/FontWeight; javafx/scene/text/FontWeight
staticfield javafx/scene/text/FontWeight SEMI_BOLD Ljavafx/scene/text/FontWeight; javafx/scene/text/FontWeight
staticfield javafx/scene/text/FontWeight BOLD Ljavafx/scene/text/FontWeight; javafx/scene/text/FontWeight
staticfield javafx/scene/text/FontWeight EXTRA_BOLD Ljavafx/scene/text/FontWeight; javafx/scene/text/FontWeight
staticfield javafx/scene/text/FontWeight BLACK Ljavafx/scene/text/FontWeight; javafx/scene/text/FontWeight
staticfield javafx/scene/text/FontWeight $VALUES [Ljavafx/scene/text/FontWeight; 9 [Ljavafx/scene/text/FontWeight;
ciInstanceKlass com/sun/javafx/css/StyleManager$CacheContainer 1 1 200 10 7 12 1 1 1 9 7 12 1 1 1 9 12 1 9 12 1 1 7 1 10 9 12 1 9 7 12 1 1 1 11 7 12 1 1 1 10 7 1 11 7 12 1 1 1 11 12 1 1 11 12 1 1 9 12 1 1 7 1 10 12 1 11 12 1 7 1 9 12 1 1 11 12 1 1 11 12 1 9 12 1 10 10 12 1 1 7 1 9 12 1 1 11 100 1 3 10 12 1 1 9 12 1 11 12 1 100 1 100 1 10 18 12 1 1 10 12 1 1 9 100 12 1 1 1 10 100 12 1 1 1 10 12 1 100 1 10 12 1 1 10 12 1 1 1 1 1 1 1 1 1 1 1 1 1 1 100 1 1 1 1 1 1 1 1 1 1 1 1 1 1 1 15 10 100 12 1 1 8 1 1 1 1 100 1 100 1 1 100 1 100 1 1 100 1 100 1 1
ciInstanceKlass com/sun/javafx/logging/PlatformLogger$Level 1 1 106 7 1 9 12 1 1 9 12 1 9 12 1 9 12 1 9 12 1 9 12 1 9 12 1 9 12 1 9 12 1 1 10 7 12 1 1 10 7 12 1 1 1 10 12 1 1 9 12 1 1 8 9 7 12 1 10 12 1 8 9 12 1 8 8 9 12 1 8 9 12 8 9 12 8 9 12 1 8 9 12 10 12 1 1 1 1 1 1 1 1 1 1 1 1 1 1 100 1 1 1 100 1 100 1 1
staticfield com/sun/javafx/logging/PlatformLogger$Level ALL Lcom/sun/javafx/logging/PlatformLogger$Level; com/sun/javafx/logging/PlatformLogger$Level
staticfield com/sun/javafx/logging/PlatformLogger$Level FINEST Lcom/sun/javafx/logging/PlatformLogger$Level; com/sun/javafx/logging/PlatformLogger$Level
staticfield com/sun/javafx/logging/PlatformLogger$Level FINER Lcom/sun/javafx/logging/PlatformLogger$Level; com/sun/javafx/logging/PlatformLogger$Level
staticfield com/sun/javafx/logging/PlatformLogger$Level FINE Lcom/sun/javafx/logging/PlatformLogger$Level; com/sun/javafx/logging/PlatformLogger$Level
staticfield com/sun/javafx/logging/PlatformLogger$Level INFO Lcom/sun/javafx/logging/PlatformLogger$Level; com/sun/javafx/logging/PlatformLogger$Level
staticfield com/sun/javafx/logging/PlatformLogger$Level WARNING Lcom/sun/javafx/logging/PlatformLogger$Level; com/sun/javafx/logging/PlatformLogger$Level
staticfield com/sun/javafx/logging/PlatformLogger$Level SEVERE Lcom/sun/javafx/logging/PlatformLogger$Level; com/sun/javafx/logging/PlatformLogger$Level
staticfield com/sun/javafx/logging/PlatformLogger$Level OFF Lcom/sun/javafx/logging/PlatformLogger$Level; com/sun/javafx/logging/PlatformLogger$Level
staticfield com/sun/javafx/logging/PlatformLogger$Level $VALUES [Lcom/sun/javafx/logging/PlatformLogger$Level; 8 [Lcom/sun/javafx/logging/PlatformLogger$Level;
ciInstanceKlass com/sun/javafx/css/StyleMap 1 1 186 10 7 12 1 1 1 9 7 12 1 1 1 9 12 1 1 11 7 12 1 1 1 9 12 1 1 11 7 1 10 7 12 1 1 1 7 1 10 11 12 1 1 11 12 1 1 7 1 10 12 1 1 10 12 1 1 10 7 12 1 1 1 11 7 1 11 7 1 7 1 10 12 1 11 12 1 1 9 12 1 1 10 12 1 1 7 1 10 12 1 10 12 1 1 11 12 1 10 7 12 1 1 11 12 1 1 11 12 1 1 9 12 1 1 100 1 10 11 12 1 10 12 1 1 10 12 1 10 7 12 1 1 10 12 1 1 10 12 1 9 12 1 1 18 12 1 1 1 1 1 1 1 1 1 1 1 1 100 1 1 1 1 1 1 1 1 15 10 7 12 1 1 1 16 1 15 10 12 16 1 100 1 100 1 1
staticfield com/sun/javafx/css/StyleMap EMPTY_MAP Lcom/sun/javafx/css/StyleMap; com/sun/javafx/css/StyleMap
staticfield com/sun/javafx/css/StyleMap cascadingStyleComparator Ljava/util/Comparator; com/sun/javafx/css/StyleMap$$Lambda$284+0x00000222d81d6680
staticfield com/sun/javafx/css/StyleMap $assertionsDisabled Z 1
ciInstanceKlass com/sun/javafx/css/CascadingStyle 1 1 128 9 7 12 1 1 1 10 7 12 1 1 1 9 12 1 1 9 12 1 1 9 12 1 8 1 10 7 12 1 1 1 10 7 12 1 1 1 10 7 12 1 1 1 9 12 1 1 10 7 12 1 1 1 10 12 1 10 12 1 1 10 12 1 1 10 12 1 10 10 12 1 1 10 10 7 12 1 1 1 10 12 1 1 10 10 12 1 1 11 100 12 1 1 1 10 12 1 11 10 12 1 1 10 7 12 1 1 1 10 12 1 100 1 1 1 1 1 1 1 1 1 1 1 1 1 1 1
ciInstanceKlass javafx/scene/CssStyleHelper$CacheContainer 1 1 135 10 7 12 1 1 1 9 7 12 1 1 1 10 7 12 1 1 1 9 12 1 1 10 7 12 1 1 1 9 12 1 1 9 7 12 1 1 1 11 7 1 7 1 10 12 1 9 12 1 1 10 12 1 1 11 7 12 1 1 11 12 1 1 7 1 8 1 10 12 1 1 10 7 12 1 1 1 9 12 1 1 7 1 10 9 12 1 1 9 12 1 10 12 1 1 10 7 12 1 1 1 10 12 1 1 9 12 1 1 1 1 1 1 1 1 1 1 100 1 1 100 1 1 1 1 1 1 100 1 1 100 1 100 1
ciInstanceKlass com/sun/javafx/css/StyleCache$Key 1 1 57 10 7 12 1 1 1 100 1 3 9 7 12 1 1 1 9 12 1 1 10 7 12 1 1 1 10 12 1 10 100 12 1 1 1 10 12 1 1 1 1 1 1 1 1 1 1 1 1 1 1 1 1 100 1 1 1
ciInstanceKlass javafx/scene/layout/Region$StyleableProperties$1 1 1 52 10 7 12 1 1 1 9 7 12 1 1 1 10 7 12 1 1 1 10 12 1 1 7 1 10 7 12 1 1 1 10 12 1 1 1 1 1 1 1 1 1 1 1 1 1 1 100 1 1 1 1
ciInstanceKlass javafx/scene/layout/BorderConverter 1 1 228 9 7 12 1 1 1 10 7 12 1 1 1 9 7 12 1 1 1 11 7 12 1 1 1 7 1 9 12 1 100 1 9 12 1 100 1 9 12 1 7 1 7 1 9 12 1 7 1 7 1 9 12 1 7 1 7 1 7 1 9 12 1 1 9 12 1 100 1 9 100 12 1 1 1 7 1 9 12 1 1 9 12 1 1 7 1 10 12 1 1 10 12 1 10 12 1 10 12 1 10 12 1 10 12 1 100 1 9 12 1 100 1 100 1 9 12 1 100 1 100 1 9 12 1 100 1 9 12 1 9 100 12 1 1 1 9 100 12 1 1 1 9 12 1 1 10 100 12 1 1 1 9 12 1 9 12 1 9 12 1 9 12 1 9 12 1 1 9 12 1 9 12 10 100 12 1 1 1 10 12 1 1 9 12 1 9 12 1 1 10 12 1 10 12 1 8 1 10 12 1 1 10 1 1 1 1 100 1 100 1 100 1 100 1 100 1 1 1 1 1 1 1 1 1 1 1 1
staticfield javafx/scene/layout/BorderConverter BORDER_IMAGE_CONVERTER Ljavafx/scene/layout/BorderConverter; javafx/scene/layout/BorderConverter
ciInstanceKlass javafx/scene/layout/Region$StyleableProperties$4 1 1 48 10 7 12 1 1 1 9 7 12 1 1 1 10 7 12 1 1 1 7 1 10 7 12 1 1 1 10 12 1 1 1 1 1 1 1 1 1 1 1 1 1 1 100 1 1 1 1
ciInstanceKlass javafx/scene/layout/Region$StyleableProperties$11 1 1 52 10 7 12 1 1 1 9 7 12 1 1 1 10 100 12 1 1 1 10 12 1 1 100 1 10 7 12 1 1 1 10 12 1 1 1 1 1 1 1 1 1 1 1 1 1 1 100 1 1 1 1
ciInstanceKlass javafx/scene/layout/BackgroundConverter 1 1 129 10 7 12 1 1 1 9 7 12 1 1 1 11 7 12 1 1 1 7 1 9 12 1 100 1 7 1 9 12 1 7 1 7 1 9 12 1 7 1 7 1 9 12 1 1 9 12 1 10 12 1 100 1 9 12 1 100 1 100 1 9 12 1 100 1 100 1 9 12 1 100 1 100 1 10 100 12 1 1 1 10 12 1 1 9 12 1 1 9 12 1 10 12 1 10 12 1 10 7 12 1 1 1 10 9 12 1 1 1 1 1 1 1 100 1 100 1 100 1 100 1 100 1 1 1 1 1 1
staticfield javafx/scene/layout/BackgroundConverter INSTANCE Ljavafx/css/StyleConverter; javafx/scene/layout/BackgroundConverter
ciInstanceKlass com/sun/javafx/css/SubCssMetaData 1 1 32 10 7 12 1 1 1 10 12 1 7 1 10 7 12 1 1 1 10 12 1 1 1 1 1 1 1 1 1 1 1 1
ciInstanceKlass javafx/scene/text/Text$StyleableProperties$1 1 1 51 10 7 12 1 1 1 9 7 12 1 1 1 10 7 12 1 1 1 10 12 1 1 7 1 10 7 12 1 1 1 10 12 1 1 1 1 1 1 1 1 1 1 1 1 1 100 1 1 1 1
ciInstanceKlass javafx/scene/text/Text$StyleableProperties$6 1 1 52 10 7 12 1 1 1 9 7 12 1 1 1 10 7 12 1 1 1 10 12 1 1 7 1 10 7 12 1 1 1 10 12 1 1 1 1 1 1 1 1 1 1 1 1 1 1 100 1 1 1 1
ciInstanceKlass javafx/scene/text/Text$StyleableProperties$8 1 1 52 10 7 12 1 1 1 9 7 12 1 1 1 10 7 12 1 1 1 10 12 1 1 7 1 10 7 12 1 1 1 10 12 1 1 1 1 1 1 1 1 1 1 1 1 1 1 100 1 1 1 1
ciInstanceKlass com/sun/javafx/css/StyleCache 1 1 56 10 7 12 1 1 1 9 7 12 1 1 1 10 100 12 1 1 11 7 12 1 1 11 12 1 1 7 1 7 1 10 12 1 11 12 1 1 1 1 1 1 1 1 1 1 1 1 1 1 100 1 1 1 100 1
ciInstanceKlass com/sun/javafx/css/StyleCacheEntry$Key 1 1 108 10 7 12 1 1 1 100 1 3 9 7 12 1 1 1 7 1 9 12 1 1 7 1 10 11 12 1 1 10 7 12 1 1 1 10 12 1 1 9 12 1 1 10 100 12 1 1 1 18 12 1 1 10 7 12 1 1 1 10 12 1 1 11 12 1 10 12 1 1 6 0 6 0 11 12 1 1 1 1 1 1 1 1 100 1 1 1 1 1 100 1 1 15 10 100 12 1 1 8 1 1 1 100 1 100 1 1
ciInstanceKlass com/sun/javafx/css/CalculatedValue 1 1 76 10 7 12 1 1 1 9 7 12 1 1 1 9 12 1 1 9 12 1 1 100 1 10 10 12 1 1 10 100 12 1 1 1 10 12 1 8 1 10 12 1 10 12 1 10 12 1 1 10 12 1 1 10 12 1 1 10 12 1 9 12 1 1 1 1 1 1 1 1 1 1 1 1 1 1
staticfield com/sun/javafx/css/CalculatedValue SKIP Lcom/sun/javafx/css/CalculatedValue; com/sun/javafx/css/CalculatedValue
ciInstanceKlass javafx/css/Style 1 1 64 9 7 12 1 1 1 9 12 1 1 10 7 12 1 1 1 10 12 1 1 10 12 1 1 10 100 1 10 12 1 1 10 100 1 10 10 100 12 1 1 1 10 12 1 1 8 1 8 1 10 12 1 1 1 1 1 1 1 1 1 1 1 1
ciInstanceKlass com/sun/javafx/css/StyleCacheEntry 1 1 48 10 7 12 1 1 1 9 7 12 1 1 1 11 7 12 1 1 1 11 12 1 1 7 1 7 1 10 12 1 11 12 1 1 1 1 1 1 1 1 1 1 1 1 100 1 1 1
ciInstanceKlass com/sun/javafx/scene/control/LabeledText 1 1 324 10 7 12 1 1 1 9 7 12 1 1 1 100 1 8 1 10 12 1 9 12 1 1 10 7 12 1 1 1 10 12 1 1 10 12 1 1 10 12 1 1 10 12 1 1 10 12 1 1 10 12 1 1 10 12 1 1 10 12 1 1 10 12 1 1 10 12 1 1 10 12 1 10 7 12 1 1 1 10 12 1 10 10 12 1 10 10 12 1 1 10 10 7 1 10 12 1 1 10 10 7 1 10 12 1 1 7 1 8 1 11 7 12 1 1 1 9 12 1 1 10 12 1 1 7 1 9 12 1 1 8 10 7 12 1 1 7 1 10 12 1 10 12 1 1 9 12 1 9 12 1 8 9 7 12 1 1 1 9 12 1 9 12 1 8 9 7 12 1 1 1 9 12 1 9 12 1 8 1 9 7 12 1 1 1 10 9 12 1 9 12 1 8 10 100 12 1 1 1 10 7 1 8 1 10 12 1 7 1 8 1 10 7 12 1 1 1 10 12 1 7 1 8 1 7 1 10 12 1 10 12 1 7 1 8 1 10 7 1 10 12 1 7 1 8 1 10 7 1 10 7 12 1 1 10 12 1 7 1 10 10 12 1 11 7 12 1 1 1 11 12 1 1 7 1 10 12 1 1 10 12 1 1 11 12 1 1 10 7 12 1 1 1 1 1 1 1 1 1 1 1 1 1 1 1 1 1 1 1 1 1 1 1 1 1 1 1 1 1 1 1 1 1
staticfield com/sun/javafx/scene/control/LabeledText FONT Ljavafx/css/CssMetaData; com/sun/javafx/scene/control/LabeledText$1
staticfield com/sun/javafx/scene/control/LabeledText FILL Ljavafx/css/CssMetaData; com/sun/javafx/scene/control/LabeledText$2
staticfield com/sun/javafx/scene/control/LabeledText TEXT_ALIGNMENT Ljavafx/css/CssMetaData; com/sun/javafx/scene/control/LabeledText$3
staticfield com/sun/javafx/scene/control/LabeledText UNDERLINE Ljavafx/css/CssMetaData; com/sun/javafx/scene/control/LabeledText$4
staticfield com/sun/javafx/scene/control/LabeledText LINE_SPACING Ljavafx/css/CssMetaData; com/sun/javafx/scene/control/LabeledText$5
staticfield com/sun/javafx/scene/control/LabeledText STYLEABLES Ljava/util/List; java/util/Collections$UnmodifiableRandomAccessList
ciInstanceKlass com/sun/javafx/scene/control/LabeledText$1 1 1 52 10 7 12 1 1 1 9 7 12 1 1 1 10 7 12 1 1 1 10 7 12 1 1 1 10 12 1 1 10 7 12 1 1 1 10 12 1 1 1 1 1 1 1 1 1 1 1 1 1 1 1
ciInstanceKlass com/sun/javafx/scene/control/LabeledText$StyleablePropertyMirror 1 1 68 9 7 12 1 1 1 10 7 12 1 1 1 9 12 1 1 9 12 1 1 7 1 11 12 1 1 10 12 1 1 11 7 12 1 1 1 10 7 12 1 1 1 9 12 1 1 11 100 1 1 1 1 1 1 1 1 1 1 1 1 1 1 1 7 1 1 1
ciInstanceKlass java/util/Formatter$FixedString 1 1 69 9 7 12 1 1 1 10 7 12 1 1 1 9 12 1 1 9 12 1 1 9 12 1 9 7 12 1 1 1 11 7 12 1 1 1 10 100 12 1 1 1 100 1 1 1 1 1 1 1 1 1 1 1 1 1 1 1 1 100 1 1 1 1 1 1 1 1 1
ciMethodData java/lang/Object <init> ()V 2 1027630 orig 80 1 0 0 0 0 0 0 0 0 0 0 0 255 127 0 0 0 0 0 0 0 0 0 0 0 0 0 0 0 0 0 0 0 0 0 0 0 0 0 0 0 0 0 0 0 0 0 0 0 0 0 0 0 0 0 0 0 0 0 0 0 0 0 0 0 0 0 0 0 0 0 0 0 0 0 0 0 0 0 0 data 4 0x0 0x9 0x1 0x0 oops 0 methods 0
ciMethodData java/util/HashMap putVal (ILjava/lang/Object;Ljava/lang/Object;ZZ)Ljava/lang/Object; 2 32500 orig 80 4 0 0 0 0 0 0 0 0 0 0 0 255 127 0 0 0 0 0 0 4 0 0 4 0 0 0 0 0 0 0 0 0 0 0 0 0 0 0 3 0 0 0 0 0 0 0 0 0 0 0 0 0 0 0 0 0 0 0 0 0 0 0 0 0 0 0 0 0 0 0 0 0 0 0 0 0 0 0 0 data 198 0x70007 0x530 0x40 0x773a 0x100007 0x773a 0x58 0x0 0x140005 0x530 0x0 0x0 0x0 0x0 0x0 0x2c0007 0x4328 0xa8 0x3942 0x380005 0x1 0x0 0x223328c1560 0x388a 0x223304c9760 0xb7 0x3b0004 0x0 0x0 0x22330b41220 0x388a 0x22327c1f7f0 0xb8 0x3c0003 0x3942 0x410 0x450007 0x29a7 0xd0 0x1981 0x8000000600510007 0x100 0x98 0x1883 0x550007 0x0 0x90 0x1883 0x4005b0005 0x32 0x0 0x2231804ce50 0x1850 0x2231804e800 0x2 0x5e0007 0x34 0x38 0x1850 0x650003 0x1950 0x2a8 0x6a0004 0xffffffffffffd6d7 0x0 0x22330b41220 0xfa 0x2232760e880 0xb2 0x6d0007 0x2929 0xa8 0xb2 0x720004 0x0 0x0 0x2232760e880 0xb2 0x0 0x0 0x7b0005 0xb2 0x0 0x0 0x0 0x0 0x0 0x800003 0xb2 0x1c8 0x8e0007 0x1716 0xc8 0x1e25 0x980005 0x0 0x0 0x223328c1560 0x1e06 0x223304c9760 0x1f 0x8000000600a20007 0x1e14 0x158 0x12 0xa90005 0x12 0x0 0x0 0x0 0x0 0x0 0xac0003 0x12 0x100 0xb50007 0xbf2 0xd0 0xb24 0xc10007 0x42 0xc8 0xae2 0xc50007 0x0 0x90 0xae2 0x8000000700cb0005 0x4 0x0 0x2231804ce50 0xac2 0x22327610710 0x20 0xce0007 0x20 0x38 0xac6 0xd10003 0xac6 0x30 0xdb0003 0xc12 0xfffffffffffffe68 0xe00007 0x1ed8 0x98 0x2458 0xec0007 0x2447 0x40 0x11 0xf10007 0x11 0x20 0x0 0x8000000400fd0005 0x0 0x0 0x223328c1560 0x2455 0x223304c9760 0x6 0x11c0007 0x560b 0x58 0x20f 0x1200005 0x20f 0x0 0x0 0x0 0x0 0x0 0x1270005 0x1 0x0 0x223328c1560 0x5743 0x223304c9760 0xd6 0x0 0x0 0x0 0x0 0x0 0x0 0x0 0x0 0x0 0x9 0x6 0x0 0x0 0x0 0x0 0x0 0x0 oops 17 22 java/util/HashMap 24 java/util/LinkedHashMap 29 java/util/HashMap$Node 31 java/util/LinkedHashMap$Entry 51 java/lang/String 53 java/lang/reflect/Constructor 65 java/util/HashMap$Node 67 java/util/HashMap$TreeNode 76 java/util/HashMap$TreeNode 97 java/util/HashMap 99 java/util/LinkedHashMap 130 java/lang/String 132 com/sun/javafx/css/SelectorPartitioning$PartitionKey 159 java/util/HashMap 161 java/util/LinkedHashMap 177 java/util/HashMap 179 java/util/LinkedHashMap methods 0
ciMethodData java/util/HashMap hash (Ljava/lang/Object;)I 2 86325 orig 80 1 0 0 0 0 0 0 0 0 0 0 0 255 127 0 0 0 0 0 0 0 0 0 0 0 0 0 0 0 0 0 0 0 0 0 0 0 0 0 2 0 0 0 0 0 0 0 0 0 0 0 0 0 0 0 0 0 0 0 0 0 0 0 0 0 0 0 0 0 0 0 0 0 0 0 0 0 0 0 0 data 23 0x8000000600010007 0x14dbf 0x38 0xc 0x50003 0xc 0x50 0x90005 0x8ff0 0x0 0x2231804ce50 0xbd66 0x22327613710 0x69 0x0 0x0 0x0 0x0 0x0 0x0 0x9 0x1 0xffffffffffffffff oops 2 10 java/lang/String 12 java/util/jar/Attributes$Name methods 0
ciMethodData java/util/HashMap put (Ljava/lang/Object;Ljava/lang/Object;)Ljava/lang/Object; 2 31357 orig 80 2 0 0 0 0 0 0 0 0 0 0 0 255 127 0 0 0 0 0 0 0 0 0 0 0 0 0 0 0 0 0 0 0 0 0 0 0 0 0 0 0 0 0 0 0 0 0 0 0 0 0 0 0 0 0 0 0 0 0 0 0 0 0 0 0 0 0 0 0 0 0 0 0 0 0 0 0 0 0 0 data 20 0x20002 0x7656 0x90005 0x7656 0x0 0x0 0x0 0x0 0x0 0x0 0x0 0x0 0x0 0x0 0x0 0x9 0x3 0xffffffffffffffff 0xffffffffffffffff 0xffffffffffffffff oops 0 methods 0
ciMethodData java/util/AbstractMap <init> ()V 2 31237 orig 80 0 0 0 0 0 0 0 0 0 0 0 0 255 127 0 0 0 0 0 0 0 0 0 0 0 0 0 0 0 0 0 0 0 0 0 0 0 0 0 0 0 0 0 0 0 0 0 0 0 0 0 0 0 0 0 0 0 0 0 0 0 0 0 0 0 0 0 0 0 0 0 0 0 0 0 0 0 0 0 0 data 7 0x10002 0x78fe 0x0 0x0 0x9 0x1 0x0 oops 0 methods 0
ciMethodData java/lang/Object equals (Ljava/lang/Object;)Z 2 28710 orig 80 0 0 0 0 0 0 0 0 0 0 0 0 255 127 0 0 0 0 0 0 0 0 0 0 0 0 0 0 0 0 0 0 0 0 0 0 0 0 0 0 0 0 0 0 0 0 0 0 0 0 0 0 0 0 0 0 0 0 0 0 0 0 0 0 0 0 0 0 0 0 0 0 0 0 0 0 0 0 0 0 data 17 0x20007 0x3f12 0x38 0x3012 0x60003 0x3012 0x18 0x0 0x0 0x0 0x0 0x0 0x0 0x9 0x2 0x0 0x0 oops 0 methods 0
ciMethodData java/lang/ref/Reference refersTo (Ljava/lang/Object;)Z 2 27666 orig 80 0 0 0 0 0 0 0 0 0 0 0 0 255 127 0 0 0 0 0 0 0 0 0 0 0 0 0 0 0 0 0 0 0 0 0 0 0 0 0 0 0 0 0 0 0 0 0 0 0 0 0 0 0 0 0 0 0 0 0 0 0 0 0 0 0 0 0 0 0 0 0 0 0 0 0 0 0 0 0 0 data 17 0x20005 0x13b5 0x0 0x223302d14f0 0x1402 0x2231e2ea120 0x42da 0x0 0x0 0x0 0x0 0x0 0x0 0x9 0x2 0xffffffffffffffff 0xffffffffffffffff oops 2 3 java/lang/ThreadLocal$ThreadLocalMap$Entry 5 java/util/WeakHashMap$Entry methods 0
ciMethodData java/lang/ref/Reference refersToImpl (Ljava/lang/Object;)Z 2 15320 orig 80 0 0 0 0 0 0 0 0 0 0 0 0 255 127 0 0 0 0 0 0 0 0 0 0 0 0 0 0 0 0 0 0 0 0 0 0 0 0 0 0 0 0 0 0 0 0 0 0 0 0 0 0 0 0 0 0 0 0 0 0 0 0 0 0 0 0 0 0 0 0 0 0 0 0 0 0 0 0 0 0 data 17 0x20005 0x3a53 0x0 0x0 0x0 0x0 0x0 0x0 0x0 0x0 0x0 0x0 0x0 0x9 0x2 0x0 0x0 oops 0 methods 0
ciMethodData java/util/HashMap <init> (I)V 2 1970 orig 80 0 0 0 0 0 0 0 0 0 0 0 0 255 127 0 0 0 0 0 0 0 0 0 0 0 0 0 0 0 0 0 0 0 0 0 0 0 0 0 0 0 0 0 0 0 0 0 0 0 0 0 0 0 0 0 0 0 0 0 0 0 0 0 0 0 0 0 0 0 0 0 0 0 0 0 0 0 0 0 0 data 9 0x40002 0x6b2 0x0 0x0 0x0 0x9 0x2 0x0 0x0 oops 0 methods 0
ciMethodData java/util/HashMap <init> (IF)V 2 5429 orig 80 0 0 0 0 0 0 0 0 0 0 0 0 0 0 0 0 0 0 0 0 0 0 0 0 0 0 0 0 0 0 0 0 0 0 0 0 0 0 0 0 0 0 0 0 0 0 0 0 0 0 0 0 0 0 0 0 0 0 0 0 0 0 0 0 0 0 0 0 0 0 0 0 0 0 0 0 0 0 0 0 data 83 0x10002 0x1435 0x50007 0x1435 0xe8 0x0 0x100002 0x0 0x150005 0x0 0x0 0x0 0x0 0x0 0x0 0x190005 0x0 0x0 0x0 0x0 0x0 0x0 0x1c0005 0x0 0x0 0x0 0x0 0x0 0x0 0x1f0002 0x0 0x260007 0x1435 0x20 0x0 0x2f0007 0x0 0x50 0x1435 0x330002 0x1435 0x360007 0x1435 0xe8 0x0 0x410002 0x0 0x460005 0x0 0x0 0x0 0x0 0x0 0x0 0x4a0005 0x0 0x0 0x0 0x0 0x0 0x0 0x4d0005 0x0 0x0 0x0 0x0 0x0 0x0 0x500002 0x0 0x5b0002 0x1435 0x0 0x0 0x0 0x0 0x0 0x0 0x9 0x3 0x18 0x0 0x0 oops 0 methods 0
ciMethodData java/lang/Float isNaN (F)Z 2 65653 orig 80 0 0 0 0 0 0 0 0 0 0 0 0 0 0 0 0 0 0 0 0 0 0 0 0 0 0 0 0 0 0 0 0 0 0 0 0 0 0 0 0 0 0 0 0 0 0 0 0 0 0 0 0 0 0 0 0 0 0 0 0 0 0 0 0 0 0 0 0 0 0 0 0 0 0 0 0 0 0 0 0 data 11 0x30007 0xfe41 0x38 0x114 0x70003 0x114 0x18 0x0 0x9 0x1 0x0 oops 0 methods 0
ciMethodData java/util/HashMap tableSizeFor (I)I 2 6264 orig 80 0 0 0 0 0 0 0 0 0 0 0 0 0 0 0 0 0 0 0 0 0 0 0 0 0 0 0 0 0 0 0 0 0 0 0 0 0 0 0 0 0 0 0 0 0 0 0 0 0 0 0 0 0 0 0 0 0 0 0 0 0 0 0 0 0 0 0 0 0 0 0 0 0 0 0 0 0 0 0 0 data 25 0x40002 0x1776 0xa0007 0x1750 0x38 0x26 0xe0003 0x26 0x50 0x140007 0x1750 0x38 0x0 0x190003 0x0 0x18 0x0 0x0 0x0 0x0 0x0 0x0 0x9 0x1 0x0 oops 0 methods 0
ciMethodData java/util/HashMap getNode (Ljava/lang/Object;)Ljava/util/HashMap$Node; 2 23574 orig 80 3 0 0 0 3 0 0 0 0 0 0 0 255 127 0 0 0 0 0 0 7 0 0 5 0 0 0 0 0 0 0 0 0 0 0 0 0 0 0 1 0 0 0 0 0 0 0 0 0 0 0 0 0 0 0 0 0 0 0 0 0 0 0 0 0 0 0 0 0 0 0 0 0 0 0 0 0 0 0 0 data 103 0x60007 0x260 0x2e8 0x4e2e 0xe0007 0x0 0x2c8 0x4e2e 0x170002 0x4e2e 0x210007 0xdb0 0x298 0x407e 0x2a0007 0x1ab2 0xb8 0x25cc 0x350007 0x17d2 0x98 0xdfa 0x390007 0x0 0x78 0xdfa 0x80000004003f0005 0x486 0x0 0x2231804ce50 0x975 0x22327610660 0x3 0x420007 0x74 0x20 0xd8a 0x4e0007 0x522 0x1c0 0x1604 0x520004 0xffffffffffffeb68 0x0 0x22330b41220 0xf9 0x2232760e880 0x16c 0x550007 0x1498 0x90 0x16c 0x590004 0x0 0x0 0x2232760e880 0x16c 0x0 0x0 0x5f0005 0x16c 0x0 0x0 0x0 0x0 0x0 0x6a0007 0x4a7 0xb8 0x136c 0x760007 0x439 0x98 0xf33 0x7a0007 0x0 0x78 0xf33 0xffffffff00800005 0xb 0x0 0x2231804ce50 0xe45 0x22327610710 0xeb 0x8000000600830007 0x3b 0x20 0xf01 0x910007 0x37b 0xffffffffffffff48 0x167 0x0 0x0 0x0 0x0 0x0 0x0 0x9 0x2 0x0 0xffffffffffffffff oops 7 29 java/lang/String 31 java/lang/PublicMethods$Key 44 java/util/HashMap$Node 46 java/util/HashMap$TreeNode 55 java/util/HashMap$TreeNode 81 java/lang/String 83 com/sun/javafx/css/SelectorPartitioning$PartitionKey methods 0
ciMethodData java/util/HashMap containsKey (Ljava/lang/Object;)Z 2 5440 orig 80 0 0 0 0 0 0 0 0 0 0 0 0 255 127 0 0 0 0 0 0 0 0 0 0 0 0 0 0 0 0 0 0 0 0 0 0 0 0 0 0 0 0 0 0 0 0 0 0 0 0 0 0 0 0 0 0 0 0 0 0 0 0 0 0 0 0 0 0 0 0 0 0 0 0 0 0 0 0 0 0 data 24 0x20005 0x1435 0x0 0x0 0x0 0x0 0x0 0x50007 0x5b7 0x38 0xe7e 0x90003 0xe7e 0x18 0x0 0x0 0x0 0x0 0x0 0x0 0x9 0x2 0x0 0xffffffffffffffff oops 0 methods 0
ciMethodData java/util/HashMap get (Ljava/lang/Object;)Ljava/lang/Object; 2 37935 orig 80 3 0 0 0 0 0 0 0 0 0 0 0 255 127 0 0 0 0 0 0 0 0 0 0 0 0 0 0 0 0 0 0 0 0 0 0 0 0 0 0 0 0 0 0 0 0 0 0 0 0 0 0 0 0 0 0 0 0 0 0 0 0 0 0 0 0 0 0 0 0 0 0 0 0 0 0 0 0 0 0 data 24 0x20005 0x92a8 0x0 0x0 0x0 0x0 0x0 0x70007 0x73bb 0x38 0x1ef4 0xb0003 0x1ef4 0x18 0x0 0x0 0x0 0x0 0x0 0x0 0x9 0x2 0x0 0xffffffffffffffff oops 0 methods 0
ciMethodData java/util/HashMap isEmpty ()Z 2 5722 orig 80 0 0 0 0 0 0 0 0 0 0 0 0 255 127 0 0 0 0 0 0 0 0 0 0 0 0 0 0 0 0 0 0 0 0 0 0 0 0 0 0 0 0 0 0 0 0 0 0 0 0 0 0 0 0 0 0 0 0 0 0 0 0 0 0 0 0 0 0 0 0 0 0 0 0 0 0 0 0 0 0 data 13 0x40007 0x1534 0x38 0x1c 0x80003 0x1c 0x18 0x0 0x0 0x0 0x9 0x1 0x0 oops 0 methods 0
ciMethodData java/util/WeakHashMap expungeStaleEntries ()V 2 22067 orig 80 1 0 0 0 0 0 0 0 0 0 0 0 255 127 0 0 0 0 0 0 0 0 0 0 0 0 0 0 0 0 0 0 0 0 0 0 0 0 0 1 0 0 0 0 0 0 0 0 0 0 0 0 0 0 0 0 0 0 0 0 0 0 0 0 0 0 0 0 0 0 0 0 0 0 0 0 0 0 0 0 data 64 0x40005 0x0 0x0 0x2231e2f03a0 0x5597 0x0 0x0 0x90007 0x5533 0x178 0x64 0x140004 0x0 0x0 0x2231e2ea120 0x64 0x0 0x0 0x210002 0x64 0x350007 0x0 0xe0 0x69 0x8000000600420007 0x5 0xa8 0x65 0x480007 0x4 0x70 0x61 0x530104 0x0 0x0 0x2231e2ea120 0x10 0x0 0x0 0x540003 0x61 0x18 0x6d0003 0x65 0x30 0x780003 0x5 0xffffffffffffff38 0x7d0003 0x65 0x18 0x870003 0x65 0xfffffffffffffe68 0x0 0x0 0x0 0x0 0x0 0x0 0x0 0x9 0x1 0xc oops 3 3 java/lang/ref/ReferenceQueue 14 java/util/WeakHashMap$Entry 35 java/util/WeakHashMap$Entry methods 0
ciMethodData java/util/WeakHashMap indexFor (II)I 2 35455 orig 80 0 0 0 0 0 0 0 0 0 0 0 0 0 0 0 0 0 0 0 0 0 0 0 0 0 0 0 0 0 0 0 0 0 0 0 0 0 0 0 0 0 0 0 0 0 0 0 0 0 0 0 0 0 0 0 0 0 0 0 0 0 0 0 0 0 0 0 0 0 0 0 0 0 0 0 0 0 0 0 0 data 5 0x0 0x9 0x2 0x0 0x0 oops 0 methods 0
ciMethodData java/util/WeakHashMap maskNull (Ljava/lang/Object;)Ljava/lang/Object; 2 35960 orig 80 0 0 0 0 0 0 0 0 0 0 0 0 255 127 0 0 0 0 0 0 0 0 0 0 0 0 0 0 0 0 0 0 0 0 0 0 0 0 0 0 0 0 0 0 0 0 0 0 0 0 0 0 0 0 0 0 0 0 0 0 0 0 0 0 0 0 0 0 0 0 0 0 0 0 0 0 0 0 0 0 data 16 0x10007 0x8b74 0x38 0x0 0x70003 0x0 0x18 0x0 0x0 0x0 0x0 0x0 0x0 0x9 0x1 0x0 oops 0 methods 0
ciMethodData java/util/WeakHashMap hash (Ljava/lang/Object;)I 2 5381 orig 80 0 0 0 0 0 0 0 0 0 0 0 0 255 127 0 0 0 0 0 0 0 0 0 0 0 0 0 0 0 0 0 0 0 0 0 0 0 0 0 0 0 0 0 0 0 0 0 0 0 0 0 0 0 0 0 0 0 0 0 0 0 0 0 0 0 0 0 0 0 0 0 0 0 0 0 0 0 0 0 0 data 17 0x10005 0x145 0x0 0x2231e2ee1d0 0x630 0x2231e2ee280 0xc8c 0x0 0x0 0x0 0x0 0x0 0x0 0x9 0x2 0x0 0xffffffffffffffff oops 2 3 java/util/zip/ZipFile$ZipFileInputStream 5 java/util/zip/ZipFile$ZipFileInflaterInputStream methods 0
ciMethodData java/util/WeakHashMap getTable ()[Ljava/util/WeakHashMap$Entry; 2 35378 orig 80 0 0 0 0 0 0 0 0 0 0 0 0 255 127 0 0 0 0 0 0 0 0 0 0 0 0 0 0 0 0 0 0 0 0 0 0 0 0 0 0 0 0 0 0 0 0 0 0 0 0 0 0 0 0 0 0 0 0 0 0 0 0 0 0 0 0 0 0 0 0 0 0 0 0 0 0 0 0 0 0 data 16 0x10005 0x88b2 0x0 0x0 0x0 0x0 0x0 0x0 0x0 0x0 0x0 0x0 0x0 0x9 0x1 0xc oops 0 methods 0
ciMethodData java/util/WeakHashMap matchesKey (Ljava/util/WeakHashMap$Entry;Ljava/lang/Object;)Z 2 16821 orig 80 0 0 0 0 0 0 0 0 0 0 0 0 0 0 0 0 0 0 0 0 4 0 0 0 0 0 0 0 0 0 0 0 0 0 0 0 0 0 0 0 0 0 0 0 0 0 0 0 0 0 0 0 0 0 0 0 0 0 0 0 0 0 0 0 0 0 0 0 0 0 0 0 0 0 0 0 0 0 0 0 data 47 0x20005 0x4136 0x0 0x0 0x0 0x0 0x0 0x50007 0x13 0x20 0x4123 0xb0005 0x0 0x0 0x2231e2ea120 0x13 0x0 0x0 0x100007 0x0 0x90 0x13 0x8000000400150005 0x0 0x0 0x22331995f90 0x1 0x22331996040 0x16 0x180007 0x0 0x38 0x17 0x1c0003 0x17 0x18 0x0 0x0 0x0 0x0 0x0 0x0 0x9 0x3 0x0 0x0 0x0 oops 3 14 java/util/WeakHashMap$Entry 25 com/sun/javafx/css/ParsedValueImpl 27 javafx/scene/paint/LinearGradient methods 0
ciMethodData java/util/WeakHashMap put (Ljava/lang/Object;Ljava/lang/Object;)Ljava/lang/Object; 2 7620 orig 80 1 0 0 0 0 0 0 0 0 0 0 0 255 127 0 0 0 0 0 0 0 0 0 0 0 0 0 0 0 0 0 0 0 0 0 0 0 0 0 1 0 0 0 0 0 0 0 0 0 0 0 0 0 0 0 0 0 0 0 0 0 0 0 0 0 0 0 0 0 0 0 0 0 0 0 0 0 0 0 0 data 76 0x10002 0x1cc4 0x70005 0x1cc4 0x0 0x0 0x0 0x0 0x0 0xd0005 0x1cc4 0x0 0x0 0x0 0x0 0x0 0x170002 0x1cc4 0x250007 0x1cc4 0xd0 0xad 0x80000006002f0007 0xad 0x98 0x1 0x360005 0x1 0x0 0x0 0x0 0x0 0x0 0x390007 0x0 0x40 0x1 0x460007 0x0 0x20 0x1 0x590003 0xad 0xffffffffffffff48 0x7f0002 0x1cc4 0x820004 0x0 0x0 0x2231e2ea120 0x1cc4 0x0 0x0 0x920007 0x1cbb 0x58 0x9 0x9b0005 0x0 0x0 0x2231e609dc0 0x9 0x0 0x0 0x0 0x0 0x0 0x0 0x0 0x0 0x0 0x9 0x3 0x0 0x0 0x0 oops 2 49 java/util/WeakHashMap$Entry 60 java/util/WeakHashMap methods 0
ciMethodData java/util/ArrayList get (I)Ljava/lang/Object; 2 27254 orig 80 0 0 0 0 0 0 0 0 0 0 0 0 255 127 0 0 0 0 0 0 0 0 0 0 0 0 0 0 0 0 0 0 0 0 0 0 0 0 0 0 0 0 0 0 0 0 0 0 0 0 0 0 0 0 0 0 0 0 0 0 0 0 0 0 0 0 0 0 0 0 0 0 0 0 0 0 0 0 0 0 data 19 0x50002 0x6976 0xb0005 0x0 0x0 0x22318050280 0x6976 0x0 0x0 0x0 0x0 0x0 0x0 0x0 0x0 0x9 0x2 0x0 0x0 oops 1 5 java/util/ArrayList methods 0
ciMethodData java/util/Objects checkIndex (II)I 2 36213 orig 80 0 0 0 0 0 0 0 0 0 0 0 0 0 0 0 0 0 0 0 0 0 0 0 0 0 0 0 0 0 0 0 0 0 0 0 0 0 0 0 0 0 0 0 0 0 0 0 0 0 0 0 0 0 0 0 0 0 0 0 0 0 0 0 0 0 0 0 0 0 0 0 0 0 0 0 0 0 0 0 0 data 12 0x30002 0x8c75 0x0 0x0 0x0 0x0 0x0 0x0 0x9 0x2 0x0 0x0 oops 0 methods 0
ciMethodData java/util/ArrayList elementData (I)Ljava/lang/Object; 2 36695 orig 80 0 0 0 0 0 0 0 0 0 0 0 0 0 0 0 0 0 0 0 0 0 0 0 0 0 0 0 0 0 0 0 0 0 0 0 0 0 0 0 0 0 0 0 0 0 0 0 0 0 0 0 0 0 0 0 0 0 0 0 0 0 0 0 0 0 0 0 0 0 0 0 0 0 0 0 0 0 0 0 0 data 8 0x0 0x0 0x0 0x0 0x9 0x2 0x0 0x0 oops 0 methods 0
ciMethodData java/util/ArrayList isEmpty ()Z 2 8533 orig 80 0 0 0 0 0 0 0 0 0 0 0 0 255 127 0 0 0 0 0 0 0 0 0 0 0 0 0 0 0 0 0 0 0 0 0 0 0 0 0 0 0 0 0 0 0 0 0 0 0 0 0 0 0 0 0 0 0 0 0 0 0 0 0 0 0 0 0 0 0 0 0 0 0 0 0 0 0 0 0 0 data 13 0x40007 0x1b54 0x38 0xf7 0x80003 0xf7 0x18 0x0 0x0 0x0 0x9 0x1 0x0 oops 0 methods 0
ciMethodData java/util/HashMap$TreeNode getTreeNode (ILjava/lang/Object;)Ljava/util/HashMap$TreeNode; 1 399 orig 80 0 0 0 0 0 0 0 0 0 0 0 0 0 0 0 0 0 0 0 0 0 0 0 0 0 0 0 0 0 0 0 0 0 0 0 0 0 0 0 0 0 0 0 0 0 0 0 0 0 0 0 0 0 0 0 0 0 0 0 0 0 0 0 0 0 0 0 0 0 0 0 0 0 0 0 0 0 0 0 0 data 32 0x40007 0x166 0x70 0x0 0x80005 0x0 0x0 0x0 0x0 0x0 0x0 0xb0003 0x0 0x18 0x120005 0x166 0x0 0x0 0x0 0x0 0x0 0x0 0x0 0x0 0x0 0x0 0x0 0x9 0x3 0x0 0x0 0x0 oops 0 methods 0
ciMethodData java/util/HashMap$TreeNode root ()Ljava/util/HashMap$TreeNode; 1 0 orig 80 0 0 0 0 0 0 0 0 0 0 0 0 0 0 0 0 0 0 0 0 0 0 0 0 0 0 0 0 0 0 0 0 0 0 0 0 0 0 0 0 0 0 0 0 0 0 0 0 0 0 0 0 0 0 0 0 0 0 0 0 0 0 0 0 0 0 0 0 0 0 0 0 0 0 0 0 0 0 0 0 data 16 0x80007 0x0 0x20 0x0 0xf0003 0x0 0xffffffffffffffe0 0x0 0x0 0x0 0x0 0x0 0x0 0x9 0x1 0x0 oops 0 methods 0
ciMethodData java/util/HashMap$TreeNode find (ILjava/lang/Object;Ljava/lang/Class;)Ljava/util/HashMap$TreeNode; 1 1930 orig 80 0 0 0 0 0 0 0 0 0 0 0 0 0 0 0 0 0 0 0 0 0 0 0 0 0 0 0 0 0 0 0 0 0 0 0 0 0 0 0 0 0 0 0 0 0 0 0 0 0 0 0 0 0 0 0 0 0 0 0 0 0 0 0 0 0 0 0 0 0 0 0 0 0 0 0 0 0 0 0 0 data 100 0x1a0007 0x6de 0x38 0x31a 0x210003 0x31a 0x280 0x270007 0x1b4 0x38 0x52a 0x2e0003 0x52a 0x248 0x3a0007 0x0 0x98 0x1b4 0x3e0007 0x0 0x78 0x1b4 0x440005 0x0 0x0 0x22327610710 0x1b4 0x0 0x0 0x470007 0xe1 0x20 0xd3 0x4f0007 0xb9 0x38 0x28 0x560003 0x28 0x178 0x5b0007 0x9d 0x38 0x1c 0x620003 0x1c 0x140 0x660007 0x0 0x50 0x9d 0x6a0002 0x9d 0x6f0007 0x9d 0xa0 0x0 0x760002 0x0 0x7c0007 0x0 0x70 0x0 0x810007 0x0 0x38 0x0 0x860003 0x0 0x18 0x8d0003 0x0 0x70 0x950005 0x9d 0x0 0x0 0x0 0x0 0x0 0x9b0007 0x8c 0x20 0x11 0xa70007 0x6fd 0xfffffffffffffd60 0x217 0x0 0x0 0x0 0x0 0x0 0x0 0x9 0x4 0x0 0x0 0x0 0x0 oops 1 25 com/sun/javafx/css/SelectorPartitioning$PartitionKey methods 0
ciMethodData java/util/Collections$UnmodifiableCollection size ()I 2 17669 orig 80 1 0 0 0 0 0 0 0 0 0 0 0 255 127 0 0 0 0 0 0 0 0 0 4 0 0 0 0 0 0 0 0 0 0 0 0 0 0 0 0 0 0 0 0 0 0 0 0 0 0 0 0 0 0 0 0 0 0 0 0 0 0 0 0 0 0 0 0 0 0 0 0 0 0 0 0 0 0 0 0 data 16 0x8000000700040005 0x12 0x0 0x22318050280 0x40f4 0x22332027c40 0x1d2 0x0 0x0 0x0 0x0 0x0 0x0 0x9 0x1 0x0 oops 2 3 java/util/ArrayList 5 java/util/Arrays$ArrayList methods 0
ciMethodData java/util/Collections$UnmodifiableList get (I)Ljava/lang/Object; 2 5882 orig 80 0 0 0 0 0 0 0 0 0 0 0 0 255 127 0 0 0 0 0 0 0 0 0 0 0 0 0 0 0 0 0 0 0 0 0 0 0 0 0 0 0 0 0 0 0 0 0 0 0 0 0 0 0 0 0 0 0 0 0 0 0 0 0 0 0 0 0 0 0 0 0 0 0 0 0 0 0 0 0 0 data 17 0x50005 0x0 0x0 0x22318050280 0x1408 0x22332027c40 0xc9 0x0 0x0 0x0 0x0 0x0 0x0 0x9 0x2 0x0 0x0 oops 2 3 java/util/ArrayList 5 java/util/Arrays$ArrayList methods 0
ciMethod javafx/beans/value/ObservableValue getValue ()Ljava/lang/Object; 0 0 1 0 -1
ciMethod javafx/beans/value/WritableValue getValue ()Ljava/lang/Object; 0 0 1 0 -1
ciMethod javafx/beans/value/ObservableObjectValue get ()Ljava/lang/Object; 0 0 1 0 -1
ciMethod javafx/beans/property/ObjectPropertyBase get ()Ljava/lang/Object; 512 0 254972 0 128
ciMethod javafx/stage/Window getScene ()Ljavafx/scene/Scene; 18 0 171 0 -1
ciMethod javafx/css/Styleable getStyleableParent ()Ljavafx/css/Styleable; 0 0 1 0 -1
ciMethod javafx/css/Styleable getPseudoClassStates ()Ljavafx/collections/ObservableSet; 0 0 1 0 -1
ciMethod javafx/scene/Node getParent ()Ljavafx/scene/Parent; 522 0 177006 0 -1
ciMethod javafx/scene/Node getSubScene ()Ljavafx/scene/SubScene; 264 0 132 0 0
ciMethod javafx/scene/Node getScene ()Ljavafx/scene/Scene; 778 0 156006 0 224
ciMethod javafx/scene/Node getStyleableParent ()Ljavafx/css/Styleable; 548 0 5473 0 -1
ciMethod javafx/scene/Node getCssMetaData ()Ljava/util/List; 176 0 88 0 -1
ciMethod javafx/scene/Node reapplyCSS ()V 512 0 4933 0 -1
ciMethod javafx/scene/Scene getRoot ()Ljavafx/scene/Parent; 522 0 23749 0 288
ciMethod javafx/scene/text/Font getDefaultSystemFontSize ()F 2 0 1 0 -1
ciMethod javafx/scene/text/Font getDefault ()Ljavafx/scene/text/Font; 522 0 6613 0 0
ciMethod javafx/scene/text/Font getSize ()D 256 0 128 0 0
ciMethod javafx/scene/text/Font <init> (Ljava/lang/String;D)V 2 0 1 0 -1
ciMethod javafx/css/StyleableProperty applyStyle (Ljavafx/css/StyleOrigin;Ljava/lang/Object;)V 0 0 1 0 -1
ciMethod javafx/css/StyleableProperty getStyleOrigin ()Ljavafx/css/StyleOrigin; 0 0 1 0 -1
ciMethod javafx/scene/SubScene getRoot ()Ljavafx/scene/Parent; 0 0 1 0 -1
ciMethod com/sun/javafx/css/PseudoClassState <init> ()V 1212 0 42173 0 256
ciMethod com/sun/javafx/css/PseudoClassState equals (Ljava/lang/Object;)Z 514 0 8558 0 416
ciMethod com/sun/javafx/css/PseudoClassState hashCode ()I 1046 0 13813 0 352
ciMethod com/sun/javafx/css/PseudoClassState addAll (Ljava/util/Collection;)Z 520 0 29916 0 96
ciMethod com/sun/javafx/css/BitSet <init> ()V 1126 0 63999 0 0
ciMethod com/sun/javafx/css/BitSet addAll (Ljava/util/Collection;)Z 528 116 21775 0 -1
ciMethod com/sun/javafx/css/BitSet hashCode ()I 1134 1522 11272 0 352
ciMethod com/sun/javafx/css/BitSet equals (Ljava/lang/Object;)Z 1050 818 12233 0 480
ciMethod com/sun/javafx/css/BitSet getT (I)Ljava/lang/Object; 0 0 1 0 -1
ciMethod com/sun/javafx/css/BitSet notifyObservers (Ljava/lang/Object;Z)V 392 0 858 0 -1
ciMethod javafx/css/CssMetaData isSettable (Ljavafx/css/Styleable;)Z 0 0 1 0 -1
ciMethod javafx/css/CssMetaData getStyleableProperty (Ljavafx/css/Styleable;)Ljavafx/css/StyleableProperty; 0 0 1 0 -1
ciMethod javafx/css/CssMetaData getProperty ()Ljava/lang/String; 280 0 140 0 0
ciMethod javafx/css/CssMetaData getConverter ()Ljavafx/css/StyleConverter; 274 0 137 0 -1
ciMethod javafx/css/CssMetaData getInitialValue (Ljavafx/css/Styleable;)Ljava/lang/Object; 0 0 1 0 -1
ciMethod javafx/css/CssMetaData getSubProperties ()Ljava/util/List; 278 0 139 0 -1
ciMethod javafx/css/CssMetaData isInherits ()Z 462 0 231 0 -1
ciMethod com/sun/javafx/css/StyleManager getInstance ()Lcom/sun/javafx/css/StyleManager; 512 0 28132 0 64
ciMethod com/sun/javafx/css/StyleManager getCacheContainer (Ljavafx/css/Styleable;Ljavafx/scene/SubScene;)Lcom/sun/javafx/css/StyleManager$CacheContainer; 512 0 11838 0 1728
ciMethod com/sun/javafx/css/StyleManager getSharedCache (Ljavafx/css/Styleable;Ljavafx/scene/SubScene;Lcom/sun/javafx/css/StyleCache$Key;)Lcom/sun/javafx/css/StyleCache; 396 0 2237 0 0
ciMethod com/sun/javafx/css/StyleManager getStyleMap (Ljavafx/css/Styleable;Ljavafx/scene/SubScene;I)Lcom/sun/javafx/css/StyleMap; 840 0 23586 0 -1
ciMethod com/sun/javafx/css/StyleManager getErrors ()Ljavafx/collections/ObservableList; 0 0 1 0 0
ciMethod com/sun/javafx/collections/SetListenerHelper hasListeners (Lcom/sun/javafx/collections/SetListenerHelper;)Z 1076 0 11269 0 -1
ciMethodData com/sun/javafx/css/BitSet <init> ()V 2 63999 orig 80 0 0 0 0 0 0 0 0 0 0 0 0 255 127 0 0 0 0 0 0 0 0 0 0 0 0 0 0 0 0 0 0 0 0 0 0 0 0 0 0 0 0 0 0 0 0 0 0 0 0 0 0 0 0 0 0 0 0 0 0 0 0 0 0 0 0 0 0 0 0 0 0 0 0 0 0 0 0 0 0 data 9 0x10002 0xf7cc 0x0 0x0 0x0 0x0 0x9 0x1 0x0 oops 0 methods 0
ciMethodData com/sun/javafx/css/PseudoClassState <init> ()V 2 42175 orig 80 0 0 0 0 0 0 0 0 0 0 0 0 0 0 0 0 0 0 0 0 0 0 0 0 0 0 0 0 0 0 0 0 0 0 0 0 0 0 0 0 0 0 0 0 0 0 0 0 0 0 0 0 0 0 0 0 0 0 0 0 0 0 0 0 0 0 0 0 0 0 0 0 0 0 0 0 0 0 0 0 data 7 0x10002 0xa261 0x0 0x0 0x9 0x1 0x0 oops 0 methods 0
ciMethod javafx/css/ParsedValue getValue ()Ljava/lang/Object; 272 0 136 0 -1
ciMethod javafx/css/StyleConverter convert (Ljava/util/Map;)Ljava/lang/Object; 0 0 1 0 -1
ciMethodData com/sun/javafx/css/BitSet hashCode ()I 2 12856 orig 80 0 0 0 0 0 0 0 0 0 0 0 0 255 127 0 0 0 0 0 0 0 0 0 0 0 0 0 0 0 0 0 0 0 0 0 0 0 0 0 0 0 0 0 0 0 0 0 0 0 0 0 0 0 0 0 0 0 0 0 0 0 0 0 0 0 0 0 0 0 0 0 0 0 0 0 0 0 0 0 0 data 18 0x80007 0x1df8 0x58 0xbd9 0x130007 0xbd9 0x38 0x2f3f 0x2d0003 0x2f3f 0xffffffffffffffe0 0x0 0x0 0x0 0x0 0x9 0x1 0x0 oops 0 methods 0
ciMethodData com/sun/javafx/css/BitSet equals (Ljava/lang/Object;)Z 2 12233 orig 80 0 0 0 0 0 0 0 0 0 0 0 0 255 127 0 0 0 0 0 0 0 0 0 0 0 0 0 0 0 0 0 0 0 0 0 0 0 0 0 0 0 0 0 0 0 0 0 0 0 0 0 0 0 0 0 0 0 0 0 0 0 0 0 0 0 0 0 0 0 0 0 0 0 0 0 0 0 0 0 0 data 72 0x20007 0x2dbc 0x20 0x0 0x80007 0x0 0xb0 0x2dbc 0xc0005 0x2dbc 0x0 0x0 0x0 0x0 0x0 0x100005 0x2dbc 0x0 0x0 0x0 0x0 0x0 0x130007 0x2dbc 0x20 0x0 0x190004 0x0 0x0 0x223323eef00 0xc4e 0x2233245c070 0x216e 0x210007 0x0 0x38 0x2dbc 0x290003 0x2dbc 0x18 0x320007 0x0 0x38 0x2dbc 0x3a0003 0x2dbc 0x18 0x430007 0x2dbc 0x20 0x0 0x4e0007 0x2bdc 0x58 0x2418 0x680007 0x2238 0x20 0x1e0 0x700003 0x2238 0xffffffffffffffc0 0x0 0x0 0x0 0x0 0x0 0x0 0x9 0x2 0x0 0x0 oops 2 29 com/sun/javafx/css/StyleClassSet 31 com/sun/javafx/css/PseudoClassState methods 0
ciMethod javafx/css/converter/FontConverter getInstance ()Ljavafx/css/StyleConverter; 536 0 17684 0 -1
ciMethodData javafx/beans/property/ObjectPropertyBase get ()Ljava/lang/Object; 2 254980 orig 80 0 0 0 0 0 0 0 0 0 0 0 0 255 127 0 0 0 0 0 0 0 0 0 0 0 0 0 0 0 0 0 0 0 0 0 0 0 0 0 0 0 0 0 0 0 0 0 0 0 0 0 0 0 0 0 0 0 0 0 0 0 0 0 0 0 0 0 0 0 0 0 0 0 0 0 0 0 0 0 0 data 23 0x90007 0x1646 0x38 0x3ccbe 0x100003 0x3ccbe 0x50 0x170005 0xed 0x0 0x2231e60e730 0x25f 0x2231e60e7e0 0x12fa 0x0 0x0 0x0 0x0 0x0 0x0 0x9 0x1 0x0 oops 2 10 javafx/scene/control/Labeled$14 12 javafx/scene/control/Labeled$6 methods 0
ciMethodData javafx/scene/Node getParent ()Ljavafx/scene/Parent; 2 179587 orig 80 0 0 0 0 0 0 0 0 0 0 0 0 255 127 0 0 0 0 0 0 0 0 0 0 0 0 0 0 0 0 0 0 0 0 0 0 0 0 0 0 0 0 0 0 0 0 0 0 0 0 0 0 0 0 0 0 0 0 0 0 0 0 0 0 0 0 0 0 0 0 0 0 0 0 0 0 0 0 0 0 data 30 0x40007 0x28186 0x38 0x3af8 0x80003 0x3af8 0x88 0xf0005 0x0 0x0 0x223304c8990 0x28186 0x0 0x0 0x120104 0x0 0x0 0x2231e609d10 0xeab4 0x223328c1770 0x24e4 0x0 0x0 0x0 0x0 0x0 0x0 0x9 0x1 0x0 oops 3 10 javafx/scene/Node$2 17 javafx/scene/layout/VBox 19 javafx/scene/layout/HBox methods 0
ciMethodData java/util/WeakHashMap get (Ljava/lang/Object;)Ljava/lang/Object; 2 20360 orig 80 1 0 0 0 0 0 0 0 0 0 0 0 255 127 0 0 0 0 0 0 0 0 0 0 0 0 0 0 0 0 0 0 0 0 0 0 0 0 0 0 0 0 0 0 0 0 0 0 0 0 0 0 0 0 0 0 0 0 0 0 0 0 0 0 0 0 0 0 0 0 0 0 0 0 0 0 0 0 0 0 data 50 0x10002 0x4e83 0x70005 0x4e83 0x0 0x0 0x0 0x0 0x0 0xc0005 0x4e83 0x0 0x0 0x0 0x0 0x0 0x150002 0x4e83 0x230007 0x255e 0xb0 0x2948 0x2c0007 0x23 0x78 0x2925 0x330005 0x2925 0x0 0x0 0x0 0x0 0x0 0x360007 0x0 0x20 0x2929 0x460003 0x23 0xffffffffffffff68 0x0 0x0 0x0 0x0 0x0 0x0 0x9 0x2 0xc 0x0 oops 0 methods 0
ciMethodData java/lang/String format (Ljava/lang/String;[Ljava/lang/Object;)Ljava/lang/String; 1 407 orig 80 0 0 0 0 0 0 0 0 0 0 0 0 0 0 0 0 0 0 0 0 0 0 0 0 0 0 0 0 0 0 0 0 0 0 0 0 0 0 0 0 0 0 0 0 0 0 0 0 0 0 0 0 0 0 0 0 0 0 0 0 0 0 0 0 0 0 0 0 0 0 0 0 0 0 0 0 0 0 0 0 data 26 0x40002 0x197 0x90005 0x197 0x0 0x0 0x0 0x0 0x0 0xc0005 0x197 0x0 0x0 0x0 0x0 0x0 0x0 0x0 0x0 0x0 0x0 0x0 0x9 0x2 0xffffffffffffffff 0xffffffffffffffff oops 0 methods 0
ciMethodData java/util/Arrays$ArrayList get (I)Ljava/lang/Object; 2 2654 orig 80 0 0 0 0 0 0 0 0 0 0 0 0 255 127 0 0 0 0 0 0 0 0 0 0 0 0 0 0 0 0 0 0 0 0 0 0 0 0 0 0 0 0 0 0 0 0 0 0 0 0 0 0 0 0 0 0 0 0 0 0 0 0 0 0 0 0 0 0 0 0 0 0 0 0 0 0 0 0 0 0 data 8 0x0 0x0 0x0 0x0 0x9 0x2 0x0 0x0 oops 0 methods 0
ciMethod javafx/scene/CssStyleHelper getStyleMap (Ljavafx/css/Styleable;)Lcom/sun/javafx/css/StyleMap; 544 0 24870 0 128
ciMethod javafx/scene/CssStyleHelper getTransitionStates (Ljavafx/scene/Node;)[Ljava/util/Set; 768 9288 1667 0 2880
ciMethod javafx/scene/CssStyleHelper transitionToState (Ljavafx/scene/Node;)V 2692 94250 2243 0 -1
ciMethod javafx/scene/CssStyleHelper getStyle (Ljavafx/css/Styleable;Ljava/lang/String;Lcom/sun/javafx/css/StyleMap;Ljava/util/Set;)Lcom/sun/javafx/css/CascadingStyle; 73956 5108 51392 0 -1
ciMethod javafx/scene/CssStyleHelper lookup (Ljavafx/css/Styleable;Ljavafx/css/CssMetaData;Lcom/sun/javafx/css/StyleMap;Ljava/util/Set;Ljavafx/css/Styleable;Lcom/sun/javafx/css/CalculatedValue;)Lcom/sun/javafx/css/CalculatedValue; 846 176 17679 0 -1
ciMethod javafx/scene/CssStyleHelper handleNoStyleFound (Ljavafx/css/Styleable;Ljavafx/css/CssMetaData;Lcom/sun/javafx/css/StyleMap;Ljava/util/Set;Ljavafx/css/Styleable;Lcom/sun/javafx/css/CalculatedValue;)Lcom/sun/javafx/css/CalculatedValue; 574 0 16561 0 -1
ciMethod javafx/scene/CssStyleHelper getInheritedStyle (Ljavafx/css/Styleable;Ljava/lang/String;)Lcom/sun/javafx/css/CascadingStyle; 6 0 7 0 -1
ciMethod javafx/scene/CssStyleHelper formatExceptionMessage (Ljavafx/css/Styleable;Ljavafx/css/CssMetaData;Ljavafx/css/Style;Ljava/lang/Exception;)Ljava/lang/String; 0 0 1 0 -1
ciMethod javafx/scene/CssStyleHelper calculateValue (Lcom/sun/javafx/css/CascadingStyle;Ljavafx/css/Styleable;Ljavafx/css/CssMetaData;Lcom/sun/javafx/css/StyleMap;Ljava/util/Set;Ljavafx/css/Styleable;Lcom/sun/javafx/css/CalculatedValue;)Lcom/sun/javafx/css/CalculatedValue; 42 0 3481 0 -1
ciMethod javafx/scene/CssStyleHelper getCachedFont (Ljavafx/css/Styleable;)Lcom/sun/javafx/css/CalculatedValue; 4110 0 4108 0 0
ciMethod javafx/scene/CssStyleHelper getFontPosture (Ljavafx/scene/text/Font;)Ljavafx/scene/text/FontPosture; 412 0 889 0 -1
ciMethod javafx/scene/CssStyleHelper getFontWeight (Ljavafx/scene/text/Font;)Ljavafx/scene/text/FontWeight; 266 0 590 0 -1
ciMethod javafx/scene/CssStyleHelper getFontFamily (Ljavafx/scene/text/Font;)Ljava/lang/String; 216 0 434 0 -1
ciMethod javafx/scene/CssStyleHelper deriveFont (Ljavafx/scene/text/Font;Ljava/lang/String;Ljavafx/scene/text/FontWeight;Ljavafx/scene/text/FontPosture;D)Ljavafx/scene/text/Font; 396 0 832 0 -1
ciMethod javafx/scene/CssStyleHelper lookupFont (Ljavafx/css/Styleable;Ljava/lang/String;Lcom/sun/javafx/css/StyleMap;Lcom/sun/javafx/css/CalculatedValue;)Lcom/sun/javafx/css/CalculatedValue; 3448 53296 1623 0 -1
ciMethod javafx/scene/CssStyleHelper lookupInheritedFontProperty (Ljavafx/css/Styleable;Ljava/lang/String;Lcom/sun/javafx/css/StyleMap;ILcom/sun/javafx/css/CascadingStyle;)Lcom/sun/javafx/css/CascadingStyle; 4114 48186 2451 0 -1
ciMethod com/sun/javafx/util/Logging getCSSLogger ()Lcom/sun/javafx/logging/PlatformLogger; 4 0 2 0 0
ciMethod com/sun/javafx/logging/PlatformLogger getSystemLoggerLevel (Lcom/sun/javafx/logging/PlatformLogger$Level;)Ljava/lang/System$Logger$Level; 1810 0 9443 0 -1
ciMethod com/sun/javafx/logging/PlatformLogger getLogger (Ljava/lang/String;)Lcom/sun/javafx/logging/PlatformLogger; 10 0 5 0 -1
ciMethod com/sun/javafx/logging/PlatformLogger isLoggable (Lcom/sun/javafx/logging/PlatformLogger$Level;)Z 1798 0 13070 0 384
ciMethod com/sun/javafx/logging/PlatformLogger severe (Ljava/lang/String;)V 0 0 1 0 0
ciMethod com/sun/javafx/logging/PlatformLogger warning (Ljava/lang/String;)V 0 0 1 0 0
ciMethod com/sun/javafx/logging/PlatformLogger fine (Ljava/lang/String;Ljava/lang/Throwable;)V 0 0 1 0 -1
ciMethod com/sun/javafx/css/StyleManager$CacheContainer <init> ()V 2 0 12 0 0
ciMethod com/sun/javafx/css/StyleManager$CacheContainer getStyleCache ()Ljava/util/Map; 768 0 2237 0 0
ciMethodData com/sun/javafx/logging/PlatformLogger isLoggable (Lcom/sun/javafx/logging/PlatformLogger$Level;)Z 2 13329 orig 80 0 0 0 0 0 0 0 0 0 0 0 0 0 0 0 0 0 0 0 0 0 0 0 0 0 0 0 0 0 0 0 0 0 0 0 0 0 0 0 0 0 0 0 0 0 0 0 0 0 0 0 0 0 0 0 0 0 0 0 0 0 0 0 0 0 0 0 0 0 0 0 0 0 0 0 0 0 0 0 0 data 30 0x10007 0x308e 0x30 0x0 0x80002 0x0 0x120005 0x308e 0x0 0x0 0x0 0x0 0x0 0x150005 0x0 0x0 0x223304c9f20 0x308e 0x0 0x0 0x0 0x0 0x0 0x0 0x0 0x0 0x9 0x2 0x0 0x0 oops 1 16 sun/util/logging/internal/LoggingProviderImpl$JULWrapper methods 0
ciMethodData com/sun/javafx/logging/PlatformLogger warning (Ljava/lang/String;)V 1 0 orig 80 0 0 0 0 0 0 0 0 0 0 0 0 0 0 0 0 0 0 0 0 0 0 0 0 0 0 0 0 0 0 0 0 0 0 0 0 0 0 0 0 0 0 0 0 0 0 0 0 0 0 0 0 0 0 0 0 0 0 0 0 0 0 0 0 0 0 0 0 0 0 0 0 0 0 0 0 0 0 0 0 data 28 0x40007 0x0 0x20 0x0 0x110004 0x0 0x0 0x0 0x0 0x0 0x0 0x140005 0x0 0x0 0x0 0x0 0x0 0x0 0x0 0x0 0x0 0x0 0x0 0x0 0x9 0x2 0x0 0xffffffffffffffff oops 0 methods 0
ciMethodData com/sun/javafx/css/StyleManager getErrors ()Ljavafx/collections/ObservableList; 1 0 orig 80 0 0 0 0 0 0 0 0 0 0 0 0 0 0 0 0 0 0 0 0 0 0 0 0 0 0 0 0 0 0 0 0 0 0 0 0 0 0 0 0 0 0 0 0 0 0 0 0 0 0 0 0 0 0 0 0 0 0 0 0 0 0 0 0 0 0 0 0 0 0 0 0 0 0 0 0 0 0 0 0 data 4 0x0 0x0 0x9 0x0 oops 0 methods 0
ciMethod com/sun/javafx/css/StyleMap isEmpty ()Z 512 0 5485 0 224
ciMethod com/sun/javafx/css/CascadingStyle getOrigin ()Ljavafx/css/StyleOrigin; 96 0 7549 0 -1
ciMethod com/sun/javafx/css/CascadingStyle getParsedValue ()Ljavafx/css/ParsedValue; 102 0 10744 0 -1
ciMethod com/sun/javafx/css/CascadingStyle compareTo (Lcom/sun/javafx/css/CascadingStyle;)I 14 0 1922 0 -1
ciMethod javafx/scene/CssStyleHelper$CacheContainer getStyleMap (Ljavafx/css/Styleable;)Lcom/sun/javafx/css/StyleMap; 544 0 23586 0 6528
ciMethod com/sun/javafx/css/StyleCache$Key <init> ([II)V 418 0 1550 0 0
ciMethod com/sun/javafx/css/StyleCache$Key <init> (Lcom/sun/javafx/css/StyleCache$Key;)V 414 0 491 0 0
ciMethod com/sun/javafx/css/StyleCache$Key hashCode ()I 888 4124 2735 0 0
ciMethod com/sun/javafx/css/StyleCache$Key equals (Ljava/lang/Object;)Z 768 5756 1755 0 0
ciMethodData javafx/scene/Node getScene ()Ljavafx/scene/Scene; 2 156006 orig 80 0 0 0 0 0 0 0 0 0 0 0 0 255 127 0 0 0 0 0 0 0 0 0 0 0 0 0 0 0 0 0 0 0 0 0 0 0 0 0 0 0 0 0 0 0 0 0 0 0 0 0 0 0 0 0 0 0 0 0 0 0 0 0 0 0 0 0 0 0 0 0 0 0 0 0 0 0 0 0 0 data 23 0x40005 0x0 0x0 0x2231e60cb30 0x25fe1 0x0 0x0 0x70104 0x0 0x0 0x2231e608580 0x23115 0x2231e60d010 0x10c 0x0 0x0 0x0 0x0 0x0 0x0 0x9 0x1 0x0 oops 3 3 javafx/scene/Node$ReadOnlyObjectWrapperManualFire 10 javafx/scene/Scene 12 javafx/scene/Scene$2$1 methods 0
ciMethodData com/sun/javafx/css/PseudoClassState addAll (Ljava/util/Collection;)Z 2 29916 orig 80 0 0 0 0 0 0 0 0 0 0 0 0 255 127 0 0 0 0 0 0 0 0 0 0 0 0 0 0 0 0 0 0 0 0 0 0 0 0 0 0 0 0 0 0 0 0 0 0 0 0 0 0 0 0 0 0 0 0 0 0 0 0 0 0 0 0 0 0 0 0 0 0 0 0 0 0 0 0 0 0 data 8 0x20002 0x73d8 0x0 0x0 0x9 0x2 0x0 0x0 oops 0 methods 0
ciMethodData com/sun/javafx/css/BitSet addAll (Ljava/util/Collection;)Z 2 21775 orig 80 0 0 0 0 0 0 0 0 0 0 0 0 0 0 0 0 0 0 0 0 0 0 0 0 0 0 0 0 0 0 0 0 0 0 0 0 0 0 0 0 0 0 0 0 0 0 0 0 0 0 0 0 0 0 0 0 0 0 0 0 0 0 0 0 0 0 0 0 0 0 0 0 0 0 0 0 0 0 0 0 data 149 0x10007 0xe 0xb0 0x53f9 0x50005 0x53f9 0x0 0x0 0x0 0x0 0x0 0x90005 0x53f9 0x0 0x0 0x0 0x0 0x0 0xc0007 0x53f9 0x20 0x0 0x140004 0x0 0x0 0x2233245c070 0x53f9 0x0 0x0 0x320007 0x4b92 0x38 0x867 0x370003 0x867 0x18 0x400007 0x4262 0x38 0x1197 0x470003 0x1197 0x18 0x560007 0x53f9 0x100 0x1197 0x5e0007 0x867 0x90 0x930 0x660007 0x598 0x70 0x398 0x850007 0x156 0x38 0x242 0x890003 0x242 0x18 0x8f0003 0x398 0x50 0x970007 0x867 0x38 0x598 0xa80003 0x598 0x18 0xba0003 0x1197 0xffffffffffffff18 0xbe0007 0x4950 0x1e0 0xaa9 0xc50002 0xaa9 0xc80007 0xaa9 0x1b0 0x0 0xd20007 0x0 0x190 0x0 0xdd0007 0x0 0x58 0x0 0xe50007 0x0 0x38 0x0 0xf90003 0x0 0x50 0x1010007 0x0 0x38 0x0 0x1040003 0x0 0xe0 0x1150007 0x0 0xc8 0x0 0x1260007 0x0 0x90 0x0 0x1320005 0x0 0x0 0x0 0x0 0x0 0x0 0x13b0005 0x0 0x0 0x0 0x0 0x0 0x0 0x1410003 0x0 0xffffffffffffff50 0x1470003 0x0 0xfffffffffffffe88 0x0 0x0 0x0 0x0 0x0 0x0 0x0 0x0 0x0 0x0 0x9 0x2 0x0 0x0 oops 1 25 com/sun/javafx/css/PseudoClassState methods 0
ciMethod com/sun/javafx/css/StyleCache <init> ()V 414 0 491 0 0
ciMethod com/sun/javafx/css/StyleCache getStyleCacheEntry (Lcom/sun/javafx/css/StyleCacheEntry$Key;)Lcom/sun/javafx/css/StyleCacheEntry; 396 0 1095 0 0
ciMethod com/sun/javafx/css/StyleCache addStyleCacheEntry (Lcom/sun/javafx/css/StyleCacheEntry$Key;Lcom/sun/javafx/css/StyleCacheEntry;)V 232 0 329 0 0
ciMethod com/sun/javafx/css/StyleCacheEntry$Key <init> ([Ljava/util/Set;Ljavafx/scene/text/Font;)V 518 1532 2358 0 1376
ciMethod com/sun/javafx/css/StyleCacheEntry$Key hashCode (D)I 522 0 4296 0 0
ciMethod com/sun/javafx/css/StyleCacheEntry$Key hashCode ()I 838 2282 4442 0 640
ciMethod com/sun/javafx/css/StyleCacheEntry$Key equals (Ljava/lang/Object;)Z 5848 45998 4928 0 0
ciMethod com/sun/javafx/css/CalculatedValue <init> (Ljava/lang/Object;Ljavafx/css/StyleOrigin;Z)V 132 0 5094 0 0
ciMethod com/sun/javafx/css/CalculatedValue getValue ()Ljava/lang/Object; 312 0 156 0 0
ciMethod com/sun/javafx/css/CalculatedValue getOrigin ()Ljavafx/css/StyleOrigin; 270 0 135 0 0
ciMethod com/sun/javafx/css/CalculatedValue isRelative ()Z 274 0 137 0 -1
ciMethod com/sun/javafx/css/StyleCacheEntry <init> ()V 232 0 329 0 0
ciMethod com/sun/javafx/css/StyleCacheEntry get (Ljava/lang/String;)Lcom/sun/javafx/css/CalculatedValue; 536 0 17805 0 1824
ciMethod com/sun/javafx/css/StyleCacheEntry put (Ljava/lang/String;Lcom/sun/javafx/css/CalculatedValue;)V 794 0 1035 0 0
ciMethodData com/sun/javafx/css/StyleMap isEmpty ()Z 2 5485 orig 80 0 0 0 0 0 0 0 0 0 0 0 0 255 127 0 0 0 0 0 0 0 0 0 0 0 0 0 0 0 0 0 0 0 0 0 0 0 0 0 0 0 0 0 0 0 0 0 0 0 0 0 0 0 0 0 0 0 0 0 0 0 0 0 0 0 0 0 0 0 0 0 0 0 0 0 0 0 0 0 0 data 31 0x40007 0x13df 0x58 0x8e 0xb0005 0x0 0x0 0x22318050280 0x5f 0x223301bff60 0x2f 0x150007 0x0 0x58 0x13df 0x1c0005 0x0 0x0 0x223328c1560 0x13df 0x0 0x0 0x0 0x0 0x0 0x0 0x0 0x0 0x9 0x1 0x0 oops 3 7 java/util/ArrayList 9 java/util/Collections$EmptyList 18 java/util/HashMap methods 0
ciMethodData com/sun/javafx/css/StyleCacheEntry get (Ljava/lang/String;)Lcom/sun/javafx/css/CalculatedValue; 2 17805 orig 80 0 0 0 0 0 0 0 0 0 0 0 0 255 127 0 0 0 0 0 0 0 0 0 0 0 0 0 0 0 0 0 0 0 0 0 0 0 0 0 0 0 0 0 0 0 0 0 0 0 0 0 0 0 0 0 0 0 0 0 0 0 0 0 0 0 0 0 0 0 0 0 0 0 0 0 0 0 0 0 0 data 39 0x60007 0xd39 0xe8 0x3748 0xd0005 0x0 0x0 0x223328c1560 0x3748 0x0 0x0 0x120007 0x0 0x90 0x3748 0x1a0005 0x0 0x0 0x223328c1560 0x3748 0x0 0x0 0x1f0104 0x0 0x0 0x223328c1610 0x2fe 0x0 0x0 0x0 0x0 0x0 0x0 0x0 0x0 0x9 0x2 0x0 0xffffffffffffffff oops 3 7 java/util/HashMap 18 java/util/HashMap 25 com/sun/javafx/css/CalculatedValue methods 0
ciMethodData javafx/scene/Scene getRoot ()Ljavafx/scene/Parent; 2 23749 orig 80 0 0 0 0 0 0 0 0 0 0 0 0 255 127 0 0 0 0 0 0 0 0 0 0 0 0 0 0 0 0 0 0 0 0 0 0 0 0 0 0 0 0 0 0 0 0 0 0 0 0 0 0 0 0 0 0 0 0 0 0 0 0 0 0 0 0 0 0 0 0 0 0 0 0 0 0 0 0 0 0 data 30 0x40007 0x5bc0 0x38 0x0 0x80003 0x0 0x88 0xf0005 0x0 0x0 0x2231e089a80 0x5bc0 0x0 0x0 0x120004 0x0 0x0 0x2231e089b30 0x232c 0x2231e089be0 0xaa 0x0 0x0 0x0 0x0 0x0 0x0 0x9 0x1 0x0 oops 3 10 javafx/scene/Scene$8 17 javafx/scene/layout/StackPane 19 javafx/scene/layout/Pane methods 0
ciMethodData javafx/scene/CssStyleHelper lookup (Ljavafx/css/Styleable;Ljavafx/css/CssMetaData;Lcom/sun/javafx/css/StyleMap;Ljava/util/Set;Ljavafx/css/Styleable;Lcom/sun/javafx/css/CalculatedValue;)Lcom/sun/javafx/css/CalculatedValue; 2 17679 orig 80 0 0 0 0 0 0 0 0 0 0 0 0 255 127 0 0 0 0 0 0 0 0 0 0 0 0 0 0 0 0 0 0 0 0 0 0 0 0 0 0 0 0 0 0 0 0 0 0 0 0 0 0 0 0 0 0 0 0 0 0 0 0 0 0 0 0 0 0 0 0 0 0 0 0 0 0 0 0 0 0 data 417 0x10005 0x4368 0x0 0x0 0x0 0x0 0x0 0x40002 0x4368 0x70007 0x42e1 0x90 0x87 0xd0005 0x87 0x0 0x0 0x0 0x0 0x0 0x130005 0x87 0x0 0x0 0x0 0x0 0x0 0x180005 0x42e1 0x0 0x0 0x0 0x0 0x0 0x240005 0x42e1 0x0 0x0 0x0 0x0 0x0 0x2a0005 0x42e1 0x0 0x0 0x0 0x0 0x0 0x310007 0x4119 0x70 0x1c8 0x360005 0x0 0x0 0x223328c1980 0x1c8 0x0 0x0 0x3b0003 0x1c8 0x18 0x430007 0x336 0x808 0x3fab 0x480007 0x1c8 0x58 0x3de3 0x550005 0x3de3 0x0 0x0 0x0 0x0 0x0 0x690007 0x1c8 0x3e0 0xf51 0x700005 0x0 0x0 0x223328c1980 0xf51 0x0 0x0 0x750004 0x0 0x0 0x22332075d50 0xf51 0x0 0x0 0x850005 0xf51 0x0 0x0 0x0 0x0 0x0 0x8f0007 0xe1a 0x300 0x137 0x940007 0xb2 0x30 0x85 0x9b0002 0x85 0xa60005 0x137 0x0 0x0 0x0 0x0 0x0 0xa90005 0x0 0x0 0x223328c1560 0x137 0x0 0x0 0xb10007 0x85 0x120 0xb2 0xb60005 0xb2 0x0 0x0 0x0 0x0 0x0 0xb90007 0x0 0xc8 0xb2 0xc00005 0xb2 0x0 0x0 0x0 0x0 0x0 0xc30005 0xb2 0x0 0x0 0x0 0x0 0x0 0xc60007 0xaf 0xc8 0x3 0xc90003 0x3 0x70 0xce0005 0x85 0x0 0x0 0x0 0x0 0x0 0xd10007 0x0 0x58 0x85 0xd60005 0x88 0x0 0x0 0x0 0x0 0x0 0xdd0007 0x0 0x78 0x137 0xe20005 0x137 0x0 0x0 0x0 0x0 0x0 0xe50007 0x137 0x38 0x0 0xe90003 0x0 0x18 0xf20003 0xf51 0xfffffffffffffc38 0xf70007 0x143 0x78 0x85 0xfc0005 0x0 0x0 0x223328c1560 0x85 0x0 0x0 0x1010007 0x85 0x58 0x0 0x10e0005 0x143 0x0 0x0 0x0 0x0 0x0 0x1130005 0x85 0x0 0x0 0x0 0x0 0x0 0x11c0005 0x0 0x0 0x22332075e00 0x63 0x22332075eb0 0x22 0x12b0002 0x85 0x1370005 0x0 0x0 0x0 0x0 0x0 0x0 0x13f0002 0x0 0x1450007 0x0 0x68 0x0 0x1500002 0x0 0x1590005 0x0 0x0 0x0 0x0 0x0 0x0 0x1650005 0x0 0x0 0x0 0x0 0x0 0x0 0x1680007 0x0 0x198 0x0 0x1700005 0x0 0x0 0x0 0x0 0x0 0x0 0x17b0005 0x0 0x0 0x0 0x0 0x0 0x0 0x182000a 0x0 0x3 0x0 0x0 0x2231804ce50 0x1870005 0x0 0x0 0x0 0x0 0x0 0x0 0x18e0005 0x0 0x0 0x0 0x0 0x0 0x0 0x191000a 0x0 0x3 0x0 0x0 0x2231804ce50 0x1960005 0x0 0x0 0x0 0x0 0x0 0x0 0x19f0005 0x0 0x0 0x223273870b0 0x336 0x0 0x0 0x1a50007 0x132 0xd0 0x204 0x1ab0005 0x180 0x0 0x22332075f60 0x42 0x22332076010 0x42 0x1b20007 0xa5 0x78 0x15f 0x1b70005 0xdb 0x0 0x223328c2060 0x42 0x223320760c0 0x42 0x1bf0007 0x15f 0x20 0x0 0x1c80005 0x0 0x0 0x223273870b0 0x336 0x0 0x0 0x1cf0007 0x0 0x108 0x336 0x1d70005 0x336 0x0 0x0 0x0 0x0 0x0 0x1da0005 0x336 0x0 0x0 0x0 0x0 0x0 0x1dd0007 0x333 0x78 0x3 0x1e40005 0x3 0x0 0x0 0x0 0x0 0x0 0x1eb0007 0x0 0x20 0x3 0x1fe0005 0x333 0x0 0x0 0x0 0x0 0x0 0x0 0x0 0x0 0x0 0x0 0x0 0x0 0x0 0x0 0x9 0x7 0x0 0x0 0x0 0x0 0x0 0x0 0x0 oops 15 55 java/util/Collections$UnmodifiableRandomAccessList 84 java/util/Collections$UnmodifiableRandomAccessList 91 com/sun/javafx/css/SubCssMetaData 122 java/util/HashMap 208 java/util/HashMap 233 javafx/scene/layout/BackgroundConverter 235 javafx/scene/layout/BorderConverter 291 java/lang/String 311 java/lang/String 322 com/sun/javafx/css/CascadingStyle 333 javafx/scene/text/Text$StyleableProperties$6 335 javafx/scene/text/Text$StyleableProperties$8 344 javafx/scene/text/Text$9 346 javafx/scene/text/Text$7 355 com/sun/javafx/css/CascadingStyle methods 0
ciMethodData com/sun/javafx/css/CalculatedValue <init> (Ljava/lang/Object;Ljavafx/css/StyleOrigin;Z)V 2 5229 orig 80 0 0 0 0 0 0 0 0 0 0 0 0 0 0 0 0 0 0 0 0 0 0 0 0 0 0 0 0 0 0 0 0 0 0 0 0 0 0 0 0 0 0 0 0 0 0 0 0 0 0 0 0 0 0 0 0 0 0 0 0 0 0 0 0 0 0 0 0 0 0 0 0 0 0 0 0 0 0 0 0 data 12 0x10002 0x142b 0x0 0x0 0x0 0x0 0x9 0x4 0xe 0x0 0x0 0x0 oops 0 methods 0
ciMethodData com/sun/javafx/css/StyleManager getInstance ()Lcom/sun/javafx/css/StyleManager; 2 28132 orig 80 0 0 0 0 0 0 0 0 0 0 0 0 255 127 0 0 0 0 0 0 0 0 0 0 0 0 0 0 0 0 0 0 0 0 0 0 0 0 0 0 0 0 0 0 0 0 0 0 0 0 0 0 0 0 0 0 0 0 0 0 0 0 0 0 0 0 0 0 0 0 0 0 0 0 0 0 0 0 0 0 data 4 0x0 0x0 0x9 0x0 oops 0 methods 0
ciMethodData javafx/scene/CssStyleHelper lookupFont (Ljavafx/css/Styleable;Ljava/lang/String;Lcom/sun/javafx/css/StyleMap;Lcom/sun/javafx/css/CalculatedValue;)Lcom/sun/javafx/css/CalculatedValue; 1 25730 orig 80 0 0 0 0 0 0 0 0 0 0 0 0 0 0 0 0 0 0 0 0 0 0 0 0 0 0 0 0 0 0 0 0 0 0 0 0 0 0 0 0 0 0 0 0 0 0 0 0 0 0 0 0 0 0 0 0 0 0 0 0 0 0 0 0 0 0 0 0 0 0 0 0 0 0 0 0 0 0 0 0 data 1025 0x1c0004 0x0 0x0 0x223328c16c0 0x5c 0x223304c7060 0x16 0x1f0007 0x0 0x70 0x116 0x230004 0x0 0x0 0x223328c16c0 0x5c 0x223304c7060 0x16 0x290003 0x116 0x50 0x2d0005 0x0 0x0 0x0 0x0 0x0 0x0 0x3b0007 0x23 0x240 0xf3 0x460005 0x81 0x0 0x223304c7110 0x5c 0x223304c71c0 0x16 0x4d0005 0x81 0x0 0x223328c1fb0 0x5c 0x223304c7270 0x16 0x560005 0x81 0x0 0x223328c1fb0 0x5c 0x223304c7270 0x16 0x5b0004 0x0 0x0 0x223328c1820 0xf3 0x0 0x0 0x620007 0xf3 0x30 0x0 0x650002 0x0 0x6f0007 0xe2 0x110 0x11 0x790005 0x11 0x0 0x0 0x0 0x0 0x0 0x800005 0x11 0x0 0x0 0x0 0x0 0x0 0x880005 0x11 0x0 0x0 0x0 0x0 0x0 0x900005 0x11 0x0 0x0 0x0 0x0 0x0 0x9e0002 0x11 0xa50005 0xa4 0x0 0x223328c16c0 0x5c 0x223304c7060 0x16 0xaa0005 0x116 0x0 0x0 0x0 0x0 0x0 0xb10007 0x115 0x40 0x1 0xb80002 0x1 0xbd0002 0x1 0xc80005 0x116 0x0 0x0 0x0 0x0 0x0 0xcf0007 0x0 0x390 0x116 0xd70007 0x11 0x370 0x105 0xdb0007 0x0 0x70 0x105 0xdf0005 0xa4 0x0 0x223328c16c0 0x5c 0x223304c7060 0x5 0xe40003 0x105 0x18 0xec0007 0x105 0x2e0 0x994 0xf10004 0x0 0x0 0x2231e609c60 0x41 0x223328c1770 0x121 0xf40007 0x0 0x70 0x994 0xf90004 0x0 0x0 0x2231e609c60 0x41 0x223328c1770 0x121 0xff0003 0x994 0x18 0x1070007 0x47c 0x1c8 0x518 0x1110005 0x518 0x0 0x0 0x0 0x0 0x0 0x1180004 0x0 0x0 0x2231e609c60 0x41 0x2231e609d10 0x1f1 0x1290005 0x518 0x0 0x0 0x0 0x0 0x0 0x1300007 0x518 0x100 0x0 0x1350005 0x0 0x0 0x0 0x0 0x0 0x0 0x13f0005 0x0 0x0 0x0 0x0 0x0 0x0 0x1420005 0x0 0x0 0x0 0x0 0x0 0x0 0x1450007 0x0 0x38 0x0 0x14c0003 0x0 0x68 0x1510005 0x832 0x0 0x2231e609c60 0x41 0x223328c1770 0x121 0x1580003 0x994 0xfffffffffffffd38 0x15d0007 0x116 0x320 0x0 0x1620007 0x0 0xb0 0x0 0x1690005 0x0 0x0 0x0 0x0 0x0 0x0 0x16c0005 0x0 0x0 0x0 0x0 0x0 0x0 0x16f0007 0x0 0x270 0x0 0x17f0005 0x0 0x0 0x0 0x0 0x0 0x0 0x1860005 0x0 0x0 0x0 0x0 0x0 0x0 0x1890004 0x0 0x0 0x0 0x0 0x0 0x0 0x18c0007 0x0 0x1a8 0x0 0x1910005 0x0 0x0 0x0 0x0 0x0 0x0 0x1980005 0x0 0x0 0x0 0x0 0x0 0x0 0x19b0004 0x0 0x0 0x0 0x0 0x0 0x0 0x1a30005 0x0 0x0 0x0 0x0 0x0 0x0 0x1aa0005 0x0 0x0 0x0 0x0 0x0 0x0 0x1b20005 0x0 0x0 0x0 0x0 0x0 0x0 0x1ba0005 0x0 0x0 0x0 0x0 0x0 0x0 0x1cc0005 0x116 0x0 0x0 0x0 0x0 0x0 0x1d20005 0x116 0x0 0x0 0x0 0x0 0x0 0x1d90007 0xe2 0x178 0x34 0x1de0007 0x34 0x90 0x0 0x1e50005 0x0 0x0 0x0 0x0 0x0 0x0 0x1e80007 0x0 0x38 0x0 0x1ee0003 0x0 0x170 0x1f60007 0x34 0x158 0x0 0x1fe0005 0x0 0x0 0x0 0x0 0x0 0x0 0x2010005 0x0 0x0 0x0 0x0 0x0 0x0 0x2040007 0x0 0xc8 0x0 0x20a0003 0x0 0xa8 0x2120007 0x11 0x90 0xd1 0x21b0005 0xd1 0x0 0x0 0x0 0x0 0x0 0x2230005 0xd1 0x0 0x0 0x0 0x0 0x0 0x22a0007 0xb0 0x4c0 0x66 0x23a0005 0x66 0x0 0x0 0x0 0x0 0x0 0x2410005 0x66 0x0 0x0 0x0 0x0 0x0 0x2440004 0x0 0x0 0x22318050aa0 0x66 0x0 0x0 0x2470007 0x0 0x3f8 0x66 0x24c0007 0x66 0xb0 0x0 0x2530005 0x0 0x0 0x0 0x0 0x0 0x0 0x2560005 0x0 0x0 0x0 0x0 0x0 0x0 0x2590007 0x0 0x58 0x0 0x25e0005 0x66 0x0 0x0 0x0 0x0 0x0 0x2650005 0x66 0x0 0x0 0x0 0x0 0x0 0x2680004 0x0 0x0 0x22318050aa0 0x66 0x0 0x0 0x26b0005 0x66 0x0 0x0 0x0 0x0 0x0 0x2720007 0x3f 0x1b8 0x27 0x2770005 0x27 0x0 0x0 0x0 0x0 0x0 0x27a0007 0x0 0x78 0x27 0x27f0005 0x27 0x0 0x0 0x0 0x0 0x0 0x2820007 0x27 0x38 0x0 0x2860003 0x0 0x18 0x28f0005 0x27 0x0 0x0 0x0 0x0 0x0 0x2920004 0x0 0x0 0x223328c1820 0x27 0x0 0x0 0x29d0005 0x27 0x0 0x0 0x0 0x0 0x0 0x2ac0002 0x27 0x2b10003 0x27 0xa8 0x2b60005 0x3f 0x0 0x0 0x0 0x0 0x0 0x2bc0002 0x3f 0x2c70005 0x3f 0x0 0x0 0x0 0x0 0x0 0x2d60002 0x3f 0x2e00007 0x61 0x58 0xb5 0x2e50007 0x65 0x38 0x50 0x2ea0003 0x50 0x18 0x2f70005 0x61 0x0 0x0 0x0 0x0 0x0 0x2fd0005 0x61 0x0 0x0 0x0 0x0 0x0 0x3040007 0x3d 0xb0 0x24 0x3090007 0x24 0x120 0x0 0x3100005 0x0 0x0 0x0 0x0 0x0 0x0 0x3130007 0x0 0xc8 0x0 0x3190003 0x0 0xa8 0x3210007 0x0 0x90 0x3d 0x32a0005 0x3d 0x0 0x0 0x0 0x0 0x0 0x3320005 0x3d 0x0 0x0 0x0 0x0 0x0 0x3390007 0x1a 0x240 0x47 0x3480005 0x47 0x0 0x0 0x0 0x0 0x0 0x34f0005 0x47 0x0 0x0 0x0 0x0 0x0 0x3520004 0x0 0x0 0x22330350960 0x47 0x0 0x0 0x3550007 0x0 0x178 0x47 0x35a0007 0x20 0xb0 0x27 0x3610005 0x0 0x0 0x223273870b0 0x27 0x0 0x0 0x3640005 0x27 0x0 0x0 0x0 0x0 0x0 0x3670007 0x0 0x58 0x27 0x36c0005 0x47 0x0 0x0 0x0 0x0 0x0 0x3730005 0x47 0x0 0x0 0x0 0x0 0x0 0x3760004 0x0 0x0 0x22330350960 0x47 0x0 0x0 0x3840005 0x61 0x0 0x0 0x0 0x0 0x0 0x38a0005 0x61 0x0 0x0 0x0 0x0 0x0 0x3910007 0x61 0xb0 0x0 0x3960007 0x0 0x120 0x0 0x39d0005 0x0 0x0 0x0 0x0 0x0 0x0 0x3a00007 0x0 0xc8 0x0 0x3a60003 0x0 0xa8 0x3ae0007 0x0 0x90 0x61 0x3b70005 0x61 0x0 0x0 0x0 0x0 0x0 0x3bf0005 0x61 0x0 0x0 0x0 0x0 0x0 0x3c60007 0x61 0x240 0x0 0x3d50005 0x0 0x0 0x0 0x0 0x0 0x0 0x3dc0005 0x0 0x0 0x0 0x0 0x0 0x0 0x3df0004 0x0 0x0 0x0 0x0 0x0 0x0 0x3e20007 0x0 0x178 0x0 0x3e70007 0x0 0xb0 0x0 0x3ee0005 0x0 0x0 0x0 0x0 0x0 0x0 0x3f10005 0x0 0x0 0x0 0x0 0x0 0x0 0x3f40007 0x0 0x58 0x0 0x3f90005 0x0 0x0 0x0 0x0 0x0 0x0 0x4000005 0x0 0x0 0x0 0x0 0x0 0x0 0x4030004 0x0 0x0 0x0 0x0 0x0 0x0 0x4110005 0x61 0x0 0x0 0x0 0x0 0x0 0x4170005 0x61 0x0 0x0 0x0 0x0 0x0 0x41e0007 0x61 0xb0 0x0 0x4230007 0x0 0x120 0x0 0x42a0005 0x0 0x0 0x0 0x0 0x0 0x0 0x42d0007 0x0 0xc8 0x0 0x4330003 0x0 0xa8 0x43b0007 0x0 0x90 0x61 0x4440005 0x61 0x0 0x0 0x0 0x0 0x0 0x44c0005 0x61 0x0 0x0 0x0 0x0 0x0 0x4530007 0x0 0x240 0x61 0x4620005 0x61 0x0 0x0 0x0 0x0 0x0 0x4690005 0x61 0x0 0x0 0x0 0x0 0x0 0x46c0004 0x0 0x0 0x2231804ce50 0x61 0x0 0x0 0x46f0007 0x0 0x178 0x61 0x4740007 0x1a 0xb0 0x47 0x47b0005 0x0 0x0 0x223273870b0 0x47 0x0 0x0 0x47e0005 0x47 0x0 0x0 0x0 0x0 0x0 0x4810007 0x0 0x58 0x47 0x4860005 0x61 0x0 0x0 0x0 0x0 0x0 0x48d0005 0x61 0x0 0x0 0x0 0x0 0x0 0x4900004 0x0 0x0 0x2231804ce50 0x61 0x0 0x0 0x49a0007 0x0 0x120 0x61 0x49f0007 0x0 0xa8 0x61 0x4a40005 0x61 0x0 0x0 0x0 0x0 0x0 0x4a70004 0x0 0x0 0x223328c1820 0x61 0x0 0x0 0x4aa0003 0x61 0x28 0x4ad0002 0x0 0x4bd0005 0x61 0x0 0x0 0x0 0x0 0x0 0x4cb0002 0x61 0x0 0x0 0x0 0x0 0x0 0x0 0x0 0x0 0x0 0x0 0x0 0x0 0x0 0x0 0x0 0x0 0x0 0x0 0x0 0x9 0x5 0x0 0x0 0x0 0x0 0x0 oops 33 3 com/sun/javafx/scene/control/LabeledText 5 javafx/scene/text/Text 14 com/sun/javafx/scene/control/LabeledText 16 javafx/scene/text/Text 35 com/sun/javafx/scene/control/LabeledText$1 37 javafx/scene/text/Text$StyleableProperties$1 42 com/sun/javafx/scene/control/LabeledText$StyleablePropertyMirror 44 javafx/scene/text/Text$6 49 com/sun/javafx/scene/control/LabeledText$StyleablePropertyMirror 51 javafx/scene/text/Text$6 56 javafx/scene/text/Font 103 com/sun/javafx/scene/control/LabeledText 105 javafx/scene/text/Text 144 com/sun/javafx/scene/control/LabeledText 146 javafx/scene/text/Text 158 javafx/scene/control/Label 160 javafx/scene/layout/HBox 169 javafx/scene/control/Label 171 javafx/scene/layout/HBox 190 javafx/scene/control/Label 192 javafx/scene/layout/VBox 236 javafx/scene/control/Label 238 javafx/scene/layout/HBox 443 java/lang/Double 490 java/lang/Double 540 javafx/scene/text/Font 660 javafx/scene/text/FontWeight 675 com/sun/javafx/css/CascadingStyle 707 javafx/scene/text/FontWeight 912 java/lang/String 927 com/sun/javafx/css/CascadingStyle 959 java/lang/String 981 javafx/scene/text/Font methods 0
ciMethodData com/sun/javafx/css/StyleManager getCacheContainer (Ljavafx/css/Styleable;Ljavafx/scene/SubScene;)Lcom/sun/javafx/css/StyleManager$CacheContainer; 2 11838 orig 80 0 0 0 0 0 0 0 0 0 0 0 0 255 127 0 0 0 0 0 0 0 0 0 0 0 0 0 0 0 0 0 0 0 0 0 0 0 0 0 0 0 0 0 0 0 0 0 0 0 0 0 0 0 0 0 0 0 0 0 0 0 0 0 0 0 0 0 0 0 0 0 0 0 0 0 0 0 0 0 0 data 139 0x10007 0x2d3e 0x40 0x0 0x50007 0x0 0x20 0x0 0xd0007 0x2d3e 0x70 0x0 0x110005 0x0 0x0 0x0 0x0 0x0 0x0 0x150003 0x0 0x270 0x190004 0x0 0x0 0x2231e609c60 0x309 0x2231e609d10 0xf8f 0x1c0007 0x0 0x100 0x2d3e 0x200004 0x0 0x0 0x2231e609c60 0x309 0x2231e609d10 0xf8f 0x270005 0x2d3e 0x0 0x0 0x0 0x0 0x0 0x2e0007 0x0 0x58 0x2d3e 0x330005 0x2d3e 0x0 0x0 0x0 0x0 0x0 0x370003 0x2d3e 0x138 0x3b0004 0x0 0x0 0x0 0x0 0x0 0x0 0x3e0007 0x0 0xe8 0x0 0x420004 0x0 0x0 0x0 0x0 0x0 0x0 0x450005 0x0 0x0 0x0 0x0 0x0 0x0 0x4c0007 0x0 0x58 0x0 0x510005 0x0 0x0 0x0 0x0 0x0 0x0 0x560007 0x2d3e 0x20 0x0 0x660005 0x0 0x0 0x2231e609dc0 0x2d3e 0x0 0x0 0x6b0104 0x0 0x0 0x2233095ab30 0x2d33 0x0 0x0 0x720007 0x2d33 0x68 0xb 0x790002 0xb 0x840005 0x0 0x0 0x2231e609dc0 0xb 0x0 0x0 0x0 0x0 0x0 0x0 0x0 0x0 0x9 0x3 0x0 0x0 0x0 oops 7 25 javafx/scene/control/Label 27 javafx/scene/layout/VBox 36 javafx/scene/control/Label 38 javafx/scene/layout/VBox 104 java/util/WeakHashMap 111 com/sun/javafx/css/StyleManager$CacheContainer 124 java/util/WeakHashMap methods 0
ciMethodData com/sun/javafx/css/StyleManager$CacheContainer <init> ()V 1 12 orig 80 0 0 0 0 0 0 0 0 0 0 0 0 0 0 0 0 0 0 0 0 0 0 0 0 0 0 0 0 0 0 0 0 0 0 0 0 0 0 0 0 0 0 0 0 0 0 0 0 0 0 0 0 0 0 0 0 0 0 0 0 0 0 0 0 0 0 0 0 0 0 0 0 0 0 0 0 0 0 0 0 data 9 0x10002 0xb 0x0 0x0 0x0 0x0 0x9 0x1 0x0 oops 0 methods 0
ciMethodData javafx/scene/CssStyleHelper getStyleMap (Ljavafx/css/Styleable;)Lcom/sun/javafx/css/StyleMap; 2 24870 orig 80 0 0 0 0 0 0 0 0 0 0 0 0 255 127 0 0 0 0 0 0 0 0 0 0 0 0 0 0 0 0 0 0 0 0 0 0 0 0 0 0 0 0 0 0 0 0 0 0 0 0 0 0 0 0 0 0 0 0 0 0 0 0 0 0 0 0 0 0 0 0 0 0 0 0 0 0 0 0 0 0 data 25 0x40007 0xd 0x40 0x6009 0x80007 0x6009 0x20 0x0 0x120005 0x6009 0x0 0x0 0x0 0x0 0x0 0x0 0x0 0x0 0x0 0x0 0x0 0x9 0x2 0x0 0xffffffffffffffff oops 0 methods 0
ciMethodData javafx/scene/CssStyleHelper$CacheContainer getStyleMap (Ljavafx/css/Styleable;)Lcom/sun/javafx/css/StyleMap; 2 23586 orig 80 0 0 0 0 0 0 0 0 0 0 0 0 0 0 0 0 0 0 0 0 0 0 0 0 0 0 0 0 0 0 0 0 0 0 0 0 0 0 0 0 0 0 0 0 0 0 0 0 0 0 0 0 0 0 0 0 0 0 0 0 0 0 0 0 0 0 0 0 0 0 0 0 0 0 0 0 0 0 0 0 data 51 0x10007 0x0 0x148 0x5b12 0x50004 0x0 0x0 0x2231e609d10 0x23fb 0x2231e089b30 0x188 0x80007 0x0 0xa8 0x5b12 0xc0004 0x0 0x0 0x2231e609d10 0x23fb 0x2231e089b30 0x188 0xf0005 0x5b12 0x0 0x0 0x0 0x0 0x0 0x120003 0x5b12 0x18 0x170002 0x5b12 0x200005 0x5b12 0x0 0x0 0x0 0x0 0x0 0x0 0x0 0x0 0x0 0x0 0x0 0x9 0x2 0x0 0xffffffffffffffff oops 4 7 javafx/scene/layout/VBox 9 javafx/scene/layout/StackPane 18 javafx/scene/layout/VBox 20 javafx/scene/layout/StackPane methods 0
ciMethodData com/sun/javafx/css/PseudoClassState equals (Ljava/lang/Object;)Z 2 8558 orig 80 0 0 0 0 0 0 0 0 0 0 0 0 255 127 0 0 0 0 0 0 0 0 0 0 0 0 0 0 0 0 0 0 0 0 0 0 0 0 0 0 0 0 0 0 0 0 0 0 0 0 0 0 0 0 0 0 0 0 0 0 0 0 0 0 0 0 0 0 0 0 0 0 0 0 0 0 0 0 0 0 data 8 0x20002 0x206d 0x0 0x0 0x9 0x2 0x0 0x0 oops 0 methods 0
ciMethodData com/sun/javafx/css/PseudoClassState hashCode ()I 2 13813 orig 80 0 0 0 0 0 0 0 0 0 0 0 0 255 127 0 0 0 0 0 0 0 0 0 0 0 0 0 0 0 0 0 0 0 0 0 0 0 0 0 0 0 0 0 0 0 0 0 0 0 0 0 0 0 0 0 0 0 0 0 0 0 0 0 0 0 0 0 0 0 0 0 0 0 0 0 0 0 0 0 0 data 7 0x10002 0x33ea 0x0 0x0 0x9 0x1 0x0 oops 0 methods 0
ciMethodData javafx/scene/text/Font getDefault ()Ljavafx/scene/text/Font; 2 6681 orig 80 0 0 0 0 0 0 0 0 0 0 0 0 0 0 0 0 0 0 0 0 0 0 0 0 0 0 0 0 0 0 0 0 0 0 0 0 0 0 0 0 0 0 0 0 0 0 0 0 0 0 0 0 0 0 0 0 0 0 0 0 0 0 0 0 0 0 0 0 0 0 0 0 0 0 0 0 0 0 0 0 data 16 0x30007 0x1914 0x40 0x0 0xc0002 0x0 0x100002 0x0 0x0 0x0 0x0 0x0 0x0 0x0 0x9 0x0 oops 0 methods 0
ciMethodData com/sun/javafx/css/StyleCacheEntry$Key <init> ([Ljava/util/Set;Ljavafx/scene/text/Font;)V 2 16929 orig 80 0 0 0 0 0 0 0 0 0 0 0 0 255 127 0 0 0 0 0 0 0 0 0 0 0 0 0 0 0 0 0 0 0 0 0 0 0 0 0 0 0 0 0 0 0 0 0 0 0 0 0 0 0 0 0 0 0 0 0 0 0 0 0 0 0 0 0 0 0 0 0 0 0 0 0 0 0 0 0 0 data 59 0x10002 0x833 0x180007 0x833 0xb8 0x3f23 0x240002 0x3f23 0x270004 0x0 0x0 0x2233245c070 0x3f23 0x0 0x0 0x310005 0x0 0x0 0x2233245c070 0x3f23 0x0 0x0 0x3a0003 0x3f23 0xffffffffffffff60 0x3f0007 0x0 0x70 0x833 0x430005 0x833 0x0 0x0 0x0 0x0 0x0 0x460003 0x833 0x60 0x490002 0x0 0x4c0005 0x0 0x0 0x0 0x0 0x0 0x0 0x0 0x0 0x0 0x0 0x0 0x0 0x9 0x3 0xe 0x0 0x0 oops 2 11 com/sun/javafx/css/PseudoClassState 18 com/sun/javafx/css/PseudoClassState methods 0
ciMethodData com/sun/javafx/css/StyleCacheEntry$Key hashCode (D)I 2 4296 orig 80 0 0 0 0 0 0 0 0 0 0 0 0 255 127 0 0 0 0 0 0 0 0 0 0 0 0 0 0 0 0 0 0 0 0 0 0 0 0 0 0 0 0 0 0 0 0 0 0 0 0 0 0 0 0 0 0 0 0 0 0 0 0 0 0 0 0 0 0 0 0 0 0 0 0 0 0 0 0 0 0 data 12 0x10002 0xfc3 0x0 0x0 0x0 0x0 0x0 0x0 0x9 0x2 0x0 0x0 oops 0 methods 0
ciMethodData javafx/scene/CssStyleHelper getCachedFont (Ljavafx/css/Styleable;)Lcom/sun/javafx/css/CalculatedValue; 2 4165 orig 80 0 0 0 0 0 0 0 0 0 0 0 0 0 0 0 0 0 0 0 0 0 0 0 0 0 0 0 0 0 0 0 0 0 0 0 0 0 0 0 0 0 0 0 0 0 0 0 0 0 0 0 0 0 0 0 0 0 0 0 0 0 0 0 0 0 0 0 0 0 0 0 0 0 0 0 0 0 0 0 0 data 122 0x10004 0x0 0x0 0x223328c18d0 0x25 0x223328c1770 0x11a 0x40007 0x83e 0x20 0x0 0xc0004 0x0 0x0 0x223328c18d0 0x25 0x223328c1770 0x11a 0x180007 0x3d1 0x40 0x46d 0x200007 0x469 0xa8 0x4 0x250005 0x2db 0x0 0x223328c1770 0xef 0x2231e089b30 0xb 0x280005 0x3d5 0x0 0x0 0x0 0x0 0x0 0x2c0003 0x3d5 0x208 0x380007 0x0 0x160 0x469 0x400007 0x0 0x140 0x469 0x480005 0x0 0x0 0x223328c1560 0x469 0x0 0x0 0x4d0007 0x0 0xe8 0x469 0x530005 0x469 0x0 0x0 0x0 0x0 0x0 0x5e0002 0x469 0x610002 0x469 0x6d0005 0x0 0x0 0x223328c1560 0x469 0x0 0x0 0x720104 0x0 0x0 0x223328c1610 0x3ac 0x0 0x0 0x770007 0x3ac 0x90 0xbd 0x7d0005 0xbd 0x0 0x0 0x0 0x0 0x0 0x8b0005 0xbd 0x0 0x0 0x0 0x0 0x0 0x930007 0xb7 0x38 0x787 0x970003 0x787 0x18 0x0 0x0 0x0 0x0 0x0 0x0 0x9 0x2 0x0 0x0 oops 9 3 javafx/scene/control/Button 5 javafx/scene/layout/HBox 14 javafx/scene/control/Button 16 javafx/scene/layout/HBox 29 javafx/scene/layout/HBox 31 javafx/scene/layout/StackPane 54 java/util/HashMap 76 java/util/HashMap 83 com/sun/javafx/css/CalculatedValue methods 0
ciMethodData com/sun/javafx/css/StyleCacheEntry$Key hashCode ()I 2 35240 orig 80 0 0 0 0 0 0 0 0 0 0 0 0 255 127 0 0 0 0 0 0 0 0 0 0 0 0 0 0 0 0 0 0 0 0 0 0 0 0 0 0 0 0 0 0 0 0 0 0 0 0 0 0 0 0 0 0 0 0 0 0 0 0 0 0 0 0 0 0 0 0 0 0 0 0 0 0 0 0 0 0 data 40 0x60007 0x78 0xf8 0xf3f 0xe0002 0xf3f 0x180007 0x0 0x38 0xf3f 0x200003 0xf3f 0x18 0x290007 0xf3f 0x90 0x8533 0x340007 0x0 0x58 0x8533 0x3f0005 0x0 0x0 0x2233245c070 0x8533 0x0 0x0 0x4c0003 0x8533 0xffffffffffffff88 0x0 0x0 0x0 0x0 0x0 0x0 0x9 0x1 0x0 oops 1 24 com/sun/javafx/css/PseudoClassState methods 0
ciMethodData com/sun/javafx/css/StyleCache$Key <init> ([II)V 2 1550 orig 80 0 0 0 0 0 0 0 0 0 0 0 0 0 0 0 0 0 0 0 0 0 0 0 0 0 0 0 0 0 0 0 0 0 0 0 0 0 0 0 0 0 0 0 0 0 0 0 0 0 0 0 0 0 0 0 0 0 0 0 0 0 0 0 0 0 0 0 0 0 0 0 0 0 0 0 0 0 0 0 0 data 15 0x10002 0x53d 0x190002 0x53d 0x0 0x0 0x0 0x0 0x0 0x0 0x9 0x3 0x6 0xffffffffffffffff 0x0 oops 0 methods 0
ciMethodData javafx/scene/CssStyleHelper getTransitionStates (Ljavafx/scene/Node;)[Ljava/util/Set; 2 39406 orig 80 0 0 0 0 0 0 0 0 0 0 0 0 255 127 0 0 0 0 0 0 0 0 0 0 0 0 0 0 0 0 0 0 0 0 0 0 0 0 0 0 0 0 0 0 0 0 0 0 0 0 0 0 0 0 0 0 0 0 0 0 0 0 0 0 0 0 0 0 0 0 0 0 0 0 0 0 0 0 0 0 data 85 0x40007 0x503 0x20 0x0 0xe0007 0x503 0x70 0x43e5 0x150005 0x43e5 0x0 0x0 0x0 0x0 0x0 0x190003 0x43e5 0xffffffffffffffa8 0x280007 0x503 0x1b8 0x43e5 0x2c0004 0x0 0x0 0x2231e609c60 0x190 0x223328c1770 0x210 0x2f0007 0x0 0x38 0x43e5 0x360003 0x43e5 0x18 0x3e0007 0x1bef 0xd8 0x27f6 0x4f0002 0x27f6 0x520004 0x0 0x0 0x2233245c070 0x27f6 0x0 0x0 0x5a0005 0x0 0x0 0x2233245c070 0x27f6 0x0 0x0 0x6a0005 0x0 0x0 0x2233245c070 0x27f6 0x0 0x0 0x740005 0x43e5 0x0 0x0 0x0 0x0 0x0 0x780003 0x43e5 0xfffffffffffffe60 0x8a0002 0x503 0x0 0x0 0x0 0x0 0x0 0x0 0x9 0x2 0x0 0x0 oops 5 25 javafx/scene/control/Label 27 javafx/scene/layout/HBox 45 com/sun/javafx/css/PseudoClassState 52 com/sun/javafx/css/PseudoClassState 59 com/sun/javafx/css/PseudoClassState methods 0
ciMethodData com/sun/javafx/css/StyleCacheEntry$Key equals (Ljava/lang/Object;)Z 2 46767 orig 80 0 0 0 0 0 0 0 0 0 0 0 0 255 127 0 0 0 0 0 0 0 0 0 0 0 0 0 0 0 0 0 0 0 0 0 0 0 0 0 0 0 0 0 0 0 0 0 0 0 0 0 0 0 0 0 0 0 0 0 0 0 0 0 0 0 0 0 0 0 0 0 0 0 0 0 0 0 0 0 0 data 115 0x20007 0x7d4 0x20 0x0 0x80007 0x0 0xb0 0x7d4 0xc0005 0x7d4 0x0 0x0 0x0 0x0 0x0 0x100005 0x7d4 0x0 0x0 0x0 0x0 0x0 0x130007 0x7d4 0x20 0x0 0x190004 0x0 0x0 0x223309d1980 0x7d4 0x0 0x0 0x250007 0x7d4 0x20 0x0 0x390007 0x0 0x40 0x7d4 0x410007 0x7d4 0x20 0x0 0x4a0007 0x7d4 0x38 0x0 0x4e0003 0x0 0x18 0x560007 0x7d4 0x38 0x0 0x5a0003 0x0 0x18 0x5f0007 0x7d4 0x20 0x0 0x680007 0x7d4 0x20 0x0 0x770007 0x7d4 0x20 0x0 0x860007 0x7d4 0xe8 0x5cd8 0x9d0007 0x5cd8 0x58 0x0 0xa20007 0x0 0x90 0x0 0xa50003 0x0 0x70 0xac0005 0x0 0x0 0x2233245c070 0x5cd8 0x0 0x0 0xb10007 0x5cd8 0x20 0x0 0xb90003 0x5cd8 0xffffffffffffff30 0x0 0x0 0x0 0x0 0x0 0x0 0x0 0x0 0x0 0x0 0x0 0x9 0x2 0x0 0x0 oops 2 29 com/sun/javafx/css/StyleCacheEntry$Key 89 com/sun/javafx/css/PseudoClassState methods 0
ciMethodData javafx/scene/CssStyleHelper transitionToState (Ljavafx/scene/Node;)V 2 80199 orig 80 0 0 0 0 0 0 0 0 0 0 0 0 255 127 0 0 0 0 0 0 0 0 0 0 0 0 0 0 0 0 0 0 0 0 0 0 0 0 0 0 0 0 0 0 0 0 0 0 0 0 0 0 0 0 0 0 0 0 0 0 0 0 0 0 0 0 0 0 0 0 0 0 0 0 0 0 0 0 0 0 data 786 0x40007 0x381 0x20 0x0 0xa0005 0x381 0x0 0x0 0x0 0x0 0x0 0xf0007 0x381 0x58 0x0 0x180005 0x0 0x0 0x0 0x0 0x0 0x0 0x1d0005 0x381 0x0 0x0 0x0 0x0 0x0 0x210002 0x381 0x260005 0x381 0x0 0x0 0x0 0x0 0x0 0x300005 0x381 0x0 0x0 0x0 0x0 0x0 0x370007 0x381 0x58 0x0 0x400005 0x0 0x0 0x0 0x0 0x0 0x0 0x460005 0x381 0x0 0x0 0x0 0x0 0x0 0x510002 0x381 0x540002 0x381 0x620005 0x0 0x0 0x223328c1560 0x381 0x0 0x0 0x670104 0x0 0x0 0x223328c1610 0x1f7 0x0 0x0 0x6e0007 0x1f7 0x160 0x18a 0x790005 0x18a 0x0 0x0 0x0 0x0 0x0 0x830007 0x4e 0x90 0x13c 0x880005 0xd1 0x0 0x223328c16c0 0x6a 0x223328c1770 0x1 0x8b0005 0x13c 0x0 0x0 0x0 0x0 0x0 0x920007 0x17b 0x40 0xf 0x990002 0xf 0x9e0002 0xf 0xae0005 0x0 0x0 0x223328c1560 0x18a 0x0 0x0 0xb60005 0x381 0x0 0x0 0x0 0x0 0x0 0xb90004 0x0 0x0 0x223328c1820 0x381 0x0 0x0 0xc60002 0x381 0xcf0005 0x381 0x0 0x0 0x0 0x0 0x0 0xd60007 0xd5 0x38 0x2ac 0xda0003 0x2ac 0x18 0xe20007 0x2ac 0x68 0xd5 0xe90002 0xd5 0xf40005 0xd5 0x0 0x0 0x0 0x0 0x0 0xf80005 0x26c 0x0 0x223328c18d0 0xe 0x223328c16c0 0x107 0xff0005 0x0 0x0 0x22318050280 0x1dc 0x223328c1980 0x1a5 0x1230007 0x382 0x1200 0x8131 0x12a0005 0x0 0x0 0x22318050280 0x4d27 0x223328c1980 0x340a 0x12f0004 0x0 0x0 0x223328c1a30 0x271 0x223328c1ae0 0x271 0x1350007 0x8131 0x90 0x0 0x13a0005 0x0 0x0 0x0 0x0 0x0 0x0 0x13d0007 0x0 0x38 0x0 0x1400003 0x0 0x10e0 0x1460005 0x7c4f 0x0 0x223328c1a30 0x271 0x223328c1ae0 0x271 0x1490007 0x8120 0x38 0x11 0x14c0003 0x11 0x1070 0x1510005 0x8120 0x0 0x0 0x0 0x0 0x0 0x15a0005 0x8120 0x0 0x0 0x0 0x0 0x0 0x1610007 0x1d68 0x78 0x63b8 0x1660007 0x836 0x58 0x5b82 0x16b0007 0x2ba8 0x38 0x2fda 0x16f0003 0x2fda 0x18 0x1770007 0x63b8 0x40 0x1d68 0x17c0007 0x1d68 0x40 0x0 0x1810007 0x33de 0x38 0x2fda 0x1850003 0x4d42 0x18 0x18d0007 0x1d68 0x78 0x63b8 0x1920007 0x2fda 0x58 0x33de 0x19a0007 0x33de 0x110 0x0 0x19d0003 0x0 0xe98 0x1a20007 0x0 0xd8 0x4d42 0x1b10005 0x4d42 0x0 0x0 0x0 0x0 0x0 0x1b80007 0x4d42 0x80 0x0 0x1be0007 0x0 0xe08 0x0 0x1c7000a 0x0 0x3 0x0 0x0 0x0 0x1cc0002 0x0 0x1d20007 0x2ba8 0x40 0x5578 0x1da0007 0xab4 0x200 0x4ac4 0x1e60005 0x0 0x0 0x223328c1560 0x766c 0x0 0x0 0x1eb0104 0x0 0x0 0x0 0x0 0x0 0x0 0x1f20007 0x766c 0x158 0x0 0x1f80005 0x0 0x0 0x0 0x0 0x0 0x0 0x1ff0005 0x0 0x0 0x0 0x0 0x0 0x0 0x2070007 0x0 0xc8 0x0 0x20e0005 0x0 0x0 0x0 0x0 0x0 0x0 0x2130005 0x0 0x0 0x0 0x0 0x0 0x0 0x2160005 0x0 0x0 0x0 0x0 0x0 0x0 0x21b0003 0x766c 0xba0 0x2200007 0x836 0x58 0x27e 0x2290005 0x27e 0x0 0x0 0x0 0x0 0x0 0x22f0005 0x8dc 0x0 0x223328c1a30 0x91 0x223328c1b90 0x147 0x2360005 0x8dc 0x0 0x223328c1c40 0x91 0x223328c1cf0 0x147 0x23f0005 0xab4 0x0 0x0 0x0 0x0 0x0 0x2460007 0xab4 0xa0 0x0 0x24c0007 0x0 0x68 0x0 0x2550005 0x0 0x0 0x0 0x0 0x0 0x0 0x2580002 0x0 0x25c0003 0x0 0xa00 0x2640007 0xa96 0x58 0x1e 0x26c0007 0x1e 0x38 0x0 0x26f0003 0x0 0x9a8 0x2740005 0xab4 0x0 0x0 0x0 0x0 0x0 0x27b0005 0x8dc 0x0 0x223328c1c40 0x91 0x223328c1cf0 0x147 0x2860007 0x2e7 0xd0 0x7cd 0x28b0007 0x7 0x90 0x7c6 0x2920005 0x675 0x0 0x223328c1da0 0x63 0x223328c1e50 0xee 0x2950007 0x754 0x210 0x72 0x2980003 0x72 0x38 0x29d0007 0x7 0x1d8 0x0 0x2a60005 0x0 0x0 0x223328c1f00 0x359 0x0 0x0 0x2a90007 0x359 0xa8 0x0 0x2b50002 0x0 0x2ba000a 0x0 0x5 0x0 0x0 0x1 0x0 0x2231804ce50 0x2bf0005 0x0 0x0 0x0 0x0 0x0 0x0 0x2c80005 0x290 0x0 0x223328c1fb0 0x60 0x223328c2060 0x69 0x2d60005 0x0 0x0 0x223328c1560 0x359 0x0 0x0 0x2db0007 0x12 0x68 0x347 0x2e70002 0x347 0x2f70005 0x0 0x0 0x223328c1560 0x347 0x0 0x0 0x2fd0003 0xab4 0x698 0x3050005 0x0 0x0 0x0 0x0 0x0 0x0 0x3150005 0x0 0x0 0x0 0x0 0x0 0x0 0x3180004 0x0 0x0 0x0 0x0 0x0 0x0 0x31d0004 0x0 0x0 0x0 0x0 0x0 0x0 0x3220005 0x0 0x0 0x0 0x0 0x0 0x0 0x3250004 0x0 0x0 0x0 0x0 0x0 0x0 0x3260002 0x0 0x32e0002 0x0 0x3340007 0x0 0x68 0x0 0x3400002 0x0 0x3490005 0x0 0x0 0x0 0x0 0x0 0x0 0x34f0002 0x0 0x3590005 0x0 0x0 0x0 0x0 0x0 0x0 0x35c0007 0x0 0x58 0x0 0x3630005 0x0 0x0 0x0 0x0 0x0 0x0 0x36d0005 0x0 0x0 0x0 0x0 0x0 0x0 0x3770007 0x0 0xb0 0x0 0x3810007 0x0 0x90 0x0 0x38d0005 0x0 0x0 0x0 0x0 0x0 0x0 0x3920004 0x0 0x0 0x0 0x0 0x0 0x0 0x3990007 0x0 0x70 0x0 0x39e0005 0x0 0x0 0x0 0x0 0x0 0x0 0x3a10003 0x0 0x50 0x3a70005 0x0 0x0 0x0 0x0 0x0 0x0 0x3ae0007 0x0 0x70 0x0 0x3b30005 0x0 0x0 0x0 0x0 0x0 0x0 0x3b60003 0x0 0x18 0x3c20005 0x0 0x0 0x0 0x0 0x0 0x0 0x3c70003 0x0 0x1d0 0x3d10005 0x0 0x0 0x0 0x0 0x0 0x0 0x3d40007 0x0 0x180 0x0 0x3e40005 0x0 0x0 0x0 0x0 0x0 0x0 0x3e70004 0x0 0x0 0x0 0x0 0x0 0x0 0x3ec0004 0x0 0x0 0x0 0x0 0x0 0x0 0x3f10005 0x0 0x0 0x0 0x0 0x0 0x0 0x3f40004 0x0 0x0 0x0 0x0 0x0 0x0 0x3f50002 0x0 0x3f80005 0x0 0x0 0x0 0x0 0x0 0x0 0x3fe0003 0x8132 0xffffffffffffee18 0x0 0x0 0x0 0x0 0x0 0x0 0x0 0x0 0x0 0x0 0x0 0x0 0x0 0x0 0x0 0x0 0x0 0x0 0x0 0x0 0x0 0x0 0x0 0x0 0x9 0x2 0x0 0x0 oops 31 70 java/util/HashMap 77 com/sun/javafx/css/CalculatedValue 99 com/sun/javafx/scene/control/LabeledText 101 javafx/scene/layout/HBox 121 java/util/HashMap 135 javafx/scene/text/Font 171 javafx/scene/control/Button 173 com/sun/javafx/scene/control/LabeledText 178 java/util/ArrayList 180 java/util/Collections$UnmodifiableRandomAccessList 189 java/util/ArrayList 191 java/util/Collections$UnmodifiableRandomAccessList 196 javafx/scene/layout/Region$StyleableProperties$4 198 javafx/scene/layout/Region$StyleableProperties$11 221 javafx/scene/layout/Region$StyleableProperties$4 223 javafx/scene/layout/Region$StyleableProperties$11 329 java/util/HashMap 400 javafx/scene/layout/Region$StyleableProperties$4 402 javafx/scene/layout/Region$StyleableProperties$1 407 javafx/scene/layout/Region$5 409 javafx/scene/layout/Region$3 459 javafx/scene/layout/Region$5 461 javafx/scene/layout/Region$3 474 javafx/scene/layout/Border 476 javafx/geometry/Insets 492 com/sun/javafx/logging/PlatformLogger 509 java/lang/String 520 com/sun/javafx/scene/control/LabeledText$StyleablePropertyMirror 522 javafx/scene/text/Text$9 527 java/util/HashMap 540 java/util/HashMap methods 0
ciMethodData com/sun/javafx/util/Logging getCSSLogger ()Lcom/sun/javafx/logging/PlatformLogger; 1 2 orig 80 0 0 0 0 0 0 0 0 0 0 0 0 0 0 0 0 0 0 0 0 0 0 0 0 0 0 0 0 0 0 0 0 0 0 0 0 0 0 0 0 0 0 0 0 0 0 0 0 0 0 0 0 0 0 0 0 0 0 0 0 0 0 0 0 0 0 0 0 0 0 0 0 0 0 0 0 0 0 0 0 data 14 0x30007 0x0 0x30 0x0 0x80002 0x0 0x0 0x0 0x0 0x0 0x0 0x0 0x9 0x0 oops 0 methods 0
ciMethodData com/sun/javafx/logging/PlatformLogger severe (Ljava/lang/String;)V 1 0 orig 80 0 0 0 0 0 0 0 0 0 0 0 0 0 0 0 0 0 0 0 0 0 0 0 0 0 0 0 0 0 0 0 0 0 0 0 0 0 0 0 0 0 0 0 0 0 0 0 0 0 0 0 0 0 0 0 0 0 0 0 0 0 0 0 0 0 0 0 0 0 0 0 0 0 0 0 0 0 0 0 0 data 28 0x40007 0x0 0x20 0x0 0x110004 0x0 0x0 0x0 0x0 0x0 0x0 0x140005 0x0 0x0 0x0 0x0 0x0 0x0 0x0 0x0 0x0 0x0 0x0 0x0 0x9 0x2 0x0 0xffffffffffffffff oops 0 methods 0
ciMethodData com/sun/javafx/css/StyleManager getSharedCache (Ljavafx/css/Styleable;Ljavafx/scene/SubScene;Lcom/sun/javafx/css/StyleCache$Key;)Lcom/sun/javafx/css/StyleCache; 2 2237 orig 80 0 0 0 0 0 0 0 0 0 0 0 0 0 0 0 0 0 0 0 0 0 0 0 0 0 0 0 0 0 0 0 0 0 0 0 0 0 0 0 0 0 0 0 0 0 0 0 0 0 0 0 0 0 0 0 0 0 0 0 0 0 0 0 0 0 0 0 0 0 0 0 0 0 0 0 0 0 0 0 0 data 63 0x30005 0x7f7 0x0 0x0 0x0 0x0 0x0 0xa0007 0x7f7 0x20 0x0 0x110005 0x7f7 0x0 0x0 0x0 0x0 0x0 0x180007 0x7f7 0x20 0x0 0x200005 0x0 0x0 0x223328c1560 0x7f7 0x0 0x0 0x250104 0x0 0x0 0x223309d10a0 0x674 0x0 0x0 0x2c0007 0x674 0x78 0x183 0x330002 0x183 0x3f0002 0x183 0x440005 0x0 0x0 0x223328c1560 0x183 0x0 0x0 0x0 0x0 0x0 0x0 0x0 0x0 0x9 0x4 0x0 0x0 0x0 0x0 oops 3 25 java/util/HashMap 32 com/sun/javafx/css/StyleCache 47 java/util/HashMap methods 0
ciMethodData com/sun/javafx/css/StyleCache getStyleCacheEntry (Lcom/sun/javafx/css/StyleCacheEntry$Key;)Lcom/sun/javafx/css/StyleCacheEntry; 1 1149 orig 80 0 0 0 0 0 0 0 0 0 0 0 0 0 0 0 0 0 0 0 0 0 0 0 0 0 0 0 0 0 0 0 0 0 0 0 0 0 0 0 0 0 0 0 0 0 0 0 0 0 0 0 0 0 0 0 0 0 0 0 0 0 0 0 0 0 0 0 0 0 0 0 0 0 0 0 0 0 0 0 0 data 28 0x60007 0x5b 0x90 0x35c 0xe0005 0x0 0x0 0x223328c1560 0x35c 0x0 0x0 0x130104 0x0 0x0 0x223309d2d40 0x2e2 0x0 0x0 0x0 0x0 0x0 0x0 0x0 0x0 0x9 0x2 0x0 0x0 oops 2 7 java/util/HashMap 14 com/sun/javafx/css/StyleCacheEntry methods 0
ciMethodData com/sun/javafx/css/StyleCacheEntry <init> ()V 1 329 orig 80 0 0 0 0 0 0 0 0 0 0 0 0 0 0 0 0 0 0 0 0 0 0 0 0 0 0 0 0 0 0 0 0 0 0 0 0 0 0 0 0 0 0 0 0 0 0 0 0 0 0 0 0 0 0 0 0 0 0 0 0 0 0 0 0 0 0 0 0 0 0 0 0 0 0 0 0 0 0 0 0 data 7 0x10002 0xd5 0x0 0x0 0x9 0x1 0x0 oops 0 methods 0
ciMethodData com/sun/javafx/css/StyleCache addStyleCacheEntry (Lcom/sun/javafx/css/StyleCacheEntry$Key;Lcom/sun/javafx/css/StyleCacheEntry;)V 1 329 orig 80 0 0 0 0 0 0 0 0 0 0 0 0 0 0 0 0 0 0 0 0 0 0 0 0 0 0 0 0 0 0 0 0 0 0 0 0 0 0 0 0 0 0 0 0 0 0 0 0 0 0 0 0 0 0 0 0 0 0 0 0 0 0 0 0 0 0 0 0 0 0 0 0 0 0 0 0 0 0 0 0 data 24 0x40007 0x7a 0x30 0x5b 0xd0002 0x5b 0x190005 0x0 0x0 0x223328c1560 0xd5 0x0 0x0 0x0 0x0 0x0 0x0 0x0 0x0 0x9 0x3 0x0 0x0 0x0 oops 1 9 java/util/HashMap methods 0
ciMethodData com/sun/javafx/css/StyleCacheEntry put (Ljava/lang/String;Lcom/sun/javafx/css/CalculatedValue;)V 1 1035 orig 80 0 0 0 0 0 0 0 0 0 0 0 0 0 0 0 0 0 0 0 0 0 0 0 0 0 0 0 0 0 0 0 0 0 0 0 0 0 0 0 0 0 0 0 0 0 0 0 0 0 0 0 0 0 0 0 0 0 0 0 0 0 0 0 0 0 0 0 0 0 0 0 0 0 0 0 0 0 0 0 0 data 24 0x40007 0x1a9 0x30 0xd5 0xd0002 0xd5 0x190005 0x0 0x0 0x223328c1560 0x27e 0x0 0x0 0x0 0x0 0x0 0x0 0x0 0x0 0x9 0x3 0x6 0xffffffffffffffff 0xffffffffffffffff oops 1 9 java/util/HashMap methods 0
ciMethodData com/sun/javafx/css/StyleCache$Key hashCode ()I 2 13644 orig 80 0 0 0 0 0 0 0 0 0 0 0 0 255 127 0 0 0 0 0 0 0 0 0 0 0 0 0 0 0 0 0 0 0 0 0 0 0 0 0 0 0 0 0 0 0 0 0 0 0 0 0 0 0 0 0 0 0 0 0 0 0 0 0 0 0 0 0 0 0 0 0 0 0 0 0 0 0 0 0 0 data 24 0x60007 0x4db 0x78 0x418 0x120007 0x0 0x58 0x418 0x1d0007 0x418 0x38 0x2d3e 0x370003 0x2d3e 0xffffffffffffffe0 0x0 0x0 0x0 0x0 0x0 0x0 0x9 0x1 0x0 oops 0 methods 0
ciMethodData com/sun/javafx/css/StyleManager$CacheContainer getStyleCache ()Ljava/util/Map; 2 2245 orig 80 0 0 0 0 0 0 0 0 0 0 0 0 255 127 0 0 0 0 0 0 0 0 0 0 0 0 0 0 0 0 0 0 0 0 0 0 0 0 0 0 0 0 0 0 0 0 0 0 0 0 0 0 0 0 0 0 0 0 0 0 0 0 0 0 0 0 0 0 0 0 0 0 0 0 0 0 0 0 0 0 data 15 0x40007 0x745 0x30 0x0 0xc0002 0x0 0x0 0x0 0x0 0x0 0x0 0x0 0x9 0x1 0x0 oops 0 methods 0
ciMethodData com/sun/javafx/css/StyleCache <init> ()V 1 491 orig 80 0 0 0 0 0 0 0 0 0 0 0 0 0 0 0 0 0 0 0 0 0 0 0 0 0 0 0 0 0 0 0 0 0 0 0 0 0 0 0 0 0 0 0 0 0 0 0 0 0 0 0 0 0 0 0 0 0 0 0 0 0 0 0 0 0 0 0 0 0 0 0 0 0 0 0 0 0 0 0 0 data 7 0x10002 0x11c 0x0 0x0 0x9 0x1 0x0 oops 0 methods 0
ciMethodData com/sun/javafx/css/StyleCache$Key <init> (Lcom/sun/javafx/css/StyleCache$Key;)V 1 491 orig 80 0 0 0 0 0 0 0 0 0 0 0 0 0 0 0 0 0 0 0 0 0 0 0 0 0 0 0 0 0 0 0 0 0 0 0 0 0 0 0 0 0 0 0 0 0 0 0 0 0 0 0 0 0 0 0 0 0 0 0 0 0 0 0 0 0 0 0 0 0 0 0 0 0 0 0 0 0 0 0 0 data 10 0xa0002 0x11c 0x0 0x0 0x0 0x0 0x9 0x2 0x0 0x0 oops 0 methods 0
ciMethodData com/sun/javafx/css/StyleCache$Key equals (Ljava/lang/Object;)Z 2 17657 orig 80 0 0 0 0 0 0 0 0 0 0 0 0 255 127 0 0 0 0 0 0 0 0 0 0 0 0 0 0 0 0 0 0 0 0 0 0 0 0 0 0 0 0 0 0 0 0 0 0 0 0 0 0 0 0 0 0 0 0 0 0 0 0 0 0 0 0 0 0 0 0 0 0 0 0 0 0 0 0 0 0 data 87 0x20007 0x55b 0x20 0x0 0x80007 0x0 0xb0 0x55b 0xc0005 0x55b 0x0 0x0 0x0 0x0 0x0 0x100005 0x55b 0x0 0x0 0x0 0x0 0x0 0x130007 0x55b 0x20 0x0 0x190004 0x0 0x0 0x223309d0db0 0x55b 0x0 0x0 0x250007 0x55b 0x20 0x0 0x2e0007 0x55b 0x38 0x0 0x320003 0x0 0x18 0x3a0007 0x55b 0x38 0x0 0x3e0003 0x0 0x18 0x430007 0x55b 0x20 0x0 0x4c0007 0x55b 0x20 0x0 0x5b0007 0x55b 0x20 0x0 0x680007 0x55b 0x58 0x39bb 0x770007 0x39bb 0x20 0x0 0x7f0003 0x39bb 0xffffffffffffffc0 0x0 0x0 0x0 0x0 0x0 0x0 0x0 0x0 0x0 0x9 0x2 0x0 0x0 oops 1 29 com/sun/javafx/css/StyleCache$Key methods 0
ciMethodData java/util/Formatter format (Ljava/lang/String;[Ljava/lang/Object;)Ljava/util/Formatter; 1 407 orig 80 0 0 0 0 0 0 0 0 0 0 0 0 0 0 0 0 0 0 0 0 0 0 0 0 0 0 0 0 0 0 0 0 0 0 0 0 0 0 0 0 0 0 0 0 0 0 0 0 0 0 0 0 0 0 0 0 0 0 0 0 0 0 0 0 0 0 0 0 0 0 0 0 0 0 0 0 0 0 0 0 data 18 0x70005 0x187 0x0 0x0 0x0 0x0 0x0 0x0 0x0 0x0 0x0 0x0 0x0 0x9 0x3 0xffffffffffffffff 0xffffffffffffffff 0xffffffffffffffff oops 0 methods 0
ciMethodData java/util/Formatter format (Ljava/util/Locale;Ljava/lang/String;[Ljava/lang/Object;)Ljava/util/Formatter; 1 797 orig 80 0 0 0 0 0 0 0 0 0 0 0 0 0 0 0 0 0 0 0 0 0 0 0 0 0 0 0 0 0 0 0 0 0 0 0 0 0 0 0 0 0 0 0 0 0 0 0 0 0 0 0 0 0 0 0 0 0 0 0 0 0 0 0 0 0 0 0 0 0 0 0 0 0 0 0 0 0 0 0 0 data 187 0x10005 0x187 0x0 0x0 0x0 0x0 0x0 0xc0005 0x187 0x0 0x0 0x0 0x0 0x0 0x180005 0x0 0x0 0x22318050280 0x484 0x0 0x0 0x1d0007 0x187 0x4d0 0x2fd 0x240005 0x0 0x0 0x22318050280 0x2fd 0x0 0x0 0x290004 0x0 0x0 0x22332074340 0x18f 0x223320743f0 0x16e 0x300005 0x0 0x0 0x22332074340 0x18f 0x223320743f0 0x16e 0x390008 0x8 0x23 0x2e0 0x16e 0x50 0x2 0xa0 0x16a 0x1d0 0x580005 0x0 0x0 0x223320743f0 0x16e 0x0 0x0 0x5d0003 0x16e 0x350 0x620007 0x0 0x60 0x2 0x660007 0x0 0x88 0x2 0x6f0007 0x2 0x68 0x0 0x780005 0x0 0x0 0x0 0x0 0x0 0x0 0x7d0002 0x0 0x840007 0x2 0x38 0x0 0x880003 0x0 0x18 0x900005 0x0 0x0 0x22332074340 0x2 0x0 0x0 0x950003 0x2 0x220 0xa00007 0x0 0x88 0x16a 0xa90007 0x16a 0x68 0x0 0xb20005 0x0 0x0 0x0 0x0 0x0 0x0 0xb70002 0x0 0xbe0007 0x16a 0x38 0x0 0xc20003 0x0 0x18 0xca0005 0x0 0x0 0x22332074340 0x16a 0x0 0x0 0xcf0003 0x16a 0x110 0xd90007 0x0 0x88 0x23 0xe20007 0x23 0x68 0x0 0xeb0005 0x0 0x0 0x0 0x0 0x0 0x0 0xf00002 0x0 0xf70007 0x23 0x38 0x0 0xfb0003 0x0 0x18 0x1030005 0x0 0x0 0x22332074340 0x23 0x0 0x0 0x1080003 0x2fd 0x18 0x1160003 0x2fd 0xfffffffffffffb10 0x0 0x0 0x0 0x0 0x0 0x0 0x9 0x4 0x0 0x0 0x0 0x0 oops 10 17 java/util/ArrayList 28 java/util/ArrayList 35 java/util/Formatter$FormatSpecifier 37 java/util/Formatter$FixedString 42 java/util/Formatter$FormatSpecifier 44 java/util/Formatter$FixedString 59 java/util/Formatter$FixedString 97 java/util/Formatter$FormatSpecifier 131 java/util/Formatter$FormatSpecifier 165 java/util/Formatter$FormatSpecifier methods 0
compile javafx/scene/CssStyleHelper transitionToState (Ljavafx/scene/Node;)V -1 4 inline 159 0 -1 javafx/scene/CssStyleHelper transitionToState (Ljavafx/scene/Node;)V 1 10 javafx/scene/CssStyleHelper getStyleMap (Ljavafx/css/Styleable;)Lcom/sun/javafx/css/StyleMap; 1 29 com/sun/javafx/css/StyleMap isEmpty ()Z 2 11 java/util/ArrayList isEmpty ()Z 2 11 java/util/Collections$EmptyList isEmpty ()Z 2 28 java/util/HashMap isEmpty ()Z 1 33 com/sun/javafx/css/StyleManager getInstance ()Lcom/sun/javafx/css/StyleManager; 1 38 javafx/scene/Node getSubScene ()Ljavafx/scene/SubScene; 1 48 com/sun/javafx/css/StyleManager getSharedCache (Ljavafx/css/Styleable;Ljavafx/scene/SubScene;Lcom/sun/javafx/css/StyleCache$Key;)Lcom/sun/javafx/css/StyleCache; 2 3 com/sun/javafx/css/StyleManager getCacheContainer (Ljavafx/css/Styleable;Ljavafx/scene/SubScene;)Lcom/sun/javafx/css/StyleManager$CacheContainer; 3 39 javafx/scene/Node getScene ()Ljavafx/scene/Scene; 4 4 javafx/beans/property/ObjectPropertyBase get ()Ljava/lang/Object; 3 51 javafx/scene/Scene getRoot ()Ljavafx/scene/Parent; 4 15 javafx/beans/property/ObjectPropertyBase get ()Ljava/lang/Object; 3 102 java/util/WeakHashMap get (Ljava/lang/Object;)Ljava/lang/Object; 4 1 java/util/WeakHashMap maskNull (Ljava/lang/Object;)Ljava/lang/Object; 4 7 java/util/WeakHashMap hash (Ljava/lang/Object;)I 4 12 java/util/WeakHashMap getTable ()[Ljava/util/WeakHashMap$Entry; 4 21 java/util/WeakHashMap indexFor (II)I 4 51 java/util/WeakHashMap matchesKey (Ljava/util/WeakHashMap$Entry;Ljava/lang/Object;)Z 5 2 java/lang/ref/Reference refersTo (Ljava/lang/Object;)Z 6 2 java/lang/ref/Reference refersToImpl (Ljava/lang/Object;)Z 5 21 java/lang/Object equals (Ljava/lang/Object;)Z 3 121 com/sun/javafx/css/StyleManager$CacheContainer <init> ()V 4 1 java/lang/Object <init> ()V 2 17 com/sun/javafx/css/StyleManager$CacheContainer getStyleCache ()Ljava/util/Map; 2 32 java/util/HashMap get (Ljava/lang/Object;)Ljava/lang/Object; 3 2 java/util/HashMap getNode (Ljava/lang/Object;)Ljava/util/HashMap$Node; 4 23 java/util/HashMap hash (Ljava/lang/Object;)I 5 9 com/sun/javafx/css/StyleCache$Key hashCode ()I 4 63 com/sun/javafx/css/StyleCache$Key equals (Ljava/lang/Object;)Z 4 95 java/util/HashMap$TreeNode getTreeNode (ILjava/lang/Object;)Ljava/util/HashMap$TreeNode; 4 128 com/sun/javafx/css/StyleCache$Key equals (Ljava/lang/Object;)Z 2 51 com/sun/javafx/css/StyleCache <init> ()V 3 1 java/lang/Object <init> ()V 2 63 com/sun/javafx/css/StyleCache$Key <init> (Lcom/sun/javafx/css/StyleCache$Key;)V 3 10 com/sun/javafx/css/StyleCache$Key <init> ([II)V 4 1 java/lang/Object <init> ()V 2 68 java/util/HashMap put (Ljava/lang/Object;Ljava/lang/Object;)Ljava/lang/Object; 3 2 java/util/HashMap hash (Ljava/lang/Object;)I 4 9 com/sun/javafx/css/StyleCache$Key hashCode ()I 1 81 javafx/scene/text/Font getDefault ()Ljavafx/scene/text/Font; 1 84 com/sun/javafx/css/StyleCacheEntry$Key <init> ([Ljava/util/Set;Ljavafx/scene/text/Font;)V 2 1 java/lang/Object <init> ()V 2 36 com/sun/javafx/css/PseudoClassState <init> ()V 3 1 com/sun/javafx/css/BitSet <init> ()V 4 1 java/lang/Object <init> ()V 2 49 com/sun/javafx/css/PseudoClassState addAll (Ljava/util/Collection;)Z 2 67 javafx/scene/text/Font getSize ()D 1 98 java/util/HashMap get (Ljava/lang/Object;)Ljava/lang/Object; 2 2 java/util/HashMap getNode (Ljava/lang/Object;)Ljava/util/HashMap$Node; 3 23 java/util/HashMap hash (Ljava/lang/Object;)I 4 9 com/sun/javafx/css/StyleCacheEntry$Key hashCode ()I 5 14 com/sun/javafx/css/StyleCacheEntry$Key hashCode (D)I 5 63 com/sun/javafx/css/PseudoClassState hashCode ()I 6 1 com/sun/javafx/css/BitSet hashCode ()I 3 63 com/sun/javafx/css/StyleCacheEntry$Key equals (Ljava/lang/Object;)Z 4 172 com/sun/javafx/css/PseudoClassState equals (Ljava/lang/Object;)Z 5 2 com/sun/javafx/css/BitSet equals (Ljava/lang/Object;)Z 3 95 java/util/HashMap$TreeNode getTreeNode (ILjava/lang/Object;)Ljava/util/HashMap$TreeNode; 3 128 com/sun/javafx/css/StyleCacheEntry$Key equals (Ljava/lang/Object;)Z 4 172 com/sun/javafx/css/PseudoClassState equals (Ljava/lang/Object;)Z 5 2 com/sun/javafx/css/BitSet equals (Ljava/lang/Object;)Z 1 139 javafx/scene/CssStyleHelper getCachedFont (Ljavafx/css/Styleable;)Lcom/sun/javafx/css/CalculatedValue; 2 72 java/util/HashMap isEmpty ()Z 2 94 javafx/scene/text/Font getDefault ()Ljavafx/scene/text/Font; 2 97 com/sun/javafx/css/StyleCacheEntry$Key <init> ([Ljava/util/Set;Ljavafx/scene/text/Font;)V 3 1 java/lang/Object <init> ()V 3 36 com/sun/javafx/css/PseudoClassState <init> ()V 4 1 com/sun/javafx/css/BitSet <init> ()V 5 1 java/lang/Object <init> ()V 3 49 com/sun/javafx/css/PseudoClassState addAll (Ljava/util/Collection;)Z 3 67 javafx/scene/text/Font getSize ()D 2 109 java/util/HashMap get (Ljava/lang/Object;)Ljava/lang/Object; 3 2 java/util/HashMap getNode (Ljava/lang/Object;)Ljava/util/HashMap$Node; 4 23 java/util/HashMap hash (Ljava/lang/Object;)I 5 9 com/sun/javafx/css/StyleCacheEntry$Key hashCode ()I 6 14 com/sun/javafx/css/StyleCacheEntry$Key hashCode (D)I 6 63 com/sun/javafx/css/PseudoClassState hashCode ()I 7 1 com/sun/javafx/css/BitSet hashCode ()I 4 63 com/sun/javafx/css/StyleCacheEntry$Key equals (Ljava/lang/Object;)Z 5 172 com/sun/javafx/css/PseudoClassState equals (Ljava/lang/Object;)Z 6 2 com/sun/javafx/css/BitSet equals (Ljava/lang/Object;)Z 4 95 java/util/HashMap$TreeNode getTreeNode (ILjava/lang/Object;)Ljava/util/HashMap$TreeNode; 4 128 com/sun/javafx/css/StyleCacheEntry$Key equals (Ljava/lang/Object;)Z 5 172 com/sun/javafx/css/PseudoClassState equals (Ljava/lang/Object;)Z 6 2 com/sun/javafx/css/BitSet equals (Ljava/lang/Object;)Z 2 125 javafx/scene/CssStyleHelper getStyleMap (Ljavafx/css/Styleable;)Lcom/sun/javafx/css/StyleMap; 2 40 javafx/scene/CssStyleHelper getCachedFont (Ljavafx/css/Styleable;)Lcom/sun/javafx/css/CalculatedValue; 3 72 java/util/HashMap isEmpty ()Z 3 94 javafx/scene/text/Font getDefault ()Ljavafx/scene/text/Font; 3 97 com/sun/javafx/css/StyleCacheEntry$Key <init> ([Ljava/util/Set;Ljavafx/scene/text/Font;)V 4 1 java/lang/Object <init> ()V 4 36 com/sun/javafx/css/PseudoClassState <init> ()V 5 1 com/sun/javafx/css/BitSet <init> ()V 6 1 java/lang/Object <init> ()V 4 49 com/sun/javafx/css/PseudoClassState addAll (Ljava/util/Collection;)Z 4 67 javafx/scene/text/Font getSize ()D 3 109 java/util/HashMap get (Ljava/lang/Object;)Ljava/lang/Object; 4 2 java/util/HashMap getNode (Ljava/lang/Object;)Ljava/util/HashMap$Node; 5 23 java/util/HashMap hash (Ljava/lang/Object;)I 6 9 com/sun/javafx/css/StyleCacheEntry$Key hashCode ()I 7 14 com/sun/javafx/css/StyleCacheEntry$Key hashCode (D)I 7 63 com/sun/javafx/css/PseudoClassState hashCode ()I 8 1 com/sun/javafx/css/BitSet hashCode ()I 5 63 com/sun/javafx/css/StyleCacheEntry$Key equals (Ljava/lang/Object;)Z 6 172 com/sun/javafx/css/PseudoClassState equals (Ljava/lang/Object;)Z 7 2 com/sun/javafx/css/BitSet equals (Ljava/lang/Object;)Z 5 95 java/util/HashMap$TreeNode getTreeNode (ILjava/lang/Object;)Ljava/util/HashMap$TreeNode; 5 128 com/sun/javafx/css/StyleCacheEntry$Key equals (Ljava/lang/Object;)Z 6 172 com/sun/javafx/css/PseudoClassState equals (Ljava/lang/Object;)Z 7 2 com/sun/javafx/css/BitSet equals (Ljava/lang/Object;)Z 3 125 javafx/scene/CssStyleHelper getStyleMap (Ljavafx/css/Styleable;)Lcom/sun/javafx/css/StyleMap; 1 153 javafx/scene/text/Font getDefault ()Ljavafx/scene/text/Font; 1 158 com/sun/javafx/css/CalculatedValue <init> (Ljava/lang/Object;Ljavafx/css/StyleOrigin;Z)V 2 1 java/lang/Object <init> ()V 1 174 java/util/HashMap put (Ljava/lang/Object;Ljava/lang/Object;)Ljava/lang/Object; 2 2 java/util/HashMap hash (Ljava/lang/Object;)I 3 9 com/sun/javafx/css/StyleCacheEntry$Key hashCode ()I 4 14 com/sun/javafx/css/StyleCacheEntry$Key hashCode (D)I 4 63 com/sun/javafx/css/PseudoClassState hashCode ()I 5 1 com/sun/javafx/css/BitSet hashCode ()I 1 182 com/sun/javafx/css/CalculatedValue getValue ()Ljava/lang/Object; 1 198 com/sun/javafx/css/StyleCacheEntry$Key <init> ([Ljava/util/Set;Ljavafx/scene/text/Font;)V 2 1 java/lang/Object <init> ()V 2 36 com/sun/javafx/css/PseudoClassState <init> ()V 3 1 com/sun/javafx/css/BitSet <init> ()V 4 1 java/lang/Object <init> ()V 2 49 com/sun/javafx/css/PseudoClassState addAll (Ljava/util/Collection;)Z 2 67 javafx/scene/text/Font getSize ()D 1 207 com/sun/javafx/css/StyleCache getStyleCacheEntry (Lcom/sun/javafx/css/StyleCacheEntry$Key;)Lcom/sun/javafx/css/StyleCacheEntry; 1 233 com/sun/javafx/css/StyleCacheEntry <init> ()V 2 1 java/lang/Object <init> ()V 1 244 com/sun/javafx/css/StyleCache addStyleCacheEntry (Lcom/sun/javafx/css/StyleCacheEntry$Key;Lcom/sun/javafx/css/StyleCacheEntry;)V 2 13 java/util/HashMap <init> (I)V 3 4 java/util/HashMap <init> (IF)V 4 1 java/util/AbstractMap <init> ()V 5 1 java/lang/Object <init> ()V 4 51 java/lang/Float isNaN (F)Z 4 91 java/util/HashMap tableSizeFor (I)I 1 255 java/util/ArrayList size ()I 1 255 java/util/Collections$UnmodifiableCollection size ()I 2 4 java/util/ArrayList size ()I 1 298 java/util/ArrayList get (I)Ljava/lang/Object; 2 5 java/util/Objects checkIndex (II)I 2 11 java/util/ArrayList elementData (I)Ljava/lang/Object; 1 298 java/util/Collections$UnmodifiableList get (I)Ljava/lang/Object; 2 5 java/util/ArrayList get (I)Ljava/lang/Object; 3 5 java/util/Objects checkIndex (II)I 3 11 java/util/ArrayList elementData (I)Ljava/lang/Object; 2 5 java/util/Arrays$ArrayList get (I)Ljava/lang/Object; 1 337 javafx/css/CssMetaData getProperty ()Ljava/lang/String; 1 575 com/sun/javafx/css/CalculatedValue getOrigin ()Ljavafx/css/StyleOrigin; 1 628 com/sun/javafx/css/CalculatedValue getValue ()Ljava/lang/Object; 1 789 javafx/css/CssMetaData getProperty ()Ljava/lang/String; 1 814 com/sun/javafx/css/StyleManager getErrors ()Ljavafx/collections/ObservableList; 1 926 com/sun/javafx/css/CalculatedValue getValue ()Ljava/lang/Object; 1 947 com/sun/javafx/css/CalculatedValue getOrigin ()Ljavafx/css/StyleOrigin; 1 996 javafx/css/CssMetaData getProperty ()Ljava/lang/String;
