input,output
"Développeur Go | Informatique | Go, Gin, PostgreSQL, gRPC","Rejoignez notre équipe technique pour développer des solutions innovantes et performantes.

🎯 Missions principales :
• Concevoir et développer des applications microservices
• Participer aux choix architecturaux et techniques
• Collaborer avec les équipes QA et ops
• Optimiser les performances et la scalabilité
• Maintenir la qualité du code avec des tests automatisés
• Participer aux code reviews et au mentorat
• Assurer une veille technologique active

💻 Environnement technique :
Technologies : Go, Gin, PostgreSQL, gRPC
Méthodologie : Agile/Scrum, CI/CD
Outils : Git, Docker, Jenkins
Architecture : Event-Driven

👤 Profil recherché :
• Formation : Doctorat
• Expérience : Confirmé (3-5 ans)
• Compétences techniques : Maîtrise de Go, Gin
• Connaissance des design patterns et bonnes pratiques
• Qualités : Autonomie, esprit d'équipe, curiosité technique, rigueur"
"Administrateur Système | Informatique | Kotlin, Ktor, PostgreSQL, Exposed","Rejoignez notre équipe technique pour développer des solutions innovantes et performantes.

🎯 Missions principales :
• Concevoir et développer des applications web modernes
• Participer aux choix architecturaux et techniques
• Collaborer avec les équipes QA et ops
• Optimiser les performances et la scalabilité
• Maintenir la qualité du code avec des tests automatisés
• Participer aux code reviews et au mentorat
• Assurer une veille technologique active

💻 Environnement technique :
Technologies : Kotlin, Ktor, PostgreSQL, Exposed
Méthodologie : Agile/Scrum, CI/CD
Outils : Git, Docker, Jenkins
Architecture : MVC

👤 Profil recherché :
• Formation : Bac+2
• Expérience : Expert (7+ ans)
• Compétences techniques : Maîtrise de Kotlin, Ktor
• Connaissance des design patterns et bonnes pratiques
• Qualités : Autonomie, esprit d'équipe, curiosité technique, rigueur"
"Développeur PHP | Informatique | Java, Micronaut, MySQL, GraalVM","Rejoignez notre équipe technique pour développer des solutions innovantes et performantes.

🎯 Missions principales :
• Concevoir et développer des applications backend scalables
• Participer aux choix architecturaux et techniques
• Collaborer avec les équipes QA et ops
• Optimiser les performances et la scalabilité
• Maintenir la qualité du code avec des tests automatisés
• Participer aux code reviews et au mentorat
• Assurer une veille technologique active

💻 Environnement technique :
Technologies : Java, Micronaut, MySQL, GraalVM
Méthodologie : Agile/Scrum, CI/CD
Outils : Git, Docker, Jenkins
Architecture : Event-Driven

👤 Profil recherché :
• Formation : Bac+2
• Expérience : Junior (0-2 ans)
• Compétences techniques : Maîtrise de Java, Micronaut
• Connaissance des design patterns et bonnes pratiques
• Qualités : Autonomie, esprit d'équipe, curiosité technique, rigueur"
"Développeur JavaScript | Informatique | Go, Microservices, Docker, Kubernetes","Rejoignez notre équipe technique pour développer des solutions innovantes et performantes.

🎯 Missions principales :
• Concevoir et développer des applications backend scalables
• Participer aux choix architecturaux et techniques
• Collaborer avec les équipes QA et ops
• Optimiser les performances et la scalabilité
• Maintenir la qualité du code avec des tests automatisés
• Participer aux code reviews et au mentorat
• Assurer une veille technologique active

💻 Environnement technique :
Technologies : Go, Microservices, Docker, Kubernetes
Méthodologie : Agile/Scrum, CI/CD
Outils : Git, Docker, Jenkins
Architecture : MVC

👤 Profil recherché :
• Formation : Bac+2
• Expérience : 5+ ans
• Compétences techniques : Maîtrise de Go, Microservices
• Connaissance des design patterns et bonnes pratiques
• Qualités : Autonomie, esprit d'équipe, curiosité technique, rigueur"
"Développeur .NET | Informatique | Python, Django, PostgreSQL, Docker","Rejoignez notre équipe technique pour développer des solutions innovantes et performantes.

🎯 Missions principales :
• Concevoir et développer des applications microservices
• Participer aux choix architecturaux et techniques
• Collaborer avec les équipes product et design
• Optimiser les performances et la scalabilité
• Maintenir la qualité du code avec des tests automatisés
• Participer aux code reviews et au mentorat
• Assurer une veille technologique active

💻 Environnement technique :
Technologies : Python, Django, PostgreSQL, Docker
Méthodologie : Agile/Scrum, CI/CD
Outils : Git, Docker, Jenkins
Architecture : Clean Architecture

👤 Profil recherché :
• Formation : Bac+5
• Expérience : 10+ ans
• Compétences techniques : Maîtrise de Python, Django
• Connaissance des design patterns et bonnes pratiques
• Qualités : Autonomie, esprit d'équipe, curiosité technique, rigueur"
"Architecte Solutions | Informatique | Java, Spring Boot, MySQL, Kubernetes","Rejoignez notre équipe technique pour développer des solutions innovantes et performantes.

🎯 Missions principales :
• Concevoir et développer des applications mobile natives
• Participer aux choix architecturaux et techniques
• Collaborer avec les équipes frontend et DevOps
• Optimiser les performances et la scalabilité
• Maintenir la qualité du code avec des tests automatisés
• Participer aux code reviews et au mentorat
• Assurer une veille technologique active

💻 Environnement technique :
Technologies : Java, Spring Boot, MySQL, Kubernetes
Méthodologie : Agile/Scrum, CI/CD
Outils : Git, Docker, Jenkins
Architecture : Hexagonale

👤 Profil recherché :
• Formation : BTS
• Expérience : 5+ ans
• Compétences techniques : Maîtrise de Java, Spring Boot
• Connaissance des design patterns et bonnes pratiques
• Qualités : Autonomie, esprit d'équipe, curiosité technique, rigueur"
"Ingénieur Machine Learning | Informatique | PHP, Laravel, PostgreSQL, Nginx","Rejoignez notre équipe technique pour développer des solutions innovantes et performantes.

🎯 Missions principales :
• Concevoir et développer des applications mobile natives
• Participer aux choix architecturaux et techniques
• Collaborer avec les équipes frontend et DevOps
• Optimiser les performances et la scalabilité
• Maintenir la qualité du code avec des tests automatisés
• Participer aux code reviews et au mentorat
• Assurer une veille technologique active

💻 Environnement technique :
Technologies : PHP, Laravel, PostgreSQL, Nginx
Méthodologie : Agile/Scrum, CI/CD
Outils : Git, Docker, Jenkins
Architecture : Event-Driven

👤 Profil recherché :
• Formation : Licence
• Expérience : 2-3 ans
• Compétences techniques : Maîtrise de PHP, Laravel
• Connaissance des design patterns et bonnes pratiques
• Qualités : Autonomie, esprit d'équipe, curiosité technique, rigueur"
"Développeur PHP | Informatique | Swift, SwiftUI, CoreData, CloudKit","Rejoignez notre équipe technique pour développer des solutions innovantes et performantes.

🎯 Missions principales :
• Concevoir et développer des applications backend scalables
• Participer aux choix architecturaux et techniques
• Collaborer avec les équipes QA et ops
• Optimiser les performances et la scalabilité
• Maintenir la qualité du code avec des tests automatisés
• Participer aux code reviews et au mentorat
• Assurer une veille technologique active

💻 Environnement technique :
Technologies : Swift, SwiftUI, CoreData, CloudKit
Méthodologie : Agile/Scrum, CI/CD
Outils : Git, Docker, Jenkins
Architecture : Event-Driven

👤 Profil recherché :
• Formation : Bac+3
• Expérience : Expert (7+ ans)
• Compétences techniques : Maîtrise de Swift, SwiftUI
• Connaissance des design patterns et bonnes pratiques
• Qualités : Autonomie, esprit d'équipe, curiosité technique, rigueur"
"Développeur Frontend | Informatique | Java, Micronaut, MySQL, GraalVM","Rejoignez notre équipe technique pour développer des solutions innovantes et performantes.

🎯 Missions principales :
• Concevoir et développer des applications web modernes
• Participer aux choix architecturaux et techniques
• Collaborer avec les équipes frontend et DevOps
• Optimiser les performances et la scalabilité
• Maintenir la qualité du code avec des tests automatisés
• Participer aux code reviews et au mentorat
• Assurer une veille technologique active

💻 Environnement technique :
Technologies : Java, Micronaut, MySQL, GraalVM
Méthodologie : Agile/Scrum, CI/CD
Outils : Git, Docker, Jenkins
Architecture : Hexagonale

👤 Profil recherché :
• Formation : Licence
• Expérience : Junior (0-2 ans)
• Compétences techniques : Maîtrise de Java, Micronaut
• Connaissance des design patterns et bonnes pratiques
• Qualités : Autonomie, esprit d'équipe, curiosité technique, rigueur"
"Ingénieur Machine Learning | Informatique | Swift, SwiftUI, CoreData, CloudKit","Rejoignez notre équipe technique pour développer des solutions innovantes et performantes.

🎯 Missions principales :
• Concevoir et développer des applications mobile natives
• Participer aux choix architecturaux et techniques
• Collaborer avec les équipes QA et ops
• Optimiser les performances et la scalabilité
• Maintenir la qualité du code avec des tests automatisés
• Participer aux code reviews et au mentorat
• Assurer une veille technologique active

💻 Environnement technique :
Technologies : Swift, SwiftUI, CoreData, CloudKit
Méthodologie : Agile/Scrum, CI/CD
Outils : Git, Docker, Jenkins
Architecture : MVC

👤 Profil recherché :
• Formation : Licence
• Expérience : 1-2 ans
• Compétences techniques : Maîtrise de Swift, SwiftUI
• Connaissance des design patterns et bonnes pratiques
• Qualités : Autonomie, esprit d'équipe, curiosité technique, rigueur"
"Développeur Go | Informatique | Python, Django, PostgreSQL, Docker","Rejoignez notre équipe technique pour développer des solutions innovantes et performantes.

🎯 Missions principales :
• Concevoir et développer des applications mobile natives
• Participer aux choix architecturaux et techniques
• Collaborer avec les équipes product et design
• Optimiser les performances et la scalabilité
• Maintenir la qualité du code avec des tests automatisés
• Participer aux code reviews et au mentorat
• Assurer une veille technologique active

💻 Environnement technique :
Technologies : Python, Django, PostgreSQL, Docker
Méthodologie : Agile/Scrum, CI/CD
Outils : Git, Docker, Jenkins
Architecture : Hexagonale

👤 Profil recherché :
• Formation : Licence
• Expérience : Expert (7+ ans)
• Compétences techniques : Maîtrise de Python, Django
• Connaissance des design patterns et bonnes pratiques
• Qualités : Autonomie, esprit d'équipe, curiosité technique, rigueur"
"Chef de Projet IT | Informatique | Java, Quarkus, PostgreSQL, OpenShift","Rejoignez notre équipe technique pour développer des solutions innovantes et performantes.

🎯 Missions principales :
• Concevoir et développer des applications cloud
• Participer aux choix architecturaux et techniques
• Collaborer avec les équipes product et design
• Optimiser les performances et la scalabilité
• Maintenir la qualité du code avec des tests automatisés
• Participer aux code reviews et au mentorat
• Assurer une veille technologique active

💻 Environnement technique :
Technologies : Java, Quarkus, PostgreSQL, OpenShift
Méthodologie : Agile/Scrum, CI/CD
Outils : Git, Docker, Jenkins
Architecture : MVC

👤 Profil recherché :
• Formation : Bac+3
• Expérience : Junior (0-2 ans)
• Compétences techniques : Maîtrise de Java, Quarkus
• Connaissance des design patterns et bonnes pratiques
• Qualités : Autonomie, esprit d'équipe, curiosité technique, rigueur"
"Ingénieur Big Data | Informatique | JavaScript, Vue.js, Express, PostgreSQL","Rejoignez notre équipe technique pour développer des solutions innovantes et performantes.

🎯 Missions principales :
• Concevoir et développer des applications mobile natives
• Participer aux choix architecturaux et techniques
• Collaborer avec les équipes product et design
• Optimiser les performances et la scalabilité
• Maintenir la qualité du code avec des tests automatisés
• Participer aux code reviews et au mentorat
• Assurer une veille technologique active

💻 Environnement technique :
Technologies : JavaScript, Vue.js, Express, PostgreSQL
Méthodologie : Agile/Scrum, CI/CD
Outils : Git, Docker, Jenkins
Architecture : MVC

👤 Profil recherché :
• Formation : Bac+4
• Expérience : 2-3 ans
• Compétences techniques : Maîtrise de JavaScript, Vue.js
• Connaissance des design patterns et bonnes pratiques
• Qualités : Autonomie, esprit d'équipe, curiosité technique, rigueur"
"Chef de Projet IT | Informatique | TypeScript, React, GraphQL, Apollo","Rejoignez notre équipe technique pour développer des solutions innovantes et performantes.

🎯 Missions principales :
• Concevoir et développer des applications cloud
• Participer aux choix architecturaux et techniques
• Collaborer avec les équipes product et design
• Optimiser les performances et la scalabilité
• Maintenir la qualité du code avec des tests automatisés
• Participer aux code reviews et au mentorat
• Assurer une veille technologique active

💻 Environnement technique :
Technologies : TypeScript, React, GraphQL, Apollo
Méthodologie : Agile/Scrum, CI/CD
Outils : Git, Docker, Jenkins
Architecture : MVC

👤 Profil recherché :
• Formation : Bac+3
• Expérience : 10+ ans
• Compétences techniques : Maîtrise de TypeScript, React
• Connaissance des design patterns et bonnes pratiques
• Qualités : Autonomie, esprit d'équipe, curiosité technique, rigueur"
"Développeur Java | Informatique | Java, Spring Boot, MySQL, Kubernetes","Rejoignez notre équipe technique pour développer des solutions innovantes et performantes.

🎯 Missions principales :
• Concevoir et développer des applications web modernes
• Participer aux choix architecturaux et techniques
• Collaborer avec les équipes frontend et DevOps
• Optimiser les performances et la scalabilité
• Maintenir la qualité du code avec des tests automatisés
• Participer aux code reviews et au mentorat
• Assurer une veille technologique active

💻 Environnement technique :
Technologies : Java, Spring Boot, MySQL, Kubernetes
Méthodologie : Agile/Scrum, CI/CD
Outils : Git, Docker, Jenkins
Architecture : Clean Architecture

👤 Profil recherché :
• Formation : Bac+5
• Expérience : 3-5 ans
• Compétences techniques : Maîtrise de Java, Spring Boot
• Connaissance des design patterns et bonnes pratiques
• Qualités : Autonomie, esprit d'équipe, curiosité technique, rigueur"
"Ingénieur Cloud | Informatique | Java, Quarkus, PostgreSQL, OpenShift","Rejoignez notre équipe technique pour développer des solutions innovantes et performantes.

🎯 Missions principales :
• Concevoir et développer des applications cloud
• Participer aux choix architecturaux et techniques
• Collaborer avec les équipes frontend et DevOps
• Optimiser les performances et la scalabilité
• Maintenir la qualité du code avec des tests automatisés
• Participer aux code reviews et au mentorat
• Assurer une veille technologique active

💻 Environnement technique :
Technologies : Java, Quarkus, PostgreSQL, OpenShift
Méthodologie : Agile/Scrum, CI/CD
Outils : Git, Docker, Jenkins
Architecture : MVC

👤 Profil recherché :
• Formation : Licence
• Expérience : Confirmé (3-5 ans)
• Compétences techniques : Maîtrise de Java, Quarkus
• Connaissance des design patterns et bonnes pratiques
• Qualités : Autonomie, esprit d'équipe, curiosité technique, rigueur"
"Développeur Mobile | Informatique | Python, Flask, MongoDB, Redis","Rejoignez notre équipe technique pour développer des solutions innovantes et performantes.

🎯 Missions principales :
• Concevoir et développer des applications mobile natives
• Participer aux choix architecturaux et techniques
• Collaborer avec les équipes data et backend
• Optimiser les performances et la scalabilité
• Maintenir la qualité du code avec des tests automatisés
• Participer aux code reviews et au mentorat
• Assurer une veille technologique active

💻 Environnement technique :
Technologies : Python, Flask, MongoDB, Redis
Méthodologie : Agile/Scrum, CI/CD
Outils : Git, Docker, Jenkins
Architecture : Microservices

👤 Profil recherché :
• Formation : Bac+4
• Expérience : 2-3 ans
• Compétences techniques : Maîtrise de Python, Flask
• Connaissance des design patterns et bonnes pratiques
• Qualités : Autonomie, esprit d'équipe, curiosité technique, rigueur"
"Développeur Backend | Informatique | JavaScript, Next.js, Prisma, Vercel","Rejoignez notre équipe technique pour développer des solutions innovantes et performantes.

🎯 Missions principales :
• Concevoir et développer des applications web modernes
• Participer aux choix architecturaux et techniques
• Collaborer avec les équipes frontend et DevOps
• Optimiser les performances et la scalabilité
• Maintenir la qualité du code avec des tests automatisés
• Participer aux code reviews et au mentorat
• Assurer une veille technologique active

💻 Environnement technique :
Technologies : JavaScript, Next.js, Prisma, Vercel
Méthodologie : Agile/Scrum, CI/CD
Outils : Git, Docker, Jenkins
Architecture : Hexagonale

👤 Profil recherché :
• Formation : DUT
• Expérience : 5+ ans
• Compétences techniques : Maîtrise de JavaScript, Next.js
• Connaissance des design patterns et bonnes pratiques
• Qualités : Autonomie, esprit d'équipe, curiosité technique, rigueur"
"Développeur PHP | Informatique | C#, .NET, SQL Server, Azure","Rejoignez notre équipe technique pour développer des solutions innovantes et performantes.

🎯 Missions principales :
• Concevoir et développer des applications cloud
• Participer aux choix architecturaux et techniques
• Collaborer avec les équipes data et backend
• Optimiser les performances et la scalabilité
• Maintenir la qualité du code avec des tests automatisés
• Participer aux code reviews et au mentorat
• Assurer une veille technologique active

💻 Environnement technique :
Technologies : C#, .NET, SQL Server, Azure
Méthodologie : Agile/Scrum, CI/CD
Outils : Git, Docker, Jenkins
Architecture : Clean Architecture

👤 Profil recherché :
• Formation : Bac+3
• Expérience : 10+ ans
• Compétences techniques : Maîtrise de C#, .NET
• Connaissance des design patterns et bonnes pratiques
• Qualités : Autonomie, esprit d'équipe, curiosité technique, rigueur"
"Architecte Solutions | Informatique | Go, Gin, PostgreSQL, gRPC","Rejoignez notre équipe technique pour développer des solutions innovantes et performantes.

🎯 Missions principales :
• Concevoir et développer des applications web modernes
• Participer aux choix architecturaux et techniques
• Collaborer avec les équipes QA et ops
• Optimiser les performances et la scalabilité
• Maintenir la qualité du code avec des tests automatisés
• Participer aux code reviews et au mentorat
• Assurer une veille technologique active

💻 Environnement technique :
Technologies : Go, Gin, PostgreSQL, gRPC
Méthodologie : Agile/Scrum, CI/CD
Outils : Git, Docker, Jenkins
Architecture : Microservices

👤 Profil recherché :
• Formation : Bac+2
• Expérience : Confirmé (3-5 ans)
• Compétences techniques : Maîtrise de Go, Gin
• Connaissance des design patterns et bonnes pratiques
• Qualités : Autonomie, esprit d'équipe, curiosité technique, rigueur"
"Ingénieur Réseau | Informatique | TypeScript, Angular, NestJS, PostgreSQL","Rejoignez notre équipe technique pour développer des solutions innovantes et performantes.

🎯 Missions principales :
• Concevoir et développer des applications backend scalables
• Participer aux choix architecturaux et techniques
• Collaborer avec les équipes product et design
• Optimiser les performances et la scalabilité
• Maintenir la qualité du code avec des tests automatisés
• Participer aux code reviews et au mentorat
• Assurer une veille technologique active

💻 Environnement technique :
Technologies : TypeScript, Angular, NestJS, PostgreSQL
Méthodologie : Agile/Scrum, CI/CD
Outils : Git, Docker, Jenkins
Architecture : MVC

👤 Profil recherché :
• Formation : Master 2
• Expérience : Confirmé (3-5 ans)
• Compétences techniques : Maîtrise de TypeScript, Angular
• Connaissance des design patterns et bonnes pratiques
• Qualités : Autonomie, esprit d'équipe, curiosité technique, rigueur"
"Data Engineer | Informatique | TypeScript, React, GraphQL, Apollo","Rejoignez notre équipe technique pour développer des solutions innovantes et performantes.

🎯 Missions principales :
• Concevoir et développer des applications mobile natives
• Participer aux choix architecturaux et techniques
• Collaborer avec les équipes QA et ops
• Optimiser les performances et la scalabilité
• Maintenir la qualité du code avec des tests automatisés
• Participer aux code reviews et au mentorat
• Assurer une veille technologique active

💻 Environnement technique :
Technologies : TypeScript, React, GraphQL, Apollo
Méthodologie : Agile/Scrum, CI/CD
Outils : Git, Docker, Jenkins
Architecture : Clean Architecture

👤 Profil recherché :
• Formation : Bac+3
• Expérience : Junior (0-2 ans)
• Compétences techniques : Maîtrise de TypeScript, React
• Connaissance des design patterns et bonnes pratiques
• Qualités : Autonomie, esprit d'équipe, curiosité technique, rigueur"
"Ingénieur Big Data | Informatique | Python, FastAPI, MySQL, Docker","Rejoignez notre équipe technique pour développer des solutions innovantes et performantes.

🎯 Missions principales :
• Concevoir et développer des applications mobile natives
• Participer aux choix architecturaux et techniques
• Collaborer avec les équipes frontend et DevOps
• Optimiser les performances et la scalabilité
• Maintenir la qualité du code avec des tests automatisés
• Participer aux code reviews et au mentorat
• Assurer une veille technologique active

💻 Environnement technique :
Technologies : Python, FastAPI, MySQL, Docker
Méthodologie : Agile/Scrum, CI/CD
Outils : Git, Docker, Jenkins
Architecture : Hexagonale

👤 Profil recherché :
• Formation : Doctorat
• Expérience : Expert (7+ ans)
• Compétences techniques : Maîtrise de Python, FastAPI
• Connaissance des design patterns et bonnes pratiques
• Qualités : Autonomie, esprit d'équipe, curiosité technique, rigueur"
"Développeur PHP | Informatique | Scala, Spark, Kafka, Cassandra","Rejoignez notre équipe technique pour développer des solutions innovantes et performantes.

🎯 Missions principales :
• Concevoir et développer des applications backend scalables
• Participer aux choix architecturaux et techniques
• Collaborer avec les équipes data et backend
• Optimiser les performances et la scalabilité
• Maintenir la qualité du code avec des tests automatisés
• Participer aux code reviews et au mentorat
• Assurer une veille technologique active

💻 Environnement technique :
Technologies : Scala, Spark, Kafka, Cassandra
Méthodologie : Agile/Scrum, CI/CD
Outils : Git, Docker, Jenkins
Architecture : MVC

👤 Profil recherché :
• Formation : Bac+4
• Expérience : 10+ ans
• Compétences techniques : Maîtrise de Scala, Spark
• Connaissance des design patterns et bonnes pratiques
• Qualités : Autonomie, esprit d'équipe, curiosité technique, rigueur"
"Développeur Backend | Informatique | Java, Hibernate, Oracle, Maven","Rejoignez notre équipe technique pour développer des solutions innovantes et performantes.

🎯 Missions principales :
• Concevoir et développer des applications mobile natives
• Participer aux choix architecturaux et techniques
• Collaborer avec les équipes product et design
• Optimiser les performances et la scalabilité
• Maintenir la qualité du code avec des tests automatisés
• Participer aux code reviews et au mentorat
• Assurer une veille technologique active

💻 Environnement technique :
Technologies : Java, Hibernate, Oracle, Maven
Méthodologie : Agile/Scrum, CI/CD
Outils : Git, Docker, Jenkins
Architecture : Event-Driven

👤 Profil recherché :
• Formation : Bac+4
• Expérience : 1-2 ans
• Compétences techniques : Maîtrise de Java, Hibernate
• Connaissance des design patterns et bonnes pratiques
• Qualités : Autonomie, esprit d'équipe, curiosité technique, rigueur"
"Développeur Python | Informatique | Java, Spring Boot, MySQL, Kubernetes","Rejoignez notre équipe technique pour développer des solutions innovantes et performantes.

🎯 Missions principales :
• Concevoir et développer des applications cloud
• Participer aux choix architecturaux et techniques
• Collaborer avec les équipes QA et ops
• Optimiser les performances et la scalabilité
• Maintenir la qualité du code avec des tests automatisés
• Participer aux code reviews et au mentorat
• Assurer une veille technologique active

💻 Environnement technique :
Technologies : Java, Spring Boot, MySQL, Kubernetes
Méthodologie : Agile/Scrum, CI/CD
Outils : Git, Docker, Jenkins
Architecture : Event-Driven

👤 Profil recherché :
• Formation : Bac+3
• Expérience : 10+ ans
• Compétences techniques : Maîtrise de Java, Spring Boot
• Connaissance des design patterns et bonnes pratiques
• Qualités : Autonomie, esprit d'équipe, curiosité technique, rigueur"
"Architecte Solutions | Informatique | C#, ASP.NET, Azure, CosmosDB","Rejoignez notre équipe technique pour développer des solutions innovantes et performantes.

🎯 Missions principales :
• Concevoir et développer des applications mobile natives
• Participer aux choix architecturaux et techniques
• Collaborer avec les équipes frontend et DevOps
• Optimiser les performances et la scalabilité
• Maintenir la qualité du code avec des tests automatisés
• Participer aux code reviews et au mentorat
• Assurer une veille technologique active

💻 Environnement technique :
Technologies : C#, ASP.NET, Azure, CosmosDB
Méthodologie : Agile/Scrum, CI/CD
Outils : Git, Docker, Jenkins
Architecture : Hexagonale

👤 Profil recherché :
• Formation : DUT
• Expérience : Confirmé (3-5 ans)
• Compétences techniques : Maîtrise de C#, ASP.NET
• Connaissance des design patterns et bonnes pratiques
• Qualités : Autonomie, esprit d'équipe, curiosité technique, rigueur"
"Développeur Full Stack | Informatique | Java, Hibernate, Oracle, Maven","Rejoignez notre équipe technique pour développer des solutions innovantes et performantes.

🎯 Missions principales :
• Concevoir et développer des applications backend scalables
• Participer aux choix architecturaux et techniques
• Collaborer avec les équipes product et design
• Optimiser les performances et la scalabilité
• Maintenir la qualité du code avec des tests automatisés
• Participer aux code reviews et au mentorat
• Assurer une veille technologique active

💻 Environnement technique :
Technologies : Java, Hibernate, Oracle, Maven
Méthodologie : Agile/Scrum, CI/CD
Outils : Git, Docker, Jenkins
Architecture : MVC

👤 Profil recherché :
• Formation : BTS
• Expérience : Expert (7+ ans)
• Compétences techniques : Maîtrise de Java, Hibernate
• Connaissance des design patterns et bonnes pratiques
• Qualités : Autonomie, esprit d'équipe, curiosité technique, rigueur"
"Ingénieur DevOps | Informatique | Kotlin, Android, Firebase, MVVM","Rejoignez notre équipe technique pour développer des solutions innovantes et performantes.

🎯 Missions principales :
• Concevoir et développer des applications cloud
• Participer aux choix architecturaux et techniques
• Collaborer avec les équipes data et backend
• Optimiser les performances et la scalabilité
• Maintenir la qualité du code avec des tests automatisés
• Participer aux code reviews et au mentorat
• Assurer une veille technologique active

💻 Environnement technique :
Technologies : Kotlin, Android, Firebase, MVVM
Méthodologie : Agile/Scrum, CI/CD
Outils : Git, Docker, Jenkins
Architecture : Hexagonale

👤 Profil recherché :
• Formation : Bac+2
• Expérience : Senior (5+ ans)
• Compétences techniques : Maîtrise de Kotlin, Android
• Connaissance des design patterns et bonnes pratiques
• Qualités : Autonomie, esprit d'équipe, curiosité technique, rigueur"
"Ingénieur DevOps | Informatique | JavaScript, Vue.js, Express, PostgreSQL","Rejoignez notre équipe technique pour développer des solutions innovantes et performantes.

🎯 Missions principales :
• Concevoir et développer des applications web modernes
• Participer aux choix architecturaux et techniques
• Collaborer avec les équipes QA et ops
• Optimiser les performances et la scalabilité
• Maintenir la qualité du code avec des tests automatisés
• Participer aux code reviews et au mentorat
• Assurer une veille technologique active

💻 Environnement technique :
Technologies : JavaScript, Vue.js, Express, PostgreSQL
Méthodologie : Agile/Scrum, CI/CD
Outils : Git, Docker, Jenkins
Architecture : Clean Architecture

👤 Profil recherché :
• Formation : BTS
• Expérience : Senior (5+ ans)
• Compétences techniques : Maîtrise de JavaScript, Vue.js
• Connaissance des design patterns et bonnes pratiques
• Qualités : Autonomie, esprit d'équipe, curiosité technique, rigueur"
"Développeur .NET | Informatique | PHP, Laravel, PostgreSQL, Nginx","Rejoignez notre équipe technique pour développer des solutions innovantes et performantes.

🎯 Missions principales :
• Concevoir et développer des applications web modernes
• Participer aux choix architecturaux et techniques
• Collaborer avec les équipes data et backend
• Optimiser les performances et la scalabilité
• Maintenir la qualité du code avec des tests automatisés
• Participer aux code reviews et au mentorat
• Assurer une veille technologique active

💻 Environnement technique :
Technologies : PHP, Laravel, PostgreSQL, Nginx
Méthodologie : Agile/Scrum, CI/CD
Outils : Git, Docker, Jenkins
Architecture : Hexagonale

👤 Profil recherché :
• Formation : BTS
• Expérience : 5+ ans
• Compétences techniques : Maîtrise de PHP, Laravel
• Connaissance des design patterns et bonnes pratiques
• Qualités : Autonomie, esprit d'équipe, curiosité technique, rigueur"
"Data Engineer | Informatique | Go, Microservices, Docker, Kubernetes","Rejoignez notre équipe technique pour développer des solutions innovantes et performantes.

🎯 Missions principales :
• Concevoir et développer des applications web modernes
• Participer aux choix architecturaux et techniques
• Collaborer avec les équipes product et design
• Optimiser les performances et la scalabilité
• Maintenir la qualité du code avec des tests automatisés
• Participer aux code reviews et au mentorat
• Assurer une veille technologique active

💻 Environnement technique :
Technologies : Go, Microservices, Docker, Kubernetes
Méthodologie : Agile/Scrum, CI/CD
Outils : Git, Docker, Jenkins
Architecture : Hexagonale

👤 Profil recherché :
• Formation : Bac+5
• Expérience : 3-5 ans
• Compétences techniques : Maîtrise de Go, Microservices
• Connaissance des design patterns et bonnes pratiques
• Qualités : Autonomie, esprit d'équipe, curiosité technique, rigueur"
"Développeur Backend | Informatique | Go, Gin, PostgreSQL, gRPC","Rejoignez notre équipe technique pour développer des solutions innovantes et performantes.

🎯 Missions principales :
• Concevoir et développer des applications cloud
• Participer aux choix architecturaux et techniques
• Collaborer avec les équipes QA et ops
• Optimiser les performances et la scalabilité
• Maintenir la qualité du code avec des tests automatisés
• Participer aux code reviews et au mentorat
• Assurer une veille technologique active

💻 Environnement technique :
Technologies : Go, Gin, PostgreSQL, gRPC
Méthodologie : Agile/Scrum, CI/CD
Outils : Git, Docker, Jenkins
Architecture : Event-Driven

👤 Profil recherché :
• Formation : Doctorat
• Expérience : 3-5 ans
• Compétences techniques : Maîtrise de Go, Gin
• Connaissance des design patterns et bonnes pratiques
• Qualités : Autonomie, esprit d'équipe, curiosité technique, rigueur"
"Ingénieur Machine Learning | Informatique | Scala, Spark, Kafka, Cassandra","Rejoignez notre équipe technique pour développer des solutions innovantes et performantes.

🎯 Missions principales :
• Concevoir et développer des applications cloud
• Participer aux choix architecturaux et techniques
• Collaborer avec les équipes product et design
• Optimiser les performances et la scalabilité
• Maintenir la qualité du code avec des tests automatisés
• Participer aux code reviews et au mentorat
• Assurer une veille technologique active

💻 Environnement technique :
Technologies : Scala, Spark, Kafka, Cassandra
Méthodologie : Agile/Scrum, CI/CD
Outils : Git, Docker, Jenkins
Architecture : Hexagonale

👤 Profil recherché :
• Formation : Bac+2
• Expérience : 1-2 ans
• Compétences techniques : Maîtrise de Scala, Spark
• Connaissance des design patterns et bonnes pratiques
• Qualités : Autonomie, esprit d'équipe, curiosité technique, rigueur"
"Ingénieur Cloud | Informatique | Python, Flask, MongoDB, Redis","Rejoignez notre équipe technique pour développer des solutions innovantes et performantes.

🎯 Missions principales :
• Concevoir et développer des applications mobile natives
• Participer aux choix architecturaux et techniques
• Collaborer avec les équipes data et backend
• Optimiser les performances et la scalabilité
• Maintenir la qualité du code avec des tests automatisés
• Participer aux code reviews et au mentorat
• Assurer une veille technologique active

💻 Environnement technique :
Technologies : Python, Flask, MongoDB, Redis
Méthodologie : Agile/Scrum, CI/CD
Outils : Git, Docker, Jenkins
Architecture : Microservices

👤 Profil recherché :
• Formation : Bac+2
• Expérience : 5+ ans
• Compétences techniques : Maîtrise de Python, Flask
• Connaissance des design patterns et bonnes pratiques
• Qualités : Autonomie, esprit d'équipe, curiosité technique, rigueur"
"Développeur .NET | Informatique | JavaScript, React, Node.js, MongoDB","Rejoignez notre équipe technique pour développer des solutions innovantes et performantes.

🎯 Missions principales :
• Concevoir et développer des applications microservices
• Participer aux choix architecturaux et techniques
• Collaborer avec les équipes data et backend
• Optimiser les performances et la scalabilité
• Maintenir la qualité du code avec des tests automatisés
• Participer aux code reviews et au mentorat
• Assurer une veille technologique active

💻 Environnement technique :
Technologies : JavaScript, React, Node.js, MongoDB
Méthodologie : Agile/Scrum, CI/CD
Outils : Git, Docker, Jenkins
Architecture : Microservices

👤 Profil recherché :
• Formation : Bac+5
• Expérience : 2-3 ans
• Compétences techniques : Maîtrise de JavaScript, React
• Connaissance des design patterns et bonnes pratiques
• Qualités : Autonomie, esprit d'équipe, curiosité technique, rigueur"
"Architecte Solutions | Informatique | Ruby, Rails, PostgreSQL, Heroku","Rejoignez notre équipe technique pour développer des solutions innovantes et performantes.

🎯 Missions principales :
• Concevoir et développer des applications microservices
• Participer aux choix architecturaux et techniques
• Collaborer avec les équipes product et design
• Optimiser les performances et la scalabilité
• Maintenir la qualité du code avec des tests automatisés
• Participer aux code reviews et au mentorat
• Assurer une veille technologique active

💻 Environnement technique :
Technologies : Ruby, Rails, PostgreSQL, Heroku
Méthodologie : Agile/Scrum, CI/CD
Outils : Git, Docker, Jenkins
Architecture : Event-Driven

👤 Profil recherché :
• Formation : Master 2
• Expérience : 5+ ans
• Compétences techniques : Maîtrise de Ruby, Rails
• Connaissance des design patterns et bonnes pratiques
• Qualités : Autonomie, esprit d'équipe, curiosité technique, rigueur"
"Architecte Solutions | Informatique | C#, .NET, SQL Server, Azure","Rejoignez notre équipe technique pour développer des solutions innovantes et performantes.

🎯 Missions principales :
• Concevoir et développer des applications microservices
• Participer aux choix architecturaux et techniques
• Collaborer avec les équipes product et design
• Optimiser les performances et la scalabilité
• Maintenir la qualité du code avec des tests automatisés
• Participer aux code reviews et au mentorat
• Assurer une veille technologique active

💻 Environnement technique :
Technologies : C#, .NET, SQL Server, Azure
Méthodologie : Agile/Scrum, CI/CD
Outils : Git, Docker, Jenkins
Architecture : Event-Driven

👤 Profil recherché :
• Formation : Bac+5
• Expérience : 2-3 ans
• Compétences techniques : Maîtrise de C#, .NET
• Connaissance des design patterns et bonnes pratiques
• Qualités : Autonomie, esprit d'équipe, curiosité technique, rigueur"
"Développeur .NET | Informatique | Java, Micronaut, MySQL, GraalVM","Rejoignez notre équipe technique pour développer des solutions innovantes et performantes.

🎯 Missions principales :
• Concevoir et développer des applications cloud
• Participer aux choix architecturaux et techniques
• Collaborer avec les équipes data et backend
• Optimiser les performances et la scalabilité
• Maintenir la qualité du code avec des tests automatisés
• Participer aux code reviews et au mentorat
• Assurer une veille technologique active

💻 Environnement technique :
Technologies : Java, Micronaut, MySQL, GraalVM
Méthodologie : Agile/Scrum, CI/CD
Outils : Git, Docker, Jenkins
Architecture : Event-Driven

👤 Profil recherché :
• Formation : Licence
• Expérience : 5+ ans
• Compétences techniques : Maîtrise de Java, Micronaut
• Connaissance des design patterns et bonnes pratiques
• Qualités : Autonomie, esprit d'équipe, curiosité technique, rigueur"
"Architecte Solutions | Informatique | Java, Hibernate, Oracle, Maven","Rejoignez notre équipe technique pour développer des solutions innovantes et performantes.

🎯 Missions principales :
• Concevoir et développer des applications backend scalables
• Participer aux choix architecturaux et techniques
• Collaborer avec les équipes product et design
• Optimiser les performances et la scalabilité
• Maintenir la qualité du code avec des tests automatisés
• Participer aux code reviews et au mentorat
• Assurer une veille technologique active

💻 Environnement technique :
Technologies : Java, Hibernate, Oracle, Maven
Méthodologie : Agile/Scrum, CI/CD
Outils : Git, Docker, Jenkins
Architecture : Clean Architecture

👤 Profil recherché :
• Formation : Bac+5
• Expérience : 1-2 ans
• Compétences techniques : Maîtrise de Java, Hibernate
• Connaissance des design patterns et bonnes pratiques
• Qualités : Autonomie, esprit d'équipe, curiosité technique, rigueur"
"Développeur Go | Informatique | Rust, Actix, PostgreSQL, Docker","Rejoignez notre équipe technique pour développer des solutions innovantes et performantes.

🎯 Missions principales :
• Concevoir et développer des applications cloud
• Participer aux choix architecturaux et techniques
• Collaborer avec les équipes frontend et DevOps
• Optimiser les performances et la scalabilité
• Maintenir la qualité du code avec des tests automatisés
• Participer aux code reviews et au mentorat
• Assurer une veille technologique active

💻 Environnement technique :
Technologies : Rust, Actix, PostgreSQL, Docker
Méthodologie : Agile/Scrum, CI/CD
Outils : Git, Docker, Jenkins
Architecture : MVC

👤 Profil recherché :
• Formation : Bac+2
• Expérience : 5+ ans
• Compétences techniques : Maîtrise de Rust, Actix
• Connaissance des design patterns et bonnes pratiques
• Qualités : Autonomie, esprit d'équipe, curiosité technique, rigueur"
"Développeur JavaScript | Informatique | Kotlin, Android, Firebase, MVVM","Rejoignez notre équipe technique pour développer des solutions innovantes et performantes.

🎯 Missions principales :
• Concevoir et développer des applications microservices
• Participer aux choix architecturaux et techniques
• Collaborer avec les équipes product et design
• Optimiser les performances et la scalabilité
• Maintenir la qualité du code avec des tests automatisés
• Participer aux code reviews et au mentorat
• Assurer une veille technologique active

💻 Environnement technique :
Technologies : Kotlin, Android, Firebase, MVVM
Méthodologie : Agile/Scrum, CI/CD
Outils : Git, Docker, Jenkins
Architecture : Clean Architecture

👤 Profil recherché :
• Formation : Bac+3
• Expérience : 10+ ans
• Compétences techniques : Maîtrise de Kotlin, Android
• Connaissance des design patterns et bonnes pratiques
• Qualités : Autonomie, esprit d'équipe, curiosité technique, rigueur"
"Data Engineer | Informatique | Java, Micronaut, MySQL, GraalVM","Rejoignez notre équipe technique pour développer des solutions innovantes et performantes.

🎯 Missions principales :
• Concevoir et développer des applications backend scalables
• Participer aux choix architecturaux et techniques
• Collaborer avec les équipes data et backend
• Optimiser les performances et la scalabilité
• Maintenir la qualité du code avec des tests automatisés
• Participer aux code reviews et au mentorat
• Assurer une veille technologique active

💻 Environnement technique :
Technologies : Java, Micronaut, MySQL, GraalVM
Méthodologie : Agile/Scrum, CI/CD
Outils : Git, Docker, Jenkins
Architecture : Event-Driven

👤 Profil recherché :
• Formation : Bac+5
• Expérience : Confirmé (3-5 ans)
• Compétences techniques : Maîtrise de Java, Micronaut
• Connaissance des design patterns et bonnes pratiques
• Qualités : Autonomie, esprit d'équipe, curiosité technique, rigueur"
"Développeur Go | Informatique | JavaScript, React, Node.js, MongoDB","Rejoignez notre équipe technique pour développer des solutions innovantes et performantes.

🎯 Missions principales :
• Concevoir et développer des applications mobile natives
• Participer aux choix architecturaux et techniques
• Collaborer avec les équipes product et design
• Optimiser les performances et la scalabilité
• Maintenir la qualité du code avec des tests automatisés
• Participer aux code reviews et au mentorat
• Assurer une veille technologique active

💻 Environnement technique :
Technologies : JavaScript, React, Node.js, MongoDB
Méthodologie : Agile/Scrum, CI/CD
Outils : Git, Docker, Jenkins
Architecture : Event-Driven

👤 Profil recherché :
• Formation : Licence
• Expérience : Confirmé (3-5 ans)
• Compétences techniques : Maîtrise de JavaScript, React
• Connaissance des design patterns et bonnes pratiques
• Qualités : Autonomie, esprit d'équipe, curiosité technique, rigueur"
"Développeur Backend | Informatique | Python, FastAPI, MySQL, Docker","Rejoignez notre équipe technique pour développer des solutions innovantes et performantes.

🎯 Missions principales :
• Concevoir et développer des applications cloud
• Participer aux choix architecturaux et techniques
• Collaborer avec les équipes frontend et DevOps
• Optimiser les performances et la scalabilité
• Maintenir la qualité du code avec des tests automatisés
• Participer aux code reviews et au mentorat
• Assurer une veille technologique active

💻 Environnement technique :
Technologies : Python, FastAPI, MySQL, Docker
Méthodologie : Agile/Scrum, CI/CD
Outils : Git, Docker, Jenkins
Architecture : Event-Driven

👤 Profil recherché :
• Formation : Doctorat
• Expérience : 1-2 ans
• Compétences techniques : Maîtrise de Python, FastAPI
• Connaissance des design patterns et bonnes pratiques
• Qualités : Autonomie, esprit d'équipe, curiosité technique, rigueur"
"Ingénieur DevOps | Informatique | TypeScript, React, GraphQL, Apollo","Rejoignez notre équipe technique pour développer des solutions innovantes et performantes.

🎯 Missions principales :
• Concevoir et développer des applications backend scalables
• Participer aux choix architecturaux et techniques
• Collaborer avec les équipes data et backend
• Optimiser les performances et la scalabilité
• Maintenir la qualité du code avec des tests automatisés
• Participer aux code reviews et au mentorat
• Assurer une veille technologique active

💻 Environnement technique :
Technologies : TypeScript, React, GraphQL, Apollo
Méthodologie : Agile/Scrum, CI/CD
Outils : Git, Docker, Jenkins
Architecture : Event-Driven

👤 Profil recherché :
• Formation : Bac+4
• Expérience : 10+ ans
• Compétences techniques : Maîtrise de TypeScript, React
• Connaissance des design patterns et bonnes pratiques
• Qualités : Autonomie, esprit d'équipe, curiosité technique, rigueur"
"Data Engineer | Informatique | Scala, Spark, Kafka, Cassandra","Rejoignez notre équipe technique pour développer des solutions innovantes et performantes.

🎯 Missions principales :
• Concevoir et développer des applications microservices
• Participer aux choix architecturaux et techniques
• Collaborer avec les équipes frontend et DevOps
• Optimiser les performances et la scalabilité
• Maintenir la qualité du code avec des tests automatisés
• Participer aux code reviews et au mentorat
• Assurer une veille technologique active

💻 Environnement technique :
Technologies : Scala, Spark, Kafka, Cassandra
Méthodologie : Agile/Scrum, CI/CD
Outils : Git, Docker, Jenkins
Architecture : Event-Driven

👤 Profil recherché :
• Formation : Doctorat
• Expérience : Junior (0-2 ans)
• Compétences techniques : Maîtrise de Scala, Spark
• Connaissance des design patterns et bonnes pratiques
• Qualités : Autonomie, esprit d'équipe, curiosité technique, rigueur"
"Data Engineer | Informatique | JavaScript, Vue.js, Express, PostgreSQL","Rejoignez notre équipe technique pour développer des solutions innovantes et performantes.

🎯 Missions principales :
• Concevoir et développer des applications mobile natives
• Participer aux choix architecturaux et techniques
• Collaborer avec les équipes product et design
• Optimiser les performances et la scalabilité
• Maintenir la qualité du code avec des tests automatisés
• Participer aux code reviews et au mentorat
• Assurer une veille technologique active

💻 Environnement technique :
Technologies : JavaScript, Vue.js, Express, PostgreSQL
Méthodologie : Agile/Scrum, CI/CD
Outils : Git, Docker, Jenkins
Architecture : Event-Driven

👤 Profil recherché :
• Formation : Bac+3
• Expérience : 5+ ans
• Compétences techniques : Maîtrise de JavaScript, Vue.js
• Connaissance des design patterns et bonnes pratiques
• Qualités : Autonomie, esprit d'équipe, curiosité technique, rigueur"
"Ingénieur Cloud | Informatique | Java, Micronaut, MySQL, GraalVM","Rejoignez notre équipe technique pour développer des solutions innovantes et performantes.

🎯 Missions principales :
• Concevoir et développer des applications backend scalables
• Participer aux choix architecturaux et techniques
• Collaborer avec les équipes QA et ops
• Optimiser les performances et la scalabilité
• Maintenir la qualité du code avec des tests automatisés
• Participer aux code reviews et au mentorat
• Assurer une veille technologique active

💻 Environnement technique :
Technologies : Java, Micronaut, MySQL, GraalVM
Méthodologie : Agile/Scrum, CI/CD
Outils : Git, Docker, Jenkins
Architecture : MVC

👤 Profil recherché :
• Formation : DUT
• Expérience : 10+ ans
• Compétences techniques : Maîtrise de Java, Micronaut
• Connaissance des design patterns et bonnes pratiques
• Qualités : Autonomie, esprit d'équipe, curiosité technique, rigueur"
"Développeur PHP | Informatique | Go, Gin, PostgreSQL, gRPC","Rejoignez notre équipe technique pour développer des solutions innovantes et performantes.

🎯 Missions principales :
• Concevoir et développer des applications cloud
• Participer aux choix architecturaux et techniques
• Collaborer avec les équipes product et design
• Optimiser les performances et la scalabilité
• Maintenir la qualité du code avec des tests automatisés
• Participer aux code reviews et au mentorat
• Assurer une veille technologique active

💻 Environnement technique :
Technologies : Go, Gin, PostgreSQL, gRPC
Méthodologie : Agile/Scrum, CI/CD
Outils : Git, Docker, Jenkins
Architecture : Event-Driven

👤 Profil recherché :
• Formation : BTS
• Expérience : 10+ ans
• Compétences techniques : Maîtrise de Go, Gin
• Connaissance des design patterns et bonnes pratiques
• Qualités : Autonomie, esprit d'équipe, curiosité technique, rigueur"
"Testeur QA | Informatique | JavaScript, Vue.js, Express, PostgreSQL","Rejoignez notre équipe technique pour développer des solutions innovantes et performantes.

🎯 Missions principales :
• Concevoir et développer des applications web modernes
• Participer aux choix architecturaux et techniques
• Collaborer avec les équipes product et design
• Optimiser les performances et la scalabilité
• Maintenir la qualité du code avec des tests automatisés
• Participer aux code reviews et au mentorat
• Assurer une veille technologique active

💻 Environnement technique :
Technologies : JavaScript, Vue.js, Express, PostgreSQL
Méthodologie : Agile/Scrum, CI/CD
Outils : Git, Docker, Jenkins
Architecture : MVC

👤 Profil recherché :
• Formation : Bac+4
• Expérience : Junior (0-2 ans)
• Compétences techniques : Maîtrise de JavaScript, Vue.js
• Connaissance des design patterns et bonnes pratiques
• Qualités : Autonomie, esprit d'équipe, curiosité technique, rigueur"
"Chef de Projet IT | Informatique | Rust, Actix, PostgreSQL, Docker","Rejoignez notre équipe technique pour développer des solutions innovantes et performantes.

🎯 Missions principales :
• Concevoir et développer des applications mobile natives
• Participer aux choix architecturaux et techniques
• Collaborer avec les équipes frontend et DevOps
• Optimiser les performances et la scalabilité
• Maintenir la qualité du code avec des tests automatisés
• Participer aux code reviews et au mentorat
• Assurer une veille technologique active

💻 Environnement technique :
Technologies : Rust, Actix, PostgreSQL, Docker
Méthodologie : Agile/Scrum, CI/CD
Outils : Git, Docker, Jenkins
Architecture : Event-Driven

👤 Profil recherché :
• Formation : Bac+3
• Expérience : 5+ ans
• Compétences techniques : Maîtrise de Rust, Actix
• Connaissance des design patterns et bonnes pratiques
• Qualités : Autonomie, esprit d'équipe, curiosité technique, rigueur"
"Chef de Projet IT | Informatique | Swift, SwiftUI, CoreData, CloudKit","Rejoignez notre équipe technique pour développer des solutions innovantes et performantes.

🎯 Missions principales :
• Concevoir et développer des applications microservices
• Participer aux choix architecturaux et techniques
• Collaborer avec les équipes data et backend
• Optimiser les performances et la scalabilité
• Maintenir la qualité du code avec des tests automatisés
• Participer aux code reviews et au mentorat
• Assurer une veille technologique active

💻 Environnement technique :
Technologies : Swift, SwiftUI, CoreData, CloudKit
Méthodologie : Agile/Scrum, CI/CD
Outils : Git, Docker, Jenkins
Architecture : MVC

👤 Profil recherché :
• Formation : BTS
• Expérience : 10+ ans
• Compétences techniques : Maîtrise de Swift, SwiftUI
• Connaissance des design patterns et bonnes pratiques
• Qualités : Autonomie, esprit d'équipe, curiosité technique, rigueur"
"Administrateur Système | Informatique | Kotlin, Android, Firebase, MVVM","Rejoignez notre équipe technique pour développer des solutions innovantes et performantes.

🎯 Missions principales :
• Concevoir et développer des applications cloud
• Participer aux choix architecturaux et techniques
• Collaborer avec les équipes QA et ops
• Optimiser les performances et la scalabilité
• Maintenir la qualité du code avec des tests automatisés
• Participer aux code reviews et au mentorat
• Assurer une veille technologique active

💻 Environnement technique :
Technologies : Kotlin, Android, Firebase, MVVM
Méthodologie : Agile/Scrum, CI/CD
Outils : Git, Docker, Jenkins
Architecture : Clean Architecture

👤 Profil recherché :
• Formation : Bac+5
• Expérience : 1-2 ans
• Compétences techniques : Maîtrise de Kotlin, Android
• Connaissance des design patterns et bonnes pratiques
• Qualités : Autonomie, esprit d'équipe, curiosité technique, rigueur"
"Administrateur Système | Informatique | Swift, SwiftUI, CoreData, CloudKit","Rejoignez notre équipe technique pour développer des solutions innovantes et performantes.

🎯 Missions principales :
• Concevoir et développer des applications mobile natives
• Participer aux choix architecturaux et techniques
• Collaborer avec les équipes QA et ops
• Optimiser les performances et la scalabilité
• Maintenir la qualité du code avec des tests automatisés
• Participer aux code reviews et au mentorat
• Assurer une veille technologique active

💻 Environnement technique :
Technologies : Swift, SwiftUI, CoreData, CloudKit
Méthodologie : Agile/Scrum, CI/CD
Outils : Git, Docker, Jenkins
Architecture : Microservices

👤 Profil recherché :
• Formation : Doctorat
• Expérience : 5+ ans
• Compétences techniques : Maîtrise de Swift, SwiftUI
• Connaissance des design patterns et bonnes pratiques
• Qualités : Autonomie, esprit d'équipe, curiosité technique, rigueur"
"Développeur Go | Informatique | Ruby, Rails, PostgreSQL, Heroku","Rejoignez notre équipe technique pour développer des solutions innovantes et performantes.

🎯 Missions principales :
• Concevoir et développer des applications web modernes
• Participer aux choix architecturaux et techniques
• Collaborer avec les équipes product et design
• Optimiser les performances et la scalabilité
• Maintenir la qualité du code avec des tests automatisés
• Participer aux code reviews et au mentorat
• Assurer une veille technologique active

💻 Environnement technique :
Technologies : Ruby, Rails, PostgreSQL, Heroku
Méthodologie : Agile/Scrum, CI/CD
Outils : Git, Docker, Jenkins
Architecture : MVC

👤 Profil recherché :
• Formation : Bac+4
• Expérience : 2-3 ans
• Compétences techniques : Maîtrise de Ruby, Rails
• Connaissance des design patterns et bonnes pratiques
• Qualités : Autonomie, esprit d'équipe, curiosité technique, rigueur"
"Ingénieur Cloud | Informatique | Java, Spring Boot, MySQL, Kubernetes","Rejoignez notre équipe technique pour développer des solutions innovantes et performantes.

🎯 Missions principales :
• Concevoir et développer des applications mobile natives
• Participer aux choix architecturaux et techniques
• Collaborer avec les équipes frontend et DevOps
• Optimiser les performances et la scalabilité
• Maintenir la qualité du code avec des tests automatisés
• Participer aux code reviews et au mentorat
• Assurer une veille technologique active

💻 Environnement technique :
Technologies : Java, Spring Boot, MySQL, Kubernetes
Méthodologie : Agile/Scrum, CI/CD
Outils : Git, Docker, Jenkins
Architecture : Event-Driven

👤 Profil recherché :
• Formation : Master 2
• Expérience : 1-2 ans
• Compétences techniques : Maîtrise de Java, Spring Boot
• Connaissance des design patterns et bonnes pratiques
• Qualités : Autonomie, esprit d'équipe, curiosité technique, rigueur"
"Développeur JavaScript | Informatique | Python, FastAPI, MySQL, Docker","Rejoignez notre équipe technique pour développer des solutions innovantes et performantes.

🎯 Missions principales :
• Concevoir et développer des applications web modernes
• Participer aux choix architecturaux et techniques
• Collaborer avec les équipes frontend et DevOps
• Optimiser les performances et la scalabilité
• Maintenir la qualité du code avec des tests automatisés
• Participer aux code reviews et au mentorat
• Assurer une veille technologique active

💻 Environnement technique :
Technologies : Python, FastAPI, MySQL, Docker
Méthodologie : Agile/Scrum, CI/CD
Outils : Git, Docker, Jenkins
Architecture : Event-Driven

👤 Profil recherché :
• Formation : Bac+4
• Expérience : 2-3 ans
• Compétences techniques : Maîtrise de Python, FastAPI
• Connaissance des design patterns et bonnes pratiques
• Qualités : Autonomie, esprit d'équipe, curiosité technique, rigueur"
"Développeur Python | Informatique | Go, Microservices, Docker, Kubernetes","Rejoignez notre équipe technique pour développer des solutions innovantes et performantes.

🎯 Missions principales :
• Concevoir et développer des applications web modernes
• Participer aux choix architecturaux et techniques
• Collaborer avec les équipes QA et ops
• Optimiser les performances et la scalabilité
• Maintenir la qualité du code avec des tests automatisés
• Participer aux code reviews et au mentorat
• Assurer une veille technologique active

💻 Environnement technique :
Technologies : Go, Microservices, Docker, Kubernetes
Méthodologie : Agile/Scrum, CI/CD
Outils : Git, Docker, Jenkins
Architecture : Event-Driven

👤 Profil recherché :
• Formation : Doctorat
• Expérience : 7+ ans
• Compétences techniques : Maîtrise de Go, Microservices
• Connaissance des design patterns et bonnes pratiques
• Qualités : Autonomie, esprit d'équipe, curiosité technique, rigueur"
"Ingénieur DevOps | Informatique | Python, Tornado, Cassandra, Kafka","Rejoignez notre équipe technique pour développer des solutions innovantes et performantes.

🎯 Missions principales :
• Concevoir et développer des applications backend scalables
• Participer aux choix architecturaux et techniques
• Collaborer avec les équipes frontend et DevOps
• Optimiser les performances et la scalabilité
• Maintenir la qualité du code avec des tests automatisés
• Participer aux code reviews et au mentorat
• Assurer une veille technologique active

💻 Environnement technique :
Technologies : Python, Tornado, Cassandra, Kafka
Méthodologie : Agile/Scrum, CI/CD
Outils : Git, Docker, Jenkins
Architecture : Clean Architecture

👤 Profil recherché :
• Formation : Doctorat
• Expérience : 3-5 ans
• Compétences techniques : Maîtrise de Python, Tornado
• Connaissance des design patterns et bonnes pratiques
• Qualités : Autonomie, esprit d'équipe, curiosité technique, rigueur"
"Ingénieur DevOps | Informatique | Go, Gin, PostgreSQL, gRPC","Rejoignez notre équipe technique pour développer des solutions innovantes et performantes.

🎯 Missions principales :
• Concevoir et développer des applications backend scalables
• Participer aux choix architecturaux et techniques
• Collaborer avec les équipes frontend et DevOps
• Optimiser les performances et la scalabilité
• Maintenir la qualité du code avec des tests automatisés
• Participer aux code reviews et au mentorat
• Assurer une veille technologique active

💻 Environnement technique :
Technologies : Go, Gin, PostgreSQL, gRPC
Méthodologie : Agile/Scrum, CI/CD
Outils : Git, Docker, Jenkins
Architecture : Event-Driven

👤 Profil recherché :
• Formation : Bac+5
• Expérience : 1-2 ans
• Compétences techniques : Maîtrise de Go, Gin
• Connaissance des design patterns et bonnes pratiques
• Qualités : Autonomie, esprit d'équipe, curiosité technique, rigueur"
"Ingénieur Réseau | Informatique | Go, Microservices, Docker, Kubernetes","Rejoignez notre équipe technique pour développer des solutions innovantes et performantes.

🎯 Missions principales :
• Concevoir et développer des applications microservices
• Participer aux choix architecturaux et techniques
• Collaborer avec les équipes product et design
• Optimiser les performances et la scalabilité
• Maintenir la qualité du code avec des tests automatisés
• Participer aux code reviews et au mentorat
• Assurer une veille technologique active

💻 Environnement technique :
Technologies : Go, Microservices, Docker, Kubernetes
Méthodologie : Agile/Scrum, CI/CD
Outils : Git, Docker, Jenkins
Architecture : Microservices

👤 Profil recherché :
• Formation : Master 2
• Expérience : 1-2 ans
• Compétences techniques : Maîtrise de Go, Microservices
• Connaissance des design patterns et bonnes pratiques
• Qualités : Autonomie, esprit d'équipe, curiosité technique, rigueur"
"Développeur Backend | Informatique | Python, FastAPI, MySQL, Docker","Rejoignez notre équipe technique pour développer des solutions innovantes et performantes.

🎯 Missions principales :
• Concevoir et développer des applications mobile natives
• Participer aux choix architecturaux et techniques
• Collaborer avec les équipes product et design
• Optimiser les performances et la scalabilité
• Maintenir la qualité du code avec des tests automatisés
• Participer aux code reviews et au mentorat
• Assurer une veille technologique active

💻 Environnement technique :
Technologies : Python, FastAPI, MySQL, Docker
Méthodologie : Agile/Scrum, CI/CD
Outils : Git, Docker, Jenkins
Architecture : Event-Driven

👤 Profil recherché :
• Formation : Doctorat
• Expérience : Confirmé (3-5 ans)
• Compétences techniques : Maîtrise de Python, FastAPI
• Connaissance des design patterns et bonnes pratiques
• Qualités : Autonomie, esprit d'équipe, curiosité technique, rigueur"
"Développeur Java | Informatique | PHP, Laravel, PostgreSQL, Nginx","Rejoignez notre équipe technique pour développer des solutions innovantes et performantes.

🎯 Missions principales :
• Concevoir et développer des applications backend scalables
• Participer aux choix architecturaux et techniques
• Collaborer avec les équipes data et backend
• Optimiser les performances et la scalabilité
• Maintenir la qualité du code avec des tests automatisés
• Participer aux code reviews et au mentorat
• Assurer une veille technologique active

💻 Environnement technique :
Technologies : PHP, Laravel, PostgreSQL, Nginx
Méthodologie : Agile/Scrum, CI/CD
Outils : Git, Docker, Jenkins
Architecture : Event-Driven

👤 Profil recherché :
• Formation : Bac+5
• Expérience : 10+ ans
• Compétences techniques : Maîtrise de PHP, Laravel
• Connaissance des design patterns et bonnes pratiques
• Qualités : Autonomie, esprit d'équipe, curiosité technique, rigueur"
"Ingénieur Machine Learning | Informatique | Java, Hibernate, Oracle, Maven","Rejoignez notre équipe technique pour développer des solutions innovantes et performantes.

🎯 Missions principales :
• Concevoir et développer des applications backend scalables
• Participer aux choix architecturaux et techniques
• Collaborer avec les équipes QA et ops
• Optimiser les performances et la scalabilité
• Maintenir la qualité du code avec des tests automatisés
• Participer aux code reviews et au mentorat
• Assurer une veille technologique active

💻 Environnement technique :
Technologies : Java, Hibernate, Oracle, Maven
Méthodologie : Agile/Scrum, CI/CD
Outils : Git, Docker, Jenkins
Architecture : Hexagonale

👤 Profil recherché :
• Formation : Licence
• Expérience : Confirmé (3-5 ans)
• Compétences techniques : Maîtrise de Java, Hibernate
• Connaissance des design patterns et bonnes pratiques
• Qualités : Autonomie, esprit d'équipe, curiosité technique, rigueur"
"Développeur Java | Informatique | Ruby, Rails, PostgreSQL, Heroku","Rejoignez notre équipe technique pour développer des solutions innovantes et performantes.

🎯 Missions principales :
• Concevoir et développer des applications mobile natives
• Participer aux choix architecturaux et techniques
• Collaborer avec les équipes product et design
• Optimiser les performances et la scalabilité
• Maintenir la qualité du code avec des tests automatisés
• Participer aux code reviews et au mentorat
• Assurer une veille technologique active

💻 Environnement technique :
Technologies : Ruby, Rails, PostgreSQL, Heroku
Méthodologie : Agile/Scrum, CI/CD
Outils : Git, Docker, Jenkins
Architecture : Hexagonale

👤 Profil recherché :
• Formation : Master 2
• Expérience : 10+ ans
• Compétences techniques : Maîtrise de Ruby, Rails
• Connaissance des design patterns et bonnes pratiques
• Qualités : Autonomie, esprit d'équipe, curiosité technique, rigueur"
"Ingénieur Réseau | Informatique | Swift, SwiftUI, CoreData, CloudKit","Rejoignez notre équipe technique pour développer des solutions innovantes et performantes.

🎯 Missions principales :
• Concevoir et développer des applications microservices
• Participer aux choix architecturaux et techniques
• Collaborer avec les équipes frontend et DevOps
• Optimiser les performances et la scalabilité
• Maintenir la qualité du code avec des tests automatisés
• Participer aux code reviews et au mentorat
• Assurer une veille technologique active

💻 Environnement technique :
Technologies : Swift, SwiftUI, CoreData, CloudKit
Méthodologie : Agile/Scrum, CI/CD
Outils : Git, Docker, Jenkins
Architecture : MVC

👤 Profil recherché :
• Formation : Bac+2
• Expérience : 1-2 ans
• Compétences techniques : Maîtrise de Swift, SwiftUI
• Connaissance des design patterns et bonnes pratiques
• Qualités : Autonomie, esprit d'équipe, curiosité technique, rigueur"
"Ingénieur Réseau | Informatique | TypeScript, Angular, NestJS, PostgreSQL","Rejoignez notre équipe technique pour développer des solutions innovantes et performantes.

🎯 Missions principales :
• Concevoir et développer des applications cloud
• Participer aux choix architecturaux et techniques
• Collaborer avec les équipes product et design
• Optimiser les performances et la scalabilité
• Maintenir la qualité du code avec des tests automatisés
• Participer aux code reviews et au mentorat
• Assurer une veille technologique active

💻 Environnement technique :
Technologies : TypeScript, Angular, NestJS, PostgreSQL
Méthodologie : Agile/Scrum, CI/CD
Outils : Git, Docker, Jenkins
Architecture : Event-Driven

👤 Profil recherché :
• Formation : Bac+5
• Expérience : 3-5 ans
• Compétences techniques : Maîtrise de TypeScript, Angular
• Connaissance des design patterns et bonnes pratiques
• Qualités : Autonomie, esprit d'équipe, curiosité technique, rigueur"
"Développeur Frontend | Informatique | Ruby, Rails, PostgreSQL, Heroku","Rejoignez notre équipe technique pour développer des solutions innovantes et performantes.

🎯 Missions principales :
• Concevoir et développer des applications cloud
• Participer aux choix architecturaux et techniques
• Collaborer avec les équipes product et design
• Optimiser les performances et la scalabilité
• Maintenir la qualité du code avec des tests automatisés
• Participer aux code reviews et au mentorat
• Assurer une veille technologique active

💻 Environnement technique :
Technologies : Ruby, Rails, PostgreSQL, Heroku
Méthodologie : Agile/Scrum, CI/CD
Outils : Git, Docker, Jenkins
Architecture : Event-Driven

👤 Profil recherché :
• Formation : Bac+2
• Expérience : Junior (0-2 ans)
• Compétences techniques : Maîtrise de Ruby, Rails
• Connaissance des design patterns et bonnes pratiques
• Qualités : Autonomie, esprit d'équipe, curiosité technique, rigueur"
"Développeur Backend | Informatique | TypeScript, React, GraphQL, Apollo","Rejoignez notre équipe technique pour développer des solutions innovantes et performantes.

🎯 Missions principales :
• Concevoir et développer des applications microservices
• Participer aux choix architecturaux et techniques
• Collaborer avec les équipes product et design
• Optimiser les performances et la scalabilité
• Maintenir la qualité du code avec des tests automatisés
• Participer aux code reviews et au mentorat
• Assurer une veille technologique active

💻 Environnement technique :
Technologies : TypeScript, React, GraphQL, Apollo
Méthodologie : Agile/Scrum, CI/CD
Outils : Git, Docker, Jenkins
Architecture : MVC

👤 Profil recherché :
• Formation : BTS
• Expérience : 1-2 ans
• Compétences techniques : Maîtrise de TypeScript, React
• Connaissance des design patterns et bonnes pratiques
• Qualités : Autonomie, esprit d'équipe, curiosité technique, rigueur"
"Développeur Mobile | Informatique | Python, FastAPI, MySQL, Docker","Rejoignez notre équipe technique pour développer des solutions innovantes et performantes.

🎯 Missions principales :
• Concevoir et développer des applications cloud
• Participer aux choix architecturaux et techniques
• Collaborer avec les équipes QA et ops
• Optimiser les performances et la scalabilité
• Maintenir la qualité du code avec des tests automatisés
• Participer aux code reviews et au mentorat
• Assurer une veille technologique active

💻 Environnement technique :
Technologies : Python, FastAPI, MySQL, Docker
Méthodologie : Agile/Scrum, CI/CD
Outils : Git, Docker, Jenkins
Architecture : Hexagonale

👤 Profil recherché :
• Formation : Bac+4
• Expérience : 5+ ans
• Compétences techniques : Maîtrise de Python, FastAPI
• Connaissance des design patterns et bonnes pratiques
• Qualités : Autonomie, esprit d'équipe, curiosité technique, rigueur"
"Ingénieur Machine Learning | Informatique | Java, Micronaut, MySQL, GraalVM","Rejoignez notre équipe technique pour développer des solutions innovantes et performantes.

🎯 Missions principales :
• Concevoir et développer des applications microservices
• Participer aux choix architecturaux et techniques
• Collaborer avec les équipes frontend et DevOps
• Optimiser les performances et la scalabilité
• Maintenir la qualité du code avec des tests automatisés
• Participer aux code reviews et au mentorat
• Assurer une veille technologique active

💻 Environnement technique :
Technologies : Java, Micronaut, MySQL, GraalVM
Méthodologie : Agile/Scrum, CI/CD
Outils : Git, Docker, Jenkins
Architecture : Hexagonale

👤 Profil recherché :
• Formation : Bac+5
• Expérience : Confirmé (3-5 ans)
• Compétences techniques : Maîtrise de Java, Micronaut
• Connaissance des design patterns et bonnes pratiques
• Qualités : Autonomie, esprit d'équipe, curiosité technique, rigueur"
"Développeur Frontend | Informatique | JavaScript, React, Node.js, MongoDB","Rejoignez notre équipe technique pour développer des solutions innovantes et performantes.

🎯 Missions principales :
• Concevoir et développer des applications cloud
• Participer aux choix architecturaux et techniques
• Collaborer avec les équipes QA et ops
• Optimiser les performances et la scalabilité
• Maintenir la qualité du code avec des tests automatisés
• Participer aux code reviews et au mentorat
• Assurer une veille technologique active

💻 Environnement technique :
Technologies : JavaScript, React, Node.js, MongoDB
Méthodologie : Agile/Scrum, CI/CD
Outils : Git, Docker, Jenkins
Architecture : Clean Architecture

👤 Profil recherché :
• Formation : DUT
• Expérience : Expert (7+ ans)
• Compétences techniques : Maîtrise de JavaScript, React
• Connaissance des design patterns et bonnes pratiques
• Qualités : Autonomie, esprit d'équipe, curiosité technique, rigueur"
"Développeur Backend | Informatique | Swift, SwiftUI, CoreData, CloudKit","Rejoignez notre équipe technique pour développer des solutions innovantes et performantes.

🎯 Missions principales :
• Concevoir et développer des applications cloud
• Participer aux choix architecturaux et techniques
• Collaborer avec les équipes frontend et DevOps
• Optimiser les performances et la scalabilité
• Maintenir la qualité du code avec des tests automatisés
• Participer aux code reviews et au mentorat
• Assurer une veille technologique active

💻 Environnement technique :
Technologies : Swift, SwiftUI, CoreData, CloudKit
Méthodologie : Agile/Scrum, CI/CD
Outils : Git, Docker, Jenkins
Architecture : Hexagonale

👤 Profil recherché :
• Formation : Bac+4
• Expérience : 2-3 ans
• Compétences techniques : Maîtrise de Swift, SwiftUI
• Connaissance des design patterns et bonnes pratiques
• Qualités : Autonomie, esprit d'équipe, curiosité technique, rigueur"
"Chef de Projet IT | Informatique | Java, Quarkus, PostgreSQL, OpenShift","Rejoignez notre équipe technique pour développer des solutions innovantes et performantes.

🎯 Missions principales :
• Concevoir et développer des applications backend scalables
• Participer aux choix architecturaux et techniques
• Collaborer avec les équipes QA et ops
• Optimiser les performances et la scalabilité
• Maintenir la qualité du code avec des tests automatisés
• Participer aux code reviews et au mentorat
• Assurer une veille technologique active

💻 Environnement technique :
Technologies : Java, Quarkus, PostgreSQL, OpenShift
Méthodologie : Agile/Scrum, CI/CD
Outils : Git, Docker, Jenkins
Architecture : Hexagonale

👤 Profil recherché :
• Formation : Doctorat
• Expérience : Junior (0-2 ans)
• Compétences techniques : Maîtrise de Java, Quarkus
• Connaissance des design patterns et bonnes pratiques
• Qualités : Autonomie, esprit d'équipe, curiosité technique, rigueur"
"Développeur Java | Informatique | JavaScript, Vue.js, Express, PostgreSQL","Rejoignez notre équipe technique pour développer des solutions innovantes et performantes.

🎯 Missions principales :
• Concevoir et développer des applications web modernes
• Participer aux choix architecturaux et techniques
• Collaborer avec les équipes QA et ops
• Optimiser les performances et la scalabilité
• Maintenir la qualité du code avec des tests automatisés
• Participer aux code reviews et au mentorat
• Assurer une veille technologique active

💻 Environnement technique :
Technologies : JavaScript, Vue.js, Express, PostgreSQL
Méthodologie : Agile/Scrum, CI/CD
Outils : Git, Docker, Jenkins
Architecture : Hexagonale

👤 Profil recherché :
• Formation : Bac+5
• Expérience : Confirmé (3-5 ans)
• Compétences techniques : Maîtrise de JavaScript, Vue.js
• Connaissance des design patterns et bonnes pratiques
• Qualités : Autonomie, esprit d'équipe, curiosité technique, rigueur"
"Développeur Go | Informatique | Java, Quarkus, PostgreSQL, OpenShift","Rejoignez notre équipe technique pour développer des solutions innovantes et performantes.

🎯 Missions principales :
• Concevoir et développer des applications cloud
• Participer aux choix architecturaux et techniques
• Collaborer avec les équipes product et design
• Optimiser les performances et la scalabilité
• Maintenir la qualité du code avec des tests automatisés
• Participer aux code reviews et au mentorat
• Assurer une veille technologique active

💻 Environnement technique :
Technologies : Java, Quarkus, PostgreSQL, OpenShift
Méthodologie : Agile/Scrum, CI/CD
Outils : Git, Docker, Jenkins
Architecture : Clean Architecture

👤 Profil recherché :
• Formation : Bac+2
• Expérience : Junior (0-2 ans)
• Compétences techniques : Maîtrise de Java, Quarkus
• Connaissance des design patterns et bonnes pratiques
• Qualités : Autonomie, esprit d'équipe, curiosité technique, rigueur"
"Développeur Full Stack | Informatique | Scala, Spark, Kafka, Cassandra","Rejoignez notre équipe technique pour développer des solutions innovantes et performantes.

🎯 Missions principales :
• Concevoir et développer des applications web modernes
• Participer aux choix architecturaux et techniques
• Collaborer avec les équipes product et design
• Optimiser les performances et la scalabilité
• Maintenir la qualité du code avec des tests automatisés
• Participer aux code reviews et au mentorat
• Assurer une veille technologique active

💻 Environnement technique :
Technologies : Scala, Spark, Kafka, Cassandra
Méthodologie : Agile/Scrum, CI/CD
Outils : Git, Docker, Jenkins
Architecture : Clean Architecture

👤 Profil recherché :
• Formation : Master 2
• Expérience : 10+ ans
• Compétences techniques : Maîtrise de Scala, Spark
• Connaissance des design patterns et bonnes pratiques
• Qualités : Autonomie, esprit d'équipe, curiosité technique, rigueur"
"Développeur Frontend | Informatique | C#, ASP.NET, Azure, CosmosDB","Rejoignez notre équipe technique pour développer des solutions innovantes et performantes.

🎯 Missions principales :
• Concevoir et développer des applications mobile natives
• Participer aux choix architecturaux et techniques
• Collaborer avec les équipes frontend et DevOps
• Optimiser les performances et la scalabilité
• Maintenir la qualité du code avec des tests automatisés
• Participer aux code reviews et au mentorat
• Assurer une veille technologique active

💻 Environnement technique :
Technologies : C#, ASP.NET, Azure, CosmosDB
Méthodologie : Agile/Scrum, CI/CD
Outils : Git, Docker, Jenkins
Architecture : Event-Driven

👤 Profil recherché :
• Formation : Doctorat
• Expérience : 1-2 ans
• Compétences techniques : Maîtrise de C#, ASP.NET
• Connaissance des design patterns et bonnes pratiques
• Qualités : Autonomie, esprit d'équipe, curiosité technique, rigueur"
"Développeur Backend | Informatique | Ruby, Rails, PostgreSQL, Heroku","Rejoignez notre équipe technique pour développer des solutions innovantes et performantes.

🎯 Missions principales :
• Concevoir et développer des applications mobile natives
• Participer aux choix architecturaux et techniques
• Collaborer avec les équipes data et backend
• Optimiser les performances et la scalabilité
• Maintenir la qualité du code avec des tests automatisés
• Participer aux code reviews et au mentorat
• Assurer une veille technologique active

💻 Environnement technique :
Technologies : Ruby, Rails, PostgreSQL, Heroku
Méthodologie : Agile/Scrum, CI/CD
Outils : Git, Docker, Jenkins
Architecture : Clean Architecture

👤 Profil recherché :
• Formation : Licence
• Expérience : Senior (5+ ans)
• Compétences techniques : Maîtrise de Ruby, Rails
• Connaissance des design patterns et bonnes pratiques
• Qualités : Autonomie, esprit d'équipe, curiosité technique, rigueur"
"Ingénieur Big Data | Informatique | Java, Hibernate, Oracle, Maven","Rejoignez notre équipe technique pour développer des solutions innovantes et performantes.

🎯 Missions principales :
• Concevoir et développer des applications microservices
• Participer aux choix architecturaux et techniques
• Collaborer avec les équipes data et backend
• Optimiser les performances et la scalabilité
• Maintenir la qualité du code avec des tests automatisés
• Participer aux code reviews et au mentorat
• Assurer une veille technologique active

💻 Environnement technique :
Technologies : Java, Hibernate, Oracle, Maven
Méthodologie : Agile/Scrum, CI/CD
Outils : Git, Docker, Jenkins
Architecture : Hexagonale

👤 Profil recherché :
• Formation : BTS
• Expérience : Expert (7+ ans)
• Compétences techniques : Maîtrise de Java, Hibernate
• Connaissance des design patterns et bonnes pratiques
• Qualités : Autonomie, esprit d'équipe, curiosité technique, rigueur"
"Développeur Backend | Informatique | JavaScript, Vue.js, Express, PostgreSQL","Rejoignez notre équipe technique pour développer des solutions innovantes et performantes.

🎯 Missions principales :
• Concevoir et développer des applications microservices
• Participer aux choix architecturaux et techniques
• Collaborer avec les équipes frontend et DevOps
• Optimiser les performances et la scalabilité
• Maintenir la qualité du code avec des tests automatisés
• Participer aux code reviews et au mentorat
• Assurer une veille technologique active

💻 Environnement technique :
Technologies : JavaScript, Vue.js, Express, PostgreSQL
Méthodologie : Agile/Scrum, CI/CD
Outils : Git, Docker, Jenkins
Architecture : Microservices

👤 Profil recherché :
• Formation : Bac+2
• Expérience : Expert (7+ ans)
• Compétences techniques : Maîtrise de JavaScript, Vue.js
• Connaissance des design patterns et bonnes pratiques
• Qualités : Autonomie, esprit d'équipe, curiosité technique, rigueur"
"Chef de Projet IT | Informatique | PHP, Symfony, MySQL, Redis","Rejoignez notre équipe technique pour développer des solutions innovantes et performantes.

🎯 Missions principales :
• Concevoir et développer des applications microservices
• Participer aux choix architecturaux et techniques
• Collaborer avec les équipes frontend et DevOps
• Optimiser les performances et la scalabilité
• Maintenir la qualité du code avec des tests automatisés
• Participer aux code reviews et au mentorat
• Assurer une veille technologique active

💻 Environnement technique :
Technologies : PHP, Symfony, MySQL, Redis
Méthodologie : Agile/Scrum, CI/CD
Outils : Git, Docker, Jenkins
Architecture : Event-Driven

👤 Profil recherché :
• Formation : Master 2
• Expérience : Senior (5+ ans)
• Compétences techniques : Maîtrise de PHP, Symfony
• Connaissance des design patterns et bonnes pratiques
• Qualités : Autonomie, esprit d'équipe, curiosité technique, rigueur"
"Testeur QA | Informatique | Rust, Actix, PostgreSQL, Docker","Rejoignez notre équipe technique pour développer des solutions innovantes et performantes.

🎯 Missions principales :
• Concevoir et développer des applications cloud
• Participer aux choix architecturaux et techniques
• Collaborer avec les équipes frontend et DevOps
• Optimiser les performances et la scalabilité
• Maintenir la qualité du code avec des tests automatisés
• Participer aux code reviews et au mentorat
• Assurer une veille technologique active

💻 Environnement technique :
Technologies : Rust, Actix, PostgreSQL, Docker
Méthodologie : Agile/Scrum, CI/CD
Outils : Git, Docker, Jenkins
Architecture : MVC

👤 Profil recherché :
• Formation : Bac+3
• Expérience : Confirmé (3-5 ans)
• Compétences techniques : Maîtrise de Rust, Actix
• Connaissance des design patterns et bonnes pratiques
• Qualités : Autonomie, esprit d'équipe, curiosité technique, rigueur"
"Architecte Solutions | Informatique | Swift, SwiftUI, CoreData, CloudKit","Rejoignez notre équipe technique pour développer des solutions innovantes et performantes.

🎯 Missions principales :
• Concevoir et développer des applications web modernes
• Participer aux choix architecturaux et techniques
• Collaborer avec les équipes frontend et DevOps
• Optimiser les performances et la scalabilité
• Maintenir la qualité du code avec des tests automatisés
• Participer aux code reviews et au mentorat
• Assurer une veille technologique active

💻 Environnement technique :
Technologies : Swift, SwiftUI, CoreData, CloudKit
Méthodologie : Agile/Scrum, CI/CD
Outils : Git, Docker, Jenkins
Architecture : MVC

👤 Profil recherché :
• Formation : Master 2
• Expérience : 5+ ans
• Compétences techniques : Maîtrise de Swift, SwiftUI
• Connaissance des design patterns et bonnes pratiques
• Qualités : Autonomie, esprit d'équipe, curiosité technique, rigueur"
"Administrateur Système | Informatique | TypeScript, Angular, NestJS, PostgreSQL","Rejoignez notre équipe technique pour développer des solutions innovantes et performantes.

🎯 Missions principales :
• Concevoir et développer des applications microservices
• Participer aux choix architecturaux et techniques
• Collaborer avec les équipes product et design
• Optimiser les performances et la scalabilité
• Maintenir la qualité du code avec des tests automatisés
• Participer aux code reviews et au mentorat
• Assurer une veille technologique active

💻 Environnement technique :
Technologies : TypeScript, Angular, NestJS, PostgreSQL
Méthodologie : Agile/Scrum, CI/CD
Outils : Git, Docker, Jenkins
Architecture : Microservices

👤 Profil recherché :
• Formation : Bac+5
• Expérience : Expert (7+ ans)
• Compétences techniques : Maîtrise de TypeScript, Angular
• Connaissance des design patterns et bonnes pratiques
• Qualités : Autonomie, esprit d'équipe, curiosité technique, rigueur"
"Ingénieur Machine Learning | Informatique | Java, Hibernate, Oracle, Maven","Rejoignez notre équipe technique pour développer des solutions innovantes et performantes.

🎯 Missions principales :
• Concevoir et développer des applications mobile natives
• Participer aux choix architecturaux et techniques
• Collaborer avec les équipes QA et ops
• Optimiser les performances et la scalabilité
• Maintenir la qualité du code avec des tests automatisés
• Participer aux code reviews et au mentorat
• Assurer une veille technologique active

💻 Environnement technique :
Technologies : Java, Hibernate, Oracle, Maven
Méthodologie : Agile/Scrum, CI/CD
Outils : Git, Docker, Jenkins
Architecture : Hexagonale

👤 Profil recherché :
• Formation : BTS
• Expérience : Junior (0-2 ans)
• Compétences techniques : Maîtrise de Java, Hibernate
• Connaissance des design patterns et bonnes pratiques
• Qualités : Autonomie, esprit d'équipe, curiosité technique, rigueur"
"Chef de Projet IT | Informatique | Python, Tornado, Cassandra, Kafka","Rejoignez notre équipe technique pour développer des solutions innovantes et performantes.

🎯 Missions principales :
• Concevoir et développer des applications backend scalables
• Participer aux choix architecturaux et techniques
• Collaborer avec les équipes data et backend
• Optimiser les performances et la scalabilité
• Maintenir la qualité du code avec des tests automatisés
• Participer aux code reviews et au mentorat
• Assurer une veille technologique active

💻 Environnement technique :
Technologies : Python, Tornado, Cassandra, Kafka
Méthodologie : Agile/Scrum, CI/CD
Outils : Git, Docker, Jenkins
Architecture : MVC

👤 Profil recherché :
• Formation : DUT
• Expérience : Junior (0-2 ans)
• Compétences techniques : Maîtrise de Python, Tornado
• Connaissance des design patterns et bonnes pratiques
• Qualités : Autonomie, esprit d'équipe, curiosité technique, rigueur"
"Développeur Java | Informatique | JavaScript, React, Node.js, MongoDB","Rejoignez notre équipe technique pour développer des solutions innovantes et performantes.

🎯 Missions principales :
• Concevoir et développer des applications microservices
• Participer aux choix architecturaux et techniques
• Collaborer avec les équipes product et design
• Optimiser les performances et la scalabilité
• Maintenir la qualité du code avec des tests automatisés
• Participer aux code reviews et au mentorat
• Assurer une veille technologique active

💻 Environnement technique :
Technologies : JavaScript, React, Node.js, MongoDB
Méthodologie : Agile/Scrum, CI/CD
Outils : Git, Docker, Jenkins
Architecture : MVC

👤 Profil recherché :
• Formation : Doctorat
• Expérience : 1-2 ans
• Compétences techniques : Maîtrise de JavaScript, React
• Connaissance des design patterns et bonnes pratiques
• Qualités : Autonomie, esprit d'équipe, curiosité technique, rigueur"
"Chef de Projet IT | Informatique | Scala, Spark, Kafka, Cassandra","Rejoignez notre équipe technique pour développer des solutions innovantes et performantes.

🎯 Missions principales :
• Concevoir et développer des applications cloud
• Participer aux choix architecturaux et techniques
• Collaborer avec les équipes product et design
• Optimiser les performances et la scalabilité
• Maintenir la qualité du code avec des tests automatisés
• Participer aux code reviews et au mentorat
• Assurer une veille technologique active

💻 Environnement technique :
Technologies : Scala, Spark, Kafka, Cassandra
Méthodologie : Agile/Scrum, CI/CD
Outils : Git, Docker, Jenkins
Architecture : Event-Driven

👤 Profil recherché :
• Formation : Doctorat
• Expérience : Expert (7+ ans)
• Compétences techniques : Maîtrise de Scala, Spark
• Connaissance des design patterns et bonnes pratiques
• Qualités : Autonomie, esprit d'équipe, curiosité technique, rigueur"
"Développeur PHP | Informatique | Python, Tornado, Cassandra, Kafka","Rejoignez notre équipe technique pour développer des solutions innovantes et performantes.

🎯 Missions principales :
• Concevoir et développer des applications backend scalables
• Participer aux choix architecturaux et techniques
• Collaborer avec les équipes data et backend
• Optimiser les performances et la scalabilité
• Maintenir la qualité du code avec des tests automatisés
• Participer aux code reviews et au mentorat
• Assurer une veille technologique active

💻 Environnement technique :
Technologies : Python, Tornado, Cassandra, Kafka
Méthodologie : Agile/Scrum, CI/CD
Outils : Git, Docker, Jenkins
Architecture : Microservices

👤 Profil recherché :
• Formation : Bac+5
• Expérience : 3-5 ans
• Compétences techniques : Maîtrise de Python, Tornado
• Connaissance des design patterns et bonnes pratiques
• Qualités : Autonomie, esprit d'équipe, curiosité technique, rigueur"
"Ingénieur DevOps | Informatique | Go, Gin, PostgreSQL, gRPC","Rejoignez notre équipe technique pour développer des solutions innovantes et performantes.

🎯 Missions principales :
• Concevoir et développer des applications mobile natives
• Participer aux choix architecturaux et techniques
• Collaborer avec les équipes product et design
• Optimiser les performances et la scalabilité
• Maintenir la qualité du code avec des tests automatisés
• Participer aux code reviews et au mentorat
• Assurer une veille technologique active

💻 Environnement technique :
Technologies : Go, Gin, PostgreSQL, gRPC
Méthodologie : Agile/Scrum, CI/CD
Outils : Git, Docker, Jenkins
Architecture : Microservices

👤 Profil recherché :
• Formation : Doctorat
• Expérience : Expert (7+ ans)
• Compétences techniques : Maîtrise de Go, Gin
• Connaissance des design patterns et bonnes pratiques
• Qualités : Autonomie, esprit d'équipe, curiosité technique, rigueur"
"Développeur JavaScript | Informatique | Python, Django, PostgreSQL, Docker","Rejoignez notre équipe technique pour développer des solutions innovantes et performantes.

🎯 Missions principales :
• Concevoir et développer des applications web modernes
• Participer aux choix architecturaux et techniques
• Collaborer avec les équipes product et design
• Optimiser les performances et la scalabilité
• Maintenir la qualité du code avec des tests automatisés
• Participer aux code reviews et au mentorat
• Assurer une veille technologique active

💻 Environnement technique :
Technologies : Python, Django, PostgreSQL, Docker
Méthodologie : Agile/Scrum, CI/CD
Outils : Git, Docker, Jenkins
Architecture : Microservices

👤 Profil recherché :
• Formation : Doctorat
• Expérience : Senior (5+ ans)
• Compétences techniques : Maîtrise de Python, Django
• Connaissance des design patterns et bonnes pratiques
• Qualités : Autonomie, esprit d'équipe, curiosité technique, rigueur"
"Développeur Go | Informatique | Swift, SwiftUI, CoreData, CloudKit","Rejoignez notre équipe technique pour développer des solutions innovantes et performantes.

🎯 Missions principales :
• Concevoir et développer des applications cloud
• Participer aux choix architecturaux et techniques
• Collaborer avec les équipes product et design
• Optimiser les performances et la scalabilité
• Maintenir la qualité du code avec des tests automatisés
• Participer aux code reviews et au mentorat
• Assurer une veille technologique active

💻 Environnement technique :
Technologies : Swift, SwiftUI, CoreData, CloudKit
Méthodologie : Agile/Scrum, CI/CD
Outils : Git, Docker, Jenkins
Architecture : Microservices

👤 Profil recherché :
• Formation : Bac+4
• Expérience : 1-2 ans
• Compétences techniques : Maîtrise de Swift, SwiftUI
• Connaissance des design patterns et bonnes pratiques
• Qualités : Autonomie, esprit d'équipe, curiosité technique, rigueur"
"Ingénieur Cloud | Informatique | Kotlin, Ktor, PostgreSQL, Exposed","Rejoignez notre équipe technique pour développer des solutions innovantes et performantes.

🎯 Missions principales :
• Concevoir et développer des applications backend scalables
• Participer aux choix architecturaux et techniques
• Collaborer avec les équipes product et design
• Optimiser les performances et la scalabilité
• Maintenir la qualité du code avec des tests automatisés
• Participer aux code reviews et au mentorat
• Assurer une veille technologique active

💻 Environnement technique :
Technologies : Kotlin, Ktor, PostgreSQL, Exposed
Méthodologie : Agile/Scrum, CI/CD
Outils : Git, Docker, Jenkins
Architecture : Microservices

👤 Profil recherché :
• Formation : BTS
• Expérience : 3-5 ans
• Compétences techniques : Maîtrise de Kotlin, Ktor
• Connaissance des design patterns et bonnes pratiques
• Qualités : Autonomie, esprit d'équipe, curiosité technique, rigueur"
"Développeur Python | Informatique | Python, Tornado, Cassandra, Kafka","Rejoignez notre équipe technique pour développer des solutions innovantes et performantes.

🎯 Missions principales :
• Concevoir et développer des applications microservices
• Participer aux choix architecturaux et techniques
• Collaborer avec les équipes QA et ops
• Optimiser les performances et la scalabilité
• Maintenir la qualité du code avec des tests automatisés
• Participer aux code reviews et au mentorat
• Assurer une veille technologique active

💻 Environnement technique :
Technologies : Python, Tornado, Cassandra, Kafka
Méthodologie : Agile/Scrum, CI/CD
Outils : Git, Docker, Jenkins
Architecture : Event-Driven

👤 Profil recherché :
• Formation : Licence
• Expérience : 7+ ans
• Compétences techniques : Maîtrise de Python, Tornado
• Connaissance des design patterns et bonnes pratiques
• Qualités : Autonomie, esprit d'équipe, curiosité technique, rigueur"
"Testeur QA | Informatique | JavaScript, React, Node.js, MongoDB","Rejoignez notre équipe technique pour développer des solutions innovantes et performantes.

🎯 Missions principales :
• Concevoir et développer des applications web modernes
• Participer aux choix architecturaux et techniques
• Collaborer avec les équipes QA et ops
• Optimiser les performances et la scalabilité
• Maintenir la qualité du code avec des tests automatisés
• Participer aux code reviews et au mentorat
• Assurer une veille technologique active

💻 Environnement technique :
Technologies : JavaScript, React, Node.js, MongoDB
Méthodologie : Agile/Scrum, CI/CD
Outils : Git, Docker, Jenkins
Architecture : Microservices

👤 Profil recherché :
• Formation : DUT
• Expérience : 2-3 ans
• Compétences techniques : Maîtrise de JavaScript, React
• Connaissance des design patterns et bonnes pratiques
• Qualités : Autonomie, esprit d'équipe, curiosité technique, rigueur"
"Ingénieur Cloud | Informatique | Java, Micronaut, MySQL, GraalVM","Rejoignez notre équipe technique pour développer des solutions innovantes et performantes.

🎯 Missions principales :
• Concevoir et développer des applications cloud
• Participer aux choix architecturaux et techniques
• Collaborer avec les équipes data et backend
• Optimiser les performances et la scalabilité
• Maintenir la qualité du code avec des tests automatisés
• Participer aux code reviews et au mentorat
• Assurer une veille technologique active

💻 Environnement technique :
Technologies : Java, Micronaut, MySQL, GraalVM
Méthodologie : Agile/Scrum, CI/CD
Outils : Git, Docker, Jenkins
Architecture : MVC

👤 Profil recherché :
• Formation : Doctorat
• Expérience : 3-5 ans
• Compétences techniques : Maîtrise de Java, Micronaut
• Connaissance des design patterns et bonnes pratiques
• Qualités : Autonomie, esprit d'équipe, curiosité technique, rigueur"
"Chef de Projet IT | Informatique | TypeScript, Angular, NestJS, PostgreSQL","Rejoignez notre équipe technique pour développer des solutions innovantes et performantes.

🎯 Missions principales :
• Concevoir et développer des applications web modernes
• Participer aux choix architecturaux et techniques
• Collaborer avec les équipes data et backend
• Optimiser les performances et la scalabilité
• Maintenir la qualité du code avec des tests automatisés
• Participer aux code reviews et au mentorat
• Assurer une veille technologique active

💻 Environnement technique :
Technologies : TypeScript, Angular, NestJS, PostgreSQL
Méthodologie : Agile/Scrum, CI/CD
Outils : Git, Docker, Jenkins
Architecture : Microservices

👤 Profil recherché :
• Formation : BTS
• Expérience : Confirmé (3-5 ans)
• Compétences techniques : Maîtrise de TypeScript, Angular
• Connaissance des design patterns et bonnes pratiques
• Qualités : Autonomie, esprit d'équipe, curiosité technique, rigueur"
"Développeur Frontend | Informatique | Java, Hibernate, Oracle, Maven","Rejoignez notre équipe technique pour développer des solutions innovantes et performantes.

🎯 Missions principales :
• Concevoir et développer des applications cloud
• Participer aux choix architecturaux et techniques
• Collaborer avec les équipes QA et ops
• Optimiser les performances et la scalabilité
• Maintenir la qualité du code avec des tests automatisés
• Participer aux code reviews et au mentorat
• Assurer une veille technologique active

💻 Environnement technique :
Technologies : Java, Hibernate, Oracle, Maven
Méthodologie : Agile/Scrum, CI/CD
Outils : Git, Docker, Jenkins
Architecture : Event-Driven

👤 Profil recherché :
• Formation : Bac+5
• Expérience : 5+ ans
• Compétences techniques : Maîtrise de Java, Hibernate
• Connaissance des design patterns et bonnes pratiques
• Qualités : Autonomie, esprit d'équipe, curiosité technique, rigueur"
"MLOps Engineer | Data Science | Python, Spark, Kafka, Airflow","Exploitez la puissance des données pour créer de la valeur et générer des insights actionnables.

🎯 Missions principales :
• Analyser et explorer de grandes quantités de données
• Développer des modèles de NLP
• Créer des visualisations et dashboards interactifs
• Collaborer avec les équipes métiers pour identifier les use cases
• Mettre en production les modèles développés
• Documenter les analyses et communiquer les résultats
• Assurer la qualité et la fiabilité des données

💻 Stack Data Science :
Langages : Python, Spark, Kafka, Airflow
Outils : Jupyter, Git, Docker
Cloud : Azure
Visualisation : Tableau, Power BI, Matplotlib

👤 Profil recherché :
• Formation : Bac+3 en mathématiques, statistiques ou data science
• Expérience : Junior (0-2 ans)
• Compétences : Maîtrise de Python, Spark
• Excellente compréhension des statistiques et algos ML
• Qualités : Esprit analytique, curiosité, rigueur scientifique, communication"
"AI Engineer | Data Science | Python, MLflow, Kubeflow, Docker","Exploitez la puissance des données pour créer de la valeur et générer des insights actionnables.

🎯 Missions principales :
• Analyser et explorer de grandes quantités de données
• Développer des modèles de NLP
• Créer des visualisations et dashboards interactifs
• Collaborer avec les équipes métiers pour identifier les use cases
• Mettre en production les modèles développés
• Documenter les analyses et communiquer les résultats
• Assurer la qualité et la fiabilité des données

💻 Stack Data Science :
Langages : Python, MLflow, Kubeflow, Docker
Outils : Jupyter, Git, Docker
Cloud : AWS
Visualisation : Tableau, Power BI, Matplotlib

👤 Profil recherché :
• Formation : Bac+5 en mathématiques, statistiques ou data science
• Expérience : 2-3 ans
• Compétences : Maîtrise de Python, MLflow
• Excellente compréhension des statistiques et algos ML
• Qualités : Esprit analytique, curiosité, rigueur scientifique, communication"
"Analytics Manager | Data Science | Julia, Flux, DataFrames, Plots","Exploitez la puissance des données pour créer de la valeur et générer des insights actionnables.

🎯 Missions principales :
• Analyser et explorer de grandes quantités de données
• Développer des modèles de NLP
• Créer des visualisations et dashboards interactifs
• Collaborer avec les équipes métiers pour identifier les use cases
• Mettre en production les modèles développés
• Documenter les analyses et communiquer les résultats
• Assurer la qualité et la fiabilité des données

💻 Stack Data Science :
Langages : Julia, Flux, DataFrames, Plots
Outils : Jupyter, Git, Docker
Cloud : GCP
Visualisation : Tableau, Power BI, Matplotlib

👤 Profil recherché :
• Formation : Licence en mathématiques, statistiques ou data science
• Expérience : 2-3 ans
• Compétences : Maîtrise de Julia, Flux
• Excellente compréhension des statistiques et algos ML
• Qualités : Esprit analytique, curiosité, rigueur scientifique, communication"
"Machine Learning Engineer | Data Science | Python, Deep Learning, Computer Vision, NLP","Exploitez la puissance des données pour créer de la valeur et générer des insights actionnables.

🎯 Missions principales :
• Analyser et explorer de grandes quantités de données
• Développer des modèles de détection d'anomalies
• Créer des visualisations et dashboards interactifs
• Collaborer avec les équipes métiers pour identifier les use cases
• Mettre en production les modèles développés
• Documenter les analyses et communiquer les résultats
• Assurer la qualité et la fiabilité des données

💻 Stack Data Science :
Langages : Python, Deep Learning, Computer Vision, NLP
Outils : Jupyter, Git, Docker
Cloud : AWS
Visualisation : Tableau, Power BI, Matplotlib

👤 Profil recherché :
• Formation : BTS en mathématiques, statistiques ou data science
• Expérience : Junior (0-2 ans)
• Compétences : Maîtrise de Python, Deep Learning
• Excellente compréhension des statistiques et algos ML
• Qualités : Esprit analytique, curiosité, rigueur scientifique, communication"
"Analytics Manager | Data Science | Python, Spark, Kafka, Airflow","Exploitez la puissance des données pour créer de la valeur et générer des insights actionnables.

🎯 Missions principales :
• Analyser et explorer de grandes quantités de données
• Développer des modèles de classification
• Créer des visualisations et dashboards interactifs
• Collaborer avec les équipes métiers pour identifier les use cases
• Mettre en production les modèles développés
• Documenter les analyses et communiquer les résultats
• Assurer la qualité et la fiabilité des données

💻 Stack Data Science :
Langages : Python, Spark, Kafka, Airflow
Outils : Jupyter, Git, Docker
Cloud : AWS
Visualisation : Tableau, Power BI, Matplotlib

👤 Profil recherché :
• Formation : Licence en mathématiques, statistiques ou data science
• Expérience : Expert (7+ ans)
• Compétences : Maîtrise de Python, Spark
• Excellente compréhension des statistiques et algos ML
• Qualités : Esprit analytique, curiosité, rigueur scientifique, communication"
"Research Scientist | Data Science | Python, XGBoost, LightGBM, CatBoost","Exploitez la puissance des données pour créer de la valeur et générer des insights actionnables.

🎯 Missions principales :
• Analyser et explorer de grandes quantités de données
• Développer des modèles prédictifs
• Créer des visualisations et dashboards interactifs
• Collaborer avec les équipes métiers pour identifier les use cases
• Mettre en production les modèles développés
• Documenter les analyses et communiquer les résultats
• Assurer la qualité et la fiabilité des données

💻 Stack Data Science :
Langages : Python, XGBoost, LightGBM, CatBoost
Outils : Jupyter, Git, Docker
Cloud : GCP
Visualisation : Tableau, Power BI, Matplotlib

👤 Profil recherché :
• Formation : Master 2 en mathématiques, statistiques ou data science
• Expérience : 2-3 ans
• Compétences : Maîtrise de Python, XGBoost
• Excellente compréhension des statistiques et algos ML
• Qualités : Esprit analytique, curiosité, rigueur scientifique, communication"
"Data Architect | Data Science | Scala, MLlib, GraphX, SparkSQL","Exploitez la puissance des données pour créer de la valeur et générer des insights actionnables.

🎯 Missions principales :
• Analyser et explorer de grandes quantités de données
• Développer des modèles de classification
• Créer des visualisations et dashboards interactifs
• Collaborer avec les équipes métiers pour identifier les use cases
• Mettre en production les modèles développés
• Documenter les analyses et communiquer les résultats
• Assurer la qualité et la fiabilité des données

💻 Stack Data Science :
Langages : Scala, MLlib, GraphX, SparkSQL
Outils : Jupyter, Git, Docker
Cloud : AWS
Visualisation : Tableau, Power BI, Matplotlib

👤 Profil recherché :
• Formation : Doctorat en mathématiques, statistiques ou data science
• Expérience : 5+ ans
• Compétences : Maîtrise de Scala, MLlib
• Excellente compréhension des statistiques et algos ML
• Qualités : Esprit analytique, curiosité, rigueur scientifique, communication"
"AI Engineer | Data Science | Julia, Flux, DataFrames, Plots","Exploitez la puissance des données pour créer de la valeur et générer des insights actionnables.

🎯 Missions principales :
• Analyser et explorer de grandes quantités de données
• Développer des modèles prédictifs
• Créer des visualisations et dashboards interactifs
• Collaborer avec les équipes métiers pour identifier les use cases
• Mettre en production les modèles développés
• Documenter les analyses et communiquer les résultats
• Assurer la qualité et la fiabilité des données

💻 Stack Data Science :
Langages : Julia, Flux, DataFrames, Plots
Outils : Jupyter, Git, Docker
Cloud : GCP
Visualisation : Tableau, Power BI, Matplotlib

👤 Profil recherché :
• Formation : DUT en mathématiques, statistiques ou data science
• Expérience : 7+ ans
• Compétences : Maîtrise de Julia, Flux
• Excellente compréhension des statistiques et algos ML
• Qualités : Esprit analytique, curiosité, rigueur scientifique, communication"
"Data Scientist | Data Science | Python, Statistics, Jupyter, Git","Exploitez la puissance des données pour créer de la valeur et générer des insights actionnables.

🎯 Missions principales :
• Analyser et explorer de grandes quantités de données
• Développer des modèles de recommandation
• Créer des visualisations et dashboards interactifs
• Collaborer avec les équipes métiers pour identifier les use cases
• Mettre en production les modèles développés
• Documenter les analyses et communiquer les résultats
• Assurer la qualité et la fiabilité des données

💻 Stack Data Science :
Langages : Python, Statistics, Jupyter, Git
Outils : Jupyter, Git, Docker
Cloud : Azure
Visualisation : Tableau, Power BI, Matplotlib

👤 Profil recherché :
• Formation : Licence en mathématiques, statistiques ou data science
• Expérience : Junior (0-2 ans)
• Compétences : Maîtrise de Python, Statistics
• Excellente compréhension des statistiques et algos ML
• Qualités : Esprit analytique, curiosité, rigueur scientifique, communication"
"Data Scientist | Data Science | Scala, Spark, Hadoop, Hive","Exploitez la puissance des données pour créer de la valeur et générer des insights actionnables.

🎯 Missions principales :
• Analyser et explorer de grandes quantités de données
• Développer des modèles de NLP
• Créer des visualisations et dashboards interactifs
• Collaborer avec les équipes métiers pour identifier les use cases
• Mettre en production les modèles développés
• Documenter les analyses et communiquer les résultats
• Assurer la qualité et la fiabilité des données

💻 Stack Data Science :
Langages : Scala, Spark, Hadoop, Hive
Outils : Jupyter, Git, Docker
Cloud : GCP
Visualisation : Tableau, Power BI, Matplotlib

👤 Profil recherché :
• Formation : Master 2 en mathématiques, statistiques ou data science
• Expérience : 10+ ans
• Compétences : Maîtrise de Scala, Spark
• Excellente compréhension des statistiques et algos ML
• Qualités : Esprit analytique, curiosité, rigueur scientifique, communication"
"AI Engineer | Data Science | Python, Spark, Kafka, Airflow","Exploitez la puissance des données pour créer de la valeur et générer des insights actionnables.

🎯 Missions principales :
• Analyser et explorer de grandes quantités de données
• Développer des modèles de détection d'anomalies
• Créer des visualisations et dashboards interactifs
• Collaborer avec les équipes métiers pour identifier les use cases
• Mettre en production les modèles développés
• Documenter les analyses et communiquer les résultats
• Assurer la qualité et la fiabilité des données

💻 Stack Data Science :
Langages : Python, Spark, Kafka, Airflow
Outils : Jupyter, Git, Docker
Cloud : Azure
Visualisation : Tableau, Power BI, Matplotlib

👤 Profil recherché :
• Formation : BTS en mathématiques, statistiques ou data science
• Expérience : Expert (7+ ans)
• Compétences : Maîtrise de Python, Spark
• Excellente compréhension des statistiques et algos ML
• Qualités : Esprit analytique, curiosité, rigueur scientifique, communication"
"Research Scientist | Data Science | Scala, MLlib, GraphX, SparkSQL","Exploitez la puissance des données pour créer de la valeur et générer des insights actionnables.

🎯 Missions principales :
• Analyser et explorer de grandes quantités de données
• Développer des modèles prédictifs
• Créer des visualisations et dashboards interactifs
• Collaborer avec les équipes métiers pour identifier les use cases
• Mettre en production les modèles développés
• Documenter les analyses et communiquer les résultats
• Assurer la qualité et la fiabilité des données

💻 Stack Data Science :
Langages : Scala, MLlib, GraphX, SparkSQL
Outils : Jupyter, Git, Docker
Cloud : GCP
Visualisation : Tableau, Power BI, Matplotlib

👤 Profil recherché :
• Formation : BTS en mathématiques, statistiques ou data science
• Expérience : Expert (7+ ans)
• Compétences : Maîtrise de Scala, MLlib
• Excellente compréhension des statistiques et algos ML
• Qualités : Esprit analytique, curiosité, rigueur scientifique, communication"
"Data Architect | Data Science | Python, Plotly, Seaborn, Bokeh","Exploitez la puissance des données pour créer de la valeur et générer des insights actionnables.

🎯 Missions principales :
• Analyser et explorer de grandes quantités de données
• Développer des modèles de détection d'anomalies
• Créer des visualisations et dashboards interactifs
• Collaborer avec les équipes métiers pour identifier les use cases
• Mettre en production les modèles développés
• Documenter les analyses et communiquer les résultats
• Assurer la qualité et la fiabilité des données

💻 Stack Data Science :
Langages : Python, Plotly, Seaborn, Bokeh
Outils : Jupyter, Git, Docker
Cloud : AWS
Visualisation : Tableau, Power BI, Matplotlib

👤 Profil recherché :
• Formation : Bac+2 en mathématiques, statistiques ou data science
• Expérience : 3-5 ans
• Compétences : Maîtrise de Python, Plotly
• Excellente compréhension des statistiques et algos ML
• Qualités : Esprit analytique, curiosité, rigueur scientifique, communication"
"Data Analyst | Data Science | Python, Prophet, ARIMA, LSTM","Exploitez la puissance des données pour créer de la valeur et générer des insights actionnables.

🎯 Missions principales :
• Analyser et explorer de grandes quantités de données
• Développer des modèles de classification
• Créer des visualisations et dashboards interactifs
• Collaborer avec les équipes métiers pour identifier les use cases
• Mettre en production les modèles développés
• Documenter les analyses et communiquer les résultats
• Assurer la qualité et la fiabilité des données

💻 Stack Data Science :
Langages : Python, Prophet, ARIMA, LSTM
Outils : Jupyter, Git, Docker
Cloud : GCP
Visualisation : Tableau, Power BI, Matplotlib

👤 Profil recherché :
• Formation : DUT en mathématiques, statistiques ou data science
• Expérience : 2-3 ans
• Compétences : Maîtrise de Python, Prophet
• Excellente compréhension des statistiques et algos ML
• Qualités : Esprit analytique, curiosité, rigueur scientifique, communication"
"AI Engineer | Data Science | Scala, MLlib, GraphX, SparkSQL","Exploitez la puissance des données pour créer de la valeur et générer des insights actionnables.

🎯 Missions principales :
• Analyser et explorer de grandes quantités de données
• Développer des modèles de détection d'anomalies
• Créer des visualisations et dashboards interactifs
• Collaborer avec les équipes métiers pour identifier les use cases
• Mettre en production les modèles développés
• Documenter les analyses et communiquer les résultats
• Assurer la qualité et la fiabilité des données

💻 Stack Data Science :
Langages : Scala, MLlib, GraphX, SparkSQL
Outils : Jupyter, Git, Docker
Cloud : Azure
Visualisation : Tableau, Power BI, Matplotlib

👤 Profil recherché :
• Formation : DUT en mathématiques, statistiques ou data science
• Expérience : 3-5 ans
• Compétences : Maîtrise de Scala, MLlib
• Excellente compréhension des statistiques et algos ML
• Qualités : Esprit analytique, curiosité, rigueur scientifique, communication"
"Data Architect | Data Science | Python, Deep Learning, Computer Vision, NLP","Exploitez la puissance des données pour créer de la valeur et générer des insights actionnables.

🎯 Missions principales :
• Analyser et explorer de grandes quantités de données
• Développer des modèles de NLP
• Créer des visualisations et dashboards interactifs
• Collaborer avec les équipes métiers pour identifier les use cases
• Mettre en production les modèles développés
• Documenter les analyses et communiquer les résultats
• Assurer la qualité et la fiabilité des données

💻 Stack Data Science :
Langages : Python, Deep Learning, Computer Vision, NLP
Outils : Jupyter, Git, Docker
Cloud : GCP
Visualisation : Tableau, Power BI, Matplotlib

👤 Profil recherché :
• Formation : Bac+3 en mathématiques, statistiques ou data science
• Expérience : 2-3 ans
• Compétences : Maîtrise de Python, Deep Learning
• Excellente compréhension des statistiques et algos ML
• Qualités : Esprit analytique, curiosité, rigueur scientifique, communication"
"Data Architect | Data Science | Scala, Spark, Hadoop, Hive","Exploitez la puissance des données pour créer de la valeur et générer des insights actionnables.

🎯 Missions principales :
• Analyser et explorer de grandes quantités de données
• Développer des modèles de NLP
• Créer des visualisations et dashboards interactifs
• Collaborer avec les équipes métiers pour identifier les use cases
• Mettre en production les modèles développés
• Documenter les analyses et communiquer les résultats
• Assurer la qualité et la fiabilité des données

💻 Stack Data Science :
Langages : Scala, Spark, Hadoop, Hive
Outils : Jupyter, Git, Docker
Cloud : Azure
Visualisation : Tableau, Power BI, Matplotlib

👤 Profil recherché :
• Formation : Licence en mathématiques, statistiques ou data science
• Expérience : 2-3 ans
• Compétences : Maîtrise de Scala, Spark
• Excellente compréhension des statistiques et algos ML
• Qualités : Esprit analytique, curiosité, rigueur scientifique, communication"
"AI Engineer | Data Science | Python, Keras, OpenCV, NLTK","Exploitez la puissance des données pour créer de la valeur et générer des insights actionnables.

🎯 Missions principales :
• Analyser et explorer de grandes quantités de données
• Développer des modèles de détection d'anomalies
• Créer des visualisations et dashboards interactifs
• Collaborer avec les équipes métiers pour identifier les use cases
• Mettre en production les modèles développés
• Documenter les analyses et communiquer les résultats
• Assurer la qualité et la fiabilité des données

💻 Stack Data Science :
Langages : Python, Keras, OpenCV, NLTK
Outils : Jupyter, Git, Docker
Cloud : GCP
Visualisation : Tableau, Power BI, Matplotlib

👤 Profil recherché :
• Formation : Master 2 en mathématiques, statistiques ou data science
• Expérience : 1-2 ans
• Compétences : Maîtrise de Python, Keras
• Excellente compréhension des statistiques et algos ML
• Qualités : Esprit analytique, curiosité, rigueur scientifique, communication"
"Data Architect | Data Science | Python, Optuna, Hyperopt, Ray Tune","Exploitez la puissance des données pour créer de la valeur et générer des insights actionnables.

🎯 Missions principales :
• Analyser et explorer de grandes quantités de données
• Développer des modèles de détection d'anomalies
• Créer des visualisations et dashboards interactifs
• Collaborer avec les équipes métiers pour identifier les use cases
• Mettre en production les modèles développés
• Documenter les analyses et communiquer les résultats
• Assurer la qualité et la fiabilité des données

💻 Stack Data Science :
Langages : Python, Optuna, Hyperopt, Ray Tune
Outils : Jupyter, Git, Docker
Cloud : GCP
Visualisation : Tableau, Power BI, Matplotlib

👤 Profil recherché :
• Formation : Bac+2 en mathématiques, statistiques ou data science
• Expérience : Junior (0-2 ans)
• Compétences : Maîtrise de Python, Optuna
• Excellente compréhension des statistiques et algos ML
• Qualités : Esprit analytique, curiosité, rigueur scientifique, communication"
"Business Intelligence Analyst | Data Science | Python, SpaCy, Hugging Face, Transformers","Exploitez la puissance des données pour créer de la valeur et générer des insights actionnables.

🎯 Missions principales :
• Analyser et explorer de grandes quantités de données
• Développer des modèles de détection d'anomalies
• Créer des visualisations et dashboards interactifs
• Collaborer avec les équipes métiers pour identifier les use cases
• Mettre en production les modèles développés
• Documenter les analyses et communiquer les résultats
• Assurer la qualité et la fiabilité des données

💻 Stack Data Science :
Langages : Python, SpaCy, Hugging Face, Transformers
Outils : Jupyter, Git, Docker
Cloud : AWS
Visualisation : Tableau, Power BI, Matplotlib

👤 Profil recherché :
• Formation : BTS en mathématiques, statistiques ou data science
• Expérience : 5+ ans
• Compétences : Maîtrise de Python, SpaCy
• Excellente compréhension des statistiques et algos ML
• Qualités : Esprit analytique, curiosité, rigueur scientifique, communication"
"Data Analyst | Data Science | Python, TensorFlow, PyTorch, Pandas","Exploitez la puissance des données pour créer de la valeur et générer des insights actionnables.

🎯 Missions principales :
• Analyser et explorer de grandes quantités de données
• Développer des modèles de classification
• Créer des visualisations et dashboards interactifs
• Collaborer avec les équipes métiers pour identifier les use cases
• Mettre en production les modèles développés
• Documenter les analyses et communiquer les résultats
• Assurer la qualité et la fiabilité des données

💻 Stack Data Science :
Langages : Python, TensorFlow, PyTorch, Pandas
Outils : Jupyter, Git, Docker
Cloud : AWS
Visualisation : Tableau, Power BI, Matplotlib

👤 Profil recherché :
• Formation : Bac+5 en mathématiques, statistiques ou data science
• Expérience : 3-5 ans
• Compétences : Maîtrise de Python, TensorFlow
• Excellente compréhension des statistiques et algos ML
• Qualités : Esprit analytique, curiosité, rigueur scientifique, communication"
"Analytics Manager | Data Science | Scala, Spark, Hadoop, Hive","Exploitez la puissance des données pour créer de la valeur et générer des insights actionnables.

🎯 Missions principales :
• Analyser et explorer de grandes quantités de données
• Développer des modèles de classification
• Créer des visualisations et dashboards interactifs
• Collaborer avec les équipes métiers pour identifier les use cases
• Mettre en production les modèles développés
• Documenter les analyses et communiquer les résultats
• Assurer la qualité et la fiabilité des données

💻 Stack Data Science :
Langages : Scala, Spark, Hadoop, Hive
Outils : Jupyter, Git, Docker
Cloud : GCP
Visualisation : Tableau, Power BI, Matplotlib

👤 Profil recherché :
• Formation : DUT en mathématiques, statistiques ou data science
• Expérience : 1-2 ans
• Compétences : Maîtrise de Scala, Spark
• Excellente compréhension des statistiques et algos ML
• Qualités : Esprit analytique, curiosité, rigueur scientifique, communication"
"Data Engineer | Data Science | Scala, Spark, Hadoop, Hive","Exploitez la puissance des données pour créer de la valeur et générer des insights actionnables.

🎯 Missions principales :
• Analyser et explorer de grandes quantités de données
• Développer des modèles de recommandation
• Créer des visualisations et dashboards interactifs
• Collaborer avec les équipes métiers pour identifier les use cases
• Mettre en production les modèles développés
• Documenter les analyses et communiquer les résultats
• Assurer la qualité et la fiabilité des données

💻 Stack Data Science :
Langages : Scala, Spark, Hadoop, Hive
Outils : Jupyter, Git, Docker
Cloud : AWS
Visualisation : Tableau, Power BI, Matplotlib

👤 Profil recherché :
• Formation : Doctorat en mathématiques, statistiques ou data science
• Expérience : 3-5 ans
• Compétences : Maîtrise de Scala, Spark
• Excellente compréhension des statistiques et algos ML
• Qualités : Esprit analytique, curiosité, rigueur scientifique, communication"
"Data Engineer | Data Science | Python, Statistics, Jupyter, Git","Exploitez la puissance des données pour créer de la valeur et générer des insights actionnables.

🎯 Missions principales :
• Analyser et explorer de grandes quantités de données
• Développer des modèles de détection d'anomalies
• Créer des visualisations et dashboards interactifs
• Collaborer avec les équipes métiers pour identifier les use cases
• Mettre en production les modèles développés
• Documenter les analyses et communiquer les résultats
• Assurer la qualité et la fiabilité des données

💻 Stack Data Science :
Langages : Python, Statistics, Jupyter, Git
Outils : Jupyter, Git, Docker
Cloud : GCP
Visualisation : Tableau, Power BI, Matplotlib

👤 Profil recherché :
• Formation : DUT en mathématiques, statistiques ou data science
• Expérience : 3-5 ans
• Compétences : Maîtrise de Python, Statistics
• Excellente compréhension des statistiques et algos ML
• Qualités : Esprit analytique, curiosité, rigueur scientifique, communication"
"Data Engineer | Data Science | Python, Keras, OpenCV, NLTK","Exploitez la puissance des données pour créer de la valeur et générer des insights actionnables.

🎯 Missions principales :
• Analyser et explorer de grandes quantités de données
• Développer des modèles de recommandation
• Créer des visualisations et dashboards interactifs
• Collaborer avec les équipes métiers pour identifier les use cases
• Mettre en production les modèles développés
• Documenter les analyses et communiquer les résultats
• Assurer la qualité et la fiabilité des données

💻 Stack Data Science :
Langages : Python, Keras, OpenCV, NLTK
Outils : Jupyter, Git, Docker
Cloud : AWS
Visualisation : Tableau, Power BI, Matplotlib

👤 Profil recherché :
• Formation : Doctorat en mathématiques, statistiques ou data science
• Expérience : Senior (5+ ans)
• Compétences : Maîtrise de Python, Keras
• Excellente compréhension des statistiques et algos ML
• Qualités : Esprit analytique, curiosité, rigueur scientifique, communication"
"Research Scientist | Data Science | Python, Prophet, ARIMA, LSTM","Exploitez la puissance des données pour créer de la valeur et générer des insights actionnables.

🎯 Missions principales :
• Analyser et explorer de grandes quantités de données
• Développer des modèles de classification
• Créer des visualisations et dashboards interactifs
• Collaborer avec les équipes métiers pour identifier les use cases
• Mettre en production les modèles développés
• Documenter les analyses et communiquer les résultats
• Assurer la qualité et la fiabilité des données

💻 Stack Data Science :
Langages : Python, Prophet, ARIMA, LSTM
Outils : Jupyter, Git, Docker
Cloud : GCP
Visualisation : Tableau, Power BI, Matplotlib

👤 Profil recherché :
• Formation : DUT en mathématiques, statistiques ou data science
• Expérience : Confirmé (3-5 ans)
• Compétences : Maîtrise de Python, Prophet
• Excellente compréhension des statistiques et algos ML
• Qualités : Esprit analytique, curiosité, rigueur scientifique, communication"
"Analytics Manager | Data Science | Python, MLflow, Kubeflow, Docker","Exploitez la puissance des données pour créer de la valeur et générer des insights actionnables.

🎯 Missions principales :
• Analyser et explorer de grandes quantités de données
• Développer des modèles de détection d'anomalies
• Créer des visualisations et dashboards interactifs
• Collaborer avec les équipes métiers pour identifier les use cases
• Mettre en production les modèles développés
• Documenter les analyses et communiquer les résultats
• Assurer la qualité et la fiabilité des données

💻 Stack Data Science :
Langages : Python, MLflow, Kubeflow, Docker
Outils : Jupyter, Git, Docker
Cloud : Azure
Visualisation : Tableau, Power BI, Matplotlib

👤 Profil recherché :
• Formation : Bac+4 en mathématiques, statistiques ou data science
• Expérience : 7+ ans
• Compétences : Maîtrise de Python, MLflow
• Excellente compréhension des statistiques et algos ML
• Qualités : Esprit analytique, curiosité, rigueur scientifique, communication"
"AI Engineer | Data Science | Python, Ray, Horovod, DeepSpeed","Exploitez la puissance des données pour créer de la valeur et générer des insights actionnables.

🎯 Missions principales :
• Analyser et explorer de grandes quantités de données
• Développer des modèles prédictifs
• Créer des visualisations et dashboards interactifs
• Collaborer avec les équipes métiers pour identifier les use cases
• Mettre en production les modèles développés
• Documenter les analyses et communiquer les résultats
• Assurer la qualité et la fiabilité des données

💻 Stack Data Science :
Langages : Python, Ray, Horovod, DeepSpeed
Outils : Jupyter, Git, Docker
Cloud : GCP
Visualisation : Tableau, Power BI, Matplotlib

👤 Profil recherché :
• Formation : Bac+4 en mathématiques, statistiques ou data science
• Expérience : Junior (0-2 ans)
• Compétences : Maîtrise de Python, Ray
• Excellente compréhension des statistiques et algos ML
• Qualités : Esprit analytique, curiosité, rigueur scientifique, communication"
"Data Engineer | Data Science | Python, TensorFlow, PyTorch, Pandas","Exploitez la puissance des données pour créer de la valeur et générer des insights actionnables.

🎯 Missions principales :
• Analyser et explorer de grandes quantités de données
• Développer des modèles prédictifs
• Créer des visualisations et dashboards interactifs
• Collaborer avec les équipes métiers pour identifier les use cases
• Mettre en production les modèles développés
• Documenter les analyses et communiquer les résultats
• Assurer la qualité et la fiabilité des données

💻 Stack Data Science :
Langages : Python, TensorFlow, PyTorch, Pandas
Outils : Jupyter, Git, Docker
Cloud : Azure
Visualisation : Tableau, Power BI, Matplotlib

👤 Profil recherché :
• Formation : BTS en mathématiques, statistiques ou data science
• Expérience : 10+ ans
• Compétences : Maîtrise de Python, TensorFlow
• Excellente compréhension des statistiques et algos ML
• Qualités : Esprit analytique, curiosité, rigueur scientifique, communication"
"Data Analyst | Data Science | Python, TensorFlow, PyTorch, Pandas","Exploitez la puissance des données pour créer de la valeur et générer des insights actionnables.

🎯 Missions principales :
• Analyser et explorer de grandes quantités de données
• Développer des modèles de détection d'anomalies
• Créer des visualisations et dashboards interactifs
• Collaborer avec les équipes métiers pour identifier les use cases
• Mettre en production les modèles développés
• Documenter les analyses et communiquer les résultats
• Assurer la qualité et la fiabilité des données

💻 Stack Data Science :
Langages : Python, TensorFlow, PyTorch, Pandas
Outils : Jupyter, Git, Docker
Cloud : Azure
Visualisation : Tableau, Power BI, Matplotlib

👤 Profil recherché :
• Formation : DUT en mathématiques, statistiques ou data science
• Expérience : 3-5 ans
• Compétences : Maîtrise de Python, TensorFlow
• Excellente compréhension des statistiques et algos ML
• Qualités : Esprit analytique, curiosité, rigueur scientifique, communication"
"AI Engineer | Data Science | R, ggplot2, dplyr, Shiny","Exploitez la puissance des données pour créer de la valeur et générer des insights actionnables.

🎯 Missions principales :
• Analyser et explorer de grandes quantités de données
• Développer des modèles de détection d'anomalies
• Créer des visualisations et dashboards interactifs
• Collaborer avec les équipes métiers pour identifier les use cases
• Mettre en production les modèles développés
• Documenter les analyses et communiquer les résultats
• Assurer la qualité et la fiabilité des données

💻 Stack Data Science :
Langages : R, ggplot2, dplyr, Shiny
Outils : Jupyter, Git, Docker
Cloud : GCP
Visualisation : Tableau, Power BI, Matplotlib

👤 Profil recherché :
• Formation : Licence en mathématiques, statistiques ou data science
• Expérience : 7+ ans
• Compétences : Maîtrise de R, ggplot2
• Excellente compréhension des statistiques et algos ML
• Qualités : Esprit analytique, curiosité, rigueur scientifique, communication"
"Data Architect | Data Science | R, ggplot2, dplyr, Shiny","Exploitez la puissance des données pour créer de la valeur et générer des insights actionnables.

🎯 Missions principales :
• Analyser et explorer de grandes quantités de données
• Développer des modèles de détection d'anomalies
• Créer des visualisations et dashboards interactifs
• Collaborer avec les équipes métiers pour identifier les use cases
• Mettre en production les modèles développés
• Documenter les analyses et communiquer les résultats
• Assurer la qualité et la fiabilité des données

💻 Stack Data Science :
Langages : R, ggplot2, dplyr, Shiny
Outils : Jupyter, Git, Docker
Cloud : Azure
Visualisation : Tableau, Power BI, Matplotlib

👤 Profil recherché :
• Formation : Bac+3 en mathématiques, statistiques ou data science
• Expérience : 7+ ans
• Compétences : Maîtrise de R, ggplot2
• Excellente compréhension des statistiques et algos ML
• Qualités : Esprit analytique, curiosité, rigueur scientifique, communication"
"Analytics Manager | Data Science | Python, Deep Learning, Computer Vision, NLP","Exploitez la puissance des données pour créer de la valeur et générer des insights actionnables.

🎯 Missions principales :
• Analyser et explorer de grandes quantités de données
• Développer des modèles de NLP
• Créer des visualisations et dashboards interactifs
• Collaborer avec les équipes métiers pour identifier les use cases
• Mettre en production les modèles développés
• Documenter les analyses et communiquer les résultats
• Assurer la qualité et la fiabilité des données

💻 Stack Data Science :
Langages : Python, Deep Learning, Computer Vision, NLP
Outils : Jupyter, Git, Docker
Cloud : GCP
Visualisation : Tableau, Power BI, Matplotlib

👤 Profil recherché :
• Formation : BTS en mathématiques, statistiques ou data science
• Expérience : 10+ ans
• Compétences : Maîtrise de Python, Deep Learning
• Excellente compréhension des statistiques et algos ML
• Qualités : Esprit analytique, curiosité, rigueur scientifique, communication"
"MLOps Engineer | Data Science | Python, Keras, OpenCV, NLTK","Exploitez la puissance des données pour créer de la valeur et générer des insights actionnables.

🎯 Missions principales :
• Analyser et explorer de grandes quantités de données
• Développer des modèles de détection d'anomalies
• Créer des visualisations et dashboards interactifs
• Collaborer avec les équipes métiers pour identifier les use cases
• Mettre en production les modèles développés
• Documenter les analyses et communiquer les résultats
• Assurer la qualité et la fiabilité des données

💻 Stack Data Science :
Langages : Python, Keras, OpenCV, NLTK
Outils : Jupyter, Git, Docker
Cloud : Azure
Visualisation : Tableau, Power BI, Matplotlib

👤 Profil recherché :
• Formation : BTS en mathématiques, statistiques ou data science
• Expérience : Expert (7+ ans)
• Compétences : Maîtrise de Python, Keras
• Excellente compréhension des statistiques et algos ML
• Qualités : Esprit analytique, curiosité, rigueur scientifique, communication"
"Data Engineer | Data Science | Python, XGBoost, LightGBM, CatBoost","Exploitez la puissance des données pour créer de la valeur et générer des insights actionnables.

🎯 Missions principales :
• Analyser et explorer de grandes quantités de données
• Développer des modèles de détection d'anomalies
• Créer des visualisations et dashboards interactifs
• Collaborer avec les équipes métiers pour identifier les use cases
• Mettre en production les modèles développés
• Documenter les analyses et communiquer les résultats
• Assurer la qualité et la fiabilité des données

💻 Stack Data Science :
Langages : Python, XGBoost, LightGBM, CatBoost
Outils : Jupyter, Git, Docker
Cloud : GCP
Visualisation : Tableau, Power BI, Matplotlib

👤 Profil recherché :
• Formation : Master 2 en mathématiques, statistiques ou data science
• Expérience : 7+ ans
• Compétences : Maîtrise de Python, XGBoost
• Excellente compréhension des statistiques et algos ML
• Qualités : Esprit analytique, curiosité, rigueur scientifique, communication"
"Data Architect | Data Science | Python, Statistics, Jupyter, Git","Exploitez la puissance des données pour créer de la valeur et générer des insights actionnables.

🎯 Missions principales :
• Analyser et explorer de grandes quantités de données
• Développer des modèles de détection d'anomalies
• Créer des visualisations et dashboards interactifs
• Collaborer avec les équipes métiers pour identifier les use cases
• Mettre en production les modèles développés
• Documenter les analyses et communiquer les résultats
• Assurer la qualité et la fiabilité des données

💻 Stack Data Science :
Langages : Python, Statistics, Jupyter, Git
Outils : Jupyter, Git, Docker
Cloud : GCP
Visualisation : Tableau, Power BI, Matplotlib

👤 Profil recherché :
• Formation : Bac+4 en mathématiques, statistiques ou data science
• Expérience : Confirmé (3-5 ans)
• Compétences : Maîtrise de Python, Statistics
• Excellente compréhension des statistiques et algos ML
• Qualités : Esprit analytique, curiosité, rigueur scientifique, communication"
"Data Engineer | Data Science | Julia, Flux, DataFrames, Plots","Exploitez la puissance des données pour créer de la valeur et générer des insights actionnables.

🎯 Missions principales :
• Analyser et explorer de grandes quantités de données
• Développer des modèles de NLP
• Créer des visualisations et dashboards interactifs
• Collaborer avec les équipes métiers pour identifier les use cases
• Mettre en production les modèles développés
• Documenter les analyses et communiquer les résultats
• Assurer la qualité et la fiabilité des données

💻 Stack Data Science :
Langages : Julia, Flux, DataFrames, Plots
Outils : Jupyter, Git, Docker
Cloud : AWS
Visualisation : Tableau, Power BI, Matplotlib

👤 Profil recherché :
• Formation : Bac+4 en mathématiques, statistiques ou data science
• Expérience : 10+ ans
• Compétences : Maîtrise de Julia, Flux
• Excellente compréhension des statistiques et algos ML
• Qualités : Esprit analytique, curiosité, rigueur scientifique, communication"
"Machine Learning Engineer | Data Science | Python, Plotly, Seaborn, Bokeh","Exploitez la puissance des données pour créer de la valeur et générer des insights actionnables.

🎯 Missions principales :
• Analyser et explorer de grandes quantités de données
• Développer des modèles de recommandation
• Créer des visualisations et dashboards interactifs
• Collaborer avec les équipes métiers pour identifier les use cases
• Mettre en production les modèles développés
• Documenter les analyses et communiquer les résultats
• Assurer la qualité et la fiabilité des données

💻 Stack Data Science :
Langages : Python, Plotly, Seaborn, Bokeh
Outils : Jupyter, Git, Docker
Cloud : AWS
Visualisation : Tableau, Power BI, Matplotlib

👤 Profil recherché :
• Formation : Master 2 en mathématiques, statistiques ou data science
• Expérience : 7+ ans
• Compétences : Maîtrise de Python, Plotly
• Excellente compréhension des statistiques et algos ML
• Qualités : Esprit analytique, curiosité, rigueur scientifique, communication"
"Business Intelligence Analyst | Data Science | Python, TensorFlow, PyTorch, Pandas","Exploitez la puissance des données pour créer de la valeur et générer des insights actionnables.

🎯 Missions principales :
• Analyser et explorer de grandes quantités de données
• Développer des modèles prédictifs
• Créer des visualisations et dashboards interactifs
• Collaborer avec les équipes métiers pour identifier les use cases
• Mettre en production les modèles développés
• Documenter les analyses et communiquer les résultats
• Assurer la qualité et la fiabilité des données

💻 Stack Data Science :
Langages : Python, TensorFlow, PyTorch, Pandas
Outils : Jupyter, Git, Docker
Cloud : Azure
Visualisation : Tableau, Power BI, Matplotlib

👤 Profil recherché :
• Formation : Bac+3 en mathématiques, statistiques ou data science
• Expérience : Junior (0-2 ans)
• Compétences : Maîtrise de Python, TensorFlow
• Excellente compréhension des statistiques et algos ML
• Qualités : Esprit analytique, curiosité, rigueur scientifique, communication"
"Data Scientist | Data Science | Python, Ray, Horovod, DeepSpeed","Exploitez la puissance des données pour créer de la valeur et générer des insights actionnables.

🎯 Missions principales :
• Analyser et explorer de grandes quantités de données
• Développer des modèles de détection d'anomalies
• Créer des visualisations et dashboards interactifs
• Collaborer avec les équipes métiers pour identifier les use cases
• Mettre en production les modèles développés
• Documenter les analyses et communiquer les résultats
• Assurer la qualité et la fiabilité des données

💻 Stack Data Science :
Langages : Python, Ray, Horovod, DeepSpeed
Outils : Jupyter, Git, Docker
Cloud : Azure
Visualisation : Tableau, Power BI, Matplotlib

👤 Profil recherché :
• Formation : Doctorat en mathématiques, statistiques ou data science
• Expérience : 10+ ans
• Compétences : Maîtrise de Python, Ray
• Excellente compréhension des statistiques et algos ML
• Qualités : Esprit analytique, curiosité, rigueur scientifique, communication"
"Data Architect | Data Science | R, ggplot2, dplyr, Shiny","Exploitez la puissance des données pour créer de la valeur et générer des insights actionnables.

🎯 Missions principales :
• Analyser et explorer de grandes quantités de données
• Développer des modèles de NLP
• Créer des visualisations et dashboards interactifs
• Collaborer avec les équipes métiers pour identifier les use cases
• Mettre en production les modèles développés
• Documenter les analyses et communiquer les résultats
• Assurer la qualité et la fiabilité des données

💻 Stack Data Science :
Langages : R, ggplot2, dplyr, Shiny
Outils : Jupyter, Git, Docker
Cloud : GCP
Visualisation : Tableau, Power BI, Matplotlib

👤 Profil recherché :
• Formation : Bac+2 en mathématiques, statistiques ou data science
• Expérience : 1-2 ans
• Compétences : Maîtrise de R, ggplot2
• Excellente compréhension des statistiques et algos ML
• Qualités : Esprit analytique, curiosité, rigueur scientifique, communication"
"Data Architect | Data Science | Python, SpaCy, Hugging Face, Transformers","Exploitez la puissance des données pour créer de la valeur et générer des insights actionnables.

🎯 Missions principales :
• Analyser et explorer de grandes quantités de données
• Développer des modèles de recommandation
• Créer des visualisations et dashboards interactifs
• Collaborer avec les équipes métiers pour identifier les use cases
• Mettre en production les modèles développés
• Documenter les analyses et communiquer les résultats
• Assurer la qualité et la fiabilité des données

💻 Stack Data Science :
Langages : Python, SpaCy, Hugging Face, Transformers
Outils : Jupyter, Git, Docker
Cloud : AWS
Visualisation : Tableau, Power BI, Matplotlib

👤 Profil recherché :
• Formation : Bac+5 en mathématiques, statistiques ou data science
• Expérience : Confirmé (3-5 ans)
• Compétences : Maîtrise de Python, SpaCy
• Excellente compréhension des statistiques et algos ML
• Qualités : Esprit analytique, curiosité, rigueur scientifique, communication"
"MLOps Engineer | Data Science | Python, Prophet, ARIMA, LSTM","Exploitez la puissance des données pour créer de la valeur et générer des insights actionnables.

🎯 Missions principales :
• Analyser et explorer de grandes quantités de données
• Développer des modèles de classification
• Créer des visualisations et dashboards interactifs
• Collaborer avec les équipes métiers pour identifier les use cases
• Mettre en production les modèles développés
• Documenter les analyses et communiquer les résultats
• Assurer la qualité et la fiabilité des données

💻 Stack Data Science :
Langages : Python, Prophet, ARIMA, LSTM
Outils : Jupyter, Git, Docker
Cloud : Azure
Visualisation : Tableau, Power BI, Matplotlib

👤 Profil recherché :
• Formation : Master 2 en mathématiques, statistiques ou data science
• Expérience : 5+ ans
• Compétences : Maîtrise de Python, Prophet
• Excellente compréhension des statistiques et algos ML
• Qualités : Esprit analytique, curiosité, rigueur scientifique, communication"
"Data Scientist | Data Science | Python, XGBoost, LightGBM, CatBoost","Exploitez la puissance des données pour créer de la valeur et générer des insights actionnables.

🎯 Missions principales :
• Analyser et explorer de grandes quantités de données
• Développer des modèles de détection d'anomalies
• Créer des visualisations et dashboards interactifs
• Collaborer avec les équipes métiers pour identifier les use cases
• Mettre en production les modèles développés
• Documenter les analyses et communiquer les résultats
• Assurer la qualité et la fiabilité des données

💻 Stack Data Science :
Langages : Python, XGBoost, LightGBM, CatBoost
Outils : Jupyter, Git, Docker
Cloud : Azure
Visualisation : Tableau, Power BI, Matplotlib

👤 Profil recherché :
• Formation : Licence en mathématiques, statistiques ou data science
• Expérience : 2-3 ans
• Compétences : Maîtrise de Python, XGBoost
• Excellente compréhension des statistiques et algos ML
• Qualités : Esprit analytique, curiosité, rigueur scientifique, communication"
"MLOps Engineer | Data Science | Scala, MLlib, GraphX, SparkSQL","Exploitez la puissance des données pour créer de la valeur et générer des insights actionnables.

🎯 Missions principales :
• Analyser et explorer de grandes quantités de données
• Développer des modèles de détection d'anomalies
• Créer des visualisations et dashboards interactifs
• Collaborer avec les équipes métiers pour identifier les use cases
• Mettre en production les modèles développés
• Documenter les analyses et communiquer les résultats
• Assurer la qualité et la fiabilité des données

💻 Stack Data Science :
Langages : Scala, MLlib, GraphX, SparkSQL
Outils : Jupyter, Git, Docker
Cloud : GCP
Visualisation : Tableau, Power BI, Matplotlib

👤 Profil recherché :
• Formation : Bac+2 en mathématiques, statistiques ou data science
• Expérience : 10+ ans
• Compétences : Maîtrise de Scala, MLlib
• Excellente compréhension des statistiques et algos ML
• Qualités : Esprit analytique, curiosité, rigueur scientifique, communication"
"Data Architect | Data Science | Python, TensorFlow, PyTorch, Pandas","Exploitez la puissance des données pour créer de la valeur et générer des insights actionnables.

🎯 Missions principales :
• Analyser et explorer de grandes quantités de données
• Développer des modèles de recommandation
• Créer des visualisations et dashboards interactifs
• Collaborer avec les équipes métiers pour identifier les use cases
• Mettre en production les modèles développés
• Documenter les analyses et communiquer les résultats
• Assurer la qualité et la fiabilité des données

💻 Stack Data Science :
Langages : Python, TensorFlow, PyTorch, Pandas
Outils : Jupyter, Git, Docker
Cloud : Azure
Visualisation : Tableau, Power BI, Matplotlib

👤 Profil recherché :
• Formation : DUT en mathématiques, statistiques ou data science
• Expérience : 10+ ans
• Compétences : Maîtrise de Python, TensorFlow
• Excellente compréhension des statistiques et algos ML
• Qualités : Esprit analytique, curiosité, rigueur scientifique, communication"
"Data Engineer | Data Science | Python, TensorFlow, PyTorch, Pandas","Exploitez la puissance des données pour créer de la valeur et générer des insights actionnables.

🎯 Missions principales :
• Analyser et explorer de grandes quantités de données
• Développer des modèles de classification
• Créer des visualisations et dashboards interactifs
• Collaborer avec les équipes métiers pour identifier les use cases
• Mettre en production les modèles développés
• Documenter les analyses et communiquer les résultats
• Assurer la qualité et la fiabilité des données

💻 Stack Data Science :
Langages : Python, TensorFlow, PyTorch, Pandas
Outils : Jupyter, Git, Docker
Cloud : GCP
Visualisation : Tableau, Power BI, Matplotlib

👤 Profil recherché :
• Formation : BTS en mathématiques, statistiques ou data science
• Expérience : 5+ ans
• Compétences : Maîtrise de Python, TensorFlow
• Excellente compréhension des statistiques et algos ML
• Qualités : Esprit analytique, curiosité, rigueur scientifique, communication"
"Business Intelligence Analyst | Data Science | R, ggplot2, dplyr, Shiny","Exploitez la puissance des données pour créer de la valeur et générer des insights actionnables.

🎯 Missions principales :
• Analyser et explorer de grandes quantités de données
• Développer des modèles de classification
• Créer des visualisations et dashboards interactifs
• Collaborer avec les équipes métiers pour identifier les use cases
• Mettre en production les modèles développés
• Documenter les analyses et communiquer les résultats
• Assurer la qualité et la fiabilité des données

💻 Stack Data Science :
Langages : R, ggplot2, dplyr, Shiny
Outils : Jupyter, Git, Docker
Cloud : Azure
Visualisation : Tableau, Power BI, Matplotlib

👤 Profil recherché :
• Formation : DUT en mathématiques, statistiques ou data science
• Expérience : 3-5 ans
• Compétences : Maîtrise de R, ggplot2
• Excellente compréhension des statistiques et algos ML
• Qualités : Esprit analytique, curiosité, rigueur scientifique, communication"
"Data Scientist | Data Science | Python, MLflow, Kubeflow, Docker","Exploitez la puissance des données pour créer de la valeur et générer des insights actionnables.

🎯 Missions principales :
• Analyser et explorer de grandes quantités de données
• Développer des modèles de classification
• Créer des visualisations et dashboards interactifs
• Collaborer avec les équipes métiers pour identifier les use cases
• Mettre en production les modèles développés
• Documenter les analyses et communiquer les résultats
• Assurer la qualité et la fiabilité des données

💻 Stack Data Science :
Langages : Python, MLflow, Kubeflow, Docker
Outils : Jupyter, Git, Docker
Cloud : AWS
Visualisation : Tableau, Power BI, Matplotlib

👤 Profil recherché :
• Formation : BTS en mathématiques, statistiques ou data science
• Expérience : Expert (7+ ans)
• Compétences : Maîtrise de Python, MLflow
• Excellente compréhension des statistiques et algos ML
• Qualités : Esprit analytique, curiosité, rigueur scientifique, communication"
"MLOps Engineer | Data Science | Python, Spark, Kafka, Airflow","Exploitez la puissance des données pour créer de la valeur et générer des insights actionnables.

🎯 Missions principales :
• Analyser et explorer de grandes quantités de données
• Développer des modèles de détection d'anomalies
• Créer des visualisations et dashboards interactifs
• Collaborer avec les équipes métiers pour identifier les use cases
• Mettre en production les modèles développés
• Documenter les analyses et communiquer les résultats
• Assurer la qualité et la fiabilité des données

💻 Stack Data Science :
Langages : Python, Spark, Kafka, Airflow
Outils : Jupyter, Git, Docker
Cloud : Azure
Visualisation : Tableau, Power BI, Matplotlib

👤 Profil recherché :
• Formation : Master 2 en mathématiques, statistiques ou data science
• Expérience : Senior (5+ ans)
• Compétences : Maîtrise de Python, Spark
• Excellente compréhension des statistiques et algos ML
• Qualités : Esprit analytique, curiosité, rigueur scientifique, communication"
"Research Scientist | Data Science | R, Scikit-learn, SQL, Tableau","Exploitez la puissance des données pour créer de la valeur et générer des insights actionnables.

🎯 Missions principales :
• Analyser et explorer de grandes quantités de données
• Développer des modèles de NLP
• Créer des visualisations et dashboards interactifs
• Collaborer avec les équipes métiers pour identifier les use cases
• Mettre en production les modèles développés
• Documenter les analyses et communiquer les résultats
• Assurer la qualité et la fiabilité des données

💻 Stack Data Science :
Langages : R, Scikit-learn, SQL, Tableau
Outils : Jupyter, Git, Docker
Cloud : Azure
Visualisation : Tableau, Power BI, Matplotlib

👤 Profil recherché :
• Formation : DUT en mathématiques, statistiques ou data science
• Expérience : 10+ ans
• Compétences : Maîtrise de R, Scikit-learn
• Excellente compréhension des statistiques et algos ML
• Qualités : Esprit analytique, curiosité, rigueur scientifique, communication"
"Data Engineer | Data Science | Python, TensorFlow, PyTorch, Pandas","Exploitez la puissance des données pour créer de la valeur et générer des insights actionnables.

🎯 Missions principales :
• Analyser et explorer de grandes quantités de données
• Développer des modèles de recommandation
• Créer des visualisations et dashboards interactifs
• Collaborer avec les équipes métiers pour identifier les use cases
• Mettre en production les modèles développés
• Documenter les analyses et communiquer les résultats
• Assurer la qualité et la fiabilité des données

💻 Stack Data Science :
Langages : Python, TensorFlow, PyTorch, Pandas
Outils : Jupyter, Git, Docker
Cloud : Azure
Visualisation : Tableau, Power BI, Matplotlib

👤 Profil recherché :
• Formation : Bac+4 en mathématiques, statistiques ou data science
• Expérience : Expert (7+ ans)
• Compétences : Maîtrise de Python, TensorFlow
• Excellente compréhension des statistiques et algos ML
• Qualités : Esprit analytique, curiosité, rigueur scientifique, communication"
"Data Analyst | Data Science | Python, Optuna, Hyperopt, Ray Tune","Exploitez la puissance des données pour créer de la valeur et générer des insights actionnables.

🎯 Missions principales :
• Analyser et explorer de grandes quantités de données
• Développer des modèles de NLP
• Créer des visualisations et dashboards interactifs
• Collaborer avec les équipes métiers pour identifier les use cases
• Mettre en production les modèles développés
• Documenter les analyses et communiquer les résultats
• Assurer la qualité et la fiabilité des données

💻 Stack Data Science :
Langages : Python, Optuna, Hyperopt, Ray Tune
Outils : Jupyter, Git, Docker
Cloud : GCP
Visualisation : Tableau, Power BI, Matplotlib

👤 Profil recherché :
• Formation : BTS en mathématiques, statistiques ou data science
• Expérience : 1-2 ans
• Compétences : Maîtrise de Python, Optuna
• Excellente compréhension des statistiques et algos ML
• Qualités : Esprit analytique, curiosité, rigueur scientifique, communication"
"Machine Learning Engineer | Data Science | Python, Plotly, Seaborn, Bokeh","Exploitez la puissance des données pour créer de la valeur et générer des insights actionnables.

🎯 Missions principales :
• Analyser et explorer de grandes quantités de données
• Développer des modèles de NLP
• Créer des visualisations et dashboards interactifs
• Collaborer avec les équipes métiers pour identifier les use cases
• Mettre en production les modèles développés
• Documenter les analyses et communiquer les résultats
• Assurer la qualité et la fiabilité des données

💻 Stack Data Science :
Langages : Python, Plotly, Seaborn, Bokeh
Outils : Jupyter, Git, Docker
Cloud : Azure
Visualisation : Tableau, Power BI, Matplotlib

👤 Profil recherché :
• Formation : Bac+3 en mathématiques, statistiques ou data science
• Expérience : 10+ ans
• Compétences : Maîtrise de Python, Plotly
• Excellente compréhension des statistiques et algos ML
• Qualités : Esprit analytique, curiosité, rigueur scientifique, communication"
"Data Architect | Data Science | Python, Prophet, ARIMA, LSTM","Exploitez la puissance des données pour créer de la valeur et générer des insights actionnables.

🎯 Missions principales :
• Analyser et explorer de grandes quantités de données
• Développer des modèles de recommandation
• Créer des visualisations et dashboards interactifs
• Collaborer avec les équipes métiers pour identifier les use cases
• Mettre en production les modèles développés
• Documenter les analyses et communiquer les résultats
• Assurer la qualité et la fiabilité des données

💻 Stack Data Science :
Langages : Python, Prophet, ARIMA, LSTM
Outils : Jupyter, Git, Docker
Cloud : AWS
Visualisation : Tableau, Power BI, Matplotlib

👤 Profil recherché :
• Formation : BTS en mathématiques, statistiques ou data science
• Expérience : 3-5 ans
• Compétences : Maîtrise de Python, Prophet
• Excellente compréhension des statistiques et algos ML
• Qualités : Esprit analytique, curiosité, rigueur scientifique, communication"
"Business Intelligence Analyst | Data Science | Python, Keras, OpenCV, NLTK","Exploitez la puissance des données pour créer de la valeur et générer des insights actionnables.

🎯 Missions principales :
• Analyser et explorer de grandes quantités de données
• Développer des modèles de recommandation
• Créer des visualisations et dashboards interactifs
• Collaborer avec les équipes métiers pour identifier les use cases
• Mettre en production les modèles développés
• Documenter les analyses et communiquer les résultats
• Assurer la qualité et la fiabilité des données

💻 Stack Data Science :
Langages : Python, Keras, OpenCV, NLTK
Outils : Jupyter, Git, Docker
Cloud : GCP
Visualisation : Tableau, Power BI, Matplotlib

👤 Profil recherché :
• Formation : Master 2 en mathématiques, statistiques ou data science
• Expérience : 3-5 ans
• Compétences : Maîtrise de Python, Keras
• Excellente compréhension des statistiques et algos ML
• Qualités : Esprit analytique, curiosité, rigueur scientifique, communication"
"Analytics Manager | Data Science | Python, Dask, Vaex, Modin","Exploitez la puissance des données pour créer de la valeur et générer des insights actionnables.

🎯 Missions principales :
• Analyser et explorer de grandes quantités de données
• Développer des modèles de classification
• Créer des visualisations et dashboards interactifs
• Collaborer avec les équipes métiers pour identifier les use cases
• Mettre en production les modèles développés
• Documenter les analyses et communiquer les résultats
• Assurer la qualité et la fiabilité des données

💻 Stack Data Science :
Langages : Python, Dask, Vaex, Modin
Outils : Jupyter, Git, Docker
Cloud : AWS
Visualisation : Tableau, Power BI, Matplotlib

👤 Profil recherché :
• Formation : Master 2 en mathématiques, statistiques ou data science
• Expérience : 2-3 ans
• Compétences : Maîtrise de Python, Dask
• Excellente compréhension des statistiques et algos ML
• Qualités : Esprit analytique, curiosité, rigueur scientifique, communication"
"Data Architect | Data Science | Python, MLflow, Kubeflow, Docker","Exploitez la puissance des données pour créer de la valeur et générer des insights actionnables.

🎯 Missions principales :
• Analyser et explorer de grandes quantités de données
• Développer des modèles de recommandation
• Créer des visualisations et dashboards interactifs
• Collaborer avec les équipes métiers pour identifier les use cases
• Mettre en production les modèles développés
• Documenter les analyses et communiquer les résultats
• Assurer la qualité et la fiabilité des données

💻 Stack Data Science :
Langages : Python, MLflow, Kubeflow, Docker
Outils : Jupyter, Git, Docker
Cloud : GCP
Visualisation : Tableau, Power BI, Matplotlib

👤 Profil recherché :
• Formation : Bac+2 en mathématiques, statistiques ou data science
• Expérience : Expert (7+ ans)
• Compétences : Maîtrise de Python, MLflow
• Excellente compréhension des statistiques et algos ML
• Qualités : Esprit analytique, curiosité, rigueur scientifique, communication"
"Machine Learning Engineer | Data Science | Python, Plotly, Seaborn, Bokeh","Exploitez la puissance des données pour créer de la valeur et générer des insights actionnables.

🎯 Missions principales :
• Analyser et explorer de grandes quantités de données
• Développer des modèles de classification
• Créer des visualisations et dashboards interactifs
• Collaborer avec les équipes métiers pour identifier les use cases
• Mettre en production les modèles développés
• Documenter les analyses et communiquer les résultats
• Assurer la qualité et la fiabilité des données

💻 Stack Data Science :
Langages : Python, Plotly, Seaborn, Bokeh
Outils : Jupyter, Git, Docker
Cloud : AWS
Visualisation : Tableau, Power BI, Matplotlib

👤 Profil recherché :
• Formation : Bac+3 en mathématiques, statistiques ou data science
• Expérience : 3-5 ans
• Compétences : Maîtrise de Python, Plotly
• Excellente compréhension des statistiques et algos ML
• Qualités : Esprit analytique, curiosité, rigueur scientifique, communication"
"Data Engineer | Data Science | Python, Ray, Horovod, DeepSpeed","Exploitez la puissance des données pour créer de la valeur et générer des insights actionnables.

🎯 Missions principales :
• Analyser et explorer de grandes quantités de données
• Développer des modèles de NLP
• Créer des visualisations et dashboards interactifs
• Collaborer avec les équipes métiers pour identifier les use cases
• Mettre en production les modèles développés
• Documenter les analyses et communiquer les résultats
• Assurer la qualité et la fiabilité des données

💻 Stack Data Science :
Langages : Python, Ray, Horovod, DeepSpeed
Outils : Jupyter, Git, Docker
Cloud : Azure
Visualisation : Tableau, Power BI, Matplotlib

👤 Profil recherché :
• Formation : Doctorat en mathématiques, statistiques ou data science
• Expérience : Expert (7+ ans)
• Compétences : Maîtrise de Python, Ray
• Excellente compréhension des statistiques et algos ML
• Qualités : Esprit analytique, curiosité, rigueur scientifique, communication"
"Data Engineer | Data Science | Python, Plotly, Seaborn, Bokeh","Exploitez la puissance des données pour créer de la valeur et générer des insights actionnables.

🎯 Missions principales :
• Analyser et explorer de grandes quantités de données
• Développer des modèles prédictifs
• Créer des visualisations et dashboards interactifs
• Collaborer avec les équipes métiers pour identifier les use cases
• Mettre en production les modèles développés
• Documenter les analyses et communiquer les résultats
• Assurer la qualité et la fiabilité des données

💻 Stack Data Science :
Langages : Python, Plotly, Seaborn, Bokeh
Outils : Jupyter, Git, Docker
Cloud : GCP
Visualisation : Tableau, Power BI, Matplotlib

👤 Profil recherché :
• Formation : Doctorat en mathématiques, statistiques ou data science
• Expérience : Expert (7+ ans)
• Compétences : Maîtrise de Python, Plotly
• Excellente compréhension des statistiques et algos ML
• Qualités : Esprit analytique, curiosité, rigueur scientifique, communication"
"Data Engineer | Data Science | SQL, Tableau, Looker, Metabase","Exploitez la puissance des données pour créer de la valeur et générer des insights actionnables.

🎯 Missions principales :
• Analyser et explorer de grandes quantités de données
• Développer des modèles de recommandation
• Créer des visualisations et dashboards interactifs
• Collaborer avec les équipes métiers pour identifier les use cases
• Mettre en production les modèles développés
• Documenter les analyses et communiquer les résultats
• Assurer la qualité et la fiabilité des données

💻 Stack Data Science :
Langages : SQL, Tableau, Looker, Metabase
Outils : Jupyter, Git, Docker
Cloud : AWS
Visualisation : Tableau, Power BI, Matplotlib

👤 Profil recherché :
• Formation : Bac+4 en mathématiques, statistiques ou data science
• Expérience : 3-5 ans
• Compétences : Maîtrise de SQL, Tableau
• Excellente compréhension des statistiques et algos ML
• Qualités : Esprit analytique, curiosité, rigueur scientifique, communication"
"Research Scientist | Data Science | Python, Spark, Kafka, Airflow","Exploitez la puissance des données pour créer de la valeur et générer des insights actionnables.

🎯 Missions principales :
• Analyser et explorer de grandes quantités de données
• Développer des modèles de classification
• Créer des visualisations et dashboards interactifs
• Collaborer avec les équipes métiers pour identifier les use cases
• Mettre en production les modèles développés
• Documenter les analyses et communiquer les résultats
• Assurer la qualité et la fiabilité des données

💻 Stack Data Science :
Langages : Python, Spark, Kafka, Airflow
Outils : Jupyter, Git, Docker
Cloud : Azure
Visualisation : Tableau, Power BI, Matplotlib

👤 Profil recherché :
• Formation : Licence en mathématiques, statistiques ou data science
• Expérience : Senior (5+ ans)
• Compétences : Maîtrise de Python, Spark
• Excellente compréhension des statistiques et algos ML
• Qualités : Esprit analytique, curiosité, rigueur scientifique, communication"
"Data Architect | Data Science | Python, Optuna, Hyperopt, Ray Tune","Exploitez la puissance des données pour créer de la valeur et générer des insights actionnables.

🎯 Missions principales :
• Analyser et explorer de grandes quantités de données
• Développer des modèles de recommandation
• Créer des visualisations et dashboards interactifs
• Collaborer avec les équipes métiers pour identifier les use cases
• Mettre en production les modèles développés
• Documenter les analyses et communiquer les résultats
• Assurer la qualité et la fiabilité des données

💻 Stack Data Science :
Langages : Python, Optuna, Hyperopt, Ray Tune
Outils : Jupyter, Git, Docker
Cloud : AWS
Visualisation : Tableau, Power BI, Matplotlib

👤 Profil recherché :
• Formation : Master 2 en mathématiques, statistiques ou data science
• Expérience : 2-3 ans
• Compétences : Maîtrise de Python, Optuna
• Excellente compréhension des statistiques et algos ML
• Qualités : Esprit analytique, curiosité, rigueur scientifique, communication"
"AI Engineer | Data Science | Python, Optuna, Hyperopt, Ray Tune","Exploitez la puissance des données pour créer de la valeur et générer des insights actionnables.

🎯 Missions principales :
• Analyser et explorer de grandes quantités de données
• Développer des modèles prédictifs
• Créer des visualisations et dashboards interactifs
• Collaborer avec les équipes métiers pour identifier les use cases
• Mettre en production les modèles développés
• Documenter les analyses et communiquer les résultats
• Assurer la qualité et la fiabilité des données

💻 Stack Data Science :
Langages : Python, Optuna, Hyperopt, Ray Tune
Outils : Jupyter, Git, Docker
Cloud : GCP
Visualisation : Tableau, Power BI, Matplotlib

👤 Profil recherché :
• Formation : Licence en mathématiques, statistiques ou data science
• Expérience : 10+ ans
• Compétences : Maîtrise de Python, Optuna
• Excellente compréhension des statistiques et algos ML
• Qualités : Esprit analytique, curiosité, rigueur scientifique, communication"
"Business Intelligence Analyst | Data Science | Python, Deep Learning, Computer Vision, NLP","Exploitez la puissance des données pour créer de la valeur et générer des insights actionnables.

🎯 Missions principales :
• Analyser et explorer de grandes quantités de données
• Développer des modèles de détection d'anomalies
• Créer des visualisations et dashboards interactifs
• Collaborer avec les équipes métiers pour identifier les use cases
• Mettre en production les modèles développés
• Documenter les analyses et communiquer les résultats
• Assurer la qualité et la fiabilité des données

💻 Stack Data Science :
Langages : Python, Deep Learning, Computer Vision, NLP
Outils : Jupyter, Git, Docker
Cloud : AWS
Visualisation : Tableau, Power BI, Matplotlib

👤 Profil recherché :
• Formation : Licence en mathématiques, statistiques ou data science
• Expérience : Confirmé (3-5 ans)
• Compétences : Maîtrise de Python, Deep Learning
• Excellente compréhension des statistiques et algos ML
• Qualités : Esprit analytique, curiosité, rigueur scientifique, communication"
"Data Scientist | Data Science | Python, Ray, Horovod, DeepSpeed","Exploitez la puissance des données pour créer de la valeur et générer des insights actionnables.

🎯 Missions principales :
• Analyser et explorer de grandes quantités de données
• Développer des modèles de NLP
• Créer des visualisations et dashboards interactifs
• Collaborer avec les équipes métiers pour identifier les use cases
• Mettre en production les modèles développés
• Documenter les analyses et communiquer les résultats
• Assurer la qualité et la fiabilité des données

💻 Stack Data Science :
Langages : Python, Ray, Horovod, DeepSpeed
Outils : Jupyter, Git, Docker
Cloud : GCP
Visualisation : Tableau, Power BI, Matplotlib

👤 Profil recherché :
• Formation : Bac+4 en mathématiques, statistiques ou data science
• Expérience : Confirmé (3-5 ans)
• Compétences : Maîtrise de Python, Ray
• Excellente compréhension des statistiques et algos ML
• Qualités : Esprit analytique, curiosité, rigueur scientifique, communication"
"Data Analyst | Data Science | Python, Spark, Kafka, Airflow","Exploitez la puissance des données pour créer de la valeur et générer des insights actionnables.

🎯 Missions principales :
• Analyser et explorer de grandes quantités de données
• Développer des modèles de détection d'anomalies
• Créer des visualisations et dashboards interactifs
• Collaborer avec les équipes métiers pour identifier les use cases
• Mettre en production les modèles développés
• Documenter les analyses et communiquer les résultats
• Assurer la qualité et la fiabilité des données

💻 Stack Data Science :
Langages : Python, Spark, Kafka, Airflow
Outils : Jupyter, Git, Docker
Cloud : GCP
Visualisation : Tableau, Power BI, Matplotlib

👤 Profil recherché :
• Formation : DUT en mathématiques, statistiques ou data science
• Expérience : 3-5 ans
• Compétences : Maîtrise de Python, Spark
• Excellente compréhension des statistiques et algos ML
• Qualités : Esprit analytique, curiosité, rigueur scientifique, communication"
"Data Architect | Data Science | Python, Dask, Vaex, Modin","Exploitez la puissance des données pour créer de la valeur et générer des insights actionnables.

🎯 Missions principales :
• Analyser et explorer de grandes quantités de données
• Développer des modèles de NLP
• Créer des visualisations et dashboards interactifs
• Collaborer avec les équipes métiers pour identifier les use cases
• Mettre en production les modèles développés
• Documenter les analyses et communiquer les résultats
• Assurer la qualité et la fiabilité des données

💻 Stack Data Science :
Langages : Python, Dask, Vaex, Modin
Outils : Jupyter, Git, Docker
Cloud : AWS
Visualisation : Tableau, Power BI, Matplotlib

👤 Profil recherché :
• Formation : Master 2 en mathématiques, statistiques ou data science
• Expérience : Confirmé (3-5 ans)
• Compétences : Maîtrise de Python, Dask
• Excellente compréhension des statistiques et algos ML
• Qualités : Esprit analytique, curiosité, rigueur scientifique, communication"
"Machine Learning Engineer | Data Science | Julia, Flux, DataFrames, Plots","Exploitez la puissance des données pour créer de la valeur et générer des insights actionnables.

🎯 Missions principales :
• Analyser et explorer de grandes quantités de données
• Développer des modèles de détection d'anomalies
• Créer des visualisations et dashboards interactifs
• Collaborer avec les équipes métiers pour identifier les use cases
• Mettre en production les modèles développés
• Documenter les analyses et communiquer les résultats
• Assurer la qualité et la fiabilité des données

💻 Stack Data Science :
Langages : Julia, Flux, DataFrames, Plots
Outils : Jupyter, Git, Docker
Cloud : Azure
Visualisation : Tableau, Power BI, Matplotlib

👤 Profil recherché :
• Formation : Licence en mathématiques, statistiques ou data science
• Expérience : 5+ ans
• Compétences : Maîtrise de Julia, Flux
• Excellente compréhension des statistiques et algos ML
• Qualités : Esprit analytique, curiosité, rigueur scientifique, communication"
"MLOps Engineer | Data Science | Python, Keras, OpenCV, NLTK","Exploitez la puissance des données pour créer de la valeur et générer des insights actionnables.

🎯 Missions principales :
• Analyser et explorer de grandes quantités de données
• Développer des modèles de détection d'anomalies
• Créer des visualisations et dashboards interactifs
• Collaborer avec les équipes métiers pour identifier les use cases
• Mettre en production les modèles développés
• Documenter les analyses et communiquer les résultats
• Assurer la qualité et la fiabilité des données

💻 Stack Data Science :
Langages : Python, Keras, OpenCV, NLTK
Outils : Jupyter, Git, Docker
Cloud : AWS
Visualisation : Tableau, Power BI, Matplotlib

👤 Profil recherché :
• Formation : DUT en mathématiques, statistiques ou data science
• Expérience : 1-2 ans
• Compétences : Maîtrise de Python, Keras
• Excellente compréhension des statistiques et algos ML
• Qualités : Esprit analytique, curiosité, rigueur scientifique, communication"
"Analytics Manager | Data Science | Scala, MLlib, GraphX, SparkSQL","Exploitez la puissance des données pour créer de la valeur et générer des insights actionnables.

🎯 Missions principales :
• Analyser et explorer de grandes quantités de données
• Développer des modèles de détection d'anomalies
• Créer des visualisations et dashboards interactifs
• Collaborer avec les équipes métiers pour identifier les use cases
• Mettre en production les modèles développés
• Documenter les analyses et communiquer les résultats
• Assurer la qualité et la fiabilité des données

💻 Stack Data Science :
Langages : Scala, MLlib, GraphX, SparkSQL
Outils : Jupyter, Git, Docker
Cloud : GCP
Visualisation : Tableau, Power BI, Matplotlib

👤 Profil recherché :
• Formation : Bac+2 en mathématiques, statistiques ou data science
• Expérience : 1-2 ans
• Compétences : Maîtrise de Scala, MLlib
• Excellente compréhension des statistiques et algos ML
• Qualités : Esprit analytique, curiosité, rigueur scientifique, communication"
"Business Intelligence Analyst | Data Science | SQL, Tableau, Looker, Metabase","Exploitez la puissance des données pour créer de la valeur et générer des insights actionnables.

🎯 Missions principales :
• Analyser et explorer de grandes quantités de données
• Développer des modèles de classification
• Créer des visualisations et dashboards interactifs
• Collaborer avec les équipes métiers pour identifier les use cases
• Mettre en production les modèles développés
• Documenter les analyses et communiquer les résultats
• Assurer la qualité et la fiabilité des données

💻 Stack Data Science :
Langages : SQL, Tableau, Looker, Metabase
Outils : Jupyter, Git, Docker
Cloud : AWS
Visualisation : Tableau, Power BI, Matplotlib

👤 Profil recherché :
• Formation : Bac+5 en mathématiques, statistiques ou data science
• Expérience : 5+ ans
• Compétences : Maîtrise de SQL, Tableau
• Excellente compréhension des statistiques et algos ML
• Qualités : Esprit analytique, curiosité, rigueur scientifique, communication"
"Data Engineer | Data Science | SQL, Tableau, Looker, Metabase","Exploitez la puissance des données pour créer de la valeur et générer des insights actionnables.

🎯 Missions principales :
• Analyser et explorer de grandes quantités de données
• Développer des modèles de recommandation
• Créer des visualisations et dashboards interactifs
• Collaborer avec les équipes métiers pour identifier les use cases
• Mettre en production les modèles développés
• Documenter les analyses et communiquer les résultats
• Assurer la qualité et la fiabilité des données

💻 Stack Data Science :
Langages : SQL, Tableau, Looker, Metabase
Outils : Jupyter, Git, Docker
Cloud : AWS
Visualisation : Tableau, Power BI, Matplotlib

👤 Profil recherché :
• Formation : BTS en mathématiques, statistiques ou data science
• Expérience : Senior (5+ ans)
• Compétences : Maîtrise de SQL, Tableau
• Excellente compréhension des statistiques et algos ML
• Qualités : Esprit analytique, curiosité, rigueur scientifique, communication"
"Business Intelligence Analyst | Data Science | Scala, MLlib, GraphX, SparkSQL","Exploitez la puissance des données pour créer de la valeur et générer des insights actionnables.

🎯 Missions principales :
• Analyser et explorer de grandes quantités de données
• Développer des modèles de détection d'anomalies
• Créer des visualisations et dashboards interactifs
• Collaborer avec les équipes métiers pour identifier les use cases
• Mettre en production les modèles développés
• Documenter les analyses et communiquer les résultats
• Assurer la qualité et la fiabilité des données

💻 Stack Data Science :
Langages : Scala, MLlib, GraphX, SparkSQL
Outils : Jupyter, Git, Docker
Cloud : AWS
Visualisation : Tableau, Power BI, Matplotlib

👤 Profil recherché :
• Formation : Bac+2 en mathématiques, statistiques ou data science
• Expérience : Junior (0-2 ans)
• Compétences : Maîtrise de Scala, MLlib
• Excellente compréhension des statistiques et algos ML
• Qualités : Esprit analytique, curiosité, rigueur scientifique, communication"
"Data Architect | Data Science | Python, Deep Learning, Computer Vision, NLP","Exploitez la puissance des données pour créer de la valeur et générer des insights actionnables.

🎯 Missions principales :
• Analyser et explorer de grandes quantités de données
• Développer des modèles de classification
• Créer des visualisations et dashboards interactifs
• Collaborer avec les équipes métiers pour identifier les use cases
• Mettre en production les modèles développés
• Documenter les analyses et communiquer les résultats
• Assurer la qualité et la fiabilité des données

💻 Stack Data Science :
Langages : Python, Deep Learning, Computer Vision, NLP
Outils : Jupyter, Git, Docker
Cloud : AWS
Visualisation : Tableau, Power BI, Matplotlib

👤 Profil recherché :
• Formation : Bac+2 en mathématiques, statistiques ou data science
• Expérience : 7+ ans
• Compétences : Maîtrise de Python, Deep Learning
• Excellente compréhension des statistiques et algos ML
• Qualités : Esprit analytique, curiosité, rigueur scientifique, communication"
"Data Architect | Data Science | Python, Prophet, ARIMA, LSTM","Exploitez la puissance des données pour créer de la valeur et générer des insights actionnables.

🎯 Missions principales :
• Analyser et explorer de grandes quantités de données
• Développer des modèles prédictifs
• Créer des visualisations et dashboards interactifs
• Collaborer avec les équipes métiers pour identifier les use cases
• Mettre en production les modèles développés
• Documenter les analyses et communiquer les résultats
• Assurer la qualité et la fiabilité des données

💻 Stack Data Science :
Langages : Python, Prophet, ARIMA, LSTM
Outils : Jupyter, Git, Docker
Cloud : AWS
Visualisation : Tableau, Power BI, Matplotlib

👤 Profil recherché :
• Formation : DUT en mathématiques, statistiques ou data science
• Expérience : Expert (7+ ans)
• Compétences : Maîtrise de Python, Prophet
• Excellente compréhension des statistiques et algos ML
• Qualités : Esprit analytique, curiosité, rigueur scientifique, communication"
"Machine Learning Engineer | Data Science | Python, XGBoost, LightGBM, CatBoost","Exploitez la puissance des données pour créer de la valeur et générer des insights actionnables.

🎯 Missions principales :
• Analyser et explorer de grandes quantités de données
• Développer des modèles prédictifs
• Créer des visualisations et dashboards interactifs
• Collaborer avec les équipes métiers pour identifier les use cases
• Mettre en production les modèles développés
• Documenter les analyses et communiquer les résultats
• Assurer la qualité et la fiabilité des données

💻 Stack Data Science :
Langages : Python, XGBoost, LightGBM, CatBoost
Outils : Jupyter, Git, Docker
Cloud : Azure
Visualisation : Tableau, Power BI, Matplotlib

👤 Profil recherché :
• Formation : Bac+4 en mathématiques, statistiques ou data science
• Expérience : Senior (5+ ans)
• Compétences : Maîtrise de Python, XGBoost
• Excellente compréhension des statistiques et algos ML
• Qualités : Esprit analytique, curiosité, rigueur scientifique, communication"
"Data Scientist | Data Science | Python, SpaCy, Hugging Face, Transformers","Exploitez la puissance des données pour créer de la valeur et générer des insights actionnables.

🎯 Missions principales :
• Analyser et explorer de grandes quantités de données
• Développer des modèles de recommandation
• Créer des visualisations et dashboards interactifs
• Collaborer avec les équipes métiers pour identifier les use cases
• Mettre en production les modèles développés
• Documenter les analyses et communiquer les résultats
• Assurer la qualité et la fiabilité des données

💻 Stack Data Science :
Langages : Python, SpaCy, Hugging Face, Transformers
Outils : Jupyter, Git, Docker
Cloud : Azure
Visualisation : Tableau, Power BI, Matplotlib

👤 Profil recherché :
• Formation : Licence en mathématiques, statistiques ou data science
• Expérience : 10+ ans
• Compétences : Maîtrise de Python, SpaCy
• Excellente compréhension des statistiques et algos ML
• Qualités : Esprit analytique, curiosité, rigueur scientifique, communication"
"Data Architect | Data Science | Python, MLflow, Kubeflow, Docker","Exploitez la puissance des données pour créer de la valeur et générer des insights actionnables.

🎯 Missions principales :
• Analyser et explorer de grandes quantités de données
• Développer des modèles de détection d'anomalies
• Créer des visualisations et dashboards interactifs
• Collaborer avec les équipes métiers pour identifier les use cases
• Mettre en production les modèles développés
• Documenter les analyses et communiquer les résultats
• Assurer la qualité et la fiabilité des données

💻 Stack Data Science :
Langages : Python, MLflow, Kubeflow, Docker
Outils : Jupyter, Git, Docker
Cloud : Azure
Visualisation : Tableau, Power BI, Matplotlib

👤 Profil recherché :
• Formation : Doctorat en mathématiques, statistiques ou data science
• Expérience : Junior (0-2 ans)
• Compétences : Maîtrise de Python, MLflow
• Excellente compréhension des statistiques et algos ML
• Qualités : Esprit analytique, curiosité, rigueur scientifique, communication"
"Research Scientist | Data Science | Python, Statistics, Jupyter, Git","Exploitez la puissance des données pour créer de la valeur et générer des insights actionnables.

🎯 Missions principales :
• Analyser et explorer de grandes quantités de données
• Développer des modèles de recommandation
• Créer des visualisations et dashboards interactifs
• Collaborer avec les équipes métiers pour identifier les use cases
• Mettre en production les modèles développés
• Documenter les analyses et communiquer les résultats
• Assurer la qualité et la fiabilité des données

💻 Stack Data Science :
Langages : Python, Statistics, Jupyter, Git
Outils : Jupyter, Git, Docker
Cloud : Azure
Visualisation : Tableau, Power BI, Matplotlib

👤 Profil recherché :
• Formation : BTS en mathématiques, statistiques ou data science
• Expérience : Junior (0-2 ans)
• Compétences : Maîtrise de Python, Statistics
• Excellente compréhension des statistiques et algos ML
• Qualités : Esprit analytique, curiosité, rigueur scientifique, communication"
"Research Scientist | Data Science | Python, XGBoost, LightGBM, CatBoost","Exploitez la puissance des données pour créer de la valeur et générer des insights actionnables.

🎯 Missions principales :
• Analyser et explorer de grandes quantités de données
• Développer des modèles prédictifs
• Créer des visualisations et dashboards interactifs
• Collaborer avec les équipes métiers pour identifier les use cases
• Mettre en production les modèles développés
• Documenter les analyses et communiquer les résultats
• Assurer la qualité et la fiabilité des données

💻 Stack Data Science :
Langages : Python, XGBoost, LightGBM, CatBoost
Outils : Jupyter, Git, Docker
Cloud : Azure
Visualisation : Tableau, Power BI, Matplotlib

👤 Profil recherché :
• Formation : Bac+2 en mathématiques, statistiques ou data science
• Expérience : 2-3 ans
• Compétences : Maîtrise de Python, XGBoost
• Excellente compréhension des statistiques et algos ML
• Qualités : Esprit analytique, curiosité, rigueur scientifique, communication"
"Machine Learning Engineer | Data Science | Python, TensorFlow, PyTorch, Pandas","Exploitez la puissance des données pour créer de la valeur et générer des insights actionnables.

🎯 Missions principales :
• Analyser et explorer de grandes quantités de données
• Développer des modèles prédictifs
• Créer des visualisations et dashboards interactifs
• Collaborer avec les équipes métiers pour identifier les use cases
• Mettre en production les modèles développés
• Documenter les analyses et communiquer les résultats
• Assurer la qualité et la fiabilité des données

💻 Stack Data Science :
Langages : Python, TensorFlow, PyTorch, Pandas
Outils : Jupyter, Git, Docker
Cloud : GCP
Visualisation : Tableau, Power BI, Matplotlib

👤 Profil recherché :
• Formation : Bac+2 en mathématiques, statistiques ou data science
• Expérience : Senior (5+ ans)
• Compétences : Maîtrise de Python, TensorFlow
• Excellente compréhension des statistiques et algos ML
• Qualités : Esprit analytique, curiosité, rigueur scientifique, communication"
"Research Scientist | Data Science | Python, Prophet, ARIMA, LSTM","Exploitez la puissance des données pour créer de la valeur et générer des insights actionnables.

🎯 Missions principales :
• Analyser et explorer de grandes quantités de données
• Développer des modèles prédictifs
• Créer des visualisations et dashboards interactifs
• Collaborer avec les équipes métiers pour identifier les use cases
• Mettre en production les modèles développés
• Documenter les analyses et communiquer les résultats
• Assurer la qualité et la fiabilité des données

💻 Stack Data Science :
Langages : Python, Prophet, ARIMA, LSTM
Outils : Jupyter, Git, Docker
Cloud : Azure
Visualisation : Tableau, Power BI, Matplotlib

👤 Profil recherché :
• Formation : Licence en mathématiques, statistiques ou data science
• Expérience : Junior (0-2 ans)
• Compétences : Maîtrise de Python, Prophet
• Excellente compréhension des statistiques et algos ML
• Qualités : Esprit analytique, curiosité, rigueur scientifique, communication"
"Data Analyst | Data Science | Scala, Spark, Hadoop, Hive","Exploitez la puissance des données pour créer de la valeur et générer des insights actionnables.

🎯 Missions principales :
• Analyser et explorer de grandes quantités de données
• Développer des modèles prédictifs
• Créer des visualisations et dashboards interactifs
• Collaborer avec les équipes métiers pour identifier les use cases
• Mettre en production les modèles développés
• Documenter les analyses et communiquer les résultats
• Assurer la qualité et la fiabilité des données

💻 Stack Data Science :
Langages : Scala, Spark, Hadoop, Hive
Outils : Jupyter, Git, Docker
Cloud : Azure
Visualisation : Tableau, Power BI, Matplotlib

👤 Profil recherché :
• Formation : Bac+3 en mathématiques, statistiques ou data science
• Expérience : Expert (7+ ans)
• Compétences : Maîtrise de Scala, Spark
• Excellente compréhension des statistiques et algos ML
• Qualités : Esprit analytique, curiosité, rigueur scientifique, communication"
"Data Analyst | Data Science | Python, Ray, Horovod, DeepSpeed","Exploitez la puissance des données pour créer de la valeur et générer des insights actionnables.

🎯 Missions principales :
• Analyser et explorer de grandes quantités de données
• Développer des modèles de NLP
• Créer des visualisations et dashboards interactifs
• Collaborer avec les équipes métiers pour identifier les use cases
• Mettre en production les modèles développés
• Documenter les analyses et communiquer les résultats
• Assurer la qualité et la fiabilité des données

💻 Stack Data Science :
Langages : Python, Ray, Horovod, DeepSpeed
Outils : Jupyter, Git, Docker
Cloud : Azure
Visualisation : Tableau, Power BI, Matplotlib

👤 Profil recherché :
• Formation : Bac+5 en mathématiques, statistiques ou data science
• Expérience : Expert (7+ ans)
• Compétences : Maîtrise de Python, Ray
• Excellente compréhension des statistiques et algos ML
• Qualités : Esprit analytique, curiosité, rigueur scientifique, communication"
"Data Engineer | Data Science | Python, Spark, Kafka, Airflow","Exploitez la puissance des données pour créer de la valeur et générer des insights actionnables.

🎯 Missions principales :
• Analyser et explorer de grandes quantités de données
• Développer des modèles de recommandation
• Créer des visualisations et dashboards interactifs
• Collaborer avec les équipes métiers pour identifier les use cases
• Mettre en production les modèles développés
• Documenter les analyses et communiquer les résultats
• Assurer la qualité et la fiabilité des données

💻 Stack Data Science :
Langages : Python, Spark, Kafka, Airflow
Outils : Jupyter, Git, Docker
Cloud : GCP
Visualisation : Tableau, Power BI, Matplotlib

👤 Profil recherché :
• Formation : Bac+5 en mathématiques, statistiques ou data science
• Expérience : Senior (5+ ans)
• Compétences : Maîtrise de Python, Spark
• Excellente compréhension des statistiques et algos ML
• Qualités : Esprit analytique, curiosité, rigueur scientifique, communication"
"Data Scientist | Data Science | R, ggplot2, dplyr, Shiny","Exploitez la puissance des données pour créer de la valeur et générer des insights actionnables.

🎯 Missions principales :
• Analyser et explorer de grandes quantités de données
• Développer des modèles de détection d'anomalies
• Créer des visualisations et dashboards interactifs
• Collaborer avec les équipes métiers pour identifier les use cases
• Mettre en production les modèles développés
• Documenter les analyses et communiquer les résultats
• Assurer la qualité et la fiabilité des données

💻 Stack Data Science :
Langages : R, ggplot2, dplyr, Shiny
Outils : Jupyter, Git, Docker
Cloud : GCP
Visualisation : Tableau, Power BI, Matplotlib

👤 Profil recherché :
• Formation : Bac+3 en mathématiques, statistiques ou data science
• Expérience : 1-2 ans
• Compétences : Maîtrise de R, ggplot2
• Excellente compréhension des statistiques et algos ML
• Qualités : Esprit analytique, curiosité, rigueur scientifique, communication"
"Business Intelligence Analyst | Data Science | Julia, Flux, DataFrames, Plots","Exploitez la puissance des données pour créer de la valeur et générer des insights actionnables.

🎯 Missions principales :
• Analyser et explorer de grandes quantités de données
• Développer des modèles de recommandation
• Créer des visualisations et dashboards interactifs
• Collaborer avec les équipes métiers pour identifier les use cases
• Mettre en production les modèles développés
• Documenter les analyses et communiquer les résultats
• Assurer la qualité et la fiabilité des données

💻 Stack Data Science :
Langages : Julia, Flux, DataFrames, Plots
Outils : Jupyter, Git, Docker
Cloud : AWS
Visualisation : Tableau, Power BI, Matplotlib

👤 Profil recherché :
• Formation : Doctorat en mathématiques, statistiques ou data science
• Expérience : Confirmé (3-5 ans)
• Compétences : Maîtrise de Julia, Flux
• Excellente compréhension des statistiques et algos ML
• Qualités : Esprit analytique, curiosité, rigueur scientifique, communication"
"Analytics Manager | Data Science | Python, Optuna, Hyperopt, Ray Tune","Exploitez la puissance des données pour créer de la valeur et générer des insights actionnables.

🎯 Missions principales :
• Analyser et explorer de grandes quantités de données
• Développer des modèles de NLP
• Créer des visualisations et dashboards interactifs
• Collaborer avec les équipes métiers pour identifier les use cases
• Mettre en production les modèles développés
• Documenter les analyses et communiquer les résultats
• Assurer la qualité et la fiabilité des données

💻 Stack Data Science :
Langages : Python, Optuna, Hyperopt, Ray Tune
Outils : Jupyter, Git, Docker
Cloud : AWS
Visualisation : Tableau, Power BI, Matplotlib

👤 Profil recherché :
• Formation : Doctorat en mathématiques, statistiques ou data science
• Expérience : Expert (7+ ans)
• Compétences : Maîtrise de Python, Optuna
• Excellente compréhension des statistiques et algos ML
• Qualités : Esprit analytique, curiosité, rigueur scientifique, communication"
"Data Scientist | Data Science | Python, Prophet, ARIMA, LSTM","Exploitez la puissance des données pour créer de la valeur et générer des insights actionnables.

🎯 Missions principales :
• Analyser et explorer de grandes quantités de données
• Développer des modèles de classification
• Créer des visualisations et dashboards interactifs
• Collaborer avec les équipes métiers pour identifier les use cases
• Mettre en production les modèles développés
• Documenter les analyses et communiquer les résultats
• Assurer la qualité et la fiabilité des données

💻 Stack Data Science :
Langages : Python, Prophet, ARIMA, LSTM
Outils : Jupyter, Git, Docker
Cloud : AWS
Visualisation : Tableau, Power BI, Matplotlib

👤 Profil recherché :
• Formation : Doctorat en mathématiques, statistiques ou data science
• Expérience : 1-2 ans
• Compétences : Maîtrise de Python, Prophet
• Excellente compréhension des statistiques et algos ML
• Qualités : Esprit analytique, curiosité, rigueur scientifique, communication"
"Machine Learning Engineer | Data Science | Python, MLflow, Kubeflow, Docker","Exploitez la puissance des données pour créer de la valeur et générer des insights actionnables.

🎯 Missions principales :
• Analyser et explorer de grandes quantités de données
• Développer des modèles de détection d'anomalies
• Créer des visualisations et dashboards interactifs
• Collaborer avec les équipes métiers pour identifier les use cases
• Mettre en production les modèles développés
• Documenter les analyses et communiquer les résultats
• Assurer la qualité et la fiabilité des données

💻 Stack Data Science :
Langages : Python, MLflow, Kubeflow, Docker
Outils : Jupyter, Git, Docker
Cloud : AWS
Visualisation : Tableau, Power BI, Matplotlib

👤 Profil recherché :
• Formation : BTS en mathématiques, statistiques ou data science
• Expérience : 2-3 ans
• Compétences : Maîtrise de Python, MLflow
• Excellente compréhension des statistiques et algos ML
• Qualités : Esprit analytique, curiosité, rigueur scientifique, communication"
"Research Scientist | Data Science | Python, SpaCy, Hugging Face, Transformers","Exploitez la puissance des données pour créer de la valeur et générer des insights actionnables.

🎯 Missions principales :
• Analyser et explorer de grandes quantités de données
• Développer des modèles de NLP
• Créer des visualisations et dashboards interactifs
• Collaborer avec les équipes métiers pour identifier les use cases
• Mettre en production les modèles développés
• Documenter les analyses et communiquer les résultats
• Assurer la qualité et la fiabilité des données

💻 Stack Data Science :
Langages : Python, SpaCy, Hugging Face, Transformers
Outils : Jupyter, Git, Docker
Cloud : Azure
Visualisation : Tableau, Power BI, Matplotlib

👤 Profil recherché :
• Formation : Bac+2 en mathématiques, statistiques ou data science
• Expérience : 5+ ans
• Compétences : Maîtrise de Python, SpaCy
• Excellente compréhension des statistiques et algos ML
• Qualités : Esprit analytique, curiosité, rigueur scientifique, communication"
"AI Engineer | Data Science | Python, TensorFlow, PyTorch, Pandas","Exploitez la puissance des données pour créer de la valeur et générer des insights actionnables.

🎯 Missions principales :
• Analyser et explorer de grandes quantités de données
• Développer des modèles de recommandation
• Créer des visualisations et dashboards interactifs
• Collaborer avec les équipes métiers pour identifier les use cases
• Mettre en production les modèles développés
• Documenter les analyses et communiquer les résultats
• Assurer la qualité et la fiabilité des données

💻 Stack Data Science :
Langages : Python, TensorFlow, PyTorch, Pandas
Outils : Jupyter, Git, Docker
Cloud : AWS
Visualisation : Tableau, Power BI, Matplotlib

👤 Profil recherché :
• Formation : Licence en mathématiques, statistiques ou data science
• Expérience : 2-3 ans
• Compétences : Maîtrise de Python, TensorFlow
• Excellente compréhension des statistiques et algos ML
• Qualités : Esprit analytique, curiosité, rigueur scientifique, communication"
"AI Engineer | Data Science | Julia, Flux, DataFrames, Plots","Exploitez la puissance des données pour créer de la valeur et générer des insights actionnables.

🎯 Missions principales :
• Analyser et explorer de grandes quantités de données
• Développer des modèles de classification
• Créer des visualisations et dashboards interactifs
• Collaborer avec les équipes métiers pour identifier les use cases
• Mettre en production les modèles développés
• Documenter les analyses et communiquer les résultats
• Assurer la qualité et la fiabilité des données

💻 Stack Data Science :
Langages : Julia, Flux, DataFrames, Plots
Outils : Jupyter, Git, Docker
Cloud : GCP
Visualisation : Tableau, Power BI, Matplotlib

👤 Profil recherché :
• Formation : Doctorat en mathématiques, statistiques ou data science
• Expérience : 1-2 ans
• Compétences : Maîtrise de Julia, Flux
• Excellente compréhension des statistiques et algos ML
• Qualités : Esprit analytique, curiosité, rigueur scientifique, communication"
"MLOps Engineer | Data Science | Python, TensorFlow, PyTorch, Pandas","Exploitez la puissance des données pour créer de la valeur et générer des insights actionnables.

🎯 Missions principales :
• Analyser et explorer de grandes quantités de données
• Développer des modèles de NLP
• Créer des visualisations et dashboards interactifs
• Collaborer avec les équipes métiers pour identifier les use cases
• Mettre en production les modèles développés
• Documenter les analyses et communiquer les résultats
• Assurer la qualité et la fiabilité des données

💻 Stack Data Science :
Langages : Python, TensorFlow, PyTorch, Pandas
Outils : Jupyter, Git, Docker
Cloud : GCP
Visualisation : Tableau, Power BI, Matplotlib

👤 Profil recherché :
• Formation : Master 2 en mathématiques, statistiques ou data science
• Expérience : 1-2 ans
• Compétences : Maîtrise de Python, TensorFlow
• Excellente compréhension des statistiques et algos ML
• Qualités : Esprit analytique, curiosité, rigueur scientifique, communication"
"Data Architect | Data Science | Python, MLflow, Kubeflow, Docker","Exploitez la puissance des données pour créer de la valeur et générer des insights actionnables.

🎯 Missions principales :
• Analyser et explorer de grandes quantités de données
• Développer des modèles prédictifs
• Créer des visualisations et dashboards interactifs
• Collaborer avec les équipes métiers pour identifier les use cases
• Mettre en production les modèles développés
• Documenter les analyses et communiquer les résultats
• Assurer la qualité et la fiabilité des données

💻 Stack Data Science :
Langages : Python, MLflow, Kubeflow, Docker
Outils : Jupyter, Git, Docker
Cloud : GCP
Visualisation : Tableau, Power BI, Matplotlib

👤 Profil recherché :
• Formation : Bac+5 en mathématiques, statistiques ou data science
• Expérience : Junior (0-2 ans)
• Compétences : Maîtrise de Python, MLflow
• Excellente compréhension des statistiques et algos ML
• Qualités : Esprit analytique, curiosité, rigueur scientifique, communication"
"MLOps Engineer | Data Science | Python, Plotly, Seaborn, Bokeh","Exploitez la puissance des données pour créer de la valeur et générer des insights actionnables.

🎯 Missions principales :
• Analyser et explorer de grandes quantités de données
• Développer des modèles de recommandation
• Créer des visualisations et dashboards interactifs
• Collaborer avec les équipes métiers pour identifier les use cases
• Mettre en production les modèles développés
• Documenter les analyses et communiquer les résultats
• Assurer la qualité et la fiabilité des données

💻 Stack Data Science :
Langages : Python, Plotly, Seaborn, Bokeh
Outils : Jupyter, Git, Docker
Cloud : Azure
Visualisation : Tableau, Power BI, Matplotlib

👤 Profil recherché :
• Formation : BTS en mathématiques, statistiques ou data science
• Expérience : 10+ ans
• Compétences : Maîtrise de Python, Plotly
• Excellente compréhension des statistiques et algos ML
• Qualités : Esprit analytique, curiosité, rigueur scientifique, communication"
"MLOps Engineer | Data Science | Python, TensorFlow, PyTorch, Pandas","Exploitez la puissance des données pour créer de la valeur et générer des insights actionnables.

🎯 Missions principales :
• Analyser et explorer de grandes quantités de données
• Développer des modèles de classification
• Créer des visualisations et dashboards interactifs
• Collaborer avec les équipes métiers pour identifier les use cases
• Mettre en production les modèles développés
• Documenter les analyses et communiquer les résultats
• Assurer la qualité et la fiabilité des données

💻 Stack Data Science :
Langages : Python, TensorFlow, PyTorch, Pandas
Outils : Jupyter, Git, Docker
Cloud : AWS
Visualisation : Tableau, Power BI, Matplotlib

👤 Profil recherché :
• Formation : Master 2 en mathématiques, statistiques ou data science
• Expérience : Senior (5+ ans)
• Compétences : Maîtrise de Python, TensorFlow
• Excellente compréhension des statistiques et algos ML
• Qualités : Esprit analytique, curiosité, rigueur scientifique, communication"
"Data Architect | Data Science | R, ggplot2, dplyr, Shiny","Exploitez la puissance des données pour créer de la valeur et générer des insights actionnables.

🎯 Missions principales :
• Analyser et explorer de grandes quantités de données
• Développer des modèles de détection d'anomalies
• Créer des visualisations et dashboards interactifs
• Collaborer avec les équipes métiers pour identifier les use cases
• Mettre en production les modèles développés
• Documenter les analyses et communiquer les résultats
• Assurer la qualité et la fiabilité des données

💻 Stack Data Science :
Langages : R, ggplot2, dplyr, Shiny
Outils : Jupyter, Git, Docker
Cloud : AWS
Visualisation : Tableau, Power BI, Matplotlib

👤 Profil recherché :
• Formation : Bac+2 en mathématiques, statistiques ou data science
• Expérience : 7+ ans
• Compétences : Maîtrise de R, ggplot2
• Excellente compréhension des statistiques et algos ML
• Qualités : Esprit analytique, curiosité, rigueur scientifique, communication"
"Motion Designer | Design | Illustrator, CorelDRAW, Affinity Designer, Inkscape","Créez des expériences utilisateur exceptionnelles et des interfaces visuellement attractives.

🎯 Missions principales :
• Concevoir des interfaces web et mobile
• Conduire des recherches utilisateurs (interviews, tests, analytics)
• Créer des wireframes, maquettes et prototypes interactifs
• Maintenir et faire évoluer le design system
• Collaborer avec les développeurs pour l'implémentation
• Animer des ateliers de co-création
• Assurer la cohérence de l'expérience sur tous les supports

💻 Outils créatifs :
Design : Illustrator, CorelDRAW, Affinity Designer, Inkscape
Prototypage : Framer, ProtoPie
Collaboration : Miro, FigJam, Notion
Research : Optimal Workshop, Hotjar

👤 Profil recherché :
• Formation : BTS en design, UX/UI
• Expérience : Confirmé (3-5 ans)
• Portfolio obligatoire démontrant votre processus de design
• Maîtrise de Illustrator, CorelDRAW
• Qualités : Créativité, empathie, esprit d'analyse, sens du détail"
"UI Designer | Design | After Effects, Blender, DaVinci Resolve, Final Cut","Créez des expériences utilisateur exceptionnelles et des interfaces visuellement attractives.

🎯 Missions principales :
• Concevoir des interfaces e-commerce
• Conduire des recherches utilisateurs (interviews, tests, analytics)
• Créer des wireframes, maquettes et prototypes interactifs
• Maintenir et faire évoluer le design system
• Collaborer avec les développeurs pour l'implémentation
• Animer des ateliers de co-création
• Assurer la cohérence de l'expérience sur tous les supports

💻 Outils créatifs :
Design : After Effects, Blender, DaVinci Resolve, Final Cut
Prototypage : Figma, Principle
Collaboration : Miro, FigJam, Notion
Research : Optimal Workshop, Hotjar

👤 Profil recherché :
• Formation : Bac+5 en design, UX/UI
• Expérience : Senior (5+ ans)
• Portfolio obligatoire démontrant votre processus de design
• Maîtrise de After Effects, Blender
• Qualités : Créativité, empathie, esprit d'analyse, sens du détail"
"Graphiste | Design | Sketch, Lunacy, Gravit Designer, Vectr","Créez des expériences utilisateur exceptionnelles et des interfaces visuellement attractives.

🎯 Missions principales :
• Concevoir des interfaces SaaS
• Conduire des recherches utilisateurs (interviews, tests, analytics)
• Créer des wireframes, maquettes et prototypes interactifs
• Maintenir et faire évoluer le design system
• Collaborer avec les développeurs pour l'implémentation
• Animer des ateliers de co-création
• Assurer la cohérence de l'expérience sur tous les supports

💻 Outils créatifs :
Design : Sketch, Lunacy, Gravit Designer, Vectr
Prototypage : Framer, ProtoPie
Collaboration : Miro, FigJam, Notion
Research : Optimal Workshop, Hotjar

👤 Profil recherché :
• Formation : Bac+2 en design, UX/UI
• Expérience : 5+ ans
• Portfolio obligatoire démontrant votre processus de design
• Maîtrise de Sketch, Lunacy
• Qualités : Créativité, empathie, esprit d'analyse, sens du détail"
"UX Designer | Design | Figma, Principle, Framer, Design Thinking","Créez des expériences utilisateur exceptionnelles et des interfaces visuellement attractives.

🎯 Missions principales :
• Concevoir des interfaces applications mobiles
• Conduire des recherches utilisateurs (interviews, tests, analytics)
• Créer des wireframes, maquettes et prototypes interactifs
• Maintenir et faire évoluer le design system
• Collaborer avec les développeurs pour l'implémentation
• Animer des ateliers de co-création
• Assurer la cohérence de l'expérience sur tous les supports

💻 Outils créatifs :
Design : Figma, Principle, Framer, Design Thinking
Prototypage : Adobe XD, InVision
Collaboration : Miro, FigJam, Notion
Research : Optimal Workshop, Hotjar

👤 Profil recherché :
• Formation : Bac+2 en design, UX/UI
• Expérience : Confirmé (3-5 ans)
• Portfolio obligatoire démontrant votre processus de design
• Maîtrise de Figma, Principle
• Qualités : Créativité, empathie, esprit d'analyse, sens du détail"
"Brand Designer | Design | After Effects, Blender, DaVinci Resolve, Final Cut","Créez des expériences utilisateur exceptionnelles et des interfaces visuellement attractives.

🎯 Missions principales :
• Concevoir des interfaces SaaS
• Conduire des recherches utilisateurs (interviews, tests, analytics)
• Créer des wireframes, maquettes et prototypes interactifs
• Maintenir et faire évoluer le design system
• Collaborer avec les développeurs pour l'implémentation
• Animer des ateliers de co-création
• Assurer la cohérence de l'expérience sur tous les supports

💻 Outils créatifs :
Design : After Effects, Blender, DaVinci Resolve, Final Cut
Prototypage : Adobe XD, InVision
Collaboration : Miro, FigJam, Notion
Research : Optimal Workshop, Hotjar

👤 Profil recherché :
• Formation : Bac+2 en design, UX/UI
• Expérience : 2-3 ans
• Portfolio obligatoire démontrant votre processus de design
• Maîtrise de After Effects, Blender
• Qualités : Créativité, empathie, esprit d'analyse, sens du détail"
"Graphiste | Design | After Effects, Blender, DaVinci Resolve, Final Cut","Créez des expériences utilisateur exceptionnelles et des interfaces visuellement attractives.

🎯 Missions principales :
• Concevoir des interfaces SaaS
• Conduire des recherches utilisateurs (interviews, tests, analytics)
• Créer des wireframes, maquettes et prototypes interactifs
• Maintenir et faire évoluer le design system
• Collaborer avec les développeurs pour l'implémentation
• Animer des ateliers de co-création
• Assurer la cohérence de l'expérience sur tous les supports

💻 Outils créatifs :
Design : After Effects, Blender, DaVinci Resolve, Final Cut
Prototypage : Figma, Principle
Collaboration : Miro, FigJam, Notion
Research : Optimal Workshop, Hotjar

👤 Profil recherché :
• Formation : Licence en design, UX/UI
• Expérience : 1-2 ans
• Portfolio obligatoire démontrant votre processus de design
• Maîtrise de After Effects, Blender
• Qualités : Créativité, empathie, esprit d'analyse, sens du détail"
"Designer d'Interaction | Design | Sketch, Craft, Anima, Avocode","Créez des expériences utilisateur exceptionnelles et des interfaces visuellement attractives.

🎯 Missions principales :
• Concevoir des interfaces SaaS
• Conduire des recherches utilisateurs (interviews, tests, analytics)
• Créer des wireframes, maquettes et prototypes interactifs
• Maintenir et faire évoluer le design system
• Collaborer avec les développeurs pour l'implémentation
• Animer des ateliers de co-création
• Assurer la cohérence de l'expérience sur tous les supports

💻 Outils créatifs :
Design : Sketch, Craft, Anima, Avocode
Prototypage : Figma, Principle
Collaboration : Miro, FigJam, Notion
Research : Optimal Workshop, Hotjar

👤 Profil recherché :
• Formation : DUT en design, UX/UI
• Expérience : 3-5 ans
• Portfolio obligatoire démontrant votre processus de design
• Maîtrise de Sketch, Craft
• Qualités : Créativité, empathie, esprit d'analyse, sens du détail"
"Motion Designer | Design | Figma, Adobe XD, Sketch, Prototyping","Créez des expériences utilisateur exceptionnelles et des interfaces visuellement attractives.

🎯 Missions principales :
• Concevoir des interfaces e-commerce
• Conduire des recherches utilisateurs (interviews, tests, analytics)
• Créer des wireframes, maquettes et prototypes interactifs
• Maintenir et faire évoluer le design system
• Collaborer avec les développeurs pour l'implémentation
• Animer des ateliers de co-création
• Assurer la cohérence de l'expérience sur tous les supports

💻 Outils créatifs :
Design : Figma, Adobe XD, Sketch, Prototyping
Prototypage : Figma, Principle
Collaboration : Miro, FigJam, Notion
Research : Optimal Workshop, Hotjar

👤 Profil recherché :
• Formation : Licence en design, UX/UI
• Expérience : Junior (0-2 ans)
• Portfolio obligatoire démontrant votre processus de design
• Maîtrise de Figma, Adobe XD
• Qualités : Créativité, empathie, esprit d'analyse, sens du détail"
"Design System Manager | Design | Illustrator, Photoshop, InDesign, Procreate","Créez des expériences utilisateur exceptionnelles et des interfaces visuellement attractives.

🎯 Missions principales :
• Concevoir des interfaces web et mobile
• Conduire des recherches utilisateurs (interviews, tests, analytics)
• Créer des wireframes, maquettes et prototypes interactifs
• Maintenir et faire évoluer le design system
• Collaborer avec les développeurs pour l'implémentation
• Animer des ateliers de co-création
• Assurer la cohérence de l'expérience sur tous les supports

💻 Outils créatifs :
Design : Illustrator, Photoshop, InDesign, Procreate
Prototypage : Figma, Principle
Collaboration : Miro, FigJam, Notion
Research : Optimal Workshop, Hotjar

👤 Profil recherché :
• Formation : Licence en design, UX/UI
• Expérience : Senior (5+ ans)
• Portfolio obligatoire démontrant votre processus de design
• Maîtrise de Illustrator, Photoshop
• Qualités : Créativité, empathie, esprit d'analyse, sens du détail"
"Design System Manager | Design | Illustrator, CorelDRAW, Affinity Designer, Inkscape","Créez des expériences utilisateur exceptionnelles et des interfaces visuellement attractives.

🎯 Missions principales :
• Concevoir des interfaces dashboard
• Conduire des recherches utilisateurs (interviews, tests, analytics)
• Créer des wireframes, maquettes et prototypes interactifs
• Maintenir et faire évoluer le design system
• Collaborer avec les développeurs pour l'implémentation
• Animer des ateliers de co-création
• Assurer la cohérence de l'expérience sur tous les supports

💻 Outils créatifs :
Design : Illustrator, CorelDRAW, Affinity Designer, Inkscape
Prototypage : Adobe XD, InVision
Collaboration : Miro, FigJam, Notion
Research : Optimal Workshop, Hotjar

👤 Profil recherché :
• Formation : Doctorat en design, UX/UI
• Expérience : 2-3 ans
• Portfolio obligatoire démontrant votre processus de design
• Maîtrise de Illustrator, CorelDRAW
• Qualités : Créativité, empathie, esprit d'analyse, sens du détail"
"Designer d'Interaction | Design | Illustrator, CorelDRAW, Affinity Designer, Inkscape","Créez des expériences utilisateur exceptionnelles et des interfaces visuellement attractives.

🎯 Missions principales :
• Concevoir des interfaces SaaS
• Conduire des recherches utilisateurs (interviews, tests, analytics)
• Créer des wireframes, maquettes et prototypes interactifs
• Maintenir et faire évoluer le design system
• Collaborer avec les développeurs pour l'implémentation
• Animer des ateliers de co-création
• Assurer la cohérence de l'expérience sur tous les supports

💻 Outils créatifs :
Design : Illustrator, CorelDRAW, Affinity Designer, Inkscape
Prototypage : Framer, ProtoPie
Collaboration : Miro, FigJam, Notion
Research : Optimal Workshop, Hotjar

👤 Profil recherché :
• Formation : Licence en design, UX/UI
• Expérience : 2-3 ans
• Portfolio obligatoire démontrant votre processus de design
• Maîtrise de Illustrator, CorelDRAW
• Qualités : Créativité, empathie, esprit d'analyse, sens du détail"
"UX Designer | Design | Figma, Principle, Framer, Design Thinking","Créez des expériences utilisateur exceptionnelles et des interfaces visuellement attractives.

🎯 Missions principales :
• Concevoir des interfaces e-commerce
• Conduire des recherches utilisateurs (interviews, tests, analytics)
• Créer des wireframes, maquettes et prototypes interactifs
• Maintenir et faire évoluer le design system
• Collaborer avec les développeurs pour l'implémentation
• Animer des ateliers de co-création
• Assurer la cohérence de l'expérience sur tous les supports

💻 Outils créatifs :
Design : Figma, Principle, Framer, Design Thinking
Prototypage : Figma, Principle
Collaboration : Miro, FigJam, Notion
Research : Optimal Workshop, Hotjar

👤 Profil recherché :
• Formation : Bac+2 en design, UX/UI
• Expérience : 7+ ans
• Portfolio obligatoire démontrant votre processus de design
• Maîtrise de Figma, Principle
• Qualités : Créativité, empathie, esprit d'analyse, sens du détail"
"Designer UX/UI | Design | Illustrator, Photoshop, InDesign, Procreate","Créez des expériences utilisateur exceptionnelles et des interfaces visuellement attractives.

🎯 Missions principales :
• Concevoir des interfaces e-commerce
• Conduire des recherches utilisateurs (interviews, tests, analytics)
• Créer des wireframes, maquettes et prototypes interactifs
• Maintenir et faire évoluer le design system
• Collaborer avec les développeurs pour l'implémentation
• Animer des ateliers de co-création
• Assurer la cohérence de l'expérience sur tous les supports

💻 Outils créatifs :
Design : Illustrator, Photoshop, InDesign, Procreate
Prototypage : Figma, Principle
Collaboration : Miro, FigJam, Notion
Research : Optimal Workshop, Hotjar

👤 Profil recherché :
• Formation : BTS en design, UX/UI
• Expérience : 3-5 ans
• Portfolio obligatoire démontrant votre processus de design
• Maîtrise de Illustrator, Photoshop
• Qualités : Créativité, empathie, esprit d'analyse, sens du détail"
"Creative Director | Design | Sketch, Craft, Anima, Avocode","Créez des expériences utilisateur exceptionnelles et des interfaces visuellement attractives.

🎯 Missions principales :
• Concevoir des interfaces dashboard
• Conduire des recherches utilisateurs (interviews, tests, analytics)
• Créer des wireframes, maquettes et prototypes interactifs
• Maintenir et faire évoluer le design system
• Collaborer avec les développeurs pour l'implémentation
• Animer des ateliers de co-création
• Assurer la cohérence de l'expérience sur tous les supports

💻 Outils créatifs :
Design : Sketch, Craft, Anima, Avocode
Prototypage : Framer, ProtoPie
Collaboration : Miro, FigJam, Notion
Research : Optimal Workshop, Hotjar

👤 Profil recherché :
• Formation : Bac+3 en design, UX/UI
• Expérience : 2-3 ans
• Portfolio obligatoire démontrant votre processus de design
• Maîtrise de Sketch, Craft
• Qualités : Créativité, empathie, esprit d'analyse, sens du détail"
"Designer d'Interaction | Design | Sketch, Craft, Anima, Avocode","Créez des expériences utilisateur exceptionnelles et des interfaces visuellement attractives.

🎯 Missions principales :
• Concevoir des interfaces SaaS
• Conduire des recherches utilisateurs (interviews, tests, analytics)
• Créer des wireframes, maquettes et prototypes interactifs
• Maintenir et faire évoluer le design system
• Collaborer avec les développeurs pour l'implémentation
• Animer des ateliers de co-création
• Assurer la cohérence de l'expérience sur tous les supports

💻 Outils créatifs :
Design : Sketch, Craft, Anima, Avocode
Prototypage : Adobe XD, InVision
Collaboration : Miro, FigJam, Notion
Research : Optimal Workshop, Hotjar

👤 Profil recherché :
• Formation : Bac+4 en design, UX/UI
• Expérience : 10+ ans
• Portfolio obligatoire démontrant votre processus de design
• Maîtrise de Sketch, Craft
• Qualités : Créativité, empathie, esprit d'analyse, sens du détail"
"Designer UX/UI | Design | Figma, Zeplin, Abstract, Maze","Créez des expériences utilisateur exceptionnelles et des interfaces visuellement attractives.

🎯 Missions principales :
• Concevoir des interfaces e-commerce
• Conduire des recherches utilisateurs (interviews, tests, analytics)
• Créer des wireframes, maquettes et prototypes interactifs
• Maintenir et faire évoluer le design system
• Collaborer avec les développeurs pour l'implémentation
• Animer des ateliers de co-création
• Assurer la cohérence de l'expérience sur tous les supports

💻 Outils créatifs :
Design : Figma, Zeplin, Abstract, Maze
Prototypage : Adobe XD, InVision
Collaboration : Miro, FigJam, Notion
Research : Optimal Workshop, Hotjar

👤 Profil recherché :
• Formation : Licence en design, UX/UI
• Expérience : Confirmé (3-5 ans)
• Portfolio obligatoire démontrant votre processus de design
• Maîtrise de Figma, Zeplin
• Qualités : Créativité, empathie, esprit d'analyse, sens du détail"
"Creative Director | Design | Figma, Illustrator, Photoshop, InVision","Créez des expériences utilisateur exceptionnelles et des interfaces visuellement attractives.

🎯 Missions principales :
• Concevoir des interfaces applications mobiles
• Conduire des recherches utilisateurs (interviews, tests, analytics)
• Créer des wireframes, maquettes et prototypes interactifs
• Maintenir et faire évoluer le design system
• Collaborer avec les développeurs pour l'implémentation
• Animer des ateliers de co-création
• Assurer la cohérence de l'expérience sur tous les supports

💻 Outils créatifs :
Design : Figma, Illustrator, Photoshop, InVision
Prototypage : Adobe XD, InVision
Collaboration : Miro, FigJam, Notion
Research : Optimal Workshop, Hotjar

👤 Profil recherché :
• Formation : Master 2 en design, UX/UI
• Expérience : 1-2 ans
• Portfolio obligatoire démontrant votre processus de design
• Maîtrise de Figma, Illustrator
• Qualités : Créativité, empathie, esprit d'analyse, sens du détail"
"Graphiste | Design | After Effects, Cinema 4D, Premiere Pro, Lottie","Créez des expériences utilisateur exceptionnelles et des interfaces visuellement attractives.

🎯 Missions principales :
• Concevoir des interfaces dashboard
• Conduire des recherches utilisateurs (interviews, tests, analytics)
• Créer des wireframes, maquettes et prototypes interactifs
• Maintenir et faire évoluer le design system
• Collaborer avec les développeurs pour l'implémentation
• Animer des ateliers de co-création
• Assurer la cohérence de l'expérience sur tous les supports

💻 Outils créatifs :
Design : After Effects, Cinema 4D, Premiere Pro, Lottie
Prototypage : Adobe XD, InVision
Collaboration : Miro, FigJam, Notion
Research : Optimal Workshop, Hotjar

👤 Profil recherché :
• Formation : Master 2 en design, UX/UI
• Expérience : 5+ ans
• Portfolio obligatoire démontrant votre processus de design
• Maîtrise de After Effects, Cinema 4D
• Qualités : Créativité, empathie, esprit d'analyse, sens du détail"
"Product Designer | Design | Adobe XD, InVision Studio, Marvel, Proto.io","Créez des expériences utilisateur exceptionnelles et des interfaces visuellement attractives.

🎯 Missions principales :
• Concevoir des interfaces e-commerce
• Conduire des recherches utilisateurs (interviews, tests, analytics)
• Créer des wireframes, maquettes et prototypes interactifs
• Maintenir et faire évoluer le design system
• Collaborer avec les développeurs pour l'implémentation
• Animer des ateliers de co-création
• Assurer la cohérence de l'expérience sur tous les supports

💻 Outils créatifs :
Design : Adobe XD, InVision Studio, Marvel, Proto.io
Prototypage : Framer, ProtoPie
Collaboration : Miro, FigJam, Notion
Research : Optimal Workshop, Hotjar

👤 Profil recherché :
• Formation : Bac+3 en design, UX/UI
• Expérience : 3-5 ans
• Portfolio obligatoire démontrant votre processus de design
• Maîtrise de Adobe XD, InVision Studio
• Qualités : Créativité, empathie, esprit d'analyse, sens du détail"
"Design System Manager | Design | Figma, Adobe XD, Sketch, Prototyping","Créez des expériences utilisateur exceptionnelles et des interfaces visuellement attractives.

🎯 Missions principales :
• Concevoir des interfaces applications mobiles
• Conduire des recherches utilisateurs (interviews, tests, analytics)
• Créer des wireframes, maquettes et prototypes interactifs
• Maintenir et faire évoluer le design system
• Collaborer avec les développeurs pour l'implémentation
• Animer des ateliers de co-création
• Assurer la cohérence de l'expérience sur tous les supports

💻 Outils créatifs :
Design : Figma, Adobe XD, Sketch, Prototyping
Prototypage : Framer, ProtoPie
Collaboration : Miro, FigJam, Notion
Research : Optimal Workshop, Hotjar

👤 Profil recherché :
• Formation : Bac+2 en design, UX/UI
• Expérience : Confirmé (3-5 ans)
• Portfolio obligatoire démontrant votre processus de design
• Maîtrise de Figma, Adobe XD
• Qualités : Créativité, empathie, esprit d'analyse, sens du détail"
"UI Designer | Design | Figma, Illustrator, Photoshop, InVision","Créez des expériences utilisateur exceptionnelles et des interfaces visuellement attractives.

🎯 Missions principales :
• Concevoir des interfaces SaaS
• Conduire des recherches utilisateurs (interviews, tests, analytics)
• Créer des wireframes, maquettes et prototypes interactifs
• Maintenir et faire évoluer le design system
• Collaborer avec les développeurs pour l'implémentation
• Animer des ateliers de co-création
• Assurer la cohérence de l'expérience sur tous les supports

💻 Outils créatifs :
Design : Figma, Illustrator, Photoshop, InVision
Prototypage : Adobe XD, InVision
Collaboration : Miro, FigJam, Notion
Research : Optimal Workshop, Hotjar

👤 Profil recherché :
• Formation : DUT en design, UX/UI
• Expérience : 5+ ans
• Portfolio obligatoire démontrant votre processus de design
• Maîtrise de Figma, Illustrator
• Qualités : Créativité, empathie, esprit d'analyse, sens du détail"
"Creative Director | Design | Figma, Principle, Framer, Design Thinking","Créez des expériences utilisateur exceptionnelles et des interfaces visuellement attractives.

🎯 Missions principales :
• Concevoir des interfaces e-commerce
• Conduire des recherches utilisateurs (interviews, tests, analytics)
• Créer des wireframes, maquettes et prototypes interactifs
• Maintenir et faire évoluer le design system
• Collaborer avec les développeurs pour l'implémentation
• Animer des ateliers de co-création
• Assurer la cohérence de l'expérience sur tous les supports

💻 Outils créatifs :
Design : Figma, Principle, Framer, Design Thinking
Prototypage : Adobe XD, InVision
Collaboration : Miro, FigJam, Notion
Research : Optimal Workshop, Hotjar

👤 Profil recherché :
• Formation : DUT en design, UX/UI
• Expérience : 3-5 ans
• Portfolio obligatoire démontrant votre processus de design
• Maîtrise de Figma, Principle
• Qualités : Créativité, empathie, esprit d'analyse, sens du détail"
"Graphiste | Design | Adobe XD, Axure RP, Balsamiq, Justinmind","Créez des expériences utilisateur exceptionnelles et des interfaces visuellement attractives.

🎯 Missions principales :
• Concevoir des interfaces e-commerce
• Conduire des recherches utilisateurs (interviews, tests, analytics)
• Créer des wireframes, maquettes et prototypes interactifs
• Maintenir et faire évoluer le design system
• Collaborer avec les développeurs pour l'implémentation
• Animer des ateliers de co-création
• Assurer la cohérence de l'expérience sur tous les supports

💻 Outils créatifs :
Design : Adobe XD, Axure RP, Balsamiq, Justinmind
Prototypage : Adobe XD, InVision
Collaboration : Miro, FigJam, Notion
Research : Optimal Workshop, Hotjar

👤 Profil recherché :
• Formation : Doctorat en design, UX/UI
• Expérience : 1-2 ans
• Portfolio obligatoire démontrant votre processus de design
• Maîtrise de Adobe XD, Axure RP
• Qualités : Créativité, empathie, esprit d'analyse, sens du détail"
"Motion Designer | Design | Sketch, Lunacy, Gravit Designer, Vectr","Créez des expériences utilisateur exceptionnelles et des interfaces visuellement attractives.

🎯 Missions principales :
• Concevoir des interfaces SaaS
• Conduire des recherches utilisateurs (interviews, tests, analytics)
• Créer des wireframes, maquettes et prototypes interactifs
• Maintenir et faire évoluer le design system
• Collaborer avec les développeurs pour l'implémentation
• Animer des ateliers de co-création
• Assurer la cohérence de l'expérience sur tous les supports

💻 Outils créatifs :
Design : Sketch, Lunacy, Gravit Designer, Vectr
Prototypage : Figma, Principle
Collaboration : Miro, FigJam, Notion
Research : Optimal Workshop, Hotjar

👤 Profil recherché :
• Formation : Bac+4 en design, UX/UI
• Expérience : 3-5 ans
• Portfolio obligatoire démontrant votre processus de design
• Maîtrise de Sketch, Lunacy
• Qualités : Créativité, empathie, esprit d'analyse, sens du détail"
"Designer UX/UI | Design | Sketch, Lunacy, Gravit Designer, Vectr","Créez des expériences utilisateur exceptionnelles et des interfaces visuellement attractives.

🎯 Missions principales :
• Concevoir des interfaces e-commerce
• Conduire des recherches utilisateurs (interviews, tests, analytics)
• Créer des wireframes, maquettes et prototypes interactifs
• Maintenir et faire évoluer le design system
• Collaborer avec les développeurs pour l'implémentation
• Animer des ateliers de co-création
• Assurer la cohérence de l'expérience sur tous les supports

💻 Outils créatifs :
Design : Sketch, Lunacy, Gravit Designer, Vectr
Prototypage : Adobe XD, InVision
Collaboration : Miro, FigJam, Notion
Research : Optimal Workshop, Hotjar

👤 Profil recherché :
• Formation : Doctorat en design, UX/UI
• Expérience : Expert (7+ ans)
• Portfolio obligatoire démontrant votre processus de design
• Maîtrise de Sketch, Lunacy
• Qualités : Créativité, empathie, esprit d'analyse, sens du détail"
"Creative Director | Design | Sketch, Craft, Anima, Avocode","Créez des expériences utilisateur exceptionnelles et des interfaces visuellement attractives.

🎯 Missions principales :
• Concevoir des interfaces applications mobiles
• Conduire des recherches utilisateurs (interviews, tests, analytics)
• Créer des wireframes, maquettes et prototypes interactifs
• Maintenir et faire évoluer le design system
• Collaborer avec les développeurs pour l'implémentation
• Animer des ateliers de co-création
• Assurer la cohérence de l'expérience sur tous les supports

💻 Outils créatifs :
Design : Sketch, Craft, Anima, Avocode
Prototypage : Framer, ProtoPie
Collaboration : Miro, FigJam, Notion
Research : Optimal Workshop, Hotjar

👤 Profil recherché :
• Formation : Bac+4 en design, UX/UI
• Expérience : 1-2 ans
• Portfolio obligatoire démontrant votre processus de design
• Maîtrise de Sketch, Craft
• Qualités : Créativité, empathie, esprit d'analyse, sens du détail"
"Creative Director | Design | Illustrator, CorelDRAW, Affinity Designer, Inkscape","Créez des expériences utilisateur exceptionnelles et des interfaces visuellement attractives.

🎯 Missions principales :
• Concevoir des interfaces SaaS
• Conduire des recherches utilisateurs (interviews, tests, analytics)
• Créer des wireframes, maquettes et prototypes interactifs
• Maintenir et faire évoluer le design system
• Collaborer avec les développeurs pour l'implémentation
• Animer des ateliers de co-création
• Assurer la cohérence de l'expérience sur tous les supports

💻 Outils créatifs :
Design : Illustrator, CorelDRAW, Affinity Designer, Inkscape
Prototypage : Adobe XD, InVision
Collaboration : Miro, FigJam, Notion
Research : Optimal Workshop, Hotjar

👤 Profil recherché :
• Formation : Bac+4 en design, UX/UI
• Expérience : 3-5 ans
• Portfolio obligatoire démontrant votre processus de design
• Maîtrise de Illustrator, CorelDRAW
• Qualités : Créativité, empathie, esprit d'analyse, sens du détail"
"Product Designer | Design | Figma, Adobe XD, Sketch, Prototyping","Créez des expériences utilisateur exceptionnelles et des interfaces visuellement attractives.

🎯 Missions principales :
• Concevoir des interfaces SaaS
• Conduire des recherches utilisateurs (interviews, tests, analytics)
• Créer des wireframes, maquettes et prototypes interactifs
• Maintenir et faire évoluer le design system
• Collaborer avec les développeurs pour l'implémentation
• Animer des ateliers de co-création
• Assurer la cohérence de l'expérience sur tous les supports

💻 Outils créatifs :
Design : Figma, Adobe XD, Sketch, Prototyping
Prototypage : Figma, Principle
Collaboration : Miro, FigJam, Notion
Research : Optimal Workshop, Hotjar

👤 Profil recherché :
• Formation : Master 2 en design, UX/UI
• Expérience : 7+ ans
• Portfolio obligatoire démontrant votre processus de design
• Maîtrise de Figma, Adobe XD
• Qualités : Créativité, empathie, esprit d'analyse, sens du détail"
"Motion Designer | Design | After Effects, Cinema 4D, Premiere Pro, Lottie","Créez des expériences utilisateur exceptionnelles et des interfaces visuellement attractives.

🎯 Missions principales :
• Concevoir des interfaces web et mobile
• Conduire des recherches utilisateurs (interviews, tests, analytics)
• Créer des wireframes, maquettes et prototypes interactifs
• Maintenir et faire évoluer le design system
• Collaborer avec les développeurs pour l'implémentation
• Animer des ateliers de co-création
• Assurer la cohérence de l'expérience sur tous les supports

💻 Outils créatifs :
Design : After Effects, Cinema 4D, Premiere Pro, Lottie
Prototypage : Figma, Principle
Collaboration : Miro, FigJam, Notion
Research : Optimal Workshop, Hotjar

👤 Profil recherché :
• Formation : Master 2 en design, UX/UI
• Expérience : Confirmé (3-5 ans)
• Portfolio obligatoire démontrant votre processus de design
• Maîtrise de After Effects, Cinema 4D
• Qualités : Créativité, empathie, esprit d'analyse, sens du détail"
"Product Designer | Design | Photoshop, GIMP, Affinity Photo, Lightroom","Créez des expériences utilisateur exceptionnelles et des interfaces visuellement attractives.

🎯 Missions principales :
• Concevoir des interfaces SaaS
• Conduire des recherches utilisateurs (interviews, tests, analytics)
• Créer des wireframes, maquettes et prototypes interactifs
• Maintenir et faire évoluer le design system
• Collaborer avec les développeurs pour l'implémentation
• Animer des ateliers de co-création
• Assurer la cohérence de l'expérience sur tous les supports

💻 Outils créatifs :
Design : Photoshop, GIMP, Affinity Photo, Lightroom
Prototypage : Framer, ProtoPie
Collaboration : Miro, FigJam, Notion
Research : Optimal Workshop, Hotjar

👤 Profil recherché :
• Formation : DUT en design, UX/UI
• Expérience : 7+ ans
• Portfolio obligatoire démontrant votre processus de design
• Maîtrise de Photoshop, GIMP
• Qualités : Créativité, empathie, esprit d'analyse, sens du détail"
"Designer d'Interaction | Design | Figma, Principle, Framer, Design Thinking","Créez des expériences utilisateur exceptionnelles et des interfaces visuellement attractives.

🎯 Missions principales :
• Concevoir des interfaces dashboard
• Conduire des recherches utilisateurs (interviews, tests, analytics)
• Créer des wireframes, maquettes et prototypes interactifs
• Maintenir et faire évoluer le design system
• Collaborer avec les développeurs pour l'implémentation
• Animer des ateliers de co-création
• Assurer la cohérence de l'expérience sur tous les supports

💻 Outils créatifs :
Design : Figma, Principle, Framer, Design Thinking
Prototypage : Adobe XD, InVision
Collaboration : Miro, FigJam, Notion
Research : Optimal Workshop, Hotjar

👤 Profil recherché :
• Formation : BTS en design, UX/UI
• Expérience : 3-5 ans
• Portfolio obligatoire démontrant votre processus de design
• Maîtrise de Figma, Principle
• Qualités : Créativité, empathie, esprit d'analyse, sens du détail"
"Designer UX/UI | Design | Sketch, Craft, Anima, Avocode","Créez des expériences utilisateur exceptionnelles et des interfaces visuellement attractives.

🎯 Missions principales :
• Concevoir des interfaces SaaS
• Conduire des recherches utilisateurs (interviews, tests, analytics)
• Créer des wireframes, maquettes et prototypes interactifs
• Maintenir et faire évoluer le design system
• Collaborer avec les développeurs pour l'implémentation
• Animer des ateliers de co-création
• Assurer la cohérence de l'expérience sur tous les supports

💻 Outils créatifs :
Design : Sketch, Craft, Anima, Avocode
Prototypage : Framer, ProtoPie
Collaboration : Miro, FigJam, Notion
Research : Optimal Workshop, Hotjar

👤 Profil recherché :
• Formation : Doctorat en design, UX/UI
• Expérience : 3-5 ans
• Portfolio obligatoire démontrant votre processus de design
• Maîtrise de Sketch, Craft
• Qualités : Créativité, empathie, esprit d'analyse, sens du détail"
"Creative Director | Design | Illustrator, CorelDRAW, Affinity Designer, Inkscape","Créez des expériences utilisateur exceptionnelles et des interfaces visuellement attractives.

🎯 Missions principales :
• Concevoir des interfaces e-commerce
• Conduire des recherches utilisateurs (interviews, tests, analytics)
• Créer des wireframes, maquettes et prototypes interactifs
• Maintenir et faire évoluer le design system
• Collaborer avec les développeurs pour l'implémentation
• Animer des ateliers de co-création
• Assurer la cohérence de l'expérience sur tous les supports

💻 Outils créatifs :
Design : Illustrator, CorelDRAW, Affinity Designer, Inkscape
Prototypage : Framer, ProtoPie
Collaboration : Miro, FigJam, Notion
Research : Optimal Workshop, Hotjar

👤 Profil recherché :
• Formation : Master 2 en design, UX/UI
• Expérience : 5+ ans
• Portfolio obligatoire démontrant votre processus de design
• Maîtrise de Illustrator, CorelDRAW
• Qualités : Créativité, empathie, esprit d'analyse, sens du détail"
"UX Designer | Design | Figma, Zeplin, Abstract, Maze","Créez des expériences utilisateur exceptionnelles et des interfaces visuellement attractives.

🎯 Missions principales :
• Concevoir des interfaces SaaS
• Conduire des recherches utilisateurs (interviews, tests, analytics)
• Créer des wireframes, maquettes et prototypes interactifs
• Maintenir et faire évoluer le design system
• Collaborer avec les développeurs pour l'implémentation
• Animer des ateliers de co-création
• Assurer la cohérence de l'expérience sur tous les supports

💻 Outils créatifs :
Design : Figma, Zeplin, Abstract, Maze
Prototypage : Figma, Principle
Collaboration : Miro, FigJam, Notion
Research : Optimal Workshop, Hotjar

👤 Profil recherché :
• Formation : Bac+5 en design, UX/UI
• Expérience : Expert (7+ ans)
• Portfolio obligatoire démontrant votre processus de design
• Maîtrise de Figma, Zeplin
• Qualités : Créativité, empathie, esprit d'analyse, sens du détail"
"UI Designer | Design | Figma, Zeplin, Abstract, Maze","Créez des expériences utilisateur exceptionnelles et des interfaces visuellement attractives.

🎯 Missions principales :
• Concevoir des interfaces applications mobiles
• Conduire des recherches utilisateurs (interviews, tests, analytics)
• Créer des wireframes, maquettes et prototypes interactifs
• Maintenir et faire évoluer le design system
• Collaborer avec les développeurs pour l'implémentation
• Animer des ateliers de co-création
• Assurer la cohérence de l'expérience sur tous les supports

💻 Outils créatifs :
Design : Figma, Zeplin, Abstract, Maze
Prototypage : Adobe XD, InVision
Collaboration : Miro, FigJam, Notion
Research : Optimal Workshop, Hotjar

👤 Profil recherché :
• Formation : Bac+3 en design, UX/UI
• Expérience : 1-2 ans
• Portfolio obligatoire démontrant votre processus de design
• Maîtrise de Figma, Zeplin
• Qualités : Créativité, empathie, esprit d'analyse, sens du détail"
"Design System Manager | Design | Figma, Adobe XD, Sketch, Prototyping","Créez des expériences utilisateur exceptionnelles et des interfaces visuellement attractives.

🎯 Missions principales :
• Concevoir des interfaces e-commerce
• Conduire des recherches utilisateurs (interviews, tests, analytics)
• Créer des wireframes, maquettes et prototypes interactifs
• Maintenir et faire évoluer le design system
• Collaborer avec les développeurs pour l'implémentation
• Animer des ateliers de co-création
• Assurer la cohérence de l'expérience sur tous les supports

💻 Outils créatifs :
Design : Figma, Adobe XD, Sketch, Prototyping
Prototypage : Adobe XD, InVision
Collaboration : Miro, FigJam, Notion
Research : Optimal Workshop, Hotjar

👤 Profil recherché :
• Formation : Master 2 en design, UX/UI
• Expérience : 7+ ans
• Portfolio obligatoire démontrant votre processus de design
• Maîtrise de Figma, Adobe XD
• Qualités : Créativité, empathie, esprit d'analyse, sens du détail"
"UI Designer | Design | After Effects, Blender, DaVinci Resolve, Final Cut","Créez des expériences utilisateur exceptionnelles et des interfaces visuellement attractives.

🎯 Missions principales :
• Concevoir des interfaces e-commerce
• Conduire des recherches utilisateurs (interviews, tests, analytics)
• Créer des wireframes, maquettes et prototypes interactifs
• Maintenir et faire évoluer le design system
• Collaborer avec les développeurs pour l'implémentation
• Animer des ateliers de co-création
• Assurer la cohérence de l'expérience sur tous les supports

💻 Outils créatifs :
Design : After Effects, Blender, DaVinci Resolve, Final Cut
Prototypage : Figma, Principle
Collaboration : Miro, FigJam, Notion
Research : Optimal Workshop, Hotjar

👤 Profil recherché :
• Formation : BTS en design, UX/UI
• Expérience : 10+ ans
• Portfolio obligatoire démontrant votre processus de design
• Maîtrise de After Effects, Blender
• Qualités : Créativité, empathie, esprit d'analyse, sens du détail"
"UX Designer | Design | Figma, Adobe XD, Sketch, Prototyping","Créez des expériences utilisateur exceptionnelles et des interfaces visuellement attractives.

🎯 Missions principales :
• Concevoir des interfaces SaaS
• Conduire des recherches utilisateurs (interviews, tests, analytics)
• Créer des wireframes, maquettes et prototypes interactifs
• Maintenir et faire évoluer le design system
• Collaborer avec les développeurs pour l'implémentation
• Animer des ateliers de co-création
• Assurer la cohérence de l'expérience sur tous les supports

💻 Outils créatifs :
Design : Figma, Adobe XD, Sketch, Prototyping
Prototypage : Framer, ProtoPie
Collaboration : Miro, FigJam, Notion
Research : Optimal Workshop, Hotjar

👤 Profil recherché :
• Formation : Bac+2 en design, UX/UI
• Expérience : 2-3 ans
• Portfolio obligatoire démontrant votre processus de design
• Maîtrise de Figma, Adobe XD
• Qualités : Créativité, empathie, esprit d'analyse, sens du détail"
"Creative Director | Design | Illustrator, CorelDRAW, Affinity Designer, Inkscape","Créez des expériences utilisateur exceptionnelles et des interfaces visuellement attractives.

🎯 Missions principales :
• Concevoir des interfaces SaaS
• Conduire des recherches utilisateurs (interviews, tests, analytics)
• Créer des wireframes, maquettes et prototypes interactifs
• Maintenir et faire évoluer le design system
• Collaborer avec les développeurs pour l'implémentation
• Animer des ateliers de co-création
• Assurer la cohérence de l'expérience sur tous les supports

💻 Outils créatifs :
Design : Illustrator, CorelDRAW, Affinity Designer, Inkscape
Prototypage : Framer, ProtoPie
Collaboration : Miro, FigJam, Notion
Research : Optimal Workshop, Hotjar

👤 Profil recherché :
• Formation : Bac+4 en design, UX/UI
• Expérience : 2-3 ans
• Portfolio obligatoire démontrant votre processus de design
• Maîtrise de Illustrator, CorelDRAW
• Qualités : Créativité, empathie, esprit d'analyse, sens du détail"
"UX Designer | Design | Adobe XD, InVision Studio, Marvel, Proto.io","Créez des expériences utilisateur exceptionnelles et des interfaces visuellement attractives.

🎯 Missions principales :
• Concevoir des interfaces e-commerce
• Conduire des recherches utilisateurs (interviews, tests, analytics)
• Créer des wireframes, maquettes et prototypes interactifs
• Maintenir et faire évoluer le design system
• Collaborer avec les développeurs pour l'implémentation
• Animer des ateliers de co-création
• Assurer la cohérence de l'expérience sur tous les supports

💻 Outils créatifs :
Design : Adobe XD, InVision Studio, Marvel, Proto.io
Prototypage : Figma, Principle
Collaboration : Miro, FigJam, Notion
Research : Optimal Workshop, Hotjar

👤 Profil recherché :
• Formation : Bac+2 en design, UX/UI
• Expérience : 2-3 ans
• Portfolio obligatoire démontrant votre processus de design
• Maîtrise de Adobe XD, InVision Studio
• Qualités : Créativité, empathie, esprit d'analyse, sens du détail"
"Product Designer | Design | Sketch, Craft, Anima, Avocode","Créez des expériences utilisateur exceptionnelles et des interfaces visuellement attractives.

🎯 Missions principales :
• Concevoir des interfaces dashboard
• Conduire des recherches utilisateurs (interviews, tests, analytics)
• Créer des wireframes, maquettes et prototypes interactifs
• Maintenir et faire évoluer le design system
• Collaborer avec les développeurs pour l'implémentation
• Animer des ateliers de co-création
• Assurer la cohérence de l'expérience sur tous les supports

💻 Outils créatifs :
Design : Sketch, Craft, Anima, Avocode
Prototypage : Figma, Principle
Collaboration : Miro, FigJam, Notion
Research : Optimal Workshop, Hotjar

👤 Profil recherché :
• Formation : Bac+4 en design, UX/UI
• Expérience : 3-5 ans
• Portfolio obligatoire démontrant votre processus de design
• Maîtrise de Sketch, Craft
• Qualités : Créativité, empathie, esprit d'analyse, sens du détail"
"Product Designer | Design | Adobe XD, InVision Studio, Marvel, Proto.io","Créez des expériences utilisateur exceptionnelles et des interfaces visuellement attractives.

🎯 Missions principales :
• Concevoir des interfaces e-commerce
• Conduire des recherches utilisateurs (interviews, tests, analytics)
• Créer des wireframes, maquettes et prototypes interactifs
• Maintenir et faire évoluer le design system
• Collaborer avec les développeurs pour l'implémentation
• Animer des ateliers de co-création
• Assurer la cohérence de l'expérience sur tous les supports

💻 Outils créatifs :
Design : Adobe XD, InVision Studio, Marvel, Proto.io
Prototypage : Figma, Principle
Collaboration : Miro, FigJam, Notion
Research : Optimal Workshop, Hotjar

👤 Profil recherché :
• Formation : Bac+4 en design, UX/UI
• Expérience : Senior (5+ ans)
• Portfolio obligatoire démontrant votre processus de design
• Maîtrise de Adobe XD, InVision Studio
• Qualités : Créativité, empathie, esprit d'analyse, sens du détail"
"Product Designer | Design | Adobe XD, Axure RP, Balsamiq, Justinmind","Créez des expériences utilisateur exceptionnelles et des interfaces visuellement attractives.

🎯 Missions principales :
• Concevoir des interfaces applications mobiles
• Conduire des recherches utilisateurs (interviews, tests, analytics)
• Créer des wireframes, maquettes et prototypes interactifs
• Maintenir et faire évoluer le design system
• Collaborer avec les développeurs pour l'implémentation
• Animer des ateliers de co-création
• Assurer la cohérence de l'expérience sur tous les supports

💻 Outils créatifs :
Design : Adobe XD, Axure RP, Balsamiq, Justinmind
Prototypage : Framer, ProtoPie
Collaboration : Miro, FigJam, Notion
Research : Optimal Workshop, Hotjar

👤 Profil recherché :
• Formation : Master 2 en design, UX/UI
• Expérience : Confirmé (3-5 ans)
• Portfolio obligatoire démontrant votre processus de design
• Maîtrise de Adobe XD, Axure RP
• Qualités : Créativité, empathie, esprit d'analyse, sens du détail"
"Design System Manager | Design | Illustrator, CorelDRAW, Affinity Designer, Inkscape","Créez des expériences utilisateur exceptionnelles et des interfaces visuellement attractives.

🎯 Missions principales :
• Concevoir des interfaces web et mobile
• Conduire des recherches utilisateurs (interviews, tests, analytics)
• Créer des wireframes, maquettes et prototypes interactifs
• Maintenir et faire évoluer le design system
• Collaborer avec les développeurs pour l'implémentation
• Animer des ateliers de co-création
• Assurer la cohérence de l'expérience sur tous les supports

💻 Outils créatifs :
Design : Illustrator, CorelDRAW, Affinity Designer, Inkscape
Prototypage : Figma, Principle
Collaboration : Miro, FigJam, Notion
Research : Optimal Workshop, Hotjar

👤 Profil recherché :
• Formation : Licence en design, UX/UI
• Expérience : Confirmé (3-5 ans)
• Portfolio obligatoire démontrant votre processus de design
• Maîtrise de Illustrator, CorelDRAW
• Qualités : Créativité, empathie, esprit d'analyse, sens du détail"
"Designer UX/UI | Design | Figma, ProtoPie, Flinto, Origami Studio","Créez des expériences utilisateur exceptionnelles et des interfaces visuellement attractives.

🎯 Missions principales :
• Concevoir des interfaces web et mobile
• Conduire des recherches utilisateurs (interviews, tests, analytics)
• Créer des wireframes, maquettes et prototypes interactifs
• Maintenir et faire évoluer le design system
• Collaborer avec les développeurs pour l'implémentation
• Animer des ateliers de co-création
• Assurer la cohérence de l'expérience sur tous les supports

💻 Outils créatifs :
Design : Figma, ProtoPie, Flinto, Origami Studio
Prototypage : Framer, ProtoPie
Collaboration : Miro, FigJam, Notion
Research : Optimal Workshop, Hotjar

👤 Profil recherché :
• Formation : Bac+3 en design, UX/UI
• Expérience : Senior (5+ ans)
• Portfolio obligatoire démontrant votre processus de design
• Maîtrise de Figma, ProtoPie
• Qualités : Créativité, empathie, esprit d'analyse, sens du détail"
"UI Designer | Design | Photoshop, GIMP, Affinity Photo, Lightroom","Créez des expériences utilisateur exceptionnelles et des interfaces visuellement attractives.

🎯 Missions principales :
• Concevoir des interfaces SaaS
• Conduire des recherches utilisateurs (interviews, tests, analytics)
• Créer des wireframes, maquettes et prototypes interactifs
• Maintenir et faire évoluer le design system
• Collaborer avec les développeurs pour l'implémentation
• Animer des ateliers de co-création
• Assurer la cohérence de l'expérience sur tous les supports

💻 Outils créatifs :
Design : Photoshop, GIMP, Affinity Photo, Lightroom
Prototypage : Framer, ProtoPie
Collaboration : Miro, FigJam, Notion
Research : Optimal Workshop, Hotjar

👤 Profil recherché :
• Formation : Licence en design, UX/UI
• Expérience : 3-5 ans
• Portfolio obligatoire démontrant votre processus de design
• Maîtrise de Photoshop, GIMP
• Qualités : Créativité, empathie, esprit d'analyse, sens du détail"
"Motion Designer | Design | Photoshop, GIMP, Affinity Photo, Lightroom","Créez des expériences utilisateur exceptionnelles et des interfaces visuellement attractives.

🎯 Missions principales :
• Concevoir des interfaces e-commerce
• Conduire des recherches utilisateurs (interviews, tests, analytics)
• Créer des wireframes, maquettes et prototypes interactifs
• Maintenir et faire évoluer le design system
• Collaborer avec les développeurs pour l'implémentation
• Animer des ateliers de co-création
• Assurer la cohérence de l'expérience sur tous les supports

💻 Outils créatifs :
Design : Photoshop, GIMP, Affinity Photo, Lightroom
Prototypage : Adobe XD, InVision
Collaboration : Miro, FigJam, Notion
Research : Optimal Workshop, Hotjar

👤 Profil recherché :
• Formation : DUT en design, UX/UI
• Expérience : Expert (7+ ans)
• Portfolio obligatoire démontrant votre processus de design
• Maîtrise de Photoshop, GIMP
• Qualités : Créativité, empathie, esprit d'analyse, sens du détail"
"Product Designer | Design | Figma, Adobe XD, Sketch, Prototyping","Créez des expériences utilisateur exceptionnelles et des interfaces visuellement attractives.

🎯 Missions principales :
• Concevoir des interfaces applications mobiles
• Conduire des recherches utilisateurs (interviews, tests, analytics)
• Créer des wireframes, maquettes et prototypes interactifs
• Maintenir et faire évoluer le design system
• Collaborer avec les développeurs pour l'implémentation
• Animer des ateliers de co-création
• Assurer la cohérence de l'expérience sur tous les supports

💻 Outils créatifs :
Design : Figma, Adobe XD, Sketch, Prototyping
Prototypage : Framer, ProtoPie
Collaboration : Miro, FigJam, Notion
Research : Optimal Workshop, Hotjar

👤 Profil recherché :
• Formation : BTS en design, UX/UI
• Expérience : Expert (7+ ans)
• Portfolio obligatoire démontrant votre processus de design
• Maîtrise de Figma, Adobe XD
• Qualités : Créativité, empathie, esprit d'analyse, sens du détail"
"UI Designer | Design | Figma, FigJam, Miro, Whimsical","Créez des expériences utilisateur exceptionnelles et des interfaces visuellement attractives.

🎯 Missions principales :
• Concevoir des interfaces SaaS
• Conduire des recherches utilisateurs (interviews, tests, analytics)
• Créer des wireframes, maquettes et prototypes interactifs
• Maintenir et faire évoluer le design system
• Collaborer avec les développeurs pour l'implémentation
• Animer des ateliers de co-création
• Assurer la cohérence de l'expérience sur tous les supports

💻 Outils créatifs :
Design : Figma, FigJam, Miro, Whimsical
Prototypage : Figma, Principle
Collaboration : Miro, FigJam, Notion
Research : Optimal Workshop, Hotjar

👤 Profil recherché :
• Formation : DUT en design, UX/UI
• Expérience : Senior (5+ ans)
• Portfolio obligatoire démontrant votre processus de design
• Maîtrise de Figma, FigJam
• Qualités : Créativité, empathie, esprit d'analyse, sens du détail"
"Product Designer | Design | Figma, Principle, Framer, Design Thinking","Créez des expériences utilisateur exceptionnelles et des interfaces visuellement attractives.

🎯 Missions principales :
• Concevoir des interfaces dashboard
• Conduire des recherches utilisateurs (interviews, tests, analytics)
• Créer des wireframes, maquettes et prototypes interactifs
• Maintenir et faire évoluer le design system
• Collaborer avec les développeurs pour l'implémentation
• Animer des ateliers de co-création
• Assurer la cohérence de l'expérience sur tous les supports

💻 Outils créatifs :
Design : Figma, Principle, Framer, Design Thinking
Prototypage : Figma, Principle
Collaboration : Miro, FigJam, Notion
Research : Optimal Workshop, Hotjar

👤 Profil recherché :
• Formation : Licence en design, UX/UI
• Expérience : 10+ ans
• Portfolio obligatoire démontrant votre processus de design
• Maîtrise de Figma, Principle
• Qualités : Créativité, empathie, esprit d'analyse, sens du détail"
"Graphiste | Design | Sketch, Craft, Anima, Avocode","Créez des expériences utilisateur exceptionnelles et des interfaces visuellement attractives.

🎯 Missions principales :
• Concevoir des interfaces applications mobiles
• Conduire des recherches utilisateurs (interviews, tests, analytics)
• Créer des wireframes, maquettes et prototypes interactifs
• Maintenir et faire évoluer le design system
• Collaborer avec les développeurs pour l'implémentation
• Animer des ateliers de co-création
• Assurer la cohérence de l'expérience sur tous les supports

💻 Outils créatifs :
Design : Sketch, Craft, Anima, Avocode
Prototypage : Adobe XD, InVision
Collaboration : Miro, FigJam, Notion
Research : Optimal Workshop, Hotjar

👤 Profil recherché :
• Formation : Bac+2 en design, UX/UI
• Expérience : 2-3 ans
• Portfolio obligatoire démontrant votre processus de design
• Maîtrise de Sketch, Craft
• Qualités : Créativité, empathie, esprit d'analyse, sens du détail"
"Creative Director | Design | Illustrator, CorelDRAW, Affinity Designer, Inkscape","Créez des expériences utilisateur exceptionnelles et des interfaces visuellement attractives.

🎯 Missions principales :
• Concevoir des interfaces SaaS
• Conduire des recherches utilisateurs (interviews, tests, analytics)
• Créer des wireframes, maquettes et prototypes interactifs
• Maintenir et faire évoluer le design system
• Collaborer avec les développeurs pour l'implémentation
• Animer des ateliers de co-création
• Assurer la cohérence de l'expérience sur tous les supports

💻 Outils créatifs :
Design : Illustrator, CorelDRAW, Affinity Designer, Inkscape
Prototypage : Framer, ProtoPie
Collaboration : Miro, FigJam, Notion
Research : Optimal Workshop, Hotjar

👤 Profil recherché :
• Formation : Bac+2 en design, UX/UI
• Expérience : 10+ ans
• Portfolio obligatoire démontrant votre processus de design
• Maîtrise de Illustrator, CorelDRAW
• Qualités : Créativité, empathie, esprit d'analyse, sens du détail"
"UX Designer | Design | Figma, ProtoPie, Flinto, Origami Studio","Créez des expériences utilisateur exceptionnelles et des interfaces visuellement attractives.

🎯 Missions principales :
• Concevoir des interfaces applications mobiles
• Conduire des recherches utilisateurs (interviews, tests, analytics)
• Créer des wireframes, maquettes et prototypes interactifs
• Maintenir et faire évoluer le design system
• Collaborer avec les développeurs pour l'implémentation
• Animer des ateliers de co-création
• Assurer la cohérence de l'expérience sur tous les supports

💻 Outils créatifs :
Design : Figma, ProtoPie, Flinto, Origami Studio
Prototypage : Framer, ProtoPie
Collaboration : Miro, FigJam, Notion
Research : Optimal Workshop, Hotjar

👤 Profil recherché :
• Formation : Bac+5 en design, UX/UI
• Expérience : Senior (5+ ans)
• Portfolio obligatoire démontrant votre processus de design
• Maîtrise de Figma, ProtoPie
• Qualités : Créativité, empathie, esprit d'analyse, sens du détail"
"UI Designer | Design | Photoshop, GIMP, Affinity Photo, Lightroom","Créez des expériences utilisateur exceptionnelles et des interfaces visuellement attractives.

🎯 Missions principales :
• Concevoir des interfaces web et mobile
• Conduire des recherches utilisateurs (interviews, tests, analytics)
• Créer des wireframes, maquettes et prototypes interactifs
• Maintenir et faire évoluer le design system
• Collaborer avec les développeurs pour l'implémentation
• Animer des ateliers de co-création
• Assurer la cohérence de l'expérience sur tous les supports

💻 Outils créatifs :
Design : Photoshop, GIMP, Affinity Photo, Lightroom
Prototypage : Figma, Principle
Collaboration : Miro, FigJam, Notion
Research : Optimal Workshop, Hotjar

👤 Profil recherché :
• Formation : Bac+2 en design, UX/UI
• Expérience : 3-5 ans
• Portfolio obligatoire démontrant votre processus de design
• Maîtrise de Photoshop, GIMP
• Qualités : Créativité, empathie, esprit d'analyse, sens du détail"
"Designer UX/UI | Design | Figma, Principle, Framer, Design Thinking","Créez des expériences utilisateur exceptionnelles et des interfaces visuellement attractives.

🎯 Missions principales :
• Concevoir des interfaces SaaS
• Conduire des recherches utilisateurs (interviews, tests, analytics)
• Créer des wireframes, maquettes et prototypes interactifs
• Maintenir et faire évoluer le design system
• Collaborer avec les développeurs pour l'implémentation
• Animer des ateliers de co-création
• Assurer la cohérence de l'expérience sur tous les supports

💻 Outils créatifs :
Design : Figma, Principle, Framer, Design Thinking
Prototypage : Framer, ProtoPie
Collaboration : Miro, FigJam, Notion
Research : Optimal Workshop, Hotjar

👤 Profil recherché :
• Formation : Bac+2 en design, UX/UI
• Expérience : 10+ ans
• Portfolio obligatoire démontrant votre processus de design
• Maîtrise de Figma, Principle
• Qualités : Créativité, empathie, esprit d'analyse, sens du détail"
"Designer d'Interaction | Design | Figma, Zeplin, Abstract, Maze","Créez des expériences utilisateur exceptionnelles et des interfaces visuellement attractives.

🎯 Missions principales :
• Concevoir des interfaces SaaS
• Conduire des recherches utilisateurs (interviews, tests, analytics)
• Créer des wireframes, maquettes et prototypes interactifs
• Maintenir et faire évoluer le design system
• Collaborer avec les développeurs pour l'implémentation
• Animer des ateliers de co-création
• Assurer la cohérence de l'expérience sur tous les supports

💻 Outils créatifs :
Design : Figma, Zeplin, Abstract, Maze
Prototypage : Adobe XD, InVision
Collaboration : Miro, FigJam, Notion
Research : Optimal Workshop, Hotjar

👤 Profil recherché :
• Formation : Bac+4 en design, UX/UI
• Expérience : 3-5 ans
• Portfolio obligatoire démontrant votre processus de design
• Maîtrise de Figma, Zeplin
• Qualités : Créativité, empathie, esprit d'analyse, sens du détail"
"Designer UX/UI | Design | After Effects, Cinema 4D, Premiere Pro, Lottie","Créez des expériences utilisateur exceptionnelles et des interfaces visuellement attractives.

🎯 Missions principales :
• Concevoir des interfaces dashboard
• Conduire des recherches utilisateurs (interviews, tests, analytics)
• Créer des wireframes, maquettes et prototypes interactifs
• Maintenir et faire évoluer le design system
• Collaborer avec les développeurs pour l'implémentation
• Animer des ateliers de co-création
• Assurer la cohérence de l'expérience sur tous les supports

💻 Outils créatifs :
Design : After Effects, Cinema 4D, Premiere Pro, Lottie
Prototypage : Framer, ProtoPie
Collaboration : Miro, FigJam, Notion
Research : Optimal Workshop, Hotjar

👤 Profil recherché :
• Formation : Bac+5 en design, UX/UI
• Expérience : 1-2 ans
• Portfolio obligatoire démontrant votre processus de design
• Maîtrise de After Effects, Cinema 4D
• Qualités : Créativité, empathie, esprit d'analyse, sens du détail"
"UX Designer | Design | After Effects, Blender, DaVinci Resolve, Final Cut","Créez des expériences utilisateur exceptionnelles et des interfaces visuellement attractives.

🎯 Missions principales :
• Concevoir des interfaces applications mobiles
• Conduire des recherches utilisateurs (interviews, tests, analytics)
• Créer des wireframes, maquettes et prototypes interactifs
• Maintenir et faire évoluer le design system
• Collaborer avec les développeurs pour l'implémentation
• Animer des ateliers de co-création
• Assurer la cohérence de l'expérience sur tous les supports

💻 Outils créatifs :
Design : After Effects, Blender, DaVinci Resolve, Final Cut
Prototypage : Figma, Principle
Collaboration : Miro, FigJam, Notion
Research : Optimal Workshop, Hotjar

👤 Profil recherché :
• Formation : Licence en design, UX/UI
• Expérience : 2-3 ans
• Portfolio obligatoire démontrant votre processus de design
• Maîtrise de After Effects, Blender
• Qualités : Créativité, empathie, esprit d'analyse, sens du détail"
"Graphiste | Design | Figma, Adobe XD, Sketch, Prototyping","Créez des expériences utilisateur exceptionnelles et des interfaces visuellement attractives.

🎯 Missions principales :
• Concevoir des interfaces web et mobile
• Conduire des recherches utilisateurs (interviews, tests, analytics)
• Créer des wireframes, maquettes et prototypes interactifs
• Maintenir et faire évoluer le design system
• Collaborer avec les développeurs pour l'implémentation
• Animer des ateliers de co-création
• Assurer la cohérence de l'expérience sur tous les supports

💻 Outils créatifs :
Design : Figma, Adobe XD, Sketch, Prototyping
Prototypage : Adobe XD, InVision
Collaboration : Miro, FigJam, Notion
Research : Optimal Workshop, Hotjar

👤 Profil recherché :
• Formation : Bac+5 en design, UX/UI
• Expérience : Senior (5+ ans)
• Portfolio obligatoire démontrant votre processus de design
• Maîtrise de Figma, Adobe XD
• Qualités : Créativité, empathie, esprit d'analyse, sens du détail"
"Motion Designer | Design | Illustrator, Photoshop, InDesign, Procreate","Créez des expériences utilisateur exceptionnelles et des interfaces visuellement attractives.

🎯 Missions principales :
• Concevoir des interfaces e-commerce
• Conduire des recherches utilisateurs (interviews, tests, analytics)
• Créer des wireframes, maquettes et prototypes interactifs
• Maintenir et faire évoluer le design system
• Collaborer avec les développeurs pour l'implémentation
• Animer des ateliers de co-création
• Assurer la cohérence de l'expérience sur tous les supports

💻 Outils créatifs :
Design : Illustrator, Photoshop, InDesign, Procreate
Prototypage : Framer, ProtoPie
Collaboration : Miro, FigJam, Notion
Research : Optimal Workshop, Hotjar

👤 Profil recherché :
• Formation : Doctorat en design, UX/UI
• Expérience : Expert (7+ ans)
• Portfolio obligatoire démontrant votre processus de design
• Maîtrise de Illustrator, Photoshop
• Qualités : Créativité, empathie, esprit d'analyse, sens du détail"
"Product Designer | Design | Figma, ProtoPie, Flinto, Origami Studio","Créez des expériences utilisateur exceptionnelles et des interfaces visuellement attractives.

🎯 Missions principales :
• Concevoir des interfaces dashboard
• Conduire des recherches utilisateurs (interviews, tests, analytics)
• Créer des wireframes, maquettes et prototypes interactifs
• Maintenir et faire évoluer le design system
• Collaborer avec les développeurs pour l'implémentation
• Animer des ateliers de co-création
• Assurer la cohérence de l'expérience sur tous les supports

💻 Outils créatifs :
Design : Figma, ProtoPie, Flinto, Origami Studio
Prototypage : Adobe XD, InVision
Collaboration : Miro, FigJam, Notion
Research : Optimal Workshop, Hotjar

👤 Profil recherché :
• Formation : BTS en design, UX/UI
• Expérience : Senior (5+ ans)
• Portfolio obligatoire démontrant votre processus de design
• Maîtrise de Figma, ProtoPie
• Qualités : Créativité, empathie, esprit d'analyse, sens du détail"
"Designer d'Interaction | Design | Figma, FigJam, Miro, Whimsical","Créez des expériences utilisateur exceptionnelles et des interfaces visuellement attractives.

🎯 Missions principales :
• Concevoir des interfaces web et mobile
• Conduire des recherches utilisateurs (interviews, tests, analytics)
• Créer des wireframes, maquettes et prototypes interactifs
• Maintenir et faire évoluer le design system
• Collaborer avec les développeurs pour l'implémentation
• Animer des ateliers de co-création
• Assurer la cohérence de l'expérience sur tous les supports

💻 Outils créatifs :
Design : Figma, FigJam, Miro, Whimsical
Prototypage : Framer, ProtoPie
Collaboration : Miro, FigJam, Notion
Research : Optimal Workshop, Hotjar

👤 Profil recherché :
• Formation : Bac+4 en design, UX/UI
• Expérience : 5+ ans
• Portfolio obligatoire démontrant votre processus de design
• Maîtrise de Figma, FigJam
• Qualités : Créativité, empathie, esprit d'analyse, sens du détail"
"UI Designer | Design | Illustrator, Photoshop, InDesign, Procreate","Créez des expériences utilisateur exceptionnelles et des interfaces visuellement attractives.

🎯 Missions principales :
• Concevoir des interfaces SaaS
• Conduire des recherches utilisateurs (interviews, tests, analytics)
• Créer des wireframes, maquettes et prototypes interactifs
• Maintenir et faire évoluer le design system
• Collaborer avec les développeurs pour l'implémentation
• Animer des ateliers de co-création
• Assurer la cohérence de l'expérience sur tous les supports

💻 Outils créatifs :
Design : Illustrator, Photoshop, InDesign, Procreate
Prototypage : Adobe XD, InVision
Collaboration : Miro, FigJam, Notion
Research : Optimal Workshop, Hotjar

👤 Profil recherché :
• Formation : BTS en design, UX/UI
• Expérience : 7+ ans
• Portfolio obligatoire démontrant votre processus de design
• Maîtrise de Illustrator, Photoshop
• Qualités : Créativité, empathie, esprit d'analyse, sens du détail"
"UI Designer | Design | Illustrator, Photoshop, InDesign, Procreate","Créez des expériences utilisateur exceptionnelles et des interfaces visuellement attractives.

🎯 Missions principales :
• Concevoir des interfaces e-commerce
• Conduire des recherches utilisateurs (interviews, tests, analytics)
• Créer des wireframes, maquettes et prototypes interactifs
• Maintenir et faire évoluer le design system
• Collaborer avec les développeurs pour l'implémentation
• Animer des ateliers de co-création
• Assurer la cohérence de l'expérience sur tous les supports

💻 Outils créatifs :
Design : Illustrator, Photoshop, InDesign, Procreate
Prototypage : Adobe XD, InVision
Collaboration : Miro, FigJam, Notion
Research : Optimal Workshop, Hotjar

👤 Profil recherché :
• Formation : DUT en design, UX/UI
• Expérience : Confirmé (3-5 ans)
• Portfolio obligatoire démontrant votre processus de design
• Maîtrise de Illustrator, Photoshop
• Qualités : Créativité, empathie, esprit d'analyse, sens du détail"
"Design System Manager | Design | After Effects, Cinema 4D, Premiere Pro, Lottie","Créez des expériences utilisateur exceptionnelles et des interfaces visuellement attractives.

🎯 Missions principales :
• Concevoir des interfaces dashboard
• Conduire des recherches utilisateurs (interviews, tests, analytics)
• Créer des wireframes, maquettes et prototypes interactifs
• Maintenir et faire évoluer le design system
• Collaborer avec les développeurs pour l'implémentation
• Animer des ateliers de co-création
• Assurer la cohérence de l'expérience sur tous les supports

💻 Outils créatifs :
Design : After Effects, Cinema 4D, Premiere Pro, Lottie
Prototypage : Framer, ProtoPie
Collaboration : Miro, FigJam, Notion
Research : Optimal Workshop, Hotjar

👤 Profil recherché :
• Formation : Licence en design, UX/UI
• Expérience : Senior (5+ ans)
• Portfolio obligatoire démontrant votre processus de design
• Maîtrise de After Effects, Cinema 4D
• Qualités : Créativité, empathie, esprit d'analyse, sens du détail"
"Graphiste | Design | Illustrator, Photoshop, InDesign, Procreate","Créez des expériences utilisateur exceptionnelles et des interfaces visuellement attractives.

🎯 Missions principales :
• Concevoir des interfaces dashboard
• Conduire des recherches utilisateurs (interviews, tests, analytics)
• Créer des wireframes, maquettes et prototypes interactifs
• Maintenir et faire évoluer le design system
• Collaborer avec les développeurs pour l'implémentation
• Animer des ateliers de co-création
• Assurer la cohérence de l'expérience sur tous les supports

💻 Outils créatifs :
Design : Illustrator, Photoshop, InDesign, Procreate
Prototypage : Adobe XD, InVision
Collaboration : Miro, FigJam, Notion
Research : Optimal Workshop, Hotjar

👤 Profil recherché :
• Formation : Doctorat en design, UX/UI
• Expérience : Senior (5+ ans)
• Portfolio obligatoire démontrant votre processus de design
• Maîtrise de Illustrator, Photoshop
• Qualités : Créativité, empathie, esprit d'analyse, sens du détail"
"Brand Designer | Design | Sketch, Craft, Anima, Avocode","Créez des expériences utilisateur exceptionnelles et des interfaces visuellement attractives.

🎯 Missions principales :
• Concevoir des interfaces applications mobiles
• Conduire des recherches utilisateurs (interviews, tests, analytics)
• Créer des wireframes, maquettes et prototypes interactifs
• Maintenir et faire évoluer le design system
• Collaborer avec les développeurs pour l'implémentation
• Animer des ateliers de co-création
• Assurer la cohérence de l'expérience sur tous les supports

💻 Outils créatifs :
Design : Sketch, Craft, Anima, Avocode
Prototypage : Adobe XD, InVision
Collaboration : Miro, FigJam, Notion
Research : Optimal Workshop, Hotjar

👤 Profil recherché :
• Formation : Doctorat en design, UX/UI
• Expérience : 3-5 ans
• Portfolio obligatoire démontrant votre processus de design
• Maîtrise de Sketch, Craft
• Qualités : Créativité, empathie, esprit d'analyse, sens du détail"
"Brand Designer | Design | Figma, ProtoPie, Flinto, Origami Studio","Créez des expériences utilisateur exceptionnelles et des interfaces visuellement attractives.

🎯 Missions principales :
• Concevoir des interfaces applications mobiles
• Conduire des recherches utilisateurs (interviews, tests, analytics)
• Créer des wireframes, maquettes et prototypes interactifs
• Maintenir et faire évoluer le design system
• Collaborer avec les développeurs pour l'implémentation
• Animer des ateliers de co-création
• Assurer la cohérence de l'expérience sur tous les supports

💻 Outils créatifs :
Design : Figma, ProtoPie, Flinto, Origami Studio
Prototypage : Figma, Principle
Collaboration : Miro, FigJam, Notion
Research : Optimal Workshop, Hotjar

👤 Profil recherché :
• Formation : DUT en design, UX/UI
• Expérience : 10+ ans
• Portfolio obligatoire démontrant votre processus de design
• Maîtrise de Figma, ProtoPie
• Qualités : Créativité, empathie, esprit d'analyse, sens du détail"
"UI Designer | Design | Adobe XD, InVision Studio, Marvel, Proto.io","Créez des expériences utilisateur exceptionnelles et des interfaces visuellement attractives.

🎯 Missions principales :
• Concevoir des interfaces SaaS
• Conduire des recherches utilisateurs (interviews, tests, analytics)
• Créer des wireframes, maquettes et prototypes interactifs
• Maintenir et faire évoluer le design system
• Collaborer avec les développeurs pour l'implémentation
• Animer des ateliers de co-création
• Assurer la cohérence de l'expérience sur tous les supports

💻 Outils créatifs :
Design : Adobe XD, InVision Studio, Marvel, Proto.io
Prototypage : Figma, Principle
Collaboration : Miro, FigJam, Notion
Research : Optimal Workshop, Hotjar

👤 Profil recherché :
• Formation : Bac+2 en design, UX/UI
• Expérience : 3-5 ans
• Portfolio obligatoire démontrant votre processus de design
• Maîtrise de Adobe XD, InVision Studio
• Qualités : Créativité, empathie, esprit d'analyse, sens du détail"
"Brand Designer | Design | Figma, Illustrator, Photoshop, InVision","Créez des expériences utilisateur exceptionnelles et des interfaces visuellement attractives.

🎯 Missions principales :
• Concevoir des interfaces dashboard
• Conduire des recherches utilisateurs (interviews, tests, analytics)
• Créer des wireframes, maquettes et prototypes interactifs
• Maintenir et faire évoluer le design system
• Collaborer avec les développeurs pour l'implémentation
• Animer des ateliers de co-création
• Assurer la cohérence de l'expérience sur tous les supports

💻 Outils créatifs :
Design : Figma, Illustrator, Photoshop, InVision
Prototypage : Figma, Principle
Collaboration : Miro, FigJam, Notion
Research : Optimal Workshop, Hotjar

👤 Profil recherché :
• Formation : Doctorat en design, UX/UI
• Expérience : 1-2 ans
• Portfolio obligatoire démontrant votre processus de design
• Maîtrise de Figma, Illustrator
• Qualités : Créativité, empathie, esprit d'analyse, sens du détail"
"Designer UX/UI | Design | Figma, ProtoPie, Flinto, Origami Studio","Créez des expériences utilisateur exceptionnelles et des interfaces visuellement attractives.

🎯 Missions principales :
• Concevoir des interfaces e-commerce
• Conduire des recherches utilisateurs (interviews, tests, analytics)
• Créer des wireframes, maquettes et prototypes interactifs
• Maintenir et faire évoluer le design system
• Collaborer avec les développeurs pour l'implémentation
• Animer des ateliers de co-création
• Assurer la cohérence de l'expérience sur tous les supports

💻 Outils créatifs :
Design : Figma, ProtoPie, Flinto, Origami Studio
Prototypage : Framer, ProtoPie
Collaboration : Miro, FigJam, Notion
Research : Optimal Workshop, Hotjar

👤 Profil recherché :
• Formation : Bac+2 en design, UX/UI
• Expérience : Confirmé (3-5 ans)
• Portfolio obligatoire démontrant votre processus de design
• Maîtrise de Figma, ProtoPie
• Qualités : Créativité, empathie, esprit d'analyse, sens du détail"
"UX Designer | Design | Adobe XD, Axure RP, Balsamiq, Justinmind","Créez des expériences utilisateur exceptionnelles et des interfaces visuellement attractives.

🎯 Missions principales :
• Concevoir des interfaces SaaS
• Conduire des recherches utilisateurs (interviews, tests, analytics)
• Créer des wireframes, maquettes et prototypes interactifs
• Maintenir et faire évoluer le design system
• Collaborer avec les développeurs pour l'implémentation
• Animer des ateliers de co-création
• Assurer la cohérence de l'expérience sur tous les supports

💻 Outils créatifs :
Design : Adobe XD, Axure RP, Balsamiq, Justinmind
Prototypage : Framer, ProtoPie
Collaboration : Miro, FigJam, Notion
Research : Optimal Workshop, Hotjar

👤 Profil recherché :
• Formation : Bac+5 en design, UX/UI
• Expérience : 2-3 ans
• Portfolio obligatoire démontrant votre processus de design
• Maîtrise de Adobe XD, Axure RP
• Qualités : Créativité, empathie, esprit d'analyse, sens du détail"
"UI Designer | Design | Illustrator, Photoshop, InDesign, Procreate","Créez des expériences utilisateur exceptionnelles et des interfaces visuellement attractives.

🎯 Missions principales :
• Concevoir des interfaces dashboard
• Conduire des recherches utilisateurs (interviews, tests, analytics)
• Créer des wireframes, maquettes et prototypes interactifs
• Maintenir et faire évoluer le design system
• Collaborer avec les développeurs pour l'implémentation
• Animer des ateliers de co-création
• Assurer la cohérence de l'expérience sur tous les supports

💻 Outils créatifs :
Design : Illustrator, Photoshop, InDesign, Procreate
Prototypage : Framer, ProtoPie
Collaboration : Miro, FigJam, Notion
Research : Optimal Workshop, Hotjar

👤 Profil recherché :
• Formation : Master 2 en design, UX/UI
• Expérience : 1-2 ans
• Portfolio obligatoire démontrant votre processus de design
• Maîtrise de Illustrator, Photoshop
• Qualités : Créativité, empathie, esprit d'analyse, sens du détail"
"Motion Designer | Design | After Effects, Cinema 4D, Premiere Pro, Lottie","Créez des expériences utilisateur exceptionnelles et des interfaces visuellement attractives.

🎯 Missions principales :
• Concevoir des interfaces applications mobiles
• Conduire des recherches utilisateurs (interviews, tests, analytics)
• Créer des wireframes, maquettes et prototypes interactifs
• Maintenir et faire évoluer le design system
• Collaborer avec les développeurs pour l'implémentation
• Animer des ateliers de co-création
• Assurer la cohérence de l'expérience sur tous les supports

💻 Outils créatifs :
Design : After Effects, Cinema 4D, Premiere Pro, Lottie
Prototypage : Figma, Principle
Collaboration : Miro, FigJam, Notion
Research : Optimal Workshop, Hotjar

👤 Profil recherché :
• Formation : Bac+2 en design, UX/UI
• Expérience : 2-3 ans
• Portfolio obligatoire démontrant votre processus de design
• Maîtrise de After Effects, Cinema 4D
• Qualités : Créativité, empathie, esprit d'analyse, sens du détail"
"Designer d'Interaction | Design | Figma, Adobe XD, Sketch, Prototyping","Créez des expériences utilisateur exceptionnelles et des interfaces visuellement attractives.

🎯 Missions principales :
• Concevoir des interfaces dashboard
• Conduire des recherches utilisateurs (interviews, tests, analytics)
• Créer des wireframes, maquettes et prototypes interactifs
• Maintenir et faire évoluer le design system
• Collaborer avec les développeurs pour l'implémentation
• Animer des ateliers de co-création
• Assurer la cohérence de l'expérience sur tous les supports

💻 Outils créatifs :
Design : Figma, Adobe XD, Sketch, Prototyping
Prototypage : Figma, Principle
Collaboration : Miro, FigJam, Notion
Research : Optimal Workshop, Hotjar

👤 Profil recherché :
• Formation : Bac+4 en design, UX/UI
• Expérience : 5+ ans
• Portfolio obligatoire démontrant votre processus de design
• Maîtrise de Figma, Adobe XD
• Qualités : Créativité, empathie, esprit d'analyse, sens du détail"
"UI Designer | Design | Figma, FigJam, Miro, Whimsical","Créez des expériences utilisateur exceptionnelles et des interfaces visuellement attractives.

🎯 Missions principales :
• Concevoir des interfaces SaaS
• Conduire des recherches utilisateurs (interviews, tests, analytics)
• Créer des wireframes, maquettes et prototypes interactifs
• Maintenir et faire évoluer le design system
• Collaborer avec les développeurs pour l'implémentation
• Animer des ateliers de co-création
• Assurer la cohérence de l'expérience sur tous les supports

💻 Outils créatifs :
Design : Figma, FigJam, Miro, Whimsical
Prototypage : Figma, Principle
Collaboration : Miro, FigJam, Notion
Research : Optimal Workshop, Hotjar

👤 Profil recherché :
• Formation : Bac+3 en design, UX/UI
• Expérience : 5+ ans
• Portfolio obligatoire démontrant votre processus de design
• Maîtrise de Figma, FigJam
• Qualités : Créativité, empathie, esprit d'analyse, sens du détail"
"Design System Manager | Design | Figma, FigJam, Miro, Whimsical","Créez des expériences utilisateur exceptionnelles et des interfaces visuellement attractives.

🎯 Missions principales :
• Concevoir des interfaces dashboard
• Conduire des recherches utilisateurs (interviews, tests, analytics)
• Créer des wireframes, maquettes et prototypes interactifs
• Maintenir et faire évoluer le design system
• Collaborer avec les développeurs pour l'implémentation
• Animer des ateliers de co-création
• Assurer la cohérence de l'expérience sur tous les supports

💻 Outils créatifs :
Design : Figma, FigJam, Miro, Whimsical
Prototypage : Framer, ProtoPie
Collaboration : Miro, FigJam, Notion
Research : Optimal Workshop, Hotjar

👤 Profil recherché :
• Formation : DUT en design, UX/UI
• Expérience : 5+ ans
• Portfolio obligatoire démontrant votre processus de design
• Maîtrise de Figma, FigJam
• Qualités : Créativité, empathie, esprit d'analyse, sens du détail"
"Design System Manager | Design | Figma, Illustrator, Photoshop, InVision","Créez des expériences utilisateur exceptionnelles et des interfaces visuellement attractives.

🎯 Missions principales :
• Concevoir des interfaces e-commerce
• Conduire des recherches utilisateurs (interviews, tests, analytics)
• Créer des wireframes, maquettes et prototypes interactifs
• Maintenir et faire évoluer le design system
• Collaborer avec les développeurs pour l'implémentation
• Animer des ateliers de co-création
• Assurer la cohérence de l'expérience sur tous les supports

💻 Outils créatifs :
Design : Figma, Illustrator, Photoshop, InVision
Prototypage : Framer, ProtoPie
Collaboration : Miro, FigJam, Notion
Research : Optimal Workshop, Hotjar

👤 Profil recherché :
• Formation : Bac+5 en design, UX/UI
• Expérience : 7+ ans
• Portfolio obligatoire démontrant votre processus de design
• Maîtrise de Figma, Illustrator
• Qualités : Créativité, empathie, esprit d'analyse, sens du détail"
"Brand Designer | Design | Illustrator, CorelDRAW, Affinity Designer, Inkscape","Créez des expériences utilisateur exceptionnelles et des interfaces visuellement attractives.

🎯 Missions principales :
• Concevoir des interfaces dashboard
• Conduire des recherches utilisateurs (interviews, tests, analytics)
• Créer des wireframes, maquettes et prototypes interactifs
• Maintenir et faire évoluer le design system
• Collaborer avec les développeurs pour l'implémentation
• Animer des ateliers de co-création
• Assurer la cohérence de l'expérience sur tous les supports

💻 Outils créatifs :
Design : Illustrator, CorelDRAW, Affinity Designer, Inkscape
Prototypage : Adobe XD, InVision
Collaboration : Miro, FigJam, Notion
Research : Optimal Workshop, Hotjar

👤 Profil recherché :
• Formation : Licence en design, UX/UI
• Expérience : 1-2 ans
• Portfolio obligatoire démontrant votre processus de design
• Maîtrise de Illustrator, CorelDRAW
• Qualités : Créativité, empathie, esprit d'analyse, sens du détail"
"Designer UX/UI | Design | Illustrator, Photoshop, InDesign, Procreate","Créez des expériences utilisateur exceptionnelles et des interfaces visuellement attractives.

🎯 Missions principales :
• Concevoir des interfaces web et mobile
• Conduire des recherches utilisateurs (interviews, tests, analytics)
• Créer des wireframes, maquettes et prototypes interactifs
• Maintenir et faire évoluer le design system
• Collaborer avec les développeurs pour l'implémentation
• Animer des ateliers de co-création
• Assurer la cohérence de l'expérience sur tous les supports

💻 Outils créatifs :
Design : Illustrator, Photoshop, InDesign, Procreate
Prototypage : Adobe XD, InVision
Collaboration : Miro, FigJam, Notion
Research : Optimal Workshop, Hotjar

👤 Profil recherché :
• Formation : DUT en design, UX/UI
• Expérience : 3-5 ans
• Portfolio obligatoire démontrant votre processus de design
• Maîtrise de Illustrator, Photoshop
• Qualités : Créativité, empathie, esprit d'analyse, sens du détail"
"Design System Manager | Design | Sketch, Lunacy, Gravit Designer, Vectr","Créez des expériences utilisateur exceptionnelles et des interfaces visuellement attractives.

🎯 Missions principales :
• Concevoir des interfaces web et mobile
• Conduire des recherches utilisateurs (interviews, tests, analytics)
• Créer des wireframes, maquettes et prototypes interactifs
• Maintenir et faire évoluer le design system
• Collaborer avec les développeurs pour l'implémentation
• Animer des ateliers de co-création
• Assurer la cohérence de l'expérience sur tous les supports

💻 Outils créatifs :
Design : Sketch, Lunacy, Gravit Designer, Vectr
Prototypage : Figma, Principle
Collaboration : Miro, FigJam, Notion
Research : Optimal Workshop, Hotjar

👤 Profil recherché :
• Formation : Bac+2 en design, UX/UI
• Expérience : 3-5 ans
• Portfolio obligatoire démontrant votre processus de design
• Maîtrise de Sketch, Lunacy
• Qualités : Créativité, empathie, esprit d'analyse, sens du détail"
"UX Designer | Design | Figma, Zeplin, Abstract, Maze","Créez des expériences utilisateur exceptionnelles et des interfaces visuellement attractives.

🎯 Missions principales :
• Concevoir des interfaces e-commerce
• Conduire des recherches utilisateurs (interviews, tests, analytics)
• Créer des wireframes, maquettes et prototypes interactifs
• Maintenir et faire évoluer le design system
• Collaborer avec les développeurs pour l'implémentation
• Animer des ateliers de co-création
• Assurer la cohérence de l'expérience sur tous les supports

💻 Outils créatifs :
Design : Figma, Zeplin, Abstract, Maze
Prototypage : Framer, ProtoPie
Collaboration : Miro, FigJam, Notion
Research : Optimal Workshop, Hotjar

👤 Profil recherché :
• Formation : Bac+3 en design, UX/UI
• Expérience : 10+ ans
• Portfolio obligatoire démontrant votre processus de design
• Maîtrise de Figma, Zeplin
• Qualités : Créativité, empathie, esprit d'analyse, sens du détail"
"Product Designer | Design | Figma, Adobe XD, Sketch, Prototyping","Créez des expériences utilisateur exceptionnelles et des interfaces visuellement attractives.

🎯 Missions principales :
• Concevoir des interfaces dashboard
• Conduire des recherches utilisateurs (interviews, tests, analytics)
• Créer des wireframes, maquettes et prototypes interactifs
• Maintenir et faire évoluer le design system
• Collaborer avec les développeurs pour l'implémentation
• Animer des ateliers de co-création
• Assurer la cohérence de l'expérience sur tous les supports

💻 Outils créatifs :
Design : Figma, Adobe XD, Sketch, Prototyping
Prototypage : Figma, Principle
Collaboration : Miro, FigJam, Notion
Research : Optimal Workshop, Hotjar

👤 Profil recherché :
• Formation : Bac+3 en design, UX/UI
• Expérience : Confirmé (3-5 ans)
• Portfolio obligatoire démontrant votre processus de design
• Maîtrise de Figma, Adobe XD
• Qualités : Créativité, empathie, esprit d'analyse, sens du détail"
"Graphiste | Design | Figma, Adobe XD, Sketch, Prototyping","Créez des expériences utilisateur exceptionnelles et des interfaces visuellement attractives.

🎯 Missions principales :
• Concevoir des interfaces web et mobile
• Conduire des recherches utilisateurs (interviews, tests, analytics)
• Créer des wireframes, maquettes et prototypes interactifs
• Maintenir et faire évoluer le design system
• Collaborer avec les développeurs pour l'implémentation
• Animer des ateliers de co-création
• Assurer la cohérence de l'expérience sur tous les supports

💻 Outils créatifs :
Design : Figma, Adobe XD, Sketch, Prototyping
Prototypage : Adobe XD, InVision
Collaboration : Miro, FigJam, Notion
Research : Optimal Workshop, Hotjar

👤 Profil recherché :
• Formation : BTS en design, UX/UI
• Expérience : Expert (7+ ans)
• Portfolio obligatoire démontrant votre processus de design
• Maîtrise de Figma, Adobe XD
• Qualités : Créativité, empathie, esprit d'analyse, sens du détail"
"Brand Designer | Design | Figma, ProtoPie, Flinto, Origami Studio","Créez des expériences utilisateur exceptionnelles et des interfaces visuellement attractives.

🎯 Missions principales :
• Concevoir des interfaces SaaS
• Conduire des recherches utilisateurs (interviews, tests, analytics)
• Créer des wireframes, maquettes et prototypes interactifs
• Maintenir et faire évoluer le design system
• Collaborer avec les développeurs pour l'implémentation
• Animer des ateliers de co-création
• Assurer la cohérence de l'expérience sur tous les supports

💻 Outils créatifs :
Design : Figma, ProtoPie, Flinto, Origami Studio
Prototypage : Adobe XD, InVision
Collaboration : Miro, FigJam, Notion
Research : Optimal Workshop, Hotjar

👤 Profil recherché :
• Formation : Licence en design, UX/UI
• Expérience : 10+ ans
• Portfolio obligatoire démontrant votre processus de design
• Maîtrise de Figma, ProtoPie
• Qualités : Créativité, empathie, esprit d'analyse, sens du détail"
"Design System Manager | Design | Figma, Illustrator, Photoshop, InVision","Créez des expériences utilisateur exceptionnelles et des interfaces visuellement attractives.

🎯 Missions principales :
• Concevoir des interfaces e-commerce
• Conduire des recherches utilisateurs (interviews, tests, analytics)
• Créer des wireframes, maquettes et prototypes interactifs
• Maintenir et faire évoluer le design system
• Collaborer avec les développeurs pour l'implémentation
• Animer des ateliers de co-création
• Assurer la cohérence de l'expérience sur tous les supports

💻 Outils créatifs :
Design : Figma, Illustrator, Photoshop, InVision
Prototypage : Figma, Principle
Collaboration : Miro, FigJam, Notion
Research : Optimal Workshop, Hotjar

👤 Profil recherché :
• Formation : Bac+2 en design, UX/UI
• Expérience : Junior (0-2 ans)
• Portfolio obligatoire démontrant votre processus de design
• Maîtrise de Figma, Illustrator
• Qualités : Créativité, empathie, esprit d'analyse, sens du détail"
"Graphiste | Design | Figma, FigJam, Miro, Whimsical","Créez des expériences utilisateur exceptionnelles et des interfaces visuellement attractives.

🎯 Missions principales :
• Concevoir des interfaces e-commerce
• Conduire des recherches utilisateurs (interviews, tests, analytics)
• Créer des wireframes, maquettes et prototypes interactifs
• Maintenir et faire évoluer le design system
• Collaborer avec les développeurs pour l'implémentation
• Animer des ateliers de co-création
• Assurer la cohérence de l'expérience sur tous les supports

💻 Outils créatifs :
Design : Figma, FigJam, Miro, Whimsical
Prototypage : Framer, ProtoPie
Collaboration : Miro, FigJam, Notion
Research : Optimal Workshop, Hotjar

👤 Profil recherché :
• Formation : Licence en design, UX/UI
• Expérience : 1-2 ans
• Portfolio obligatoire démontrant votre processus de design
• Maîtrise de Figma, FigJam
• Qualités : Créativité, empathie, esprit d'analyse, sens du détail"
"UI Designer | Design | Figma, FigJam, Miro, Whimsical","Créez des expériences utilisateur exceptionnelles et des interfaces visuellement attractives.

🎯 Missions principales :
• Concevoir des interfaces applications mobiles
• Conduire des recherches utilisateurs (interviews, tests, analytics)
• Créer des wireframes, maquettes et prototypes interactifs
• Maintenir et faire évoluer le design system
• Collaborer avec les développeurs pour l'implémentation
• Animer des ateliers de co-création
• Assurer la cohérence de l'expérience sur tous les supports

💻 Outils créatifs :
Design : Figma, FigJam, Miro, Whimsical
Prototypage : Adobe XD, InVision
Collaboration : Miro, FigJam, Notion
Research : Optimal Workshop, Hotjar

👤 Profil recherché :
• Formation : Bac+3 en design, UX/UI
• Expérience : Confirmé (3-5 ans)
• Portfolio obligatoire démontrant votre processus de design
• Maîtrise de Figma, FigJam
• Qualités : Créativité, empathie, esprit d'analyse, sens du détail"
"UI Designer | Design | Figma, FigJam, Miro, Whimsical","Créez des expériences utilisateur exceptionnelles et des interfaces visuellement attractives.

🎯 Missions principales :
• Concevoir des interfaces e-commerce
• Conduire des recherches utilisateurs (interviews, tests, analytics)
• Créer des wireframes, maquettes et prototypes interactifs
• Maintenir et faire évoluer le design system
• Collaborer avec les développeurs pour l'implémentation
• Animer des ateliers de co-création
• Assurer la cohérence de l'expérience sur tous les supports

💻 Outils créatifs :
Design : Figma, FigJam, Miro, Whimsical
Prototypage : Framer, ProtoPie
Collaboration : Miro, FigJam, Notion
Research : Optimal Workshop, Hotjar

👤 Profil recherché :
• Formation : Doctorat en design, UX/UI
• Expérience : Junior (0-2 ans)
• Portfolio obligatoire démontrant votre processus de design
• Maîtrise de Figma, FigJam
• Qualités : Créativité, empathie, esprit d'analyse, sens du détail"
"Creative Director | Design | Photoshop, GIMP, Affinity Photo, Lightroom","Créez des expériences utilisateur exceptionnelles et des interfaces visuellement attractives.

🎯 Missions principales :
• Concevoir des interfaces dashboard
• Conduire des recherches utilisateurs (interviews, tests, analytics)
• Créer des wireframes, maquettes et prototypes interactifs
• Maintenir et faire évoluer le design system
• Collaborer avec les développeurs pour l'implémentation
• Animer des ateliers de co-création
• Assurer la cohérence de l'expérience sur tous les supports

💻 Outils créatifs :
Design : Photoshop, GIMP, Affinity Photo, Lightroom
Prototypage : Framer, ProtoPie
Collaboration : Miro, FigJam, Notion
Research : Optimal Workshop, Hotjar

👤 Profil recherché :
• Formation : Doctorat en design, UX/UI
• Expérience : Junior (0-2 ans)
• Portfolio obligatoire démontrant votre processus de design
• Maîtrise de Photoshop, GIMP
• Qualités : Créativité, empathie, esprit d'analyse, sens du détail"
"Brand Designer | Design | Illustrator, CorelDRAW, Affinity Designer, Inkscape","Créez des expériences utilisateur exceptionnelles et des interfaces visuellement attractives.

🎯 Missions principales :
• Concevoir des interfaces e-commerce
• Conduire des recherches utilisateurs (interviews, tests, analytics)
• Créer des wireframes, maquettes et prototypes interactifs
• Maintenir et faire évoluer le design system
• Collaborer avec les développeurs pour l'implémentation
• Animer des ateliers de co-création
• Assurer la cohérence de l'expérience sur tous les supports

💻 Outils créatifs :
Design : Illustrator, CorelDRAW, Affinity Designer, Inkscape
Prototypage : Adobe XD, InVision
Collaboration : Miro, FigJam, Notion
Research : Optimal Workshop, Hotjar

👤 Profil recherché :
• Formation : BTS en design, UX/UI
• Expérience : 2-3 ans
• Portfolio obligatoire démontrant votre processus de design
• Maîtrise de Illustrator, CorelDRAW
• Qualités : Créativité, empathie, esprit d'analyse, sens du détail"
"UI Designer | Design | Illustrator, Photoshop, InDesign, Procreate","Créez des expériences utilisateur exceptionnelles et des interfaces visuellement attractives.

🎯 Missions principales :
• Concevoir des interfaces SaaS
• Conduire des recherches utilisateurs (interviews, tests, analytics)
• Créer des wireframes, maquettes et prototypes interactifs
• Maintenir et faire évoluer le design system
• Collaborer avec les développeurs pour l'implémentation
• Animer des ateliers de co-création
• Assurer la cohérence de l'expérience sur tous les supports

💻 Outils créatifs :
Design : Illustrator, Photoshop, InDesign, Procreate
Prototypage : Adobe XD, InVision
Collaboration : Miro, FigJam, Notion
Research : Optimal Workshop, Hotjar

👤 Profil recherché :
• Formation : BTS en design, UX/UI
• Expérience : Senior (5+ ans)
• Portfolio obligatoire démontrant votre processus de design
• Maîtrise de Illustrator, Photoshop
• Qualités : Créativité, empathie, esprit d'analyse, sens du détail"
"Designer UX/UI | Design | Adobe XD, InVision Studio, Marvel, Proto.io","Créez des expériences utilisateur exceptionnelles et des interfaces visuellement attractives.

🎯 Missions principales :
• Concevoir des interfaces SaaS
• Conduire des recherches utilisateurs (interviews, tests, analytics)
• Créer des wireframes, maquettes et prototypes interactifs
• Maintenir et faire évoluer le design system
• Collaborer avec les développeurs pour l'implémentation
• Animer des ateliers de co-création
• Assurer la cohérence de l'expérience sur tous les supports

💻 Outils créatifs :
Design : Adobe XD, InVision Studio, Marvel, Proto.io
Prototypage : Figma, Principle
Collaboration : Miro, FigJam, Notion
Research : Optimal Workshop, Hotjar

👤 Profil recherché :
• Formation : BTS en design, UX/UI
• Expérience : 3-5 ans
• Portfolio obligatoire démontrant votre processus de design
• Maîtrise de Adobe XD, InVision Studio
• Qualités : Créativité, empathie, esprit d'analyse, sens du détail"
"Designer UX/UI | Design | Adobe XD, Axure RP, Balsamiq, Justinmind","Créez des expériences utilisateur exceptionnelles et des interfaces visuellement attractives.

🎯 Missions principales :
• Concevoir des interfaces e-commerce
• Conduire des recherches utilisateurs (interviews, tests, analytics)
• Créer des wireframes, maquettes et prototypes interactifs
• Maintenir et faire évoluer le design system
• Collaborer avec les développeurs pour l'implémentation
• Animer des ateliers de co-création
• Assurer la cohérence de l'expérience sur tous les supports

💻 Outils créatifs :
Design : Adobe XD, Axure RP, Balsamiq, Justinmind
Prototypage : Figma, Principle
Collaboration : Miro, FigJam, Notion
Research : Optimal Workshop, Hotjar

👤 Profil recherché :
• Formation : Bac+2 en design, UX/UI
• Expérience : 3-5 ans
• Portfolio obligatoire démontrant votre processus de design
• Maîtrise de Adobe XD, Axure RP
• Qualités : Créativité, empathie, esprit d'analyse, sens du détail"
"Motion Designer | Design | Adobe XD, InVision Studio, Marvel, Proto.io","Créez des expériences utilisateur exceptionnelles et des interfaces visuellement attractives.

🎯 Missions principales :
• Concevoir des interfaces dashboard
• Conduire des recherches utilisateurs (interviews, tests, analytics)
• Créer des wireframes, maquettes et prototypes interactifs
• Maintenir et faire évoluer le design system
• Collaborer avec les développeurs pour l'implémentation
• Animer des ateliers de co-création
• Assurer la cohérence de l'expérience sur tous les supports

💻 Outils créatifs :
Design : Adobe XD, InVision Studio, Marvel, Proto.io
Prototypage : Adobe XD, InVision
Collaboration : Miro, FigJam, Notion
Research : Optimal Workshop, Hotjar

👤 Profil recherché :
• Formation : Bac+2 en design, UX/UI
• Expérience : 1-2 ans
• Portfolio obligatoire démontrant votre processus de design
• Maîtrise de Adobe XD, InVision Studio
• Qualités : Créativité, empathie, esprit d'analyse, sens du détail"
"UI Designer | Design | Adobe XD, Axure RP, Balsamiq, Justinmind","Créez des expériences utilisateur exceptionnelles et des interfaces visuellement attractives.

🎯 Missions principales :
• Concevoir des interfaces e-commerce
• Conduire des recherches utilisateurs (interviews, tests, analytics)
• Créer des wireframes, maquettes et prototypes interactifs
• Maintenir et faire évoluer le design system
• Collaborer avec les développeurs pour l'implémentation
• Animer des ateliers de co-création
• Assurer la cohérence de l'expérience sur tous les supports

💻 Outils créatifs :
Design : Adobe XD, Axure RP, Balsamiq, Justinmind
Prototypage : Adobe XD, InVision
Collaboration : Miro, FigJam, Notion
Research : Optimal Workshop, Hotjar

👤 Profil recherché :
• Formation : Bac+4 en design, UX/UI
• Expérience : Junior (0-2 ans)
• Portfolio obligatoire démontrant votre processus de design
• Maîtrise de Adobe XD, Axure RP
• Qualités : Créativité, empathie, esprit d'analyse, sens du détail"
"Motion Designer | Design | Illustrator, CorelDRAW, Affinity Designer, Inkscape","Créez des expériences utilisateur exceptionnelles et des interfaces visuellement attractives.

🎯 Missions principales :
• Concevoir des interfaces e-commerce
• Conduire des recherches utilisateurs (interviews, tests, analytics)
• Créer des wireframes, maquettes et prototypes interactifs
• Maintenir et faire évoluer le design system
• Collaborer avec les développeurs pour l'implémentation
• Animer des ateliers de co-création
• Assurer la cohérence de l'expérience sur tous les supports

💻 Outils créatifs :
Design : Illustrator, CorelDRAW, Affinity Designer, Inkscape
Prototypage : Figma, Principle
Collaboration : Miro, FigJam, Notion
Research : Optimal Workshop, Hotjar

👤 Profil recherché :
• Formation : Bac+5 en design, UX/UI
• Expérience : 3-5 ans
• Portfolio obligatoire démontrant votre processus de design
• Maîtrise de Illustrator, CorelDRAW
• Qualités : Créativité, empathie, esprit d'analyse, sens du détail"
"Designer d'Interaction | Design | After Effects, Blender, DaVinci Resolve, Final Cut","Créez des expériences utilisateur exceptionnelles et des interfaces visuellement attractives.

🎯 Missions principales :
• Concevoir des interfaces e-commerce
• Conduire des recherches utilisateurs (interviews, tests, analytics)
• Créer des wireframes, maquettes et prototypes interactifs
• Maintenir et faire évoluer le design system
• Collaborer avec les développeurs pour l'implémentation
• Animer des ateliers de co-création
• Assurer la cohérence de l'expérience sur tous les supports

💻 Outils créatifs :
Design : After Effects, Blender, DaVinci Resolve, Final Cut
Prototypage : Figma, Principle
Collaboration : Miro, FigJam, Notion
Research : Optimal Workshop, Hotjar

👤 Profil recherché :
• Formation : Licence en design, UX/UI
• Expérience : 1-2 ans
• Portfolio obligatoire démontrant votre processus de design
• Maîtrise de After Effects, Blender
• Qualités : Créativité, empathie, esprit d'analyse, sens du détail"
"Motion Designer | Design | Illustrator, CorelDRAW, Affinity Designer, Inkscape","Créez des expériences utilisateur exceptionnelles et des interfaces visuellement attractives.

🎯 Missions principales :
• Concevoir des interfaces web et mobile
• Conduire des recherches utilisateurs (interviews, tests, analytics)
• Créer des wireframes, maquettes et prototypes interactifs
• Maintenir et faire évoluer le design system
• Collaborer avec les développeurs pour l'implémentation
• Animer des ateliers de co-création
• Assurer la cohérence de l'expérience sur tous les supports

💻 Outils créatifs :
Design : Illustrator, CorelDRAW, Affinity Designer, Inkscape
Prototypage : Adobe XD, InVision
Collaboration : Miro, FigJam, Notion
Research : Optimal Workshop, Hotjar

👤 Profil recherché :
• Formation : Bac+4 en design, UX/UI
• Expérience : 1-2 ans
• Portfolio obligatoire démontrant votre processus de design
• Maîtrise de Illustrator, CorelDRAW
• Qualités : Créativité, empathie, esprit d'analyse, sens du détail"
"Creative Director | Design | Figma, FigJam, Miro, Whimsical","Créez des expériences utilisateur exceptionnelles et des interfaces visuellement attractives.

🎯 Missions principales :
• Concevoir des interfaces dashboard
• Conduire des recherches utilisateurs (interviews, tests, analytics)
• Créer des wireframes, maquettes et prototypes interactifs
• Maintenir et faire évoluer le design system
• Collaborer avec les développeurs pour l'implémentation
• Animer des ateliers de co-création
• Assurer la cohérence de l'expérience sur tous les supports

💻 Outils créatifs :
Design : Figma, FigJam, Miro, Whimsical
Prototypage : Framer, ProtoPie
Collaboration : Miro, FigJam, Notion
Research : Optimal Workshop, Hotjar

👤 Profil recherché :
• Formation : Doctorat en design, UX/UI
• Expérience : Expert (7+ ans)
• Portfolio obligatoire démontrant votre processus de design
• Maîtrise de Figma, FigJam
• Qualités : Créativité, empathie, esprit d'analyse, sens du détail"
"Responsable Marketing Digital | Marketing | Google Tag Manager, Hotjar, Crazy Egg, Mixpanel","Développez notre présence digitale et générez des leads qualifiés grâce à des stratégies marketing innovantes.

🎯 Missions principales :
• Définir et piloter la stratégie acquisition
• Gérer les campagnes Social Media
• Analyser les performances et optimiser le ROI
• Créer du contenu engageant pour différents canaux
• Gérer le budget marketing et reporting
• Collaborer avec les équipes sales et produit
• Assurer une veille concurrentielle active

💻 Outils marketing :
Acquisition : Google Tag Manager, Hotjar, Crazy Egg, Mixpanel
Analytics : Google Analytics, Data Studio
Automation : Mailchimp, Sendinblue
Social Media : LinkedIn, Facebook, Instagram, Twitter

👤 Profil recherché :
• Formation : DUT en marketing digital
• Expérience : 2-3 ans
• Maîtrise de Google Tag Manager, Hotjar
• ROI-driven avec excellente compréhension des KPIs
• Qualités : Créativité, esprit analytique, leadership, adaptabilité"
"CRM Manager | Marketing | Canva Pro, Adobe Creative Suite, Visme, Piktochart","Développez notre présence digitale et générez des leads qualifiés grâce à des stratégies marketing innovantes.

🎯 Missions principales :
• Définir et piloter la stratégie marketing digital
• Gérer les campagnes Display
• Analyser les performances et optimiser le ROI
• Créer du contenu engageant pour différents canaux
• Gérer le budget marketing et reporting
• Collaborer avec les équipes sales et produit
• Assurer une veille concurrentielle active

💻 Outils marketing :
Acquisition : Canva Pro, Adobe Creative Suite, Visme, Piktochart
Analytics : Google Analytics, Data Studio
Automation : Pardot, ActiveCampaign
Social Media : LinkedIn, Facebook, Instagram, Twitter

👤 Profil recherché :
• Formation : Licence en marketing digital
• Expérience : Expert (7+ ans)
• Maîtrise de Canva Pro, Adobe Creative Suite
• ROI-driven avec excellente compréhension des KPIs
• Qualités : Créativité, esprit analytique, leadership, adaptabilité"
"Growth Hacker | Marketing | SEMrush, SpyFu, Similarweb, BuzzSumo","Développez notre présence digitale et générez des leads qualifiés grâce à des stratégies marketing innovantes.

🎯 Missions principales :
• Définir et piloter la stratégie content marketing
• Gérer les campagnes SEO
• Analyser les performances et optimiser le ROI
• Créer du contenu engageant pour différents canaux
• Gérer le budget marketing et reporting
• Collaborer avec les équipes sales et produit
• Assurer une veille concurrentielle active

💻 Outils marketing :
Acquisition : SEMrush, SpyFu, Similarweb, BuzzSumo
Analytics : Google Analytics, Data Studio
Automation : HubSpot, Marketo
Social Media : LinkedIn, Facebook, Instagram, Twitter

👤 Profil recherché :
• Formation : Bac+2 en marketing digital
• Expérience : 10+ ans
• Maîtrise de SEMrush, SpyFu
• ROI-driven avec excellente compréhension des KPIs
• Qualités : Créativité, esprit analytique, leadership, adaptabilité"
"Product Marketing Manager | Marketing | Zapier, Make, IFTTT, Integromat","Développez notre présence digitale et générez des leads qualifiés grâce à des stratégies marketing innovantes.

🎯 Missions principales :
• Définir et piloter la stratégie content marketing
• Gérer les campagnes Email Marketing
• Analyser les performances et optimiser le ROI
• Créer du contenu engageant pour différents canaux
• Gérer le budget marketing et reporting
• Collaborer avec les équipes sales et produit
• Assurer une veille concurrentielle active

💻 Outils marketing :
Acquisition : Zapier, Make, IFTTT, Integromat
Analytics : Google Analytics, Data Studio
Automation : HubSpot, Marketo
Social Media : LinkedIn, Facebook, Instagram, Twitter

👤 Profil recherché :
• Formation : BTS en marketing digital
• Expérience : 3-5 ans
• Maîtrise de Zapier, Make
• ROI-driven avec excellente compréhension des KPIs
• Qualités : Créativité, esprit analytique, leadership, adaptabilité"
"Product Marketing Manager | Marketing | Google Ads, LinkedIn Ads, Twitter Ads, TikTok Ads","Développez notre présence digitale et générez des leads qualifiés grâce à des stratégies marketing innovantes.

🎯 Missions principales :
• Définir et piloter la stratégie content marketing
• Gérer les campagnes Email Marketing
• Analyser les performances et optimiser le ROI
• Créer du contenu engageant pour différents canaux
• Gérer le budget marketing et reporting
• Collaborer avec les équipes sales et produit
• Assurer une veille concurrentielle active

💻 Outils marketing :
Acquisition : Google Ads, LinkedIn Ads, Twitter Ads, TikTok Ads
Analytics : Google Analytics, Data Studio
Automation : HubSpot, Marketo
Social Media : LinkedIn, Facebook, Instagram, Twitter

👤 Profil recherché :
• Formation : DUT en marketing digital
• Expérience : 7+ ans
• Maîtrise de Google Ads, LinkedIn Ads
• ROI-driven avec excellente compréhension des KPIs
• Qualités : Créativité, esprit analytique, leadership, adaptabilité"
"Content Manager | Marketing | Google Tag Manager, Hotjar, Crazy Egg, Mixpanel","Développez notre présence digitale et générez des leads qualifiés grâce à des stratégies marketing innovantes.

🎯 Missions principales :
• Définir et piloter la stratégie marketing digital
• Gérer les campagnes Email Marketing
• Analyser les performances et optimiser le ROI
• Créer du contenu engageant pour différents canaux
• Gérer le budget marketing et reporting
• Collaborer avec les équipes sales et produit
• Assurer une veille concurrentielle active

💻 Outils marketing :
Acquisition : Google Tag Manager, Hotjar, Crazy Egg, Mixpanel
Analytics : Google Analytics, Data Studio
Automation : Mailchimp, Sendinblue
Social Media : LinkedIn, Facebook, Instagram, Twitter

👤 Profil recherché :
• Formation : BTS en marketing digital
• Expérience : Senior (5+ ans)
• Maîtrise de Google Tag Manager, Hotjar
• ROI-driven avec excellente compréhension des KPIs
• Qualités : Créativité, esprit analytique, leadership, adaptabilité"
"CRM Manager | Marketing | Google Tag Manager, Hotjar, Crazy Egg, Mixpanel","Développez notre présence digitale et générez des leads qualifiés grâce à des stratégies marketing innovantes.

🎯 Missions principales :
• Définir et piloter la stratégie content marketing
• Gérer les campagnes SEA (Google Ads, LinkedIn)
• Analyser les performances et optimiser le ROI
• Créer du contenu engageant pour différents canaux
• Gérer le budget marketing et reporting
• Collaborer avec les équipes sales et produit
• Assurer une veille concurrentielle active

💻 Outils marketing :
Acquisition : Google Tag Manager, Hotjar, Crazy Egg, Mixpanel
Analytics : Google Analytics, Data Studio
Automation : Mailchimp, Sendinblue
Social Media : LinkedIn, Facebook, Instagram, Twitter

👤 Profil recherché :
• Formation : Bac+2 en marketing digital
• Expérience : 7+ ans
• Maîtrise de Google Tag Manager, Hotjar
• ROI-driven avec excellente compréhension des KPIs
• Qualités : Créativité, esprit analytique, leadership, adaptabilité"
"Content Manager | Marketing | WordPress, Webflow, Contentful, Yoast","Développez notre présence digitale et générez des leads qualifiés grâce à des stratégies marketing innovantes.

🎯 Missions principales :
• Définir et piloter la stratégie marketing digital
• Gérer les campagnes Social Media
• Analyser les performances et optimiser le ROI
• Créer du contenu engageant pour différents canaux
• Gérer le budget marketing et reporting
• Collaborer avec les équipes sales et produit
• Assurer une veille concurrentielle active

💻 Outils marketing :
Acquisition : WordPress, Webflow, Contentful, Yoast
Analytics : Google Analytics, Data Studio
Automation : Pardot, ActiveCampaign
Social Media : LinkedIn, Facebook, Instagram, Twitter

👤 Profil recherché :
• Formation : BTS en marketing digital
• Expérience : 2-3 ans
• Maîtrise de WordPress, Webflow
• ROI-driven avec excellente compréhension des KPIs
• Qualités : Créativité, esprit analytique, leadership, adaptabilité"
"SEO Manager | Marketing | Zapier, Make, IFTTT, Integromat","Développez notre présence digitale et générez des leads qualifiés grâce à des stratégies marketing innovantes.

🎯 Missions principales :
• Définir et piloter la stratégie branding
• Gérer les campagnes SEO
• Analyser les performances et optimiser le ROI
• Créer du contenu engageant pour différents canaux
• Gérer le budget marketing et reporting
• Collaborer avec les équipes sales et produit
• Assurer une veille concurrentielle active

💻 Outils marketing :
Acquisition : Zapier, Make, IFTTT, Integromat
Analytics : Google Analytics, Data Studio
Automation : Mailchimp, Sendinblue
Social Media : LinkedIn, Facebook, Instagram, Twitter

👤 Profil recherché :
• Formation : Bac+3 en marketing digital
• Expérience : 1-2 ans
• Maîtrise de Zapier, Make
• ROI-driven avec excellente compréhension des KPIs
• Qualités : Créativité, esprit analytique, leadership, adaptabilité"
"Content Manager | Marketing | Ahrefs, Moz, Screaming Frog, Ubersuggest","Développez notre présence digitale et générez des leads qualifiés grâce à des stratégies marketing innovantes.

🎯 Missions principales :
• Définir et piloter la stratégie growth
• Gérer les campagnes SEA (Google Ads, LinkedIn)
• Analyser les performances et optimiser le ROI
• Créer du contenu engageant pour différents canaux
• Gérer le budget marketing et reporting
• Collaborer avec les équipes sales et produit
• Assurer une veille concurrentielle active

💻 Outils marketing :
Acquisition : Ahrefs, Moz, Screaming Frog, Ubersuggest
Analytics : Google Analytics, Data Studio
Automation : HubSpot, Marketo
Social Media : LinkedIn, Facebook, Instagram, Twitter

👤 Profil recherché :
• Formation : Master 2 en marketing digital
• Expérience : 3-5 ans
• Maîtrise de Ahrefs, Moz
• ROI-driven avec excellente compréhension des KPIs
• Qualités : Créativité, esprit analytique, leadership, adaptabilité"
"Growth Hacker | Marketing | Ahrefs, Moz, Screaming Frog, Ubersuggest","Développez notre présence digitale et générez des leads qualifiés grâce à des stratégies marketing innovantes.

🎯 Missions principales :
• Définir et piloter la stratégie acquisition
• Gérer les campagnes SEA (Google Ads, LinkedIn)
• Analyser les performances et optimiser le ROI
• Créer du contenu engageant pour différents canaux
• Gérer le budget marketing et reporting
• Collaborer avec les équipes sales et produit
• Assurer une veille concurrentielle active

💻 Outils marketing :
Acquisition : Ahrefs, Moz, Screaming Frog, Ubersuggest
Analytics : Google Analytics, Data Studio
Automation : Mailchimp, Sendinblue
Social Media : LinkedIn, Facebook, Instagram, Twitter

👤 Profil recherché :
• Formation : Bac+3 en marketing digital
• Expérience : 3-5 ans
• Maîtrise de Ahrefs, Moz
• ROI-driven avec excellente compréhension des KPIs
• Qualités : Créativité, esprit analytique, leadership, adaptabilité"
"Marketing Automation Specialist | Marketing | Hootsuite, Buffer, Canva, Meta Business Suite","Développez notre présence digitale et générez des leads qualifiés grâce à des stratégies marketing innovantes.

🎯 Missions principales :
• Définir et piloter la stratégie growth
• Gérer les campagnes SEA (Google Ads, LinkedIn)
• Analyser les performances et optimiser le ROI
• Créer du contenu engageant pour différents canaux
• Gérer le budget marketing et reporting
• Collaborer avec les équipes sales et produit
• Assurer une veille concurrentielle active

💻 Outils marketing :
Acquisition : Hootsuite, Buffer, Canva, Meta Business Suite
Analytics : Google Analytics, Data Studio
Automation : Pardot, ActiveCampaign
Social Media : LinkedIn, Facebook, Instagram, Twitter

👤 Profil recherché :
• Formation : Master 2 en marketing digital
• Expérience : 7+ ans
• Maîtrise de Hootsuite, Buffer
• ROI-driven avec excellente compréhension des KPIs
• Qualités : Créativité, esprit analytique, leadership, adaptabilité"
"Marketing Automation Specialist | Marketing | HubSpot, Mailchimp, Salesforce, Google Analytics","Développez notre présence digitale et générez des leads qualifiés grâce à des stratégies marketing innovantes.

🎯 Missions principales :
• Définir et piloter la stratégie acquisition
• Gérer les campagnes Social Media
• Analyser les performances et optimiser le ROI
• Créer du contenu engageant pour différents canaux
• Gérer le budget marketing et reporting
• Collaborer avec les équipes sales et produit
• Assurer une veille concurrentielle active

💻 Outils marketing :
Acquisition : HubSpot, Mailchimp, Salesforce, Google Analytics
Analytics : Google Analytics, Data Studio
Automation : Pardot, ActiveCampaign
Social Media : LinkedIn, Facebook, Instagram, Twitter

👤 Profil recherché :
• Formation : Licence en marketing digital
• Expérience : 7+ ans
• Maîtrise de HubSpot, Mailchimp
• ROI-driven avec excellente compréhension des KPIs
• Qualités : Créativité, esprit analytique, leadership, adaptabilité"
"Responsable Marketing Digital | Marketing | Mailchimp, SendGrid, Sendinblue, ConvertKit","Développez notre présence digitale et générez des leads qualifiés grâce à des stratégies marketing innovantes.

🎯 Missions principales :
• Définir et piloter la stratégie growth
• Gérer les campagnes SEO
• Analyser les performances et optimiser le ROI
• Créer du contenu engageant pour différents canaux
• Gérer le budget marketing et reporting
• Collaborer avec les équipes sales et produit
• Assurer une veille concurrentielle active

💻 Outils marketing :
Acquisition : Mailchimp, SendGrid, Sendinblue, ConvertKit
Analytics : Google Analytics, Data Studio
Automation : Mailchimp, Sendinblue
Social Media : LinkedIn, Facebook, Instagram, Twitter

👤 Profil recherché :
• Formation : Bac+2 en marketing digital
• Expérience : 5+ ans
• Maîtrise de Mailchimp, SendGrid
• ROI-driven avec excellente compréhension des KPIs
• Qualités : Créativité, esprit analytique, leadership, adaptabilité"
"Content Manager | Marketing | Ahrefs, Moz, Screaming Frog, Ubersuggest","Développez notre présence digitale et générez des leads qualifiés grâce à des stratégies marketing innovantes.

🎯 Missions principales :
• Définir et piloter la stratégie branding
• Gérer les campagnes Display
• Analyser les performances et optimiser le ROI
• Créer du contenu engageant pour différents canaux
• Gérer le budget marketing et reporting
• Collaborer avec les équipes sales et produit
• Assurer une veille concurrentielle active

💻 Outils marketing :
Acquisition : Ahrefs, Moz, Screaming Frog, Ubersuggest
Analytics : Google Analytics, Data Studio
Automation : HubSpot, Marketo
Social Media : LinkedIn, Facebook, Instagram, Twitter

👤 Profil recherché :
• Formation : Licence en marketing digital
• Expérience : 5+ ans
• Maîtrise de Ahrefs, Moz
• ROI-driven avec excellente compréhension des KPIs
• Qualités : Créativité, esprit analytique, leadership, adaptabilité"
"CRM Manager | Marketing | Canva Pro, Adobe Creative Suite, Visme, Piktochart","Développez notre présence digitale et générez des leads qualifiés grâce à des stratégies marketing innovantes.

🎯 Missions principales :
• Définir et piloter la stratégie marketing digital
• Gérer les campagnes SEA (Google Ads, LinkedIn)
• Analyser les performances et optimiser le ROI
• Créer du contenu engageant pour différents canaux
• Gérer le budget marketing et reporting
• Collaborer avec les équipes sales et produit
• Assurer une veille concurrentielle active

💻 Outils marketing :
Acquisition : Canva Pro, Adobe Creative Suite, Visme, Piktochart
Analytics : Google Analytics, Data Studio
Automation : Pardot, ActiveCampaign
Social Media : LinkedIn, Facebook, Instagram, Twitter

👤 Profil recherché :
• Formation : Licence en marketing digital
• Expérience : 2-3 ans
• Maîtrise de Canva Pro, Adobe Creative Suite
• ROI-driven avec excellente compréhension des KPIs
• Qualités : Créativité, esprit analytique, leadership, adaptabilité"
"Social Media Manager | Marketing | Zapier, Make, IFTTT, Integromat","Développez notre présence digitale et générez des leads qualifiés grâce à des stratégies marketing innovantes.

🎯 Missions principales :
• Définir et piloter la stratégie acquisition
• Gérer les campagnes Social Media
• Analyser les performances et optimiser le ROI
• Créer du contenu engageant pour différents canaux
• Gérer le budget marketing et reporting
• Collaborer avec les équipes sales et produit
• Assurer une veille concurrentielle active

💻 Outils marketing :
Acquisition : Zapier, Make, IFTTT, Integromat
Analytics : Google Analytics, Data Studio
Automation : HubSpot, Marketo
Social Media : LinkedIn, Facebook, Instagram, Twitter

👤 Profil recherché :
• Formation : Bac+5 en marketing digital
• Expérience : Junior (0-2 ans)
• Maîtrise de Zapier, Make
• ROI-driven avec excellente compréhension des KPIs
• Qualités : Créativité, esprit analytique, leadership, adaptabilité"
"Social Media Manager | Marketing | HubSpot, Mailchimp, Salesforce, Google Analytics","Développez notre présence digitale et générez des leads qualifiés grâce à des stratégies marketing innovantes.

🎯 Missions principales :
• Définir et piloter la stratégie branding
• Gérer les campagnes Social Media
• Analyser les performances et optimiser le ROI
• Créer du contenu engageant pour différents canaux
• Gérer le budget marketing et reporting
• Collaborer avec les équipes sales et produit
• Assurer une veille concurrentielle active

💻 Outils marketing :
Acquisition : HubSpot, Mailchimp, Salesforce, Google Analytics
Analytics : Google Analytics, Data Studio
Automation : HubSpot, Marketo
Social Media : LinkedIn, Facebook, Instagram, Twitter

👤 Profil recherché :
• Formation : Doctorat en marketing digital
• Expérience : Junior (0-2 ans)
• Maîtrise de HubSpot, Mailchimp
• ROI-driven avec excellente compréhension des KPIs
• Qualités : Créativité, esprit analytique, leadership, adaptabilité"
"SEO Manager | Marketing | SEO, SEMrush, Ahrefs, Google Search Console","Développez notre présence digitale et générez des leads qualifiés grâce à des stratégies marketing innovantes.

🎯 Missions principales :
• Définir et piloter la stratégie acquisition
• Gérer les campagnes Display
• Analyser les performances et optimiser le ROI
• Créer du contenu engageant pour différents canaux
• Gérer le budget marketing et reporting
• Collaborer avec les équipes sales et produit
• Assurer une veille concurrentielle active

💻 Outils marketing :
Acquisition : SEO, SEMrush, Ahrefs, Google Search Console
Analytics : Google Analytics, Data Studio
Automation : Pardot, ActiveCampaign
Social Media : LinkedIn, Facebook, Instagram, Twitter

👤 Profil recherché :
• Formation : Doctorat en marketing digital
• Expérience : Senior (5+ ans)
• Maîtrise de SEO, SEMrush
• ROI-driven avec excellente compréhension des KPIs
• Qualités : Créativité, esprit analytique, leadership, adaptabilité"
"Chef de Projet Marketing | Marketing | Hootsuite, Buffer, Canva, Meta Business Suite","Développez notre présence digitale et générez des leads qualifiés grâce à des stratégies marketing innovantes.

🎯 Missions principales :
• Définir et piloter la stratégie branding
• Gérer les campagnes Display
• Analyser les performances et optimiser le ROI
• Créer du contenu engageant pour différents canaux
• Gérer le budget marketing et reporting
• Collaborer avec les équipes sales et produit
• Assurer une veille concurrentielle active

💻 Outils marketing :
Acquisition : Hootsuite, Buffer, Canva, Meta Business Suite
Analytics : Google Analytics, Data Studio
Automation : HubSpot, Marketo
Social Media : LinkedIn, Facebook, Instagram, Twitter

👤 Profil recherché :
• Formation : Bac+3 en marketing digital
• Expérience : 7+ ans
• Maîtrise de Hootsuite, Buffer
• ROI-driven avec excellente compréhension des KPIs
• Qualités : Créativité, esprit analytique, leadership, adaptabilité"
"Responsable Marketing Digital | Marketing | HubSpot, Mailchimp, Salesforce, Google Analytics","Développez notre présence digitale et générez des leads qualifiés grâce à des stratégies marketing innovantes.

🎯 Missions principales :
• Définir et piloter la stratégie branding
• Gérer les campagnes SEA (Google Ads, LinkedIn)
• Analyser les performances et optimiser le ROI
• Créer du contenu engageant pour différents canaux
• Gérer le budget marketing et reporting
• Collaborer avec les équipes sales et produit
• Assurer une veille concurrentielle active

💻 Outils marketing :
Acquisition : HubSpot, Mailchimp, Salesforce, Google Analytics
Analytics : Google Analytics, Data Studio
Automation : HubSpot, Marketo
Social Media : LinkedIn, Facebook, Instagram, Twitter

👤 Profil recherché :
• Formation : Licence en marketing digital
• Expérience : Expert (7+ ans)
• Maîtrise de HubSpot, Mailchimp
• ROI-driven avec excellente compréhension des KPIs
• Qualités : Créativité, esprit analytique, leadership, adaptabilité"
"Product Marketing Manager | Marketing | Google Tag Manager, Hotjar, Crazy Egg, Mixpanel","Développez notre présence digitale et générez des leads qualifiés grâce à des stratégies marketing innovantes.

🎯 Missions principales :
• Définir et piloter la stratégie content marketing
• Gérer les campagnes SEA (Google Ads, LinkedIn)
• Analyser les performances et optimiser le ROI
• Créer du contenu engageant pour différents canaux
• Gérer le budget marketing et reporting
• Collaborer avec les équipes sales et produit
• Assurer une veille concurrentielle active

💻 Outils marketing :
Acquisition : Google Tag Manager, Hotjar, Crazy Egg, Mixpanel
Analytics : Google Analytics, Data Studio
Automation : Mailchimp, Sendinblue
Social Media : LinkedIn, Facebook, Instagram, Twitter

👤 Profil recherché :
• Formation : Bac+2 en marketing digital
• Expérience : Junior (0-2 ans)
• Maîtrise de Google Tag Manager, Hotjar
• ROI-driven avec excellente compréhension des KPIs
• Qualités : Créativité, esprit analytique, leadership, adaptabilité"
"SEO Manager | Marketing | Google Ads, Facebook Ads, Analytics, SEMrush","Développez notre présence digitale et générez des leads qualifiés grâce à des stratégies marketing innovantes.

🎯 Missions principales :
• Définir et piloter la stratégie marketing digital
• Gérer les campagnes SEO
• Analyser les performances et optimiser le ROI
• Créer du contenu engageant pour différents canaux
• Gérer le budget marketing et reporting
• Collaborer avec les équipes sales et produit
• Assurer une veille concurrentielle active

💻 Outils marketing :
Acquisition : Google Ads, Facebook Ads, Analytics, SEMrush
Analytics : Google Analytics, Data Studio
Automation : HubSpot, Marketo
Social Media : LinkedIn, Facebook, Instagram, Twitter

👤 Profil recherché :
• Formation : BTS en marketing digital
• Expérience : Senior (5+ ans)
• Maîtrise de Google Ads, Facebook Ads
• ROI-driven avec excellente compréhension des KPIs
• Qualités : Créativité, esprit analytique, leadership, adaptabilité"
"Content Manager | Marketing | Canva Pro, Adobe Creative Suite, Visme, Piktochart","Développez notre présence digitale et générez des leads qualifiés grâce à des stratégies marketing innovantes.

🎯 Missions principales :
• Définir et piloter la stratégie growth
• Gérer les campagnes Social Media
• Analyser les performances et optimiser le ROI
• Créer du contenu engageant pour différents canaux
• Gérer le budget marketing et reporting
• Collaborer avec les équipes sales et produit
• Assurer une veille concurrentielle active

💻 Outils marketing :
Acquisition : Canva Pro, Adobe Creative Suite, Visme, Piktochart
Analytics : Google Analytics, Data Studio
Automation : HubSpot, Marketo
Social Media : LinkedIn, Facebook, Instagram, Twitter

👤 Profil recherché :
• Formation : Licence en marketing digital
• Expérience : Confirmé (3-5 ans)
• Maîtrise de Canva Pro, Adobe Creative Suite
• ROI-driven avec excellente compréhension des KPIs
• Qualités : Créativité, esprit analytique, leadership, adaptabilité"
"Marketing Automation Specialist | Marketing | Zapier, Make, IFTTT, Integromat","Développez notre présence digitale et générez des leads qualifiés grâce à des stratégies marketing innovantes.

🎯 Missions principales :
• Définir et piloter la stratégie marketing digital
• Gérer les campagnes Display
• Analyser les performances et optimiser le ROI
• Créer du contenu engageant pour différents canaux
• Gérer le budget marketing et reporting
• Collaborer avec les équipes sales et produit
• Assurer une veille concurrentielle active

💻 Outils marketing :
Acquisition : Zapier, Make, IFTTT, Integromat
Analytics : Google Analytics, Data Studio
Automation : HubSpot, Marketo
Social Media : LinkedIn, Facebook, Instagram, Twitter

👤 Profil recherché :
• Formation : DUT en marketing digital
• Expérience : 10+ ans
• Maîtrise de Zapier, Make
• ROI-driven avec excellente compréhension des KPIs
• Qualités : Créativité, esprit analytique, leadership, adaptabilité"
"Content Manager | Marketing | Google Ads, Facebook Ads, Analytics, SEMrush","Développez notre présence digitale et générez des leads qualifiés grâce à des stratégies marketing innovantes.

🎯 Missions principales :
• Définir et piloter la stratégie acquisition
• Gérer les campagnes SEA (Google Ads, LinkedIn)
• Analyser les performances et optimiser le ROI
• Créer du contenu engageant pour différents canaux
• Gérer le budget marketing et reporting
• Collaborer avec les équipes sales et produit
• Assurer une veille concurrentielle active

💻 Outils marketing :
Acquisition : Google Ads, Facebook Ads, Analytics, SEMrush
Analytics : Google Analytics, Data Studio
Automation : HubSpot, Marketo
Social Media : LinkedIn, Facebook, Instagram, Twitter

👤 Profil recherché :
• Formation : Licence en marketing digital
• Expérience : 3-5 ans
• Maîtrise de Google Ads, Facebook Ads
• ROI-driven avec excellente compréhension des KPIs
• Qualités : Créativité, esprit analytique, leadership, adaptabilité"
"SEO Manager | Marketing | Shopify, WooCommerce, Magento, PrestaShop","Développez notre présence digitale et générez des leads qualifiés grâce à des stratégies marketing innovantes.

🎯 Missions principales :
• Définir et piloter la stratégie content marketing
• Gérer les campagnes SEA (Google Ads, LinkedIn)
• Analyser les performances et optimiser le ROI
• Créer du contenu engageant pour différents canaux
• Gérer le budget marketing et reporting
• Collaborer avec les équipes sales et produit
• Assurer une veille concurrentielle active

💻 Outils marketing :
Acquisition : Shopify, WooCommerce, Magento, PrestaShop
Analytics : Google Analytics, Data Studio
Automation : Mailchimp, Sendinblue
Social Media : LinkedIn, Facebook, Instagram, Twitter

👤 Profil recherché :
• Formation : Bac+3 en marketing digital
• Expérience : Junior (0-2 ans)
• Maîtrise de Shopify, WooCommerce
• ROI-driven avec excellente compréhension des KPIs
• Qualités : Créativité, esprit analytique, leadership, adaptabilité"
"CRM Manager | Marketing | Mailchimp, SendGrid, Sendinblue, ConvertKit","Développez notre présence digitale et générez des leads qualifiés grâce à des stratégies marketing innovantes.

🎯 Missions principales :
• Définir et piloter la stratégie marketing digital
• Gérer les campagnes Email Marketing
• Analyser les performances et optimiser le ROI
• Créer du contenu engageant pour différents canaux
• Gérer le budget marketing et reporting
• Collaborer avec les équipes sales et produit
• Assurer une veille concurrentielle active

💻 Outils marketing :
Acquisition : Mailchimp, SendGrid, Sendinblue, ConvertKit
Analytics : Google Analytics, Data Studio
Automation : HubSpot, Marketo
Social Media : LinkedIn, Facebook, Instagram, Twitter

👤 Profil recherché :
• Formation : Bac+2 en marketing digital
• Expérience : Junior (0-2 ans)
• Maîtrise de Mailchimp, SendGrid
• ROI-driven avec excellente compréhension des KPIs
• Qualités : Créativité, esprit analytique, leadership, adaptabilité"
"Responsable Marketing Digital | Marketing | Google Ads, LinkedIn Ads, Twitter Ads, TikTok Ads","Développez notre présence digitale et générez des leads qualifiés grâce à des stratégies marketing innovantes.

🎯 Missions principales :
• Définir et piloter la stratégie acquisition
• Gérer les campagnes Email Marketing
• Analyser les performances et optimiser le ROI
• Créer du contenu engageant pour différents canaux
• Gérer le budget marketing et reporting
• Collaborer avec les équipes sales et produit
• Assurer une veille concurrentielle active

💻 Outils marketing :
Acquisition : Google Ads, LinkedIn Ads, Twitter Ads, TikTok Ads
Analytics : Google Analytics, Data Studio
Automation : Pardot, ActiveCampaign
Social Media : LinkedIn, Facebook, Instagram, Twitter

👤 Profil recherché :
• Formation : BTS en marketing digital
• Expérience : Senior (5+ ans)
• Maîtrise de Google Ads, LinkedIn Ads
• ROI-driven avec excellente compréhension des KPIs
• Qualités : Créativité, esprit analytique, leadership, adaptabilité"
"Growth Hacker | Marketing | HubSpot, Pardot, Marketo, ActiveCampaign","Développez notre présence digitale et générez des leads qualifiés grâce à des stratégies marketing innovantes.

🎯 Missions principales :
• Définir et piloter la stratégie acquisition
• Gérer les campagnes Display
• Analyser les performances et optimiser le ROI
• Créer du contenu engageant pour différents canaux
• Gérer le budget marketing et reporting
• Collaborer avec les équipes sales et produit
• Assurer une veille concurrentielle active

💻 Outils marketing :
Acquisition : HubSpot, Pardot, Marketo, ActiveCampaign
Analytics : Google Analytics, Data Studio
Automation : Mailchimp, Sendinblue
Social Media : LinkedIn, Facebook, Instagram, Twitter

👤 Profil recherché :
• Formation : Bac+4 en marketing digital
• Expérience : Junior (0-2 ans)
• Maîtrise de HubSpot, Pardot
• ROI-driven avec excellente compréhension des KPIs
• Qualités : Créativité, esprit analytique, leadership, adaptabilité"
"Social Media Manager | Marketing | WordPress, Webflow, Contentful, Yoast","Développez notre présence digitale et générez des leads qualifiés grâce à des stratégies marketing innovantes.

🎯 Missions principales :
• Définir et piloter la stratégie acquisition
• Gérer les campagnes SEA (Google Ads, LinkedIn)
• Analyser les performances et optimiser le ROI
• Créer du contenu engageant pour différents canaux
• Gérer le budget marketing et reporting
• Collaborer avec les équipes sales et produit
• Assurer une veille concurrentielle active

💻 Outils marketing :
Acquisition : WordPress, Webflow, Contentful, Yoast
Analytics : Google Analytics, Data Studio
Automation : HubSpot, Marketo
Social Media : LinkedIn, Facebook, Instagram, Twitter

👤 Profil recherché :
• Formation : Bac+5 en marketing digital
• Expérience : Expert (7+ ans)
• Maîtrise de WordPress, Webflow
• ROI-driven avec excellente compréhension des KPIs
• Qualités : Créativité, esprit analytique, leadership, adaptabilité"
"SEO Manager | Marketing | Zapier, Make, IFTTT, Integromat","Développez notre présence digitale et générez des leads qualifiés grâce à des stratégies marketing innovantes.

🎯 Missions principales :
• Définir et piloter la stratégie branding
• Gérer les campagnes Display
• Analyser les performances et optimiser le ROI
• Créer du contenu engageant pour différents canaux
• Gérer le budget marketing et reporting
• Collaborer avec les équipes sales et produit
• Assurer une veille concurrentielle active

💻 Outils marketing :
Acquisition : Zapier, Make, IFTTT, Integromat
Analytics : Google Analytics, Data Studio
Automation : HubSpot, Marketo
Social Media : LinkedIn, Facebook, Instagram, Twitter

👤 Profil recherché :
• Formation : Doctorat en marketing digital
• Expérience : Confirmé (3-5 ans)
• Maîtrise de Zapier, Make
• ROI-driven avec excellente compréhension des KPIs
• Qualités : Créativité, esprit analytique, leadership, adaptabilité"
"Product Marketing Manager | Marketing | Mailchimp, SendGrid, Sendinblue, ConvertKit","Développez notre présence digitale et générez des leads qualifiés grâce à des stratégies marketing innovantes.

🎯 Missions principales :
• Définir et piloter la stratégie content marketing
• Gérer les campagnes Display
• Analyser les performances et optimiser le ROI
• Créer du contenu engageant pour différents canaux
• Gérer le budget marketing et reporting
• Collaborer avec les équipes sales et produit
• Assurer une veille concurrentielle active

💻 Outils marketing :
Acquisition : Mailchimp, SendGrid, Sendinblue, ConvertKit
Analytics : Google Analytics, Data Studio
Automation : HubSpot, Marketo
Social Media : LinkedIn, Facebook, Instagram, Twitter

👤 Profil recherché :
• Formation : Bac+3 en marketing digital
• Expérience : 2-3 ans
• Maîtrise de Mailchimp, SendGrid
• ROI-driven avec excellente compréhension des KPIs
• Qualités : Créativité, esprit analytique, leadership, adaptabilité"
"Traffic Manager | Marketing | Zapier, Make, IFTTT, Integromat","Développez notre présence digitale et générez des leads qualifiés grâce à des stratégies marketing innovantes.

🎯 Missions principales :
• Définir et piloter la stratégie branding
• Gérer les campagnes Display
• Analyser les performances et optimiser le ROI
• Créer du contenu engageant pour différents canaux
• Gérer le budget marketing et reporting
• Collaborer avec les équipes sales et produit
• Assurer une veille concurrentielle active

💻 Outils marketing :
Acquisition : Zapier, Make, IFTTT, Integromat
Analytics : Google Analytics, Data Studio
Automation : Pardot, ActiveCampaign
Social Media : LinkedIn, Facebook, Instagram, Twitter

👤 Profil recherché :
• Formation : Master 2 en marketing digital
• Expérience : 2-3 ans
• Maîtrise de Zapier, Make
• ROI-driven avec excellente compréhension des KPIs
• Qualités : Créativité, esprit analytique, leadership, adaptabilité"
"Product Marketing Manager | Marketing | HubSpot, Pardot, Marketo, ActiveCampaign","Développez notre présence digitale et générez des leads qualifiés grâce à des stratégies marketing innovantes.

🎯 Missions principales :
• Définir et piloter la stratégie growth
• Gérer les campagnes SEO
• Analyser les performances et optimiser le ROI
• Créer du contenu engageant pour différents canaux
• Gérer le budget marketing et reporting
• Collaborer avec les équipes sales et produit
• Assurer une veille concurrentielle active

💻 Outils marketing :
Acquisition : HubSpot, Pardot, Marketo, ActiveCampaign
Analytics : Google Analytics, Data Studio
Automation : HubSpot, Marketo
Social Media : LinkedIn, Facebook, Instagram, Twitter

👤 Profil recherché :
• Formation : Bac+3 en marketing digital
• Expérience : Junior (0-2 ans)
• Maîtrise de HubSpot, Pardot
• ROI-driven avec excellente compréhension des KPIs
• Qualités : Créativité, esprit analytique, leadership, adaptabilité"
"Content Manager | Marketing | Google Ads, LinkedIn Ads, Twitter Ads, TikTok Ads","Développez notre présence digitale et générez des leads qualifiés grâce à des stratégies marketing innovantes.

🎯 Missions principales :
• Définir et piloter la stratégie content marketing
• Gérer les campagnes Email Marketing
• Analyser les performances et optimiser le ROI
• Créer du contenu engageant pour différents canaux
• Gérer le budget marketing et reporting
• Collaborer avec les équipes sales et produit
• Assurer une veille concurrentielle active

💻 Outils marketing :
Acquisition : Google Ads, LinkedIn Ads, Twitter Ads, TikTok Ads
Analytics : Google Analytics, Data Studio
Automation : HubSpot, Marketo
Social Media : LinkedIn, Facebook, Instagram, Twitter

👤 Profil recherché :
• Formation : Bac+2 en marketing digital
• Expérience : 7+ ans
• Maîtrise de Google Ads, LinkedIn Ads
• ROI-driven avec excellente compréhension des KPIs
• Qualités : Créativité, esprit analytique, leadership, adaptabilité"
"Traffic Manager | Marketing | Google Ads, LinkedIn Ads, Twitter Ads, TikTok Ads","Développez notre présence digitale et générez des leads qualifiés grâce à des stratégies marketing innovantes.

🎯 Missions principales :
• Définir et piloter la stratégie branding
• Gérer les campagnes Display
• Analyser les performances et optimiser le ROI
• Créer du contenu engageant pour différents canaux
• Gérer le budget marketing et reporting
• Collaborer avec les équipes sales et produit
• Assurer une veille concurrentielle active

💻 Outils marketing :
Acquisition : Google Ads, LinkedIn Ads, Twitter Ads, TikTok Ads
Analytics : Google Analytics, Data Studio
Automation : HubSpot, Marketo
Social Media : LinkedIn, Facebook, Instagram, Twitter

👤 Profil recherché :
• Formation : Bac+4 en marketing digital
• Expérience : Junior (0-2 ans)
• Maîtrise de Google Ads, LinkedIn Ads
• ROI-driven avec excellente compréhension des KPIs
• Qualités : Créativité, esprit analytique, leadership, adaptabilité"
"SEO Manager | Marketing | SEO, SEMrush, Ahrefs, Google Search Console","Développez notre présence digitale et générez des leads qualifiés grâce à des stratégies marketing innovantes.

🎯 Missions principales :
• Définir et piloter la stratégie content marketing
• Gérer les campagnes Social Media
• Analyser les performances et optimiser le ROI
• Créer du contenu engageant pour différents canaux
• Gérer le budget marketing et reporting
• Collaborer avec les équipes sales et produit
• Assurer une veille concurrentielle active

💻 Outils marketing :
Acquisition : SEO, SEMrush, Ahrefs, Google Search Console
Analytics : Google Analytics, Data Studio
Automation : HubSpot, Marketo
Social Media : LinkedIn, Facebook, Instagram, Twitter

👤 Profil recherché :
• Formation : DUT en marketing digital
• Expérience : 5+ ans
• Maîtrise de SEO, SEMrush
• ROI-driven avec excellente compréhension des KPIs
• Qualités : Créativité, esprit analytique, leadership, adaptabilité"
"Growth Hacker | Marketing | Google Ads, LinkedIn Ads, Twitter Ads, TikTok Ads","Développez notre présence digitale et générez des leads qualifiés grâce à des stratégies marketing innovantes.

🎯 Missions principales :
• Définir et piloter la stratégie branding
• Gérer les campagnes Social Media
• Analyser les performances et optimiser le ROI
• Créer du contenu engageant pour différents canaux
• Gérer le budget marketing et reporting
• Collaborer avec les équipes sales et produit
• Assurer une veille concurrentielle active

💻 Outils marketing :
Acquisition : Google Ads, LinkedIn Ads, Twitter Ads, TikTok Ads
Analytics : Google Analytics, Data Studio
Automation : Pardot, ActiveCampaign
Social Media : LinkedIn, Facebook, Instagram, Twitter

👤 Profil recherché :
• Formation : Bac+3 en marketing digital
• Expérience : 1-2 ans
• Maîtrise de Google Ads, LinkedIn Ads
• ROI-driven avec excellente compréhension des KPIs
• Qualités : Créativité, esprit analytique, leadership, adaptabilité"
"Traffic Manager | Marketing | HubSpot, Mailchimp, Salesforce, Google Analytics","Développez notre présence digitale et générez des leads qualifiés grâce à des stratégies marketing innovantes.

🎯 Missions principales :
• Définir et piloter la stratégie content marketing
• Gérer les campagnes Display
• Analyser les performances et optimiser le ROI
• Créer du contenu engageant pour différents canaux
• Gérer le budget marketing et reporting
• Collaborer avec les équipes sales et produit
• Assurer une veille concurrentielle active

💻 Outils marketing :
Acquisition : HubSpot, Mailchimp, Salesforce, Google Analytics
Analytics : Google Analytics, Data Studio
Automation : Mailchimp, Sendinblue
Social Media : LinkedIn, Facebook, Instagram, Twitter

👤 Profil recherché :
• Formation : Bac+5 en marketing digital
• Expérience : 10+ ans
• Maîtrise de HubSpot, Mailchimp
• ROI-driven avec excellente compréhension des KPIs
• Qualités : Créativité, esprit analytique, leadership, adaptabilité"
"Chef de Projet Marketing | Marketing | SEMrush, SpyFu, Similarweb, BuzzSumo","Développez notre présence digitale et générez des leads qualifiés grâce à des stratégies marketing innovantes.

🎯 Missions principales :
• Définir et piloter la stratégie content marketing
• Gérer les campagnes Email Marketing
• Analyser les performances et optimiser le ROI
• Créer du contenu engageant pour différents canaux
• Gérer le budget marketing et reporting
• Collaborer avec les équipes sales et produit
• Assurer une veille concurrentielle active

💻 Outils marketing :
Acquisition : SEMrush, SpyFu, Similarweb, BuzzSumo
Analytics : Google Analytics, Data Studio
Automation : Pardot, ActiveCampaign
Social Media : LinkedIn, Facebook, Instagram, Twitter

👤 Profil recherché :
• Formation : Bac+2 en marketing digital
• Expérience : Junior (0-2 ans)
• Maîtrise de SEMrush, SpyFu
• ROI-driven avec excellente compréhension des KPIs
• Qualités : Créativité, esprit analytique, leadership, adaptabilité"
"Social Media Manager | Marketing | Canva Pro, Adobe Creative Suite, Visme, Piktochart","Développez notre présence digitale et générez des leads qualifiés grâce à des stratégies marketing innovantes.

🎯 Missions principales :
• Définir et piloter la stratégie branding
• Gérer les campagnes Display
• Analyser les performances et optimiser le ROI
• Créer du contenu engageant pour différents canaux
• Gérer le budget marketing et reporting
• Collaborer avec les équipes sales et produit
• Assurer une veille concurrentielle active

💻 Outils marketing :
Acquisition : Canva Pro, Adobe Creative Suite, Visme, Piktochart
Analytics : Google Analytics, Data Studio
Automation : Mailchimp, Sendinblue
Social Media : LinkedIn, Facebook, Instagram, Twitter

👤 Profil recherché :
• Formation : DUT en marketing digital
• Expérience : 10+ ans
• Maîtrise de Canva Pro, Adobe Creative Suite
• ROI-driven avec excellente compréhension des KPIs
• Qualités : Créativité, esprit analytique, leadership, adaptabilité"
"Traffic Manager | Marketing | SEO, SEMrush, Ahrefs, Google Search Console","Développez notre présence digitale et générez des leads qualifiés grâce à des stratégies marketing innovantes.

🎯 Missions principales :
• Définir et piloter la stratégie branding
• Gérer les campagnes SEA (Google Ads, LinkedIn)
• Analyser les performances et optimiser le ROI
• Créer du contenu engageant pour différents canaux
• Gérer le budget marketing et reporting
• Collaborer avec les équipes sales et produit
• Assurer une veille concurrentielle active

💻 Outils marketing :
Acquisition : SEO, SEMrush, Ahrefs, Google Search Console
Analytics : Google Analytics, Data Studio
Automation : HubSpot, Marketo
Social Media : LinkedIn, Facebook, Instagram, Twitter

👤 Profil recherché :
• Formation : Master 2 en marketing digital
• Expérience : 10+ ans
• Maîtrise de SEO, SEMrush
• ROI-driven avec excellente compréhension des KPIs
• Qualités : Créativité, esprit analytique, leadership, adaptabilité"
"Chef de Projet Marketing | Marketing | SEO, SEMrush, Ahrefs, Google Search Console","Développez notre présence digitale et générez des leads qualifiés grâce à des stratégies marketing innovantes.

🎯 Missions principales :
• Définir et piloter la stratégie acquisition
• Gérer les campagnes SEO
• Analyser les performances et optimiser le ROI
• Créer du contenu engageant pour différents canaux
• Gérer le budget marketing et reporting
• Collaborer avec les équipes sales et produit
• Assurer une veille concurrentielle active

💻 Outils marketing :
Acquisition : SEO, SEMrush, Ahrefs, Google Search Console
Analytics : Google Analytics, Data Studio
Automation : Pardot, ActiveCampaign
Social Media : LinkedIn, Facebook, Instagram, Twitter

👤 Profil recherché :
• Formation : Bac+4 en marketing digital
• Expérience : 7+ ans
• Maîtrise de SEO, SEMrush
• ROI-driven avec excellente compréhension des KPIs
• Qualités : Créativité, esprit analytique, leadership, adaptabilité"
"Traffic Manager | Marketing | WordPress, Webflow, Contentful, Yoast","Développez notre présence digitale et générez des leads qualifiés grâce à des stratégies marketing innovantes.

🎯 Missions principales :
• Définir et piloter la stratégie growth
• Gérer les campagnes Email Marketing
• Analyser les performances et optimiser le ROI
• Créer du contenu engageant pour différents canaux
• Gérer le budget marketing et reporting
• Collaborer avec les équipes sales et produit
• Assurer une veille concurrentielle active

💻 Outils marketing :
Acquisition : WordPress, Webflow, Contentful, Yoast
Analytics : Google Analytics, Data Studio
Automation : HubSpot, Marketo
Social Media : LinkedIn, Facebook, Instagram, Twitter

👤 Profil recherché :
• Formation : Master 2 en marketing digital
• Expérience : 1-2 ans
• Maîtrise de WordPress, Webflow
• ROI-driven avec excellente compréhension des KPIs
• Qualités : Créativité, esprit analytique, leadership, adaptabilité"
"Traffic Manager | Marketing | Google Ads, LinkedIn Ads, Twitter Ads, TikTok Ads","Développez notre présence digitale et générez des leads qualifiés grâce à des stratégies marketing innovantes.

🎯 Missions principales :
• Définir et piloter la stratégie acquisition
• Gérer les campagnes Email Marketing
• Analyser les performances et optimiser le ROI
• Créer du contenu engageant pour différents canaux
• Gérer le budget marketing et reporting
• Collaborer avec les équipes sales et produit
• Assurer une veille concurrentielle active

💻 Outils marketing :
Acquisition : Google Ads, LinkedIn Ads, Twitter Ads, TikTok Ads
Analytics : Google Analytics, Data Studio
Automation : HubSpot, Marketo
Social Media : LinkedIn, Facebook, Instagram, Twitter

👤 Profil recherché :
• Formation : Master 2 en marketing digital
• Expérience : 2-3 ans
• Maîtrise de Google Ads, LinkedIn Ads
• ROI-driven avec excellente compréhension des KPIs
• Qualités : Créativité, esprit analytique, leadership, adaptabilité"
"Social Media Manager | Marketing | Canva Pro, Adobe Creative Suite, Visme, Piktochart","Développez notre présence digitale et générez des leads qualifiés grâce à des stratégies marketing innovantes.

🎯 Missions principales :
• Définir et piloter la stratégie branding
• Gérer les campagnes SEA (Google Ads, LinkedIn)
• Analyser les performances et optimiser le ROI
• Créer du contenu engageant pour différents canaux
• Gérer le budget marketing et reporting
• Collaborer avec les équipes sales et produit
• Assurer une veille concurrentielle active

💻 Outils marketing :
Acquisition : Canva Pro, Adobe Creative Suite, Visme, Piktochart
Analytics : Google Analytics, Data Studio
Automation : Pardot, ActiveCampaign
Social Media : LinkedIn, Facebook, Instagram, Twitter

👤 Profil recherché :
• Formation : DUT en marketing digital
• Expérience : 1-2 ans
• Maîtrise de Canva Pro, Adobe Creative Suite
• ROI-driven avec excellente compréhension des KPIs
• Qualités : Créativité, esprit analytique, leadership, adaptabilité"
"Chef de Projet Marketing | Marketing | Mailchimp, SendGrid, Sendinblue, ConvertKit","Développez notre présence digitale et générez des leads qualifiés grâce à des stratégies marketing innovantes.

🎯 Missions principales :
• Définir et piloter la stratégie marketing digital
• Gérer les campagnes SEA (Google Ads, LinkedIn)
• Analyser les performances et optimiser le ROI
• Créer du contenu engageant pour différents canaux
• Gérer le budget marketing et reporting
• Collaborer avec les équipes sales et produit
• Assurer une veille concurrentielle active

💻 Outils marketing :
Acquisition : Mailchimp, SendGrid, Sendinblue, ConvertKit
Analytics : Google Analytics, Data Studio
Automation : HubSpot, Marketo
Social Media : LinkedIn, Facebook, Instagram, Twitter

👤 Profil recherché :
• Formation : Bac+4 en marketing digital
• Expérience : Senior (5+ ans)
• Maîtrise de Mailchimp, SendGrid
• ROI-driven avec excellente compréhension des KPIs
• Qualités : Créativité, esprit analytique, leadership, adaptabilité"
"Product Marketing Manager | Marketing | Hootsuite, Buffer, Canva, Meta Business Suite","Développez notre présence digitale et générez des leads qualifiés grâce à des stratégies marketing innovantes.

🎯 Missions principales :
• Définir et piloter la stratégie content marketing
• Gérer les campagnes Email Marketing
• Analyser les performances et optimiser le ROI
• Créer du contenu engageant pour différents canaux
• Gérer le budget marketing et reporting
• Collaborer avec les équipes sales et produit
• Assurer une veille concurrentielle active

💻 Outils marketing :
Acquisition : Hootsuite, Buffer, Canva, Meta Business Suite
Analytics : Google Analytics, Data Studio
Automation : HubSpot, Marketo
Social Media : LinkedIn, Facebook, Instagram, Twitter

👤 Profil recherché :
• Formation : Master 2 en marketing digital
• Expérience : 1-2 ans
• Maîtrise de Hootsuite, Buffer
• ROI-driven avec excellente compréhension des KPIs
• Qualités : Créativité, esprit analytique, leadership, adaptabilité"
"Traffic Manager | Marketing | Ahrefs, Moz, Screaming Frog, Ubersuggest","Développez notre présence digitale et générez des leads qualifiés grâce à des stratégies marketing innovantes.

🎯 Missions principales :
• Définir et piloter la stratégie marketing digital
• Gérer les campagnes SEO
• Analyser les performances et optimiser le ROI
• Créer du contenu engageant pour différents canaux
• Gérer le budget marketing et reporting
• Collaborer avec les équipes sales et produit
• Assurer une veille concurrentielle active

💻 Outils marketing :
Acquisition : Ahrefs, Moz, Screaming Frog, Ubersuggest
Analytics : Google Analytics, Data Studio
Automation : Mailchimp, Sendinblue
Social Media : LinkedIn, Facebook, Instagram, Twitter

👤 Profil recherché :
• Formation : BTS en marketing digital
• Expérience : 10+ ans
• Maîtrise de Ahrefs, Moz
• ROI-driven avec excellente compréhension des KPIs
• Qualités : Créativité, esprit analytique, leadership, adaptabilité"
"Chef de Projet Marketing | Marketing | Mailchimp, SendGrid, Sendinblue, ConvertKit","Développez notre présence digitale et générez des leads qualifiés grâce à des stratégies marketing innovantes.

🎯 Missions principales :
• Définir et piloter la stratégie branding
• Gérer les campagnes SEO
• Analyser les performances et optimiser le ROI
• Créer du contenu engageant pour différents canaux
• Gérer le budget marketing et reporting
• Collaborer avec les équipes sales et produit
• Assurer une veille concurrentielle active

💻 Outils marketing :
Acquisition : Mailchimp, SendGrid, Sendinblue, ConvertKit
Analytics : Google Analytics, Data Studio
Automation : Mailchimp, Sendinblue
Social Media : LinkedIn, Facebook, Instagram, Twitter

👤 Profil recherché :
• Formation : Licence en marketing digital
• Expérience : 5+ ans
• Maîtrise de Mailchimp, SendGrid
• ROI-driven avec excellente compréhension des KPIs
• Qualités : Créativité, esprit analytique, leadership, adaptabilité"
"Social Media Manager | Marketing | Ahrefs, Moz, Screaming Frog, Ubersuggest","Développez notre présence digitale et générez des leads qualifiés grâce à des stratégies marketing innovantes.

🎯 Missions principales :
• Définir et piloter la stratégie branding
• Gérer les campagnes SEA (Google Ads, LinkedIn)
• Analyser les performances et optimiser le ROI
• Créer du contenu engageant pour différents canaux
• Gérer le budget marketing et reporting
• Collaborer avec les équipes sales et produit
• Assurer une veille concurrentielle active

💻 Outils marketing :
Acquisition : Ahrefs, Moz, Screaming Frog, Ubersuggest
Analytics : Google Analytics, Data Studio
Automation : Pardot, ActiveCampaign
Social Media : LinkedIn, Facebook, Instagram, Twitter

👤 Profil recherché :
• Formation : Bac+5 en marketing digital
• Expérience : Senior (5+ ans)
• Maîtrise de Ahrefs, Moz
• ROI-driven avec excellente compréhension des KPIs
• Qualités : Créativité, esprit analytique, leadership, adaptabilité"
"Product Marketing Manager | Marketing | HubSpot, Pardot, Marketo, ActiveCampaign","Développez notre présence digitale et générez des leads qualifiés grâce à des stratégies marketing innovantes.

🎯 Missions principales :
• Définir et piloter la stratégie acquisition
• Gérer les campagnes Social Media
• Analyser les performances et optimiser le ROI
• Créer du contenu engageant pour différents canaux
• Gérer le budget marketing et reporting
• Collaborer avec les équipes sales et produit
• Assurer une veille concurrentielle active

💻 Outils marketing :
Acquisition : HubSpot, Pardot, Marketo, ActiveCampaign
Analytics : Google Analytics, Data Studio
Automation : HubSpot, Marketo
Social Media : LinkedIn, Facebook, Instagram, Twitter

👤 Profil recherché :
• Formation : Bac+4 en marketing digital
• Expérience : 1-2 ans
• Maîtrise de HubSpot, Pardot
• ROI-driven avec excellente compréhension des KPIs
• Qualités : Créativité, esprit analytique, leadership, adaptabilité"
"Marketing Automation Specialist | Marketing | WordPress, Webflow, Contentful, Yoast","Développez notre présence digitale et générez des leads qualifiés grâce à des stratégies marketing innovantes.

🎯 Missions principales :
• Définir et piloter la stratégie acquisition
• Gérer les campagnes Display
• Analyser les performances et optimiser le ROI
• Créer du contenu engageant pour différents canaux
• Gérer le budget marketing et reporting
• Collaborer avec les équipes sales et produit
• Assurer une veille concurrentielle active

💻 Outils marketing :
Acquisition : WordPress, Webflow, Contentful, Yoast
Analytics : Google Analytics, Data Studio
Automation : HubSpot, Marketo
Social Media : LinkedIn, Facebook, Instagram, Twitter

👤 Profil recherché :
• Formation : Bac+2 en marketing digital
• Expérience : 1-2 ans
• Maîtrise de WordPress, Webflow
• ROI-driven avec excellente compréhension des KPIs
• Qualités : Créativité, esprit analytique, leadership, adaptabilité"
"Marketing Automation Specialist | Marketing | Sprout Social, Later, Planoly, ContentCal","Développez notre présence digitale et générez des leads qualifiés grâce à des stratégies marketing innovantes.

🎯 Missions principales :
• Définir et piloter la stratégie growth
• Gérer les campagnes SEO
• Analyser les performances et optimiser le ROI
• Créer du contenu engageant pour différents canaux
• Gérer le budget marketing et reporting
• Collaborer avec les équipes sales et produit
• Assurer une veille concurrentielle active

💻 Outils marketing :
Acquisition : Sprout Social, Later, Planoly, ContentCal
Analytics : Google Analytics, Data Studio
Automation : HubSpot, Marketo
Social Media : LinkedIn, Facebook, Instagram, Twitter

👤 Profil recherché :
• Formation : DUT en marketing digital
• Expérience : Expert (7+ ans)
• Maîtrise de Sprout Social, Later
• ROI-driven avec excellente compréhension des KPIs
• Qualités : Créativité, esprit analytique, leadership, adaptabilité"
"SEO Manager | Marketing | Ahrefs, Moz, Screaming Frog, Ubersuggest","Développez notre présence digitale et générez des leads qualifiés grâce à des stratégies marketing innovantes.

🎯 Missions principales :
• Définir et piloter la stratégie acquisition
• Gérer les campagnes SEA (Google Ads, LinkedIn)
• Analyser les performances et optimiser le ROI
• Créer du contenu engageant pour différents canaux
• Gérer le budget marketing et reporting
• Collaborer avec les équipes sales et produit
• Assurer une veille concurrentielle active

💻 Outils marketing :
Acquisition : Ahrefs, Moz, Screaming Frog, Ubersuggest
Analytics : Google Analytics, Data Studio
Automation : Pardot, ActiveCampaign
Social Media : LinkedIn, Facebook, Instagram, Twitter

👤 Profil recherché :
• Formation : Doctorat en marketing digital
• Expérience : Confirmé (3-5 ans)
• Maîtrise de Ahrefs, Moz
• ROI-driven avec excellente compréhension des KPIs
• Qualités : Créativité, esprit analytique, leadership, adaptabilité"
"SEO Manager | Marketing | SEMrush, SpyFu, Similarweb, BuzzSumo","Développez notre présence digitale et générez des leads qualifiés grâce à des stratégies marketing innovantes.

🎯 Missions principales :
• Définir et piloter la stratégie acquisition
• Gérer les campagnes SEO
• Analyser les performances et optimiser le ROI
• Créer du contenu engageant pour différents canaux
• Gérer le budget marketing et reporting
• Collaborer avec les équipes sales et produit
• Assurer une veille concurrentielle active

💻 Outils marketing :
Acquisition : SEMrush, SpyFu, Similarweb, BuzzSumo
Analytics : Google Analytics, Data Studio
Automation : HubSpot, Marketo
Social Media : LinkedIn, Facebook, Instagram, Twitter

👤 Profil recherché :
• Formation : Bac+3 en marketing digital
• Expérience : 7+ ans
• Maîtrise de SEMrush, SpyFu
• ROI-driven avec excellente compréhension des KPIs
• Qualités : Créativité, esprit analytique, leadership, adaptabilité"
"Social Media Manager | Marketing | HubSpot, Pardot, Marketo, ActiveCampaign","Développez notre présence digitale et générez des leads qualifiés grâce à des stratégies marketing innovantes.

🎯 Missions principales :
• Définir et piloter la stratégie growth
• Gérer les campagnes Email Marketing
• Analyser les performances et optimiser le ROI
• Créer du contenu engageant pour différents canaux
• Gérer le budget marketing et reporting
• Collaborer avec les équipes sales et produit
• Assurer une veille concurrentielle active

💻 Outils marketing :
Acquisition : HubSpot, Pardot, Marketo, ActiveCampaign
Analytics : Google Analytics, Data Studio
Automation : HubSpot, Marketo
Social Media : LinkedIn, Facebook, Instagram, Twitter

👤 Profil recherché :
• Formation : Bac+2 en marketing digital
• Expérience : 7+ ans
• Maîtrise de HubSpot, Pardot
• ROI-driven avec excellente compréhension des KPIs
• Qualités : Créativité, esprit analytique, leadership, adaptabilité"
"Chef de Projet Marketing | Marketing | Hootsuite, Buffer, Canva, Meta Business Suite","Développez notre présence digitale et générez des leads qualifiés grâce à des stratégies marketing innovantes.

🎯 Missions principales :
• Définir et piloter la stratégie acquisition
• Gérer les campagnes SEO
• Analyser les performances et optimiser le ROI
• Créer du contenu engageant pour différents canaux
• Gérer le budget marketing et reporting
• Collaborer avec les équipes sales et produit
• Assurer une veille concurrentielle active

💻 Outils marketing :
Acquisition : Hootsuite, Buffer, Canva, Meta Business Suite
Analytics : Google Analytics, Data Studio
Automation : Pardot, ActiveCampaign
Social Media : LinkedIn, Facebook, Instagram, Twitter

👤 Profil recherché :
• Formation : Licence en marketing digital
• Expérience : Junior (0-2 ans)
• Maîtrise de Hootsuite, Buffer
• ROI-driven avec excellente compréhension des KPIs
• Qualités : Créativité, esprit analytique, leadership, adaptabilité"
"Traffic Manager | Marketing | HubSpot, Pardot, Marketo, ActiveCampaign","Développez notre présence digitale et générez des leads qualifiés grâce à des stratégies marketing innovantes.

🎯 Missions principales :
• Définir et piloter la stratégie acquisition
• Gérer les campagnes SEA (Google Ads, LinkedIn)
• Analyser les performances et optimiser le ROI
• Créer du contenu engageant pour différents canaux
• Gérer le budget marketing et reporting
• Collaborer avec les équipes sales et produit
• Assurer une veille concurrentielle active

💻 Outils marketing :
Acquisition : HubSpot, Pardot, Marketo, ActiveCampaign
Analytics : Google Analytics, Data Studio
Automation : Pardot, ActiveCampaign
Social Media : LinkedIn, Facebook, Instagram, Twitter

👤 Profil recherché :
• Formation : Bac+4 en marketing digital
• Expérience : 2-3 ans
• Maîtrise de HubSpot, Pardot
• ROI-driven avec excellente compréhension des KPIs
• Qualités : Créativité, esprit analytique, leadership, adaptabilité"
"Traffic Manager | Marketing | Shopify, WooCommerce, Magento, PrestaShop","Développez notre présence digitale et générez des leads qualifiés grâce à des stratégies marketing innovantes.

🎯 Missions principales :
• Définir et piloter la stratégie branding
• Gérer les campagnes Display
• Analyser les performances et optimiser le ROI
• Créer du contenu engageant pour différents canaux
• Gérer le budget marketing et reporting
• Collaborer avec les équipes sales et produit
• Assurer une veille concurrentielle active

💻 Outils marketing :
Acquisition : Shopify, WooCommerce, Magento, PrestaShop
Analytics : Google Analytics, Data Studio
Automation : Pardot, ActiveCampaign
Social Media : LinkedIn, Facebook, Instagram, Twitter

👤 Profil recherché :
• Formation : Bac+5 en marketing digital
• Expérience : Junior (0-2 ans)
• Maîtrise de Shopify, WooCommerce
• ROI-driven avec excellente compréhension des KPIs
• Qualités : Créativité, esprit analytique, leadership, adaptabilité"
"CRM Manager | Marketing | HubSpot, Pardot, Marketo, ActiveCampaign","Développez notre présence digitale et générez des leads qualifiés grâce à des stratégies marketing innovantes.

🎯 Missions principales :
• Définir et piloter la stratégie marketing digital
• Gérer les campagnes Display
• Analyser les performances et optimiser le ROI
• Créer du contenu engageant pour différents canaux
• Gérer le budget marketing et reporting
• Collaborer avec les équipes sales et produit
• Assurer une veille concurrentielle active

💻 Outils marketing :
Acquisition : HubSpot, Pardot, Marketo, ActiveCampaign
Analytics : Google Analytics, Data Studio
Automation : Pardot, ActiveCampaign
Social Media : LinkedIn, Facebook, Instagram, Twitter

👤 Profil recherché :
• Formation : Bac+3 en marketing digital
• Expérience : Expert (7+ ans)
• Maîtrise de HubSpot, Pardot
• ROI-driven avec excellente compréhension des KPIs
• Qualités : Créativité, esprit analytique, leadership, adaptabilité"
"CRM Manager | Marketing | Sprout Social, Later, Planoly, ContentCal","Développez notre présence digitale et générez des leads qualifiés grâce à des stratégies marketing innovantes.

🎯 Missions principales :
• Définir et piloter la stratégie marketing digital
• Gérer les campagnes SEA (Google Ads, LinkedIn)
• Analyser les performances et optimiser le ROI
• Créer du contenu engageant pour différents canaux
• Gérer le budget marketing et reporting
• Collaborer avec les équipes sales et produit
• Assurer une veille concurrentielle active

💻 Outils marketing :
Acquisition : Sprout Social, Later, Planoly, ContentCal
Analytics : Google Analytics, Data Studio
Automation : Pardot, ActiveCampaign
Social Media : LinkedIn, Facebook, Instagram, Twitter

👤 Profil recherché :
• Formation : DUT en marketing digital
• Expérience : 3-5 ans
• Maîtrise de Sprout Social, Later
• ROI-driven avec excellente compréhension des KPIs
• Qualités : Créativité, esprit analytique, leadership, adaptabilité"
"Responsable Marketing Digital | Marketing | SEO, SEMrush, Ahrefs, Google Search Console","Développez notre présence digitale et générez des leads qualifiés grâce à des stratégies marketing innovantes.

🎯 Missions principales :
• Définir et piloter la stratégie branding
• Gérer les campagnes Email Marketing
• Analyser les performances et optimiser le ROI
• Créer du contenu engageant pour différents canaux
• Gérer le budget marketing et reporting
• Collaborer avec les équipes sales et produit
• Assurer une veille concurrentielle active

💻 Outils marketing :
Acquisition : SEO, SEMrush, Ahrefs, Google Search Console
Analytics : Google Analytics, Data Studio
Automation : Pardot, ActiveCampaign
Social Media : LinkedIn, Facebook, Instagram, Twitter

👤 Profil recherché :
• Formation : Doctorat en marketing digital
• Expérience : Expert (7+ ans)
• Maîtrise de SEO, SEMrush
• ROI-driven avec excellente compréhension des KPIs
• Qualités : Créativité, esprit analytique, leadership, adaptabilité"
"Responsable Marketing Digital | Marketing | HubSpot, Mailchimp, Salesforce, Google Analytics","Développez notre présence digitale et générez des leads qualifiés grâce à des stratégies marketing innovantes.

🎯 Missions principales :
• Définir et piloter la stratégie marketing digital
• Gérer les campagnes SEO
• Analyser les performances et optimiser le ROI
• Créer du contenu engageant pour différents canaux
• Gérer le budget marketing et reporting
• Collaborer avec les équipes sales et produit
• Assurer une veille concurrentielle active

💻 Outils marketing :
Acquisition : HubSpot, Mailchimp, Salesforce, Google Analytics
Analytics : Google Analytics, Data Studio
Automation : HubSpot, Marketo
Social Media : LinkedIn, Facebook, Instagram, Twitter

👤 Profil recherché :
• Formation : Bac+3 en marketing digital
• Expérience : 7+ ans
• Maîtrise de HubSpot, Mailchimp
• ROI-driven avec excellente compréhension des KPIs
• Qualités : Créativité, esprit analytique, leadership, adaptabilité"
"Chef de Projet Marketing | Marketing | SEMrush, SpyFu, Similarweb, BuzzSumo","Développez notre présence digitale et générez des leads qualifiés grâce à des stratégies marketing innovantes.

🎯 Missions principales :
• Définir et piloter la stratégie growth
• Gérer les campagnes Social Media
• Analyser les performances et optimiser le ROI
• Créer du contenu engageant pour différents canaux
• Gérer le budget marketing et reporting
• Collaborer avec les équipes sales et produit
• Assurer une veille concurrentielle active

💻 Outils marketing :
Acquisition : SEMrush, SpyFu, Similarweb, BuzzSumo
Analytics : Google Analytics, Data Studio
Automation : Pardot, ActiveCampaign
Social Media : LinkedIn, Facebook, Instagram, Twitter

👤 Profil recherché :
• Formation : Bac+5 en marketing digital
• Expérience : 10+ ans
• Maîtrise de SEMrush, SpyFu
• ROI-driven avec excellente compréhension des KPIs
• Qualités : Créativité, esprit analytique, leadership, adaptabilité"
"CRM Manager | Marketing | Google Ads, Facebook Ads, Analytics, SEMrush","Développez notre présence digitale et générez des leads qualifiés grâce à des stratégies marketing innovantes.

🎯 Missions principales :
• Définir et piloter la stratégie growth
• Gérer les campagnes Email Marketing
• Analyser les performances et optimiser le ROI
• Créer du contenu engageant pour différents canaux
• Gérer le budget marketing et reporting
• Collaborer avec les équipes sales et produit
• Assurer une veille concurrentielle active

💻 Outils marketing :
Acquisition : Google Ads, Facebook Ads, Analytics, SEMrush
Analytics : Google Analytics, Data Studio
Automation : Mailchimp, Sendinblue
Social Media : LinkedIn, Facebook, Instagram, Twitter

👤 Profil recherché :
• Formation : Bac+4 en marketing digital
• Expérience : Senior (5+ ans)
• Maîtrise de Google Ads, Facebook Ads
• ROI-driven avec excellente compréhension des KPIs
• Qualités : Créativité, esprit analytique, leadership, adaptabilité"
"Traffic Manager | Marketing | HubSpot, Pardot, Marketo, ActiveCampaign","Développez notre présence digitale et générez des leads qualifiés grâce à des stratégies marketing innovantes.

🎯 Missions principales :
• Définir et piloter la stratégie content marketing
• Gérer les campagnes Social Media
• Analyser les performances et optimiser le ROI
• Créer du contenu engageant pour différents canaux
• Gérer le budget marketing et reporting
• Collaborer avec les équipes sales et produit
• Assurer une veille concurrentielle active

💻 Outils marketing :
Acquisition : HubSpot, Pardot, Marketo, ActiveCampaign
Analytics : Google Analytics, Data Studio
Automation : HubSpot, Marketo
Social Media : LinkedIn, Facebook, Instagram, Twitter

👤 Profil recherché :
• Formation : BTS en marketing digital
• Expérience : Confirmé (3-5 ans)
• Maîtrise de HubSpot, Pardot
• ROI-driven avec excellente compréhension des KPIs
• Qualités : Créativité, esprit analytique, leadership, adaptabilité"
"Social Media Manager | Marketing | SEMrush, SpyFu, Similarweb, BuzzSumo","Développez notre présence digitale et générez des leads qualifiés grâce à des stratégies marketing innovantes.

🎯 Missions principales :
• Définir et piloter la stratégie growth
• Gérer les campagnes Social Media
• Analyser les performances et optimiser le ROI
• Créer du contenu engageant pour différents canaux
• Gérer le budget marketing et reporting
• Collaborer avec les équipes sales et produit
• Assurer une veille concurrentielle active

💻 Outils marketing :
Acquisition : SEMrush, SpyFu, Similarweb, BuzzSumo
Analytics : Google Analytics, Data Studio
Automation : HubSpot, Marketo
Social Media : LinkedIn, Facebook, Instagram, Twitter

👤 Profil recherché :
• Formation : Doctorat en marketing digital
• Expérience : 2-3 ans
• Maîtrise de SEMrush, SpyFu
• ROI-driven avec excellente compréhension des KPIs
• Qualités : Créativité, esprit analytique, leadership, adaptabilité"
"Chef de Projet Marketing | Marketing | WordPress, Webflow, Contentful, Yoast","Développez notre présence digitale et générez des leads qualifiés grâce à des stratégies marketing innovantes.

🎯 Missions principales :
• Définir et piloter la stratégie branding
• Gérer les campagnes Social Media
• Analyser les performances et optimiser le ROI
• Créer du contenu engageant pour différents canaux
• Gérer le budget marketing et reporting
• Collaborer avec les équipes sales et produit
• Assurer une veille concurrentielle active

💻 Outils marketing :
Acquisition : WordPress, Webflow, Contentful, Yoast
Analytics : Google Analytics, Data Studio
Automation : Mailchimp, Sendinblue
Social Media : LinkedIn, Facebook, Instagram, Twitter

👤 Profil recherché :
• Formation : Licence en marketing digital
• Expérience : Junior (0-2 ans)
• Maîtrise de WordPress, Webflow
• ROI-driven avec excellente compréhension des KPIs
• Qualités : Créativité, esprit analytique, leadership, adaptabilité"
"Product Marketing Manager | Marketing | Shopify, WooCommerce, Magento, PrestaShop","Développez notre présence digitale et générez des leads qualifiés grâce à des stratégies marketing innovantes.

🎯 Missions principales :
• Définir et piloter la stratégie growth
• Gérer les campagnes Email Marketing
• Analyser les performances et optimiser le ROI
• Créer du contenu engageant pour différents canaux
• Gérer le budget marketing et reporting
• Collaborer avec les équipes sales et produit
• Assurer une veille concurrentielle active

💻 Outils marketing :
Acquisition : Shopify, WooCommerce, Magento, PrestaShop
Analytics : Google Analytics, Data Studio
Automation : Pardot, ActiveCampaign
Social Media : LinkedIn, Facebook, Instagram, Twitter

👤 Profil recherché :
• Formation : Master 2 en marketing digital
• Expérience : 3-5 ans
• Maîtrise de Shopify, WooCommerce
• ROI-driven avec excellente compréhension des KPIs
• Qualités : Créativité, esprit analytique, leadership, adaptabilité"
"Growth Hacker | Marketing | Google Tag Manager, Hotjar, Crazy Egg, Mixpanel","Développez notre présence digitale et générez des leads qualifiés grâce à des stratégies marketing innovantes.

🎯 Missions principales :
• Définir et piloter la stratégie branding
• Gérer les campagnes Email Marketing
• Analyser les performances et optimiser le ROI
• Créer du contenu engageant pour différents canaux
• Gérer le budget marketing et reporting
• Collaborer avec les équipes sales et produit
• Assurer une veille concurrentielle active

💻 Outils marketing :
Acquisition : Google Tag Manager, Hotjar, Crazy Egg, Mixpanel
Analytics : Google Analytics, Data Studio
Automation : Mailchimp, Sendinblue
Social Media : LinkedIn, Facebook, Instagram, Twitter

👤 Profil recherché :
• Formation : Bac+2 en marketing digital
• Expérience : Senior (5+ ans)
• Maîtrise de Google Tag Manager, Hotjar
• ROI-driven avec excellente compréhension des KPIs
• Qualités : Créativité, esprit analytique, leadership, adaptabilité"
"SEO Manager | Marketing | Canva Pro, Adobe Creative Suite, Visme, Piktochart","Développez notre présence digitale et générez des leads qualifiés grâce à des stratégies marketing innovantes.

🎯 Missions principales :
• Définir et piloter la stratégie growth
• Gérer les campagnes SEA (Google Ads, LinkedIn)
• Analyser les performances et optimiser le ROI
• Créer du contenu engageant pour différents canaux
• Gérer le budget marketing et reporting
• Collaborer avec les équipes sales et produit
• Assurer une veille concurrentielle active

💻 Outils marketing :
Acquisition : Canva Pro, Adobe Creative Suite, Visme, Piktochart
Analytics : Google Analytics, Data Studio
Automation : HubSpot, Marketo
Social Media : LinkedIn, Facebook, Instagram, Twitter

👤 Profil recherché :
• Formation : Doctorat en marketing digital
• Expérience : 7+ ans
• Maîtrise de Canva Pro, Adobe Creative Suite
• ROI-driven avec excellente compréhension des KPIs
• Qualités : Créativité, esprit analytique, leadership, adaptabilité"
"SEO Manager | Marketing | HubSpot, Mailchimp, Salesforce, Google Analytics","Développez notre présence digitale et générez des leads qualifiés grâce à des stratégies marketing innovantes.

🎯 Missions principales :
• Définir et piloter la stratégie content marketing
• Gérer les campagnes SEO
• Analyser les performances et optimiser le ROI
• Créer du contenu engageant pour différents canaux
• Gérer le budget marketing et reporting
• Collaborer avec les équipes sales et produit
• Assurer une veille concurrentielle active

💻 Outils marketing :
Acquisition : HubSpot, Mailchimp, Salesforce, Google Analytics
Analytics : Google Analytics, Data Studio
Automation : Mailchimp, Sendinblue
Social Media : LinkedIn, Facebook, Instagram, Twitter

👤 Profil recherché :
• Formation : Bac+2 en marketing digital
• Expérience : 10+ ans
• Maîtrise de HubSpot, Mailchimp
• ROI-driven avec excellente compréhension des KPIs
• Qualités : Créativité, esprit analytique, leadership, adaptabilité"
"Traffic Manager | Marketing | Sprout Social, Later, Planoly, ContentCal","Développez notre présence digitale et générez des leads qualifiés grâce à des stratégies marketing innovantes.

🎯 Missions principales :
• Définir et piloter la stratégie growth
• Gérer les campagnes Email Marketing
• Analyser les performances et optimiser le ROI
• Créer du contenu engageant pour différents canaux
• Gérer le budget marketing et reporting
• Collaborer avec les équipes sales et produit
• Assurer une veille concurrentielle active

💻 Outils marketing :
Acquisition : Sprout Social, Later, Planoly, ContentCal
Analytics : Google Analytics, Data Studio
Automation : Pardot, ActiveCampaign
Social Media : LinkedIn, Facebook, Instagram, Twitter

👤 Profil recherché :
• Formation : Licence en marketing digital
• Expérience : Expert (7+ ans)
• Maîtrise de Sprout Social, Later
• ROI-driven avec excellente compréhension des KPIs
• Qualités : Créativité, esprit analytique, leadership, adaptabilité"
"SEO Manager | Marketing | Mailchimp, SendGrid, Sendinblue, ConvertKit","Développez notre présence digitale et générez des leads qualifiés grâce à des stratégies marketing innovantes.

🎯 Missions principales :
• Définir et piloter la stratégie branding
• Gérer les campagnes SEO
• Analyser les performances et optimiser le ROI
• Créer du contenu engageant pour différents canaux
• Gérer le budget marketing et reporting
• Collaborer avec les équipes sales et produit
• Assurer une veille concurrentielle active

💻 Outils marketing :
Acquisition : Mailchimp, SendGrid, Sendinblue, ConvertKit
Analytics : Google Analytics, Data Studio
Automation : Mailchimp, Sendinblue
Social Media : LinkedIn, Facebook, Instagram, Twitter

👤 Profil recherché :
• Formation : Licence en marketing digital
• Expérience : Confirmé (3-5 ans)
• Maîtrise de Mailchimp, SendGrid
• ROI-driven avec excellente compréhension des KPIs
• Qualités : Créativité, esprit analytique, leadership, adaptabilité"
"Product Marketing Manager | Marketing | Ahrefs, Moz, Screaming Frog, Ubersuggest","Développez notre présence digitale et générez des leads qualifiés grâce à des stratégies marketing innovantes.

🎯 Missions principales :
• Définir et piloter la stratégie content marketing
• Gérer les campagnes Social Media
• Analyser les performances et optimiser le ROI
• Créer du contenu engageant pour différents canaux
• Gérer le budget marketing et reporting
• Collaborer avec les équipes sales et produit
• Assurer une veille concurrentielle active

💻 Outils marketing :
Acquisition : Ahrefs, Moz, Screaming Frog, Ubersuggest
Analytics : Google Analytics, Data Studio
Automation : Mailchimp, Sendinblue
Social Media : LinkedIn, Facebook, Instagram, Twitter

👤 Profil recherché :
• Formation : BTS en marketing digital
• Expérience : 5+ ans
• Maîtrise de Ahrefs, Moz
• ROI-driven avec excellente compréhension des KPIs
• Qualités : Créativité, esprit analytique, leadership, adaptabilité"
"Product Marketing Manager | Marketing | SEO, SEMrush, Ahrefs, Google Search Console","Développez notre présence digitale et générez des leads qualifiés grâce à des stratégies marketing innovantes.

🎯 Missions principales :
• Définir et piloter la stratégie branding
• Gérer les campagnes Social Media
• Analyser les performances et optimiser le ROI
• Créer du contenu engageant pour différents canaux
• Gérer le budget marketing et reporting
• Collaborer avec les équipes sales et produit
• Assurer une veille concurrentielle active

💻 Outils marketing :
Acquisition : SEO, SEMrush, Ahrefs, Google Search Console
Analytics : Google Analytics, Data Studio
Automation : Mailchimp, Sendinblue
Social Media : LinkedIn, Facebook, Instagram, Twitter

👤 Profil recherché :
• Formation : Doctorat en marketing digital
• Expérience : 10+ ans
• Maîtrise de SEO, SEMrush
• ROI-driven avec excellente compréhension des KPIs
• Qualités : Créativité, esprit analytique, leadership, adaptabilité"
"Chef de Projet Marketing | Marketing | Hootsuite, Buffer, Canva, Meta Business Suite","Développez notre présence digitale et générez des leads qualifiés grâce à des stratégies marketing innovantes.

🎯 Missions principales :
• Définir et piloter la stratégie growth
• Gérer les campagnes Social Media
• Analyser les performances et optimiser le ROI
• Créer du contenu engageant pour différents canaux
• Gérer le budget marketing et reporting
• Collaborer avec les équipes sales et produit
• Assurer une veille concurrentielle active

💻 Outils marketing :
Acquisition : Hootsuite, Buffer, Canva, Meta Business Suite
Analytics : Google Analytics, Data Studio
Automation : Mailchimp, Sendinblue
Social Media : LinkedIn, Facebook, Instagram, Twitter

👤 Profil recherché :
• Formation : Bac+3 en marketing digital
• Expérience : 5+ ans
• Maîtrise de Hootsuite, Buffer
• ROI-driven avec excellente compréhension des KPIs
• Qualités : Créativité, esprit analytique, leadership, adaptabilité"
"Responsable Marketing Digital | Marketing | Google Ads, Facebook Ads, Analytics, SEMrush","Développez notre présence digitale et générez des leads qualifiés grâce à des stratégies marketing innovantes.

🎯 Missions principales :
• Définir et piloter la stratégie acquisition
• Gérer les campagnes Display
• Analyser les performances et optimiser le ROI
• Créer du contenu engageant pour différents canaux
• Gérer le budget marketing et reporting
• Collaborer avec les équipes sales et produit
• Assurer une veille concurrentielle active

💻 Outils marketing :
Acquisition : Google Ads, Facebook Ads, Analytics, SEMrush
Analytics : Google Analytics, Data Studio
Automation : Pardot, ActiveCampaign
Social Media : LinkedIn, Facebook, Instagram, Twitter

👤 Profil recherché :
• Formation : DUT en marketing digital
• Expérience : 1-2 ans
• Maîtrise de Google Ads, Facebook Ads
• ROI-driven avec excellente compréhension des KPIs
• Qualités : Créativité, esprit analytique, leadership, adaptabilité"
"Marketing Automation Specialist | Marketing | Hootsuite, Buffer, Canva, Meta Business Suite","Développez notre présence digitale et générez des leads qualifiés grâce à des stratégies marketing innovantes.

🎯 Missions principales :
• Définir et piloter la stratégie branding
• Gérer les campagnes SEO
• Analyser les performances et optimiser le ROI
• Créer du contenu engageant pour différents canaux
• Gérer le budget marketing et reporting
• Collaborer avec les équipes sales et produit
• Assurer une veille concurrentielle active

💻 Outils marketing :
Acquisition : Hootsuite, Buffer, Canva, Meta Business Suite
Analytics : Google Analytics, Data Studio
Automation : Pardot, ActiveCampaign
Social Media : LinkedIn, Facebook, Instagram, Twitter

👤 Profil recherché :
• Formation : Bac+5 en marketing digital
• Expérience : Confirmé (3-5 ans)
• Maîtrise de Hootsuite, Buffer
• ROI-driven avec excellente compréhension des KPIs
• Qualités : Créativité, esprit analytique, leadership, adaptabilité"
"SEO Manager | Marketing | SEO, SEMrush, Ahrefs, Google Search Console","Développez notre présence digitale et générez des leads qualifiés grâce à des stratégies marketing innovantes.

🎯 Missions principales :
• Définir et piloter la stratégie acquisition
• Gérer les campagnes Email Marketing
• Analyser les performances et optimiser le ROI
• Créer du contenu engageant pour différents canaux
• Gérer le budget marketing et reporting
• Collaborer avec les équipes sales et produit
• Assurer une veille concurrentielle active

💻 Outils marketing :
Acquisition : SEO, SEMrush, Ahrefs, Google Search Console
Analytics : Google Analytics, Data Studio
Automation : Pardot, ActiveCampaign
Social Media : LinkedIn, Facebook, Instagram, Twitter

👤 Profil recherché :
• Formation : Doctorat en marketing digital
• Expérience : Confirmé (3-5 ans)
• Maîtrise de SEO, SEMrush
• ROI-driven avec excellente compréhension des KPIs
• Qualités : Créativité, esprit analytique, leadership, adaptabilité"
"Product Marketing Manager | Marketing | Google Ads, LinkedIn Ads, Twitter Ads, TikTok Ads","Développez notre présence digitale et générez des leads qualifiés grâce à des stratégies marketing innovantes.

🎯 Missions principales :
• Définir et piloter la stratégie content marketing
• Gérer les campagnes Email Marketing
• Analyser les performances et optimiser le ROI
• Créer du contenu engageant pour différents canaux
• Gérer le budget marketing et reporting
• Collaborer avec les équipes sales et produit
• Assurer une veille concurrentielle active

💻 Outils marketing :
Acquisition : Google Ads, LinkedIn Ads, Twitter Ads, TikTok Ads
Analytics : Google Analytics, Data Studio
Automation : HubSpot, Marketo
Social Media : LinkedIn, Facebook, Instagram, Twitter

👤 Profil recherché :
• Formation : Bac+4 en marketing digital
• Expérience : 5+ ans
• Maîtrise de Google Ads, LinkedIn Ads
• ROI-driven avec excellente compréhension des KPIs
• Qualités : Créativité, esprit analytique, leadership, adaptabilité"
"Responsable Marketing Digital | Marketing | Zapier, Make, IFTTT, Integromat","Développez notre présence digitale et générez des leads qualifiés grâce à des stratégies marketing innovantes.

🎯 Missions principales :
• Définir et piloter la stratégie branding
• Gérer les campagnes Email Marketing
• Analyser les performances et optimiser le ROI
• Créer du contenu engageant pour différents canaux
• Gérer le budget marketing et reporting
• Collaborer avec les équipes sales et produit
• Assurer une veille concurrentielle active

💻 Outils marketing :
Acquisition : Zapier, Make, IFTTT, Integromat
Analytics : Google Analytics, Data Studio
Automation : HubSpot, Marketo
Social Media : LinkedIn, Facebook, Instagram, Twitter

👤 Profil recherché :
• Formation : Bac+4 en marketing digital
• Expérience : Senior (5+ ans)
• Maîtrise de Zapier, Make
• ROI-driven avec excellente compréhension des KPIs
• Qualités : Créativité, esprit analytique, leadership, adaptabilité"
"CRM Manager | Marketing | WordPress, Webflow, Contentful, Yoast","Développez notre présence digitale et générez des leads qualifiés grâce à des stratégies marketing innovantes.

🎯 Missions principales :
• Définir et piloter la stratégie acquisition
• Gérer les campagnes Email Marketing
• Analyser les performances et optimiser le ROI
• Créer du contenu engageant pour différents canaux
• Gérer le budget marketing et reporting
• Collaborer avec les équipes sales et produit
• Assurer une veille concurrentielle active

💻 Outils marketing :
Acquisition : WordPress, Webflow, Contentful, Yoast
Analytics : Google Analytics, Data Studio
Automation : Pardot, ActiveCampaign
Social Media : LinkedIn, Facebook, Instagram, Twitter

👤 Profil recherché :
• Formation : Licence en marketing digital
• Expérience : 1-2 ans
• Maîtrise de WordPress, Webflow
• ROI-driven avec excellente compréhension des KPIs
• Qualités : Créativité, esprit analytique, leadership, adaptabilité"
"SEO Manager | Marketing | Canva Pro, Adobe Creative Suite, Visme, Piktochart","Développez notre présence digitale et générez des leads qualifiés grâce à des stratégies marketing innovantes.

🎯 Missions principales :
• Définir et piloter la stratégie content marketing
• Gérer les campagnes Social Media
• Analyser les performances et optimiser le ROI
• Créer du contenu engageant pour différents canaux
• Gérer le budget marketing et reporting
• Collaborer avec les équipes sales et produit
• Assurer une veille concurrentielle active

💻 Outils marketing :
Acquisition : Canva Pro, Adobe Creative Suite, Visme, Piktochart
Analytics : Google Analytics, Data Studio
Automation : HubSpot, Marketo
Social Media : LinkedIn, Facebook, Instagram, Twitter

👤 Profil recherché :
• Formation : Bac+5 en marketing digital
• Expérience : Confirmé (3-5 ans)
• Maîtrise de Canva Pro, Adobe Creative Suite
• ROI-driven avec excellente compréhension des KPIs
• Qualités : Créativité, esprit analytique, leadership, adaptabilité"
"Traffic Manager | Marketing | Shopify, WooCommerce, Magento, PrestaShop","Développez notre présence digitale et générez des leads qualifiés grâce à des stratégies marketing innovantes.

🎯 Missions principales :
• Définir et piloter la stratégie content marketing
• Gérer les campagnes Display
• Analyser les performances et optimiser le ROI
• Créer du contenu engageant pour différents canaux
• Gérer le budget marketing et reporting
• Collaborer avec les équipes sales et produit
• Assurer une veille concurrentielle active

💻 Outils marketing :
Acquisition : Shopify, WooCommerce, Magento, PrestaShop
Analytics : Google Analytics, Data Studio
Automation : Pardot, ActiveCampaign
Social Media : LinkedIn, Facebook, Instagram, Twitter

👤 Profil recherché :
• Formation : Bac+5 en marketing digital
• Expérience : Expert (7+ ans)
• Maîtrise de Shopify, WooCommerce
• ROI-driven avec excellente compréhension des KPIs
• Qualités : Créativité, esprit analytique, leadership, adaptabilité"
"Traffic Manager | Marketing | Google Tag Manager, Hotjar, Crazy Egg, Mixpanel","Développez notre présence digitale et générez des leads qualifiés grâce à des stratégies marketing innovantes.

🎯 Missions principales :
• Définir et piloter la stratégie growth
• Gérer les campagnes SEA (Google Ads, LinkedIn)
• Analyser les performances et optimiser le ROI
• Créer du contenu engageant pour différents canaux
• Gérer le budget marketing et reporting
• Collaborer avec les équipes sales et produit
• Assurer une veille concurrentielle active

💻 Outils marketing :
Acquisition : Google Tag Manager, Hotjar, Crazy Egg, Mixpanel
Analytics : Google Analytics, Data Studio
Automation : Mailchimp, Sendinblue
Social Media : LinkedIn, Facebook, Instagram, Twitter

👤 Profil recherché :
• Formation : Bac+5 en marketing digital
• Expérience : Expert (7+ ans)
• Maîtrise de Google Tag Manager, Hotjar
• ROI-driven avec excellente compréhension des KPIs
• Qualités : Créativité, esprit analytique, leadership, adaptabilité"
"Traffic Manager | Marketing | Ahrefs, Moz, Screaming Frog, Ubersuggest","Développez notre présence digitale et générez des leads qualifiés grâce à des stratégies marketing innovantes.

🎯 Missions principales :
• Définir et piloter la stratégie marketing digital
• Gérer les campagnes Social Media
• Analyser les performances et optimiser le ROI
• Créer du contenu engageant pour différents canaux
• Gérer le budget marketing et reporting
• Collaborer avec les équipes sales et produit
• Assurer une veille concurrentielle active

💻 Outils marketing :
Acquisition : Ahrefs, Moz, Screaming Frog, Ubersuggest
Analytics : Google Analytics, Data Studio
Automation : Pardot, ActiveCampaign
Social Media : LinkedIn, Facebook, Instagram, Twitter

👤 Profil recherché :
• Formation : Bac+5 en marketing digital
• Expérience : Expert (7+ ans)
• Maîtrise de Ahrefs, Moz
• ROI-driven avec excellente compréhension des KPIs
• Qualités : Créativité, esprit analytique, leadership, adaptabilité"
"Marketing Automation Specialist | Marketing | Hootsuite, Buffer, Canva, Meta Business Suite","Développez notre présence digitale et générez des leads qualifiés grâce à des stratégies marketing innovantes.

🎯 Missions principales :
• Définir et piloter la stratégie branding
• Gérer les campagnes SEO
• Analyser les performances et optimiser le ROI
• Créer du contenu engageant pour différents canaux
• Gérer le budget marketing et reporting
• Collaborer avec les équipes sales et produit
• Assurer une veille concurrentielle active

💻 Outils marketing :
Acquisition : Hootsuite, Buffer, Canva, Meta Business Suite
Analytics : Google Analytics, Data Studio
Automation : Pardot, ActiveCampaign
Social Media : LinkedIn, Facebook, Instagram, Twitter

👤 Profil recherché :
• Formation : Master 2 en marketing digital
• Expérience : Confirmé (3-5 ans)
• Maîtrise de Hootsuite, Buffer
• ROI-driven avec excellente compréhension des KPIs
• Qualités : Créativité, esprit analytique, leadership, adaptabilité"
"Marketing Automation Specialist | Marketing | Mailchimp, SendGrid, Sendinblue, ConvertKit","Développez notre présence digitale et générez des leads qualifiés grâce à des stratégies marketing innovantes.

🎯 Missions principales :
• Définir et piloter la stratégie growth
• Gérer les campagnes Display
• Analyser les performances et optimiser le ROI
• Créer du contenu engageant pour différents canaux
• Gérer le budget marketing et reporting
• Collaborer avec les équipes sales et produit
• Assurer une veille concurrentielle active

💻 Outils marketing :
Acquisition : Mailchimp, SendGrid, Sendinblue, ConvertKit
Analytics : Google Analytics, Data Studio
Automation : HubSpot, Marketo
Social Media : LinkedIn, Facebook, Instagram, Twitter

👤 Profil recherché :
• Formation : Bac+2 en marketing digital
• Expérience : 1-2 ans
• Maîtrise de Mailchimp, SendGrid
• ROI-driven avec excellente compréhension des KPIs
• Qualités : Créativité, esprit analytique, leadership, adaptabilité"
"Social Media Manager | Marketing | Canva Pro, Adobe Creative Suite, Visme, Piktochart","Développez notre présence digitale et générez des leads qualifiés grâce à des stratégies marketing innovantes.

🎯 Missions principales :
• Définir et piloter la stratégie content marketing
• Gérer les campagnes Email Marketing
• Analyser les performances et optimiser le ROI
• Créer du contenu engageant pour différents canaux
• Gérer le budget marketing et reporting
• Collaborer avec les équipes sales et produit
• Assurer une veille concurrentielle active

💻 Outils marketing :
Acquisition : Canva Pro, Adobe Creative Suite, Visme, Piktochart
Analytics : Google Analytics, Data Studio
Automation : HubSpot, Marketo
Social Media : LinkedIn, Facebook, Instagram, Twitter

👤 Profil recherché :
• Formation : Licence en marketing digital
• Expérience : 3-5 ans
• Maîtrise de Canva Pro, Adobe Creative Suite
• ROI-driven avec excellente compréhension des KPIs
• Qualités : Créativité, esprit analytique, leadership, adaptabilité"
"Chef de Projet Marketing | Marketing | Google Ads, LinkedIn Ads, Twitter Ads, TikTok Ads","Développez notre présence digitale et générez des leads qualifiés grâce à des stratégies marketing innovantes.

🎯 Missions principales :
• Définir et piloter la stratégie content marketing
• Gérer les campagnes Email Marketing
• Analyser les performances et optimiser le ROI
• Créer du contenu engageant pour différents canaux
• Gérer le budget marketing et reporting
• Collaborer avec les équipes sales et produit
• Assurer une veille concurrentielle active

💻 Outils marketing :
Acquisition : Google Ads, LinkedIn Ads, Twitter Ads, TikTok Ads
Analytics : Google Analytics, Data Studio
Automation : Pardot, ActiveCampaign
Social Media : LinkedIn, Facebook, Instagram, Twitter

👤 Profil recherché :
• Formation : Master 2 en marketing digital
• Expérience : 10+ ans
• Maîtrise de Google Ads, LinkedIn Ads
• ROI-driven avec excellente compréhension des KPIs
• Qualités : Créativité, esprit analytique, leadership, adaptabilité"
"Product Marketing Manager | Marketing | SEMrush, SpyFu, Similarweb, BuzzSumo","Développez notre présence digitale et générez des leads qualifiés grâce à des stratégies marketing innovantes.

🎯 Missions principales :
• Définir et piloter la stratégie marketing digital
• Gérer les campagnes SEO
• Analyser les performances et optimiser le ROI
• Créer du contenu engageant pour différents canaux
• Gérer le budget marketing et reporting
• Collaborer avec les équipes sales et produit
• Assurer une veille concurrentielle active

💻 Outils marketing :
Acquisition : SEMrush, SpyFu, Similarweb, BuzzSumo
Analytics : Google Analytics, Data Studio
Automation : Pardot, ActiveCampaign
Social Media : LinkedIn, Facebook, Instagram, Twitter

👤 Profil recherché :
• Formation : Bac+3 en marketing digital
• Expérience : 3-5 ans
• Maîtrise de SEMrush, SpyFu
• ROI-driven avec excellente compréhension des KPIs
• Qualités : Créativité, esprit analytique, leadership, adaptabilité"
"Marketing Automation Specialist | Marketing | Google Ads, Facebook Ads, Analytics, SEMrush","Développez notre présence digitale et générez des leads qualifiés grâce à des stratégies marketing innovantes.

🎯 Missions principales :
• Définir et piloter la stratégie marketing digital
• Gérer les campagnes Email Marketing
• Analyser les performances et optimiser le ROI
• Créer du contenu engageant pour différents canaux
• Gérer le budget marketing et reporting
• Collaborer avec les équipes sales et produit
• Assurer une veille concurrentielle active

💻 Outils marketing :
Acquisition : Google Ads, Facebook Ads, Analytics, SEMrush
Analytics : Google Analytics, Data Studio
Automation : HubSpot, Marketo
Social Media : LinkedIn, Facebook, Instagram, Twitter

👤 Profil recherché :
• Formation : Bac+4 en marketing digital
• Expérience : 1-2 ans
• Maîtrise de Google Ads, Facebook Ads
• ROI-driven avec excellente compréhension des KPIs
• Qualités : Créativité, esprit analytique, leadership, adaptabilité"
"Growth Hacker | Marketing | Google Ads, Facebook Ads, Analytics, SEMrush","Développez notre présence digitale et générez des leads qualifiés grâce à des stratégies marketing innovantes.

🎯 Missions principales :
• Définir et piloter la stratégie content marketing
• Gérer les campagnes SEO
• Analyser les performances et optimiser le ROI
• Créer du contenu engageant pour différents canaux
• Gérer le budget marketing et reporting
• Collaborer avec les équipes sales et produit
• Assurer une veille concurrentielle active

💻 Outils marketing :
Acquisition : Google Ads, Facebook Ads, Analytics, SEMrush
Analytics : Google Analytics, Data Studio
Automation : Pardot, ActiveCampaign
Social Media : LinkedIn, Facebook, Instagram, Twitter

👤 Profil recherché :
• Formation : Doctorat en marketing digital
• Expérience : Confirmé (3-5 ans)
• Maîtrise de Google Ads, Facebook Ads
• ROI-driven avec excellente compréhension des KPIs
• Qualités : Créativité, esprit analytique, leadership, adaptabilité"
"Chef de Projet Marketing | Marketing | Google Ads, Facebook Ads, Analytics, SEMrush","Développez notre présence digitale et générez des leads qualifiés grâce à des stratégies marketing innovantes.

🎯 Missions principales :
• Définir et piloter la stratégie acquisition
• Gérer les campagnes SEO
• Analyser les performances et optimiser le ROI
• Créer du contenu engageant pour différents canaux
• Gérer le budget marketing et reporting
• Collaborer avec les équipes sales et produit
• Assurer une veille concurrentielle active

💻 Outils marketing :
Acquisition : Google Ads, Facebook Ads, Analytics, SEMrush
Analytics : Google Analytics, Data Studio
Automation : Pardot, ActiveCampaign
Social Media : LinkedIn, Facebook, Instagram, Twitter

👤 Profil recherché :
• Formation : BTS en marketing digital
• Expérience : 10+ ans
• Maîtrise de Google Ads, Facebook Ads
• ROI-driven avec excellente compréhension des KPIs
• Qualités : Créativité, esprit analytique, leadership, adaptabilité"
"Social Media Manager | Marketing | SEO, SEMrush, Ahrefs, Google Search Console","Développez notre présence digitale et générez des leads qualifiés grâce à des stratégies marketing innovantes.

🎯 Missions principales :
• Définir et piloter la stratégie branding
• Gérer les campagnes SEA (Google Ads, LinkedIn)
• Analyser les performances et optimiser le ROI
• Créer du contenu engageant pour différents canaux
• Gérer le budget marketing et reporting
• Collaborer avec les équipes sales et produit
• Assurer une veille concurrentielle active

💻 Outils marketing :
Acquisition : SEO, SEMrush, Ahrefs, Google Search Console
Analytics : Google Analytics, Data Studio
Automation : HubSpot, Marketo
Social Media : LinkedIn, Facebook, Instagram, Twitter

👤 Profil recherché :
• Formation : Bac+3 en marketing digital
• Expérience : Junior (0-2 ans)
• Maîtrise de SEO, SEMrush
• ROI-driven avec excellente compréhension des KPIs
• Qualités : Créativité, esprit analytique, leadership, adaptabilité"
"Social Media Manager | Marketing | Google Ads, LinkedIn Ads, Twitter Ads, TikTok Ads","Développez notre présence digitale et générez des leads qualifiés grâce à des stratégies marketing innovantes.

🎯 Missions principales :
• Définir et piloter la stratégie marketing digital
• Gérer les campagnes Email Marketing
• Analyser les performances et optimiser le ROI
• Créer du contenu engageant pour différents canaux
• Gérer le budget marketing et reporting
• Collaborer avec les équipes sales et produit
• Assurer une veille concurrentielle active

💻 Outils marketing :
Acquisition : Google Ads, LinkedIn Ads, Twitter Ads, TikTok Ads
Analytics : Google Analytics, Data Studio
Automation : Mailchimp, Sendinblue
Social Media : LinkedIn, Facebook, Instagram, Twitter

👤 Profil recherché :
• Formation : BTS en marketing digital
• Expérience : 7+ ans
• Maîtrise de Google Ads, LinkedIn Ads
• ROI-driven avec excellente compréhension des KPIs
• Qualités : Créativité, esprit analytique, leadership, adaptabilité"
"Responsable Marketing Digital | Marketing | Mailchimp, SendGrid, Sendinblue, ConvertKit","Développez notre présence digitale et générez des leads qualifiés grâce à des stratégies marketing innovantes.

🎯 Missions principales :
• Définir et piloter la stratégie acquisition
• Gérer les campagnes Email Marketing
• Analyser les performances et optimiser le ROI
• Créer du contenu engageant pour différents canaux
• Gérer le budget marketing et reporting
• Collaborer avec les équipes sales et produit
• Assurer une veille concurrentielle active

💻 Outils marketing :
Acquisition : Mailchimp, SendGrid, Sendinblue, ConvertKit
Analytics : Google Analytics, Data Studio
Automation : HubSpot, Marketo
Social Media : LinkedIn, Facebook, Instagram, Twitter

👤 Profil recherché :
• Formation : Bac+3 en marketing digital
• Expérience : Confirmé (3-5 ans)
• Maîtrise de Mailchimp, SendGrid
• ROI-driven avec excellente compréhension des KPIs
• Qualités : Créativité, esprit analytique, leadership, adaptabilité"
"Contrôleur Interne | Finance | Oracle Financials, PeopleSoft, Excel, Power BI","Pilotez la performance financière et assurez la conformité des opérations comptables.

🎯 Missions principales :
• Gérer la trésorerie
• Établir les reportings financiers trimestriels
• Analyser la performance et identifier les écarts
• Participer aux clôtures comptables
• Assurer la conformité aux normes Sarbanes-Oxley
• Collaborer avec les équipes opérationnelles
• Optimiser les processus financiers

💻 Environnement :
ERP : Oracle Financials, PeopleSoft, Excel, Power BI
Outils : Excel avancé, Power BI
Normes : IFRS
Reporting : SAP BW

👤 Profil recherché :
• Formation : Bac+5 en finance, comptabilité ou gestion
• Expérience : Confirmé (3-5 ans)
• Maîtrise de Oracle Financials, PeopleSoft
• Bonne connaissance de la réglementation financière
• Qualités : Rigueur, organisation, esprit d'analyse, discrétion"
"Trésorier | Finance | Microsoft Dynamics, NetSuite, Excel, SQL","Pilotez la performance financière et assurez la conformité des opérations comptables.

🎯 Missions principales :
• Gérer les audits
• Établir les reportings financiers hebdomadaires
• Analyser la performance et identifier les écarts
• Participer aux clôtures comptables
• Assurer la conformité aux normes IFRS, PCG
• Collaborer avec les équipes opérationnelles
• Optimiser les processus financiers

💻 Environnement :
ERP : Microsoft Dynamics, NetSuite, Excel, SQL
Outils : Excel avancé, Power BI
Normes : PCG français
Reporting : SAP BW

👤 Profil recherché :
• Formation : Doctorat en finance, comptabilité ou gestion
• Expérience : 3-5 ans
• Maîtrise de Microsoft Dynamics, NetSuite
• Bonne connaissance de la réglementation financière
• Qualités : Rigueur, organisation, esprit d'analyse, discrétion"
"Responsable Comptable | Finance | SAP S/4HANA, Anaplan, Tableau, Alteryx","Pilotez la performance financière et assurez la conformité des opérations comptables.

🎯 Missions principales :
• Gérer le contrôle de gestion
• Établir les reportings financiers quotidiens
• Analyser la performance et identifier les écarts
• Participer aux clôtures comptables
• Assurer la conformité aux normes GAAP
• Collaborer avec les équipes opérationnelles
• Optimiser les processus financiers

💻 Environnement :
ERP : SAP S/4HANA, Anaplan, Tableau, Alteryx
Outils : Excel avancé, Power BI
Normes : IFRS
Reporting : Hyperion

👤 Profil recherché :
• Formation : Bac+3 en finance, comptabilité ou gestion
• Expérience : 3-5 ans
• Maîtrise de SAP S/4HANA, Anaplan
• Bonne connaissance de la réglementation financière
• Qualités : Rigueur, organisation, esprit d'analyse, discrétion"
"Trésorier | Finance | Bloomberg, Excel, SAP, Tableau","Pilotez la performance financière et assurez la conformité des opérations comptables.

🎯 Missions principales :
• Gérer le contrôle de gestion
• Établir les reportings financiers trimestriels
• Analyser la performance et identifier les écarts
• Participer aux clôtures comptables
• Assurer la conformité aux normes Bâle III
• Collaborer avec les équipes opérationnelles
• Optimiser les processus financiers

💻 Environnement :
ERP : Bloomberg, Excel, SAP, Tableau
Outils : Excel avancé, Power BI
Normes : PCG français
Reporting : SAP BW

👤 Profil recherché :
• Formation : Bac+4 en finance, comptabilité ou gestion
• Expérience : 7+ ans
• Maîtrise de Bloomberg, Excel
• Bonne connaissance de la réglementation financière
• Qualités : Rigueur, organisation, esprit d'analyse, discrétion"
"Auditeur | Finance | ACL, IDEA, Excel, SAP","Pilotez la performance financière et assurez la conformité des opérations comptables.

🎯 Missions principales :
• Gérer la consolidation
• Établir les reportings financiers trimestriels
• Analyser la performance et identifier les écarts
• Participer aux clôtures comptables
• Assurer la conformité aux normes Sarbanes-Oxley
• Collaborer avec les équipes opérationnelles
• Optimiser les processus financiers

💻 Environnement :
ERP : ACL, IDEA, Excel, SAP
Outils : Excel avancé, Power BI
Normes : IFRS
Reporting : SAP BW

👤 Profil recherché :
• Formation : Master 2 en finance, comptabilité ou gestion
• Expérience : Junior (0-2 ans)
• Maîtrise de ACL, IDEA
• Bonne connaissance de la réglementation financière
• Qualités : Rigueur, organisation, esprit d'analyse, discrétion"
"Responsable Comptable | Finance | Microsoft Dynamics, NetSuite, Excel, SQL","Pilotez la performance financière et assurez la conformité des opérations comptables.

🎯 Missions principales :
• Gérer les audits
• Établir les reportings financiers quotidiens
• Analyser la performance et identifier les écarts
• Participer aux clôtures comptables
• Assurer la conformité aux normes GAAP
• Collaborer avec les équipes opérationnelles
• Optimiser les processus financiers

💻 Environnement :
ERP : Microsoft Dynamics, NetSuite, Excel, SQL
Outils : Excel avancé, Power BI
Normes : PCG français
Reporting : Hyperion

👤 Profil recherché :
• Formation : Licence en finance, comptabilité ou gestion
• Expérience : Expert (7+ ans)
• Maîtrise de Microsoft Dynamics, NetSuite
• Bonne connaissance de la réglementation financière
• Qualités : Rigueur, organisation, esprit d'analyse, discrétion"
"Credit Manager | Finance | Kyriba, Reval, FIS, Bloomberg","Pilotez la performance financière et assurez la conformité des opérations comptables.

🎯 Missions principales :
• Gérer le contrôle de gestion
• Établir les reportings financiers trimestriels
• Analyser la performance et identifier les écarts
• Participer aux clôtures comptables
• Assurer la conformité aux normes Bâle III
• Collaborer avec les équipes opérationnelles
• Optimiser les processus financiers

💻 Environnement :
ERP : Kyriba, Reval, FIS, Bloomberg
Outils : Excel avancé, Power BI
Normes : US GAAP
Reporting : SAP BW

👤 Profil recherché :
• Formation : Licence en finance, comptabilité ou gestion
• Expérience : Junior (0-2 ans)
• Maîtrise de Kyriba, Reval
• Bonne connaissance de la réglementation financière
• Qualités : Rigueur, organisation, esprit d'analyse, discrétion"
"Trésorier | Finance | SAP S/4HANA, Anaplan, Tableau, Alteryx","Pilotez la performance financière et assurez la conformité des opérations comptables.

🎯 Missions principales :
• Gérer les audits
• Établir les reportings financiers trimestriels
• Analyser la performance et identifier les écarts
• Participer aux clôtures comptables
• Assurer la conformité aux normes Bâle III
• Collaborer avec les équipes opérationnelles
• Optimiser les processus financiers

💻 Environnement :
ERP : SAP S/4HANA, Anaplan, Tableau, Alteryx
Outils : Excel avancé, Power BI
Normes : IFRS
Reporting : SAP BW

👤 Profil recherché :
• Formation : Licence en finance, comptabilité ou gestion
• Expérience : 7+ ans
• Maîtrise de SAP S/4HANA, Anaplan
• Bonne connaissance de la réglementation financière
• Qualités : Rigueur, organisation, esprit d'analyse, discrétion"
"Consolideur | Finance | SAP, Excel, Cegid, QuickBooks","Pilotez la performance financière et assurez la conformité des opérations comptables.

🎯 Missions principales :
• Gérer la consolidation
• Établir les reportings financiers trimestriels
• Analyser la performance et identifier les écarts
• Participer aux clôtures comptables
• Assurer la conformité aux normes GAAP
• Collaborer avec les équipes opérationnelles
• Optimiser les processus financiers

💻 Environnement :
ERP : SAP, Excel, Cegid, QuickBooks
Outils : Excel avancé, Power BI
Normes : PCG français
Reporting : Excel VBA

👤 Profil recherché :
• Formation : Bac+5 en finance, comptabilité ou gestion
• Expérience : 3-5 ans
• Maîtrise de SAP, Excel
• Bonne connaissance de la réglementation financière
• Qualités : Rigueur, organisation, esprit d'analyse, discrétion"
"Consolideur | Finance | Oracle, SAP FI, Excel, SQL","Pilotez la performance financière et assurez la conformité des opérations comptables.

🎯 Missions principales :
• Gérer la trésorerie
• Établir les reportings financiers hebdomadaires
• Analyser la performance et identifier les écarts
• Participer aux clôtures comptables
• Assurer la conformité aux normes Bâle III
• Collaborer avec les équipes opérationnelles
• Optimiser les processus financiers

💻 Environnement :
ERP : Oracle, SAP FI, Excel, SQL
Outils : Excel avancé, Power BI
Normes : US GAAP
Reporting : Hyperion

👤 Profil recherché :
• Formation : DUT en finance, comptabilité ou gestion
• Expérience : 1-2 ans
• Maîtrise de Oracle, SAP FI
• Bonne connaissance de la réglementation financière
• Qualités : Rigueur, organisation, esprit d'analyse, discrétion"
"Comptable | Finance | Sage, EBP, Excel, Access","Pilotez la performance financière et assurez la conformité des opérations comptables.

🎯 Missions principales :
• Gérer la consolidation
• Établir les reportings financiers quotidiens
• Analyser la performance et identifier les écarts
• Participer aux clôtures comptables
• Assurer la conformité aux normes Sarbanes-Oxley
• Collaborer avec les équipes opérationnelles
• Optimiser les processus financiers

💻 Environnement :
ERP : Sage, EBP, Excel, Access
Outils : Excel avancé, Power BI
Normes : IFRS
Reporting : Excel VBA

👤 Profil recherché :
• Formation : Bac+3 en finance, comptabilité ou gestion
• Expérience : Junior (0-2 ans)
• Maîtrise de Sage, EBP
• Bonne connaissance de la réglementation financière
• Qualités : Rigueur, organisation, esprit d'analyse, discrétion"
"Directeur Financier | Finance | SAP BPC, IBM Cognos, Oracle PBCS, Excel","Pilotez la performance financière et assurez la conformité des opérations comptables.

🎯 Missions principales :
• Gérer la comptabilité générale
• Établir les reportings financiers mensuels et annuels
• Analyser la performance et identifier les écarts
• Participer aux clôtures comptables
• Assurer la conformité aux normes Bâle III
• Collaborer avec les équipes opérationnelles
• Optimiser les processus financiers

💻 Environnement :
ERP : SAP BPC, IBM Cognos, Oracle PBCS, Excel
Outils : Excel avancé, Power BI
Normes : US GAAP
Reporting : Excel VBA

👤 Profil recherché :
• Formation : Bac+3 en finance, comptabilité ou gestion
• Expérience : 2-3 ans
• Maîtrise de SAP BPC, IBM Cognos
• Bonne connaissance de la réglementation financière
• Qualités : Rigueur, organisation, esprit d'analyse, discrétion"
"Directeur Financier | Finance | Workday Financials, Adaptive Insights, Excel, Tableau","Pilotez la performance financière et assurez la conformité des opérations comptables.

🎯 Missions principales :
• Gérer les audits
• Établir les reportings financiers trimestriels
• Analyser la performance et identifier les écarts
• Participer aux clôtures comptables
• Assurer la conformité aux normes IFRS, PCG
• Collaborer avec les équipes opérationnelles
• Optimiser les processus financiers

💻 Environnement :
ERP : Workday Financials, Adaptive Insights, Excel, Tableau
Outils : Excel avancé, Power BI
Normes : IFRS
Reporting : SAP BW

👤 Profil recherché :
• Formation : Doctorat en finance, comptabilité ou gestion
• Expérience : 7+ ans
• Maîtrise de Workday Financials, Adaptive Insights
• Bonne connaissance de la réglementation financière
• Qualités : Rigueur, organisation, esprit d'analyse, discrétion"
"Directeur Financier | Finance | ACL, IDEA, Excel, SAP","Pilotez la performance financière et assurez la conformité des opérations comptables.

🎯 Missions principales :
• Gérer la trésorerie
• Établir les reportings financiers quotidiens
• Analyser la performance et identifier les écarts
• Participer aux clôtures comptables
• Assurer la conformité aux normes Sarbanes-Oxley
• Collaborer avec les équipes opérationnelles
• Optimiser les processus financiers

💻 Environnement :
ERP : ACL, IDEA, Excel, SAP
Outils : Excel avancé, Power BI
Normes : US GAAP
Reporting : Hyperion

👤 Profil recherché :
• Formation : Bac+4 en finance, comptabilité ou gestion
• Expérience : 10+ ans
• Maîtrise de ACL, IDEA
• Bonne connaissance de la réglementation financière
• Qualités : Rigueur, organisation, esprit d'analyse, discrétion"
"Trésorier | Finance | BlackLine, FloQast, Excel, SAP","Pilotez la performance financière et assurez la conformité des opérations comptables.

🎯 Missions principales :
• Gérer la comptabilité générale
• Établir les reportings financiers quotidiens
• Analyser la performance et identifier les écarts
• Participer aux clôtures comptables
• Assurer la conformité aux normes IFRS, PCG
• Collaborer avec les équipes opérationnelles
• Optimiser les processus financiers

💻 Environnement :
ERP : BlackLine, FloQast, Excel, SAP
Outils : Excel avancé, Power BI
Normes : PCG français
Reporting : SAP BW

👤 Profil recherché :
• Formation : Doctorat en finance, comptabilité ou gestion
• Expérience : 2-3 ans
• Maîtrise de BlackLine, FloQast
• Bonne connaissance de la réglementation financière
• Qualités : Rigueur, organisation, esprit d'analyse, discrétion"
"Directeur Financier | Finance | ACL, IDEA, Excel, SAP","Pilotez la performance financière et assurez la conformité des opérations comptables.

🎯 Missions principales :
• Gérer les audits
• Établir les reportings financiers hebdomadaires
• Analyser la performance et identifier les écarts
• Participer aux clôtures comptables
• Assurer la conformité aux normes Sarbanes-Oxley
• Collaborer avec les équipes opérationnelles
• Optimiser les processus financiers

💻 Environnement :
ERP : ACL, IDEA, Excel, SAP
Outils : Excel avancé, Power BI
Normes : PCG français
Reporting : SAP BW

👤 Profil recherché :
• Formation : Bac+3 en finance, comptabilité ou gestion
• Expérience : 1-2 ans
• Maîtrise de ACL, IDEA
• Bonne connaissance de la réglementation financière
• Qualités : Rigueur, organisation, esprit d'analyse, discrétion"
"Trésorier | Finance | Oracle, SAP FI, Excel, SQL","Pilotez la performance financière et assurez la conformité des opérations comptables.

🎯 Missions principales :
• Gérer la comptabilité générale
• Établir les reportings financiers hebdomadaires
• Analyser la performance et identifier les écarts
• Participer aux clôtures comptables
• Assurer la conformité aux normes GAAP
• Collaborer avec les équipes opérationnelles
• Optimiser les processus financiers

💻 Environnement :
ERP : Oracle, SAP FI, Excel, SQL
Outils : Excel avancé, Power BI
Normes : IFRS
Reporting : Hyperion

👤 Profil recherché :
• Formation : Bac+2 en finance, comptabilité ou gestion
• Expérience : Expert (7+ ans)
• Maîtrise de Oracle, SAP FI
• Bonne connaissance de la réglementation financière
• Qualités : Rigueur, organisation, esprit d'analyse, discrétion"
"Analyste Financier | Finance | Microsoft Dynamics, NetSuite, Excel, SQL","Pilotez la performance financière et assurez la conformité des opérations comptables.

🎯 Missions principales :
• Gérer la trésorerie
• Établir les reportings financiers quotidiens
• Analyser la performance et identifier les écarts
• Participer aux clôtures comptables
• Assurer la conformité aux normes GAAP
• Collaborer avec les équipes opérationnelles
• Optimiser les processus financiers

💻 Environnement :
ERP : Microsoft Dynamics, NetSuite, Excel, SQL
Outils : Excel avancé, Power BI
Normes : US GAAP
Reporting : Excel VBA

👤 Profil recherché :
• Formation : Bac+3 en finance, comptabilité ou gestion
• Expérience : 1-2 ans
• Maîtrise de Microsoft Dynamics, NetSuite
• Bonne connaissance de la réglementation financière
• Qualités : Rigueur, organisation, esprit d'analyse, discrétion"
"Contrôleur de Gestion | Finance | Bloomberg, Excel, SAP, Tableau","Pilotez la performance financière et assurez la conformité des opérations comptables.

🎯 Missions principales :
• Gérer la consolidation
• Établir les reportings financiers hebdomadaires
• Analyser la performance et identifier les écarts
• Participer aux clôtures comptables
• Assurer la conformité aux normes IFRS, PCG
• Collaborer avec les équipes opérationnelles
• Optimiser les processus financiers

💻 Environnement :
ERP : Bloomberg, Excel, SAP, Tableau
Outils : Excel avancé, Power BI
Normes : US GAAP
Reporting : SAP BW

👤 Profil recherché :
• Formation : BTS en finance, comptabilité ou gestion
• Expérience : 10+ ans
• Maîtrise de Bloomberg, Excel
• Bonne connaissance de la réglementation financière
• Qualités : Rigueur, organisation, esprit d'analyse, discrétion"
"Credit Manager | Finance | Bloomberg, Excel, SAP, Tableau","Pilotez la performance financière et assurez la conformité des opérations comptables.

🎯 Missions principales :
• Gérer les audits
• Établir les reportings financiers mensuels et annuels
• Analyser la performance et identifier les écarts
• Participer aux clôtures comptables
• Assurer la conformité aux normes IFRS, PCG
• Collaborer avec les équipes opérationnelles
• Optimiser les processus financiers

💻 Environnement :
ERP : Bloomberg, Excel, SAP, Tableau
Outils : Excel avancé, Power BI
Normes : IFRS
Reporting : SAP BW

👤 Profil recherché :
• Formation : BTS en finance, comptabilité ou gestion
• Expérience : 10+ ans
• Maîtrise de Bloomberg, Excel
• Bonne connaissance de la réglementation financière
• Qualités : Rigueur, organisation, esprit d'analyse, discrétion"
"Contrôleur de Gestion | Finance | Kyriba, Reval, FIS, Bloomberg","Pilotez la performance financière et assurez la conformité des opérations comptables.

🎯 Missions principales :
• Gérer la trésorerie
• Établir les reportings financiers quotidiens
• Analyser la performance et identifier les écarts
• Participer aux clôtures comptables
• Assurer la conformité aux normes Bâle III
• Collaborer avec les équipes opérationnelles
• Optimiser les processus financiers

💻 Environnement :
ERP : Kyriba, Reval, FIS, Bloomberg
Outils : Excel avancé, Power BI
Normes : PCG français
Reporting : Excel VBA

👤 Profil recherché :
• Formation : Master 2 en finance, comptabilité ou gestion
• Expérience : Confirmé (3-5 ans)
• Maîtrise de Kyriba, Reval
• Bonne connaissance de la réglementation financière
• Qualités : Rigueur, organisation, esprit d'analyse, discrétion"
"Contrôleur Interne | Finance | Xero, FreshBooks, Wave, Excel","Pilotez la performance financière et assurez la conformité des opérations comptables.

🎯 Missions principales :
• Gérer la trésorerie
• Établir les reportings financiers trimestriels
• Analyser la performance et identifier les écarts
• Participer aux clôtures comptables
• Assurer la conformité aux normes IFRS, PCG
• Collaborer avec les équipes opérationnelles
• Optimiser les processus financiers

💻 Environnement :
ERP : Xero, FreshBooks, Wave, Excel
Outils : Excel avancé, Power BI
Normes : IFRS
Reporting : SAP BW

👤 Profil recherché :
• Formation : Bac+5 en finance, comptabilité ou gestion
• Expérience : Senior (5+ ans)
• Maîtrise de Xero, FreshBooks
• Bonne connaissance de la réglementation financière
• Qualités : Rigueur, organisation, esprit d'analyse, discrétion"
"Responsable Comptable | Finance | Oracle, SAP FI, Excel, SQL","Pilotez la performance financière et assurez la conformité des opérations comptables.

🎯 Missions principales :
• Gérer la comptabilité générale
• Établir les reportings financiers hebdomadaires
• Analyser la performance et identifier les écarts
• Participer aux clôtures comptables
• Assurer la conformité aux normes GAAP
• Collaborer avec les équipes opérationnelles
• Optimiser les processus financiers

💻 Environnement :
ERP : Oracle, SAP FI, Excel, SQL
Outils : Excel avancé, Power BI
Normes : PCG français
Reporting : Hyperion

👤 Profil recherché :
• Formation : Bac+4 en finance, comptabilité ou gestion
• Expérience : Senior (5+ ans)
• Maîtrise de Oracle, SAP FI
• Bonne connaissance de la réglementation financière
• Qualités : Rigueur, organisation, esprit d'analyse, discrétion"
"Consolideur | Finance | Oracle Financials, PeopleSoft, Excel, Power BI","Pilotez la performance financière et assurez la conformité des opérations comptables.

🎯 Missions principales :
• Gérer la comptabilité générale
• Établir les reportings financiers hebdomadaires
• Analyser la performance et identifier les écarts
• Participer aux clôtures comptables
• Assurer la conformité aux normes GAAP
• Collaborer avec les équipes opérationnelles
• Optimiser les processus financiers

💻 Environnement :
ERP : Oracle Financials, PeopleSoft, Excel, Power BI
Outils : Excel avancé, Power BI
Normes : PCG français
Reporting : Excel VBA

👤 Profil recherché :
• Formation : Bac+4 en finance, comptabilité ou gestion
• Expérience : 3-5 ans
• Maîtrise de Oracle Financials, PeopleSoft
• Bonne connaissance de la réglementation financière
• Qualités : Rigueur, organisation, esprit d'analyse, discrétion"
"Contrôleur Interne | Finance | Oracle Financials, PeopleSoft, Excel, Power BI","Pilotez la performance financière et assurez la conformité des opérations comptables.

🎯 Missions principales :
• Gérer la consolidation
• Établir les reportings financiers hebdomadaires
• Analyser la performance et identifier les écarts
• Participer aux clôtures comptables
• Assurer la conformité aux normes IFRS, PCG
• Collaborer avec les équipes opérationnelles
• Optimiser les processus financiers

💻 Environnement :
ERP : Oracle Financials, PeopleSoft, Excel, Power BI
Outils : Excel avancé, Power BI
Normes : IFRS
Reporting : Excel VBA

👤 Profil recherché :
• Formation : Bac+4 en finance, comptabilité ou gestion
• Expérience : 1-2 ans
• Maîtrise de Oracle Financials, PeopleSoft
• Bonne connaissance de la réglementation financière
• Qualités : Rigueur, organisation, esprit d'analyse, discrétion"
"Responsable Comptable | Finance | Bloomberg, Excel, SAP, Tableau","Pilotez la performance financière et assurez la conformité des opérations comptables.

🎯 Missions principales :
• Gérer la consolidation
• Établir les reportings financiers quotidiens
• Analyser la performance et identifier les écarts
• Participer aux clôtures comptables
• Assurer la conformité aux normes GAAP
• Collaborer avec les équipes opérationnelles
• Optimiser les processus financiers

💻 Environnement :
ERP : Bloomberg, Excel, SAP, Tableau
Outils : Excel avancé, Power BI
Normes : IFRS
Reporting : Hyperion

👤 Profil recherché :
• Formation : Bac+4 en finance, comptabilité ou gestion
• Expérience : 7+ ans
• Maîtrise de Bloomberg, Excel
• Bonne connaissance de la réglementation financière
• Qualités : Rigueur, organisation, esprit d'analyse, discrétion"
"Auditeur | Finance | BlackLine, FloQast, Excel, SAP","Pilotez la performance financière et assurez la conformité des opérations comptables.

🎯 Missions principales :
• Gérer la consolidation
• Établir les reportings financiers hebdomadaires
• Analyser la performance et identifier les écarts
• Participer aux clôtures comptables
• Assurer la conformité aux normes Bâle III
• Collaborer avec les équipes opérationnelles
• Optimiser les processus financiers

💻 Environnement :
ERP : BlackLine, FloQast, Excel, SAP
Outils : Excel avancé, Power BI
Normes : IFRS
Reporting : SAP BW

👤 Profil recherché :
• Formation : Bac+5 en finance, comptabilité ou gestion
• Expérience : 7+ ans
• Maîtrise de BlackLine, FloQast
• Bonne connaissance de la réglementation financière
• Qualités : Rigueur, organisation, esprit d'analyse, discrétion"
"Trésorier | Finance | Workday Financials, Adaptive Insights, Excel, Tableau","Pilotez la performance financière et assurez la conformité des opérations comptables.

🎯 Missions principales :
• Gérer la comptabilité générale
• Établir les reportings financiers trimestriels
• Analyser la performance et identifier les écarts
• Participer aux clôtures comptables
• Assurer la conformité aux normes Sarbanes-Oxley
• Collaborer avec les équipes opérationnelles
• Optimiser les processus financiers

💻 Environnement :
ERP : Workday Financials, Adaptive Insights, Excel, Tableau
Outils : Excel avancé, Power BI
Normes : PCG français
Reporting : Hyperion

👤 Profil recherché :
• Formation : Bac+4 en finance, comptabilité ou gestion
• Expérience : Confirmé (3-5 ans)
• Maîtrise de Workday Financials, Adaptive Insights
• Bonne connaissance de la réglementation financière
• Qualités : Rigueur, organisation, esprit d'analyse, discrétion"
"Credit Manager | Finance | Microsoft Dynamics, NetSuite, Excel, SQL","Pilotez la performance financière et assurez la conformité des opérations comptables.

🎯 Missions principales :
• Gérer la consolidation
• Établir les reportings financiers trimestriels
• Analyser la performance et identifier les écarts
• Participer aux clôtures comptables
• Assurer la conformité aux normes Bâle III
• Collaborer avec les équipes opérationnelles
• Optimiser les processus financiers

💻 Environnement :
ERP : Microsoft Dynamics, NetSuite, Excel, SQL
Outils : Excel avancé, Power BI
Normes : IFRS
Reporting : SAP BW

👤 Profil recherché :
• Formation : Bac+4 en finance, comptabilité ou gestion
• Expérience : 10+ ans
• Maîtrise de Microsoft Dynamics, NetSuite
• Bonne connaissance de la réglementation financière
• Qualités : Rigueur, organisation, esprit d'analyse, discrétion"
"Directeur Financier | Finance | ACL, IDEA, Excel, SAP","Pilotez la performance financière et assurez la conformité des opérations comptables.

🎯 Missions principales :
• Gérer la comptabilité générale
• Établir les reportings financiers quotidiens
• Analyser la performance et identifier les écarts
• Participer aux clôtures comptables
• Assurer la conformité aux normes Bâle III
• Collaborer avec les équipes opérationnelles
• Optimiser les processus financiers

💻 Environnement :
ERP : ACL, IDEA, Excel, SAP
Outils : Excel avancé, Power BI
Normes : IFRS
Reporting : Hyperion

👤 Profil recherché :
• Formation : Doctorat en finance, comptabilité ou gestion
• Expérience : 3-5 ans
• Maîtrise de ACL, IDEA
• Bonne connaissance de la réglementation financière
• Qualités : Rigueur, organisation, esprit d'analyse, discrétion"
"Credit Manager | Finance | Xero, FreshBooks, Wave, Excel","Pilotez la performance financière et assurez la conformité des opérations comptables.

🎯 Missions principales :
• Gérer la consolidation
• Établir les reportings financiers trimestriels
• Analyser la performance et identifier les écarts
• Participer aux clôtures comptables
• Assurer la conformité aux normes GAAP
• Collaborer avec les équipes opérationnelles
• Optimiser les processus financiers

💻 Environnement :
ERP : Xero, FreshBooks, Wave, Excel
Outils : Excel avancé, Power BI
Normes : IFRS
Reporting : Excel VBA

👤 Profil recherché :
• Formation : Bac+4 en finance, comptabilité ou gestion
• Expérience : 2-3 ans
• Maîtrise de Xero, FreshBooks
• Bonne connaissance de la réglementation financière
• Qualités : Rigueur, organisation, esprit d'analyse, discrétion"
"Consolideur | Finance | SAP S/4HANA, Anaplan, Tableau, Alteryx","Pilotez la performance financière et assurez la conformité des opérations comptables.

🎯 Missions principales :
• Gérer le contrôle de gestion
• Établir les reportings financiers hebdomadaires
• Analyser la performance et identifier les écarts
• Participer aux clôtures comptables
• Assurer la conformité aux normes IFRS, PCG
• Collaborer avec les équipes opérationnelles
• Optimiser les processus financiers

💻 Environnement :
ERP : SAP S/4HANA, Anaplan, Tableau, Alteryx
Outils : Excel avancé, Power BI
Normes : US GAAP
Reporting : SAP BW

👤 Profil recherché :
• Formation : Bac+2 en finance, comptabilité ou gestion
• Expérience : 10+ ans
• Maîtrise de SAP S/4HANA, Anaplan
• Bonne connaissance de la réglementation financière
• Qualités : Rigueur, organisation, esprit d'analyse, discrétion"
"Directeur Financier | Finance | Sage, EBP, Excel, Access","Pilotez la performance financière et assurez la conformité des opérations comptables.

🎯 Missions principales :
• Gérer la consolidation
• Établir les reportings financiers hebdomadaires
• Analyser la performance et identifier les écarts
• Participer aux clôtures comptables
• Assurer la conformité aux normes IFRS, PCG
• Collaborer avec les équipes opérationnelles
• Optimiser les processus financiers

💻 Environnement :
ERP : Sage, EBP, Excel, Access
Outils : Excel avancé, Power BI
Normes : PCG français
Reporting : Excel VBA

👤 Profil recherché :
• Formation : Master 2 en finance, comptabilité ou gestion
• Expérience : 1-2 ans
• Maîtrise de Sage, EBP
• Bonne connaissance de la réglementation financière
• Qualités : Rigueur, organisation, esprit d'analyse, discrétion"
"Consolideur | Finance | ACL, IDEA, Excel, SAP","Pilotez la performance financière et assurez la conformité des opérations comptables.

🎯 Missions principales :
• Gérer les audits
• Établir les reportings financiers mensuels et annuels
• Analyser la performance et identifier les écarts
• Participer aux clôtures comptables
• Assurer la conformité aux normes IFRS, PCG
• Collaborer avec les équipes opérationnelles
• Optimiser les processus financiers

💻 Environnement :
ERP : ACL, IDEA, Excel, SAP
Outils : Excel avancé, Power BI
Normes : IFRS
Reporting : SAP BW

👤 Profil recherché :
• Formation : Bac+2 en finance, comptabilité ou gestion
• Expérience : Junior (0-2 ans)
• Maîtrise de ACL, IDEA
• Bonne connaissance de la réglementation financière
• Qualités : Rigueur, organisation, esprit d'analyse, discrétion"
"Responsable Comptable | Finance | Oracle Financials, PeopleSoft, Excel, Power BI","Pilotez la performance financière et assurez la conformité des opérations comptables.

🎯 Missions principales :
• Gérer la consolidation
• Établir les reportings financiers quotidiens
• Analyser la performance et identifier les écarts
• Participer aux clôtures comptables
• Assurer la conformité aux normes Bâle III
• Collaborer avec les équipes opérationnelles
• Optimiser les processus financiers

💻 Environnement :
ERP : Oracle Financials, PeopleSoft, Excel, Power BI
Outils : Excel avancé, Power BI
Normes : PCG français
Reporting : SAP BW

👤 Profil recherché :
• Formation : Bac+2 en finance, comptabilité ou gestion
• Expérience : 3-5 ans
• Maîtrise de Oracle Financials, PeopleSoft
• Bonne connaissance de la réglementation financière
• Qualités : Rigueur, organisation, esprit d'analyse, discrétion"
"Analyste Financier | Finance | Workday Financials, Adaptive Insights, Excel, Tableau","Pilotez la performance financière et assurez la conformité des opérations comptables.

🎯 Missions principales :
• Gérer la trésorerie
• Établir les reportings financiers mensuels et annuels
• Analyser la performance et identifier les écarts
• Participer aux clôtures comptables
• Assurer la conformité aux normes Bâle III
• Collaborer avec les équipes opérationnelles
• Optimiser les processus financiers

💻 Environnement :
ERP : Workday Financials, Adaptive Insights, Excel, Tableau
Outils : Excel avancé, Power BI
Normes : PCG français
Reporting : Excel VBA

👤 Profil recherché :
• Formation : Licence en finance, comptabilité ou gestion
• Expérience : Senior (5+ ans)
• Maîtrise de Workday Financials, Adaptive Insights
• Bonne connaissance de la réglementation financière
• Qualités : Rigueur, organisation, esprit d'analyse, discrétion"
"Directeur Financier | Finance | Tagetik, OneStream, Board, Jedox","Pilotez la performance financière et assurez la conformité des opérations comptables.

🎯 Missions principales :
• Gérer le contrôle de gestion
• Établir les reportings financiers mensuels et annuels
• Analyser la performance et identifier les écarts
• Participer aux clôtures comptables
• Assurer la conformité aux normes Bâle III
• Collaborer avec les équipes opérationnelles
• Optimiser les processus financiers

💻 Environnement :
ERP : Tagetik, OneStream, Board, Jedox
Outils : Excel avancé, Power BI
Normes : IFRS
Reporting : SAP BW

👤 Profil recherché :
• Formation : Bac+5 en finance, comptabilité ou gestion
• Expérience : 5+ ans
• Maîtrise de Tagetik, OneStream
• Bonne connaissance de la réglementation financière
• Qualités : Rigueur, organisation, esprit d'analyse, discrétion"
"Contrôleur Interne | Finance | SAP CO, Hyperion, Excel VBA, Power BI","Pilotez la performance financière et assurez la conformité des opérations comptables.

🎯 Missions principales :
• Gérer le contrôle de gestion
• Établir les reportings financiers hebdomadaires
• Analyser la performance et identifier les écarts
• Participer aux clôtures comptables
• Assurer la conformité aux normes Bâle III
• Collaborer avec les équipes opérationnelles
• Optimiser les processus financiers

💻 Environnement :
ERP : SAP CO, Hyperion, Excel VBA, Power BI
Outils : Excel avancé, Power BI
Normes : IFRS
Reporting : Hyperion

👤 Profil recherché :
• Formation : Bac+3 en finance, comptabilité ou gestion
• Expérience : 1-2 ans
• Maîtrise de SAP CO, Hyperion
• Bonne connaissance de la réglementation financière
• Qualités : Rigueur, organisation, esprit d'analyse, discrétion"
"Trésorier | Finance | SAP S/4HANA, Anaplan, Tableau, Alteryx","Pilotez la performance financière et assurez la conformité des opérations comptables.

🎯 Missions principales :
• Gérer la comptabilité générale
• Établir les reportings financiers quotidiens
• Analyser la performance et identifier les écarts
• Participer aux clôtures comptables
• Assurer la conformité aux normes GAAP
• Collaborer avec les équipes opérationnelles
• Optimiser les processus financiers

💻 Environnement :
ERP : SAP S/4HANA, Anaplan, Tableau, Alteryx
Outils : Excel avancé, Power BI
Normes : PCG français
Reporting : Excel VBA

👤 Profil recherché :
• Formation : DUT en finance, comptabilité ou gestion
• Expérience : 3-5 ans
• Maîtrise de SAP S/4HANA, Anaplan
• Bonne connaissance de la réglementation financière
• Qualités : Rigueur, organisation, esprit d'analyse, discrétion"
"Consolideur | Finance | Tagetik, OneStream, Board, Jedox","Pilotez la performance financière et assurez la conformité des opérations comptables.

🎯 Missions principales :
• Gérer les audits
• Établir les reportings financiers mensuels et annuels
• Analyser la performance et identifier les écarts
• Participer aux clôtures comptables
• Assurer la conformité aux normes IFRS, PCG
• Collaborer avec les équipes opérationnelles
• Optimiser les processus financiers

💻 Environnement :
ERP : Tagetik, OneStream, Board, Jedox
Outils : Excel avancé, Power BI
Normes : IFRS
Reporting : Hyperion

👤 Profil recherché :
• Formation : Doctorat en finance, comptabilité ou gestion
• Expérience : 2-3 ans
• Maîtrise de Tagetik, OneStream
• Bonne connaissance de la réglementation financière
• Qualités : Rigueur, organisation, esprit d'analyse, discrétion"
"Analyste Financier | Finance | SAP BPC, IBM Cognos, Oracle PBCS, Excel","Pilotez la performance financière et assurez la conformité des opérations comptables.

🎯 Missions principales :
• Gérer la comptabilité générale
• Établir les reportings financiers mensuels et annuels
• Analyser la performance et identifier les écarts
• Participer aux clôtures comptables
• Assurer la conformité aux normes Sarbanes-Oxley
• Collaborer avec les équipes opérationnelles
• Optimiser les processus financiers

💻 Environnement :
ERP : SAP BPC, IBM Cognos, Oracle PBCS, Excel
Outils : Excel avancé, Power BI
Normes : IFRS
Reporting : Hyperion

👤 Profil recherché :
• Formation : Doctorat en finance, comptabilité ou gestion
• Expérience : 5+ ans
• Maîtrise de SAP BPC, IBM Cognos
• Bonne connaissance de la réglementation financière
• Qualités : Rigueur, organisation, esprit d'analyse, discrétion"
"Comptable | Finance | Workday Financials, Adaptive Insights, Excel, Tableau","Pilotez la performance financière et assurez la conformité des opérations comptables.

🎯 Missions principales :
• Gérer la comptabilité générale
• Établir les reportings financiers trimestriels
• Analyser la performance et identifier les écarts
• Participer aux clôtures comptables
• Assurer la conformité aux normes IFRS, PCG
• Collaborer avec les équipes opérationnelles
• Optimiser les processus financiers

💻 Environnement :
ERP : Workday Financials, Adaptive Insights, Excel, Tableau
Outils : Excel avancé, Power BI
Normes : PCG français
Reporting : Hyperion

👤 Profil recherché :
• Formation : Bac+4 en finance, comptabilité ou gestion
• Expérience : 1-2 ans
• Maîtrise de Workday Financials, Adaptive Insights
• Bonne connaissance de la réglementation financière
• Qualités : Rigueur, organisation, esprit d'analyse, discrétion"
"Directeur Financier | Finance | Workday Financials, Adaptive Insights, Excel, Tableau","Pilotez la performance financière et assurez la conformité des opérations comptables.

🎯 Missions principales :
• Gérer les audits
• Établir les reportings financiers quotidiens
• Analyser la performance et identifier les écarts
• Participer aux clôtures comptables
• Assurer la conformité aux normes Bâle III
• Collaborer avec les équipes opérationnelles
• Optimiser les processus financiers

💻 Environnement :
ERP : Workday Financials, Adaptive Insights, Excel, Tableau
Outils : Excel avancé, Power BI
Normes : IFRS
Reporting : Excel VBA

👤 Profil recherché :
• Formation : DUT en finance, comptabilité ou gestion
• Expérience : 7+ ans
• Maîtrise de Workday Financials, Adaptive Insights
• Bonne connaissance de la réglementation financière
• Qualités : Rigueur, organisation, esprit d'analyse, discrétion"
"Analyste Financier | Finance | Oracle, SAP FI, Excel, SQL","Pilotez la performance financière et assurez la conformité des opérations comptables.

🎯 Missions principales :
• Gérer les audits
• Établir les reportings financiers mensuels et annuels
• Analyser la performance et identifier les écarts
• Participer aux clôtures comptables
• Assurer la conformité aux normes Sarbanes-Oxley
• Collaborer avec les équipes opérationnelles
• Optimiser les processus financiers

💻 Environnement :
ERP : Oracle, SAP FI, Excel, SQL
Outils : Excel avancé, Power BI
Normes : US GAAP
Reporting : SAP BW

👤 Profil recherché :
• Formation : Master 2 en finance, comptabilité ou gestion
• Expérience : 10+ ans
• Maîtrise de Oracle, SAP FI
• Bonne connaissance de la réglementation financière
• Qualités : Rigueur, organisation, esprit d'analyse, discrétion"
"Trésorier | Finance | SAP BPC, IBM Cognos, Oracle PBCS, Excel","Pilotez la performance financière et assurez la conformité des opérations comptables.

🎯 Missions principales :
• Gérer le contrôle de gestion
• Établir les reportings financiers hebdomadaires
• Analyser la performance et identifier les écarts
• Participer aux clôtures comptables
• Assurer la conformité aux normes Sarbanes-Oxley
• Collaborer avec les équipes opérationnelles
• Optimiser les processus financiers

💻 Environnement :
ERP : SAP BPC, IBM Cognos, Oracle PBCS, Excel
Outils : Excel avancé, Power BI
Normes : IFRS
Reporting : Excel VBA

👤 Profil recherché :
• Formation : DUT en finance, comptabilité ou gestion
• Expérience : Expert (7+ ans)
• Maîtrise de SAP BPC, IBM Cognos
• Bonne connaissance de la réglementation financière
• Qualités : Rigueur, organisation, esprit d'analyse, discrétion"
"Responsable Comptable | Finance | SAP S/4HANA, Anaplan, Tableau, Alteryx","Pilotez la performance financière et assurez la conformité des opérations comptables.

🎯 Missions principales :
• Gérer la comptabilité générale
• Établir les reportings financiers hebdomadaires
• Analyser la performance et identifier les écarts
• Participer aux clôtures comptables
• Assurer la conformité aux normes IFRS, PCG
• Collaborer avec les équipes opérationnelles
• Optimiser les processus financiers

💻 Environnement :
ERP : SAP S/4HANA, Anaplan, Tableau, Alteryx
Outils : Excel avancé, Power BI
Normes : US GAAP
Reporting : Hyperion

👤 Profil recherché :
• Formation : Bac+2 en finance, comptabilité ou gestion
• Expérience : 5+ ans
• Maîtrise de SAP S/4HANA, Anaplan
• Bonne connaissance de la réglementation financière
• Qualités : Rigueur, organisation, esprit d'analyse, discrétion"
"Analyste Financier | Finance | SAP, Excel, Cegid, QuickBooks","Pilotez la performance financière et assurez la conformité des opérations comptables.

🎯 Missions principales :
• Gérer la consolidation
• Établir les reportings financiers mensuels et annuels
• Analyser la performance et identifier les écarts
• Participer aux clôtures comptables
• Assurer la conformité aux normes GAAP
• Collaborer avec les équipes opérationnelles
• Optimiser les processus financiers

💻 Environnement :
ERP : SAP, Excel, Cegid, QuickBooks
Outils : Excel avancé, Power BI
Normes : IFRS
Reporting : Excel VBA

👤 Profil recherché :
• Formation : Doctorat en finance, comptabilité ou gestion
• Expérience : 7+ ans
• Maîtrise de SAP, Excel
• Bonne connaissance de la réglementation financière
• Qualités : Rigueur, organisation, esprit d'analyse, discrétion"
"Analyste Financier | Finance | Oracle, SAP FI, Excel, SQL","Pilotez la performance financière et assurez la conformité des opérations comptables.

🎯 Missions principales :
• Gérer les audits
• Établir les reportings financiers quotidiens
• Analyser la performance et identifier les écarts
• Participer aux clôtures comptables
• Assurer la conformité aux normes Sarbanes-Oxley
• Collaborer avec les équipes opérationnelles
• Optimiser les processus financiers

💻 Environnement :
ERP : Oracle, SAP FI, Excel, SQL
Outils : Excel avancé, Power BI
Normes : US GAAP
Reporting : Hyperion

👤 Profil recherché :
• Formation : Master 2 en finance, comptabilité ou gestion
• Expérience : 3-5 ans
• Maîtrise de Oracle, SAP FI
• Bonne connaissance de la réglementation financière
• Qualités : Rigueur, organisation, esprit d'analyse, discrétion"
"Analyste Financier | Finance | Kyriba, Reval, FIS, Bloomberg","Pilotez la performance financière et assurez la conformité des opérations comptables.

🎯 Missions principales :
• Gérer la trésorerie
• Établir les reportings financiers quotidiens
• Analyser la performance et identifier les écarts
• Participer aux clôtures comptables
• Assurer la conformité aux normes IFRS, PCG
• Collaborer avec les équipes opérationnelles
• Optimiser les processus financiers

💻 Environnement :
ERP : Kyriba, Reval, FIS, Bloomberg
Outils : Excel avancé, Power BI
Normes : IFRS
Reporting : SAP BW

👤 Profil recherché :
• Formation : DUT en finance, comptabilité ou gestion
• Expérience : Senior (5+ ans)
• Maîtrise de Kyriba, Reval
• Bonne connaissance de la réglementation financière
• Qualités : Rigueur, organisation, esprit d'analyse, discrétion"
"Responsable Comptable | Finance | Kyriba, Reval, FIS, Bloomberg","Pilotez la performance financière et assurez la conformité des opérations comptables.

🎯 Missions principales :
• Gérer la comptabilité générale
• Établir les reportings financiers quotidiens
• Analyser la performance et identifier les écarts
• Participer aux clôtures comptables
• Assurer la conformité aux normes Sarbanes-Oxley
• Collaborer avec les équipes opérationnelles
• Optimiser les processus financiers

💻 Environnement :
ERP : Kyriba, Reval, FIS, Bloomberg
Outils : Excel avancé, Power BI
Normes : US GAAP
Reporting : Excel VBA

👤 Profil recherché :
• Formation : Doctorat en finance, comptabilité ou gestion
• Expérience : Expert (7+ ans)
• Maîtrise de Kyriba, Reval
• Bonne connaissance de la réglementation financière
• Qualités : Rigueur, organisation, esprit d'analyse, discrétion"
"Comptable | Finance | Oracle, SAP FI, Excel, SQL","Pilotez la performance financière et assurez la conformité des opérations comptables.

🎯 Missions principales :
• Gérer la comptabilité générale
• Établir les reportings financiers mensuels et annuels
• Analyser la performance et identifier les écarts
• Participer aux clôtures comptables
• Assurer la conformité aux normes IFRS, PCG
• Collaborer avec les équipes opérationnelles
• Optimiser les processus financiers

💻 Environnement :
ERP : Oracle, SAP FI, Excel, SQL
Outils : Excel avancé, Power BI
Normes : IFRS
Reporting : Excel VBA

👤 Profil recherché :
• Formation : Licence en finance, comptabilité ou gestion
• Expérience : Confirmé (3-5 ans)
• Maîtrise de Oracle, SAP FI
• Bonne connaissance de la réglementation financière
• Qualités : Rigueur, organisation, esprit d'analyse, discrétion"
"Contrôleur Interne | Finance | Oracle, SAP FI, Excel, SQL","Pilotez la performance financière et assurez la conformité des opérations comptables.

🎯 Missions principales :
• Gérer la consolidation
• Établir les reportings financiers hebdomadaires
• Analyser la performance et identifier les écarts
• Participer aux clôtures comptables
• Assurer la conformité aux normes GAAP
• Collaborer avec les équipes opérationnelles
• Optimiser les processus financiers

💻 Environnement :
ERP : Oracle, SAP FI, Excel, SQL
Outils : Excel avancé, Power BI
Normes : US GAAP
Reporting : SAP BW

👤 Profil recherché :
• Formation : Licence en finance, comptabilité ou gestion
• Expérience : 7+ ans
• Maîtrise de Oracle, SAP FI
• Bonne connaissance de la réglementation financière
• Qualités : Rigueur, organisation, esprit d'analyse, discrétion"
"Trésorier | Finance | Kyriba, Reval, FIS, Bloomberg","Pilotez la performance financière et assurez la conformité des opérations comptables.

🎯 Missions principales :
• Gérer les audits
• Établir les reportings financiers quotidiens
• Analyser la performance et identifier les écarts
• Participer aux clôtures comptables
• Assurer la conformité aux normes IFRS, PCG
• Collaborer avec les équipes opérationnelles
• Optimiser les processus financiers

💻 Environnement :
ERP : Kyriba, Reval, FIS, Bloomberg
Outils : Excel avancé, Power BI
Normes : PCG français
Reporting : Hyperion

👤 Profil recherché :
• Formation : Master 2 en finance, comptabilité ou gestion
• Expérience : 5+ ans
• Maîtrise de Kyriba, Reval
• Bonne connaissance de la réglementation financière
• Qualités : Rigueur, organisation, esprit d'analyse, discrétion"
"Credit Manager | Finance | ACL, IDEA, Excel, SAP","Pilotez la performance financière et assurez la conformité des opérations comptables.

🎯 Missions principales :
• Gérer les audits
• Établir les reportings financiers trimestriels
• Analyser la performance et identifier les écarts
• Participer aux clôtures comptables
• Assurer la conformité aux normes GAAP
• Collaborer avec les équipes opérationnelles
• Optimiser les processus financiers

💻 Environnement :
ERP : ACL, IDEA, Excel, SAP
Outils : Excel avancé, Power BI
Normes : IFRS
Reporting : Excel VBA

👤 Profil recherché :
• Formation : DUT en finance, comptabilité ou gestion
• Expérience : 5+ ans
• Maîtrise de ACL, IDEA
• Bonne connaissance de la réglementation financière
• Qualités : Rigueur, organisation, esprit d'analyse, discrétion"
"Contrôleur Interne | Finance | SAP CO, Hyperion, Excel VBA, Power BI","Pilotez la performance financière et assurez la conformité des opérations comptables.

🎯 Missions principales :
• Gérer la consolidation
• Établir les reportings financiers quotidiens
• Analyser la performance et identifier les écarts
• Participer aux clôtures comptables
• Assurer la conformité aux normes Sarbanes-Oxley
• Collaborer avec les équipes opérationnelles
• Optimiser les processus financiers

💻 Environnement :
ERP : SAP CO, Hyperion, Excel VBA, Power BI
Outils : Excel avancé, Power BI
Normes : US GAAP
Reporting : Hyperion

👤 Profil recherché :
• Formation : Doctorat en finance, comptabilité ou gestion
• Expérience : 7+ ans
• Maîtrise de SAP CO, Hyperion
• Bonne connaissance de la réglementation financière
• Qualités : Rigueur, organisation, esprit d'analyse, discrétion"
"Auditeur | Finance | Kyriba, Reval, FIS, Bloomberg","Pilotez la performance financière et assurez la conformité des opérations comptables.

🎯 Missions principales :
• Gérer la comptabilité générale
• Établir les reportings financiers hebdomadaires
• Analyser la performance et identifier les écarts
• Participer aux clôtures comptables
• Assurer la conformité aux normes Bâle III
• Collaborer avec les équipes opérationnelles
• Optimiser les processus financiers

💻 Environnement :
ERP : Kyriba, Reval, FIS, Bloomberg
Outils : Excel avancé, Power BI
Normes : PCG français
Reporting : Excel VBA

👤 Profil recherché :
• Formation : Bac+4 en finance, comptabilité ou gestion
• Expérience : 10+ ans
• Maîtrise de Kyriba, Reval
• Bonne connaissance de la réglementation financière
• Qualités : Rigueur, organisation, esprit d'analyse, discrétion"
"Responsable Comptable | Finance | ACL, IDEA, Excel, SAP","Pilotez la performance financière et assurez la conformité des opérations comptables.

🎯 Missions principales :
• Gérer la comptabilité générale
• Établir les reportings financiers mensuels et annuels
• Analyser la performance et identifier les écarts
• Participer aux clôtures comptables
• Assurer la conformité aux normes Bâle III
• Collaborer avec les équipes opérationnelles
• Optimiser les processus financiers

💻 Environnement :
ERP : ACL, IDEA, Excel, SAP
Outils : Excel avancé, Power BI
Normes : US GAAP
Reporting : Excel VBA

👤 Profil recherché :
• Formation : Doctorat en finance, comptabilité ou gestion
• Expérience : 3-5 ans
• Maîtrise de ACL, IDEA
• Bonne connaissance de la réglementation financière
• Qualités : Rigueur, organisation, esprit d'analyse, discrétion"
"Contrôleur Interne | Finance | Kyriba, Reval, FIS, Bloomberg","Pilotez la performance financière et assurez la conformité des opérations comptables.

🎯 Missions principales :
• Gérer les audits
• Établir les reportings financiers hebdomadaires
• Analyser la performance et identifier les écarts
• Participer aux clôtures comptables
• Assurer la conformité aux normes GAAP
• Collaborer avec les équipes opérationnelles
• Optimiser les processus financiers

💻 Environnement :
ERP : Kyriba, Reval, FIS, Bloomberg
Outils : Excel avancé, Power BI
Normes : PCG français
Reporting : Hyperion

👤 Profil recherché :
• Formation : Doctorat en finance, comptabilité ou gestion
• Expérience : 3-5 ans
• Maîtrise de Kyriba, Reval
• Bonne connaissance de la réglementation financière
• Qualités : Rigueur, organisation, esprit d'analyse, discrétion"
"Consolideur | Finance | Sage, EBP, Excel, Access","Pilotez la performance financière et assurez la conformité des opérations comptables.

🎯 Missions principales :
• Gérer la consolidation
• Établir les reportings financiers trimestriels
• Analyser la performance et identifier les écarts
• Participer aux clôtures comptables
• Assurer la conformité aux normes IFRS, PCG
• Collaborer avec les équipes opérationnelles
• Optimiser les processus financiers

💻 Environnement :
ERP : Sage, EBP, Excel, Access
Outils : Excel avancé, Power BI
Normes : PCG français
Reporting : Hyperion

👤 Profil recherché :
• Formation : Licence en finance, comptabilité ou gestion
• Expérience : 1-2 ans
• Maîtrise de Sage, EBP
• Bonne connaissance de la réglementation financière
• Qualités : Rigueur, organisation, esprit d'analyse, discrétion"
"Consolideur | Finance | Workday Financials, Adaptive Insights, Excel, Tableau","Pilotez la performance financière et assurez la conformité des opérations comptables.

🎯 Missions principales :
• Gérer le contrôle de gestion
• Établir les reportings financiers trimestriels
• Analyser la performance et identifier les écarts
• Participer aux clôtures comptables
• Assurer la conformité aux normes GAAP
• Collaborer avec les équipes opérationnelles
• Optimiser les processus financiers

💻 Environnement :
ERP : Workday Financials, Adaptive Insights, Excel, Tableau
Outils : Excel avancé, Power BI
Normes : IFRS
Reporting : Excel VBA

👤 Profil recherché :
• Formation : Bac+5 en finance, comptabilité ou gestion
• Expérience : 7+ ans
• Maîtrise de Workday Financials, Adaptive Insights
• Bonne connaissance de la réglementation financière
• Qualités : Rigueur, organisation, esprit d'analyse, discrétion"
"Contrôleur de Gestion | Finance | SAP, Excel, Cegid, QuickBooks","Pilotez la performance financière et assurez la conformité des opérations comptables.

🎯 Missions principales :
• Gérer la trésorerie
• Établir les reportings financiers quotidiens
• Analyser la performance et identifier les écarts
• Participer aux clôtures comptables
• Assurer la conformité aux normes Sarbanes-Oxley
• Collaborer avec les équipes opérationnelles
• Optimiser les processus financiers

💻 Environnement :
ERP : SAP, Excel, Cegid, QuickBooks
Outils : Excel avancé, Power BI
Normes : US GAAP
Reporting : Hyperion

👤 Profil recherché :
• Formation : Bac+2 en finance, comptabilité ou gestion
• Expérience : 3-5 ans
• Maîtrise de SAP, Excel
• Bonne connaissance de la réglementation financière
• Qualités : Rigueur, organisation, esprit d'analyse, discrétion"
"Consolideur | Finance | ACL, IDEA, Excel, SAP","Pilotez la performance financière et assurez la conformité des opérations comptables.

🎯 Missions principales :
• Gérer la consolidation
• Établir les reportings financiers trimestriels
• Analyser la performance et identifier les écarts
• Participer aux clôtures comptables
• Assurer la conformité aux normes IFRS, PCG
• Collaborer avec les équipes opérationnelles
• Optimiser les processus financiers

💻 Environnement :
ERP : ACL, IDEA, Excel, SAP
Outils : Excel avancé, Power BI
Normes : US GAAP
Reporting : Excel VBA

👤 Profil recherché :
• Formation : BTS en finance, comptabilité ou gestion
• Expérience : 5+ ans
• Maîtrise de ACL, IDEA
• Bonne connaissance de la réglementation financière
• Qualités : Rigueur, organisation, esprit d'analyse, discrétion"
"Credit Manager | Finance | ACL, IDEA, Excel, SAP","Pilotez la performance financière et assurez la conformité des opérations comptables.

🎯 Missions principales :
• Gérer le contrôle de gestion
• Établir les reportings financiers trimestriels
• Analyser la performance et identifier les écarts
• Participer aux clôtures comptables
• Assurer la conformité aux normes Sarbanes-Oxley
• Collaborer avec les équipes opérationnelles
• Optimiser les processus financiers

💻 Environnement :
ERP : ACL, IDEA, Excel, SAP
Outils : Excel avancé, Power BI
Normes : IFRS
Reporting : SAP BW

👤 Profil recherché :
• Formation : BTS en finance, comptabilité ou gestion
• Expérience : Expert (7+ ans)
• Maîtrise de ACL, IDEA
• Bonne connaissance de la réglementation financière
• Qualités : Rigueur, organisation, esprit d'analyse, discrétion"
"Analyste Financier | Finance | Oracle, SAP FI, Excel, SQL","Pilotez la performance financière et assurez la conformité des opérations comptables.

🎯 Missions principales :
• Gérer la trésorerie
• Établir les reportings financiers trimestriels
• Analyser la performance et identifier les écarts
• Participer aux clôtures comptables
• Assurer la conformité aux normes Sarbanes-Oxley
• Collaborer avec les équipes opérationnelles
• Optimiser les processus financiers

💻 Environnement :
ERP : Oracle, SAP FI, Excel, SQL
Outils : Excel avancé, Power BI
Normes : US GAAP
Reporting : SAP BW

👤 Profil recherché :
• Formation : DUT en finance, comptabilité ou gestion
• Expérience : Junior (0-2 ans)
• Maîtrise de Oracle, SAP FI
• Bonne connaissance de la réglementation financière
• Qualités : Rigueur, organisation, esprit d'analyse, discrétion"
"Credit Manager | Finance | Microsoft Dynamics, NetSuite, Excel, SQL","Pilotez la performance financière et assurez la conformité des opérations comptables.

🎯 Missions principales :
• Gérer les audits
• Établir les reportings financiers quotidiens
• Analyser la performance et identifier les écarts
• Participer aux clôtures comptables
• Assurer la conformité aux normes GAAP
• Collaborer avec les équipes opérationnelles
• Optimiser les processus financiers

💻 Environnement :
ERP : Microsoft Dynamics, NetSuite, Excel, SQL
Outils : Excel avancé, Power BI
Normes : US GAAP
Reporting : SAP BW

👤 Profil recherché :
• Formation : Licence en finance, comptabilité ou gestion
• Expérience : Expert (7+ ans)
• Maîtrise de Microsoft Dynamics, NetSuite
• Bonne connaissance de la réglementation financière
• Qualités : Rigueur, organisation, esprit d'analyse, discrétion"
"Contrôleur de Gestion | Finance | SAP BPC, IBM Cognos, Oracle PBCS, Excel","Pilotez la performance financière et assurez la conformité des opérations comptables.

🎯 Missions principales :
• Gérer le contrôle de gestion
• Établir les reportings financiers quotidiens
• Analyser la performance et identifier les écarts
• Participer aux clôtures comptables
• Assurer la conformité aux normes IFRS, PCG
• Collaborer avec les équipes opérationnelles
• Optimiser les processus financiers

💻 Environnement :
ERP : SAP BPC, IBM Cognos, Oracle PBCS, Excel
Outils : Excel avancé, Power BI
Normes : IFRS
Reporting : Hyperion

👤 Profil recherché :
• Formation : Master 2 en finance, comptabilité ou gestion
• Expérience : Confirmé (3-5 ans)
• Maîtrise de SAP BPC, IBM Cognos
• Bonne connaissance de la réglementation financière
• Qualités : Rigueur, organisation, esprit d'analyse, discrétion"
"Contrôleur de Gestion | Finance | SAP BPC, IBM Cognos, Oracle PBCS, Excel","Pilotez la performance financière et assurez la conformité des opérations comptables.

🎯 Missions principales :
• Gérer les audits
• Établir les reportings financiers mensuels et annuels
• Analyser la performance et identifier les écarts
• Participer aux clôtures comptables
• Assurer la conformité aux normes Sarbanes-Oxley
• Collaborer avec les équipes opérationnelles
• Optimiser les processus financiers

💻 Environnement :
ERP : SAP BPC, IBM Cognos, Oracle PBCS, Excel
Outils : Excel avancé, Power BI
Normes : IFRS
Reporting : Hyperion

👤 Profil recherché :
• Formation : Bac+2 en finance, comptabilité ou gestion
• Expérience : Senior (5+ ans)
• Maîtrise de SAP BPC, IBM Cognos
• Bonne connaissance de la réglementation financière
• Qualités : Rigueur, organisation, esprit d'analyse, discrétion"
"Contrôleur de Gestion | Finance | Workday Financials, Adaptive Insights, Excel, Tableau","Pilotez la performance financière et assurez la conformité des opérations comptables.

🎯 Missions principales :
• Gérer la comptabilité générale
• Établir les reportings financiers trimestriels
• Analyser la performance et identifier les écarts
• Participer aux clôtures comptables
• Assurer la conformité aux normes Bâle III
• Collaborer avec les équipes opérationnelles
• Optimiser les processus financiers

💻 Environnement :
ERP : Workday Financials, Adaptive Insights, Excel, Tableau
Outils : Excel avancé, Power BI
Normes : US GAAP
Reporting : Excel VBA

👤 Profil recherché :
• Formation : Bac+4 en finance, comptabilité ou gestion
• Expérience : Junior (0-2 ans)
• Maîtrise de Workday Financials, Adaptive Insights
• Bonne connaissance de la réglementation financière
• Qualités : Rigueur, organisation, esprit d'analyse, discrétion"
"Credit Manager | Finance | SAP S/4HANA, Anaplan, Tableau, Alteryx","Pilotez la performance financière et assurez la conformité des opérations comptables.

🎯 Missions principales :
• Gérer la comptabilité générale
• Établir les reportings financiers hebdomadaires
• Analyser la performance et identifier les écarts
• Participer aux clôtures comptables
• Assurer la conformité aux normes GAAP
• Collaborer avec les équipes opérationnelles
• Optimiser les processus financiers

💻 Environnement :
ERP : SAP S/4HANA, Anaplan, Tableau, Alteryx
Outils : Excel avancé, Power BI
Normes : US GAAP
Reporting : SAP BW

👤 Profil recherché :
• Formation : Bac+2 en finance, comptabilité ou gestion
• Expérience : 1-2 ans
• Maîtrise de SAP S/4HANA, Anaplan
• Bonne connaissance de la réglementation financière
• Qualités : Rigueur, organisation, esprit d'analyse, discrétion"
"Contrôleur Interne | Finance | BlackLine, FloQast, Excel, SAP","Pilotez la performance financière et assurez la conformité des opérations comptables.

🎯 Missions principales :
• Gérer la consolidation
• Établir les reportings financiers trimestriels
• Analyser la performance et identifier les écarts
• Participer aux clôtures comptables
• Assurer la conformité aux normes IFRS, PCG
• Collaborer avec les équipes opérationnelles
• Optimiser les processus financiers

💻 Environnement :
ERP : BlackLine, FloQast, Excel, SAP
Outils : Excel avancé, Power BI
Normes : US GAAP
Reporting : Hyperion

👤 Profil recherché :
• Formation : Bac+3 en finance, comptabilité ou gestion
• Expérience : 3-5 ans
• Maîtrise de BlackLine, FloQast
• Bonne connaissance de la réglementation financière
• Qualités : Rigueur, organisation, esprit d'analyse, discrétion"
"Auditeur | Finance | SAP CO, Hyperion, Excel VBA, Power BI","Pilotez la performance financière et assurez la conformité des opérations comptables.

🎯 Missions principales :
• Gérer la comptabilité générale
• Établir les reportings financiers quotidiens
• Analyser la performance et identifier les écarts
• Participer aux clôtures comptables
• Assurer la conformité aux normes Sarbanes-Oxley
• Collaborer avec les équipes opérationnelles
• Optimiser les processus financiers

💻 Environnement :
ERP : SAP CO, Hyperion, Excel VBA, Power BI
Outils : Excel avancé, Power BI
Normes : US GAAP
Reporting : Excel VBA

👤 Profil recherché :
• Formation : DUT en finance, comptabilité ou gestion
• Expérience : 3-5 ans
• Maîtrise de SAP CO, Hyperion
• Bonne connaissance de la réglementation financière
• Qualités : Rigueur, organisation, esprit d'analyse, discrétion"
"Trésorier | Finance | Bloomberg, Excel, SAP, Tableau","Pilotez la performance financière et assurez la conformité des opérations comptables.

🎯 Missions principales :
• Gérer le contrôle de gestion
• Établir les reportings financiers quotidiens
• Analyser la performance et identifier les écarts
• Participer aux clôtures comptables
• Assurer la conformité aux normes GAAP
• Collaborer avec les équipes opérationnelles
• Optimiser les processus financiers

💻 Environnement :
ERP : Bloomberg, Excel, SAP, Tableau
Outils : Excel avancé, Power BI
Normes : IFRS
Reporting : Hyperion

👤 Profil recherché :
• Formation : DUT en finance, comptabilité ou gestion
• Expérience : 7+ ans
• Maîtrise de Bloomberg, Excel
• Bonne connaissance de la réglementation financière
• Qualités : Rigueur, organisation, esprit d'analyse, discrétion"
"Trésorier | Finance | BlackLine, FloQast, Excel, SAP","Pilotez la performance financière et assurez la conformité des opérations comptables.

🎯 Missions principales :
• Gérer le contrôle de gestion
• Établir les reportings financiers hebdomadaires
• Analyser la performance et identifier les écarts
• Participer aux clôtures comptables
• Assurer la conformité aux normes GAAP
• Collaborer avec les équipes opérationnelles
• Optimiser les processus financiers

💻 Environnement :
ERP : BlackLine, FloQast, Excel, SAP
Outils : Excel avancé, Power BI
Normes : IFRS
Reporting : Excel VBA

👤 Profil recherché :
• Formation : Bac+3 en finance, comptabilité ou gestion
• Expérience : 3-5 ans
• Maîtrise de BlackLine, FloQast
• Bonne connaissance de la réglementation financière
• Qualités : Rigueur, organisation, esprit d'analyse, discrétion"
"Trésorier | Finance | Bloomberg, Excel, SAP, Tableau","Pilotez la performance financière et assurez la conformité des opérations comptables.

🎯 Missions principales :
• Gérer la consolidation
• Établir les reportings financiers trimestriels
• Analyser la performance et identifier les écarts
• Participer aux clôtures comptables
• Assurer la conformité aux normes GAAP
• Collaborer avec les équipes opérationnelles
• Optimiser les processus financiers

💻 Environnement :
ERP : Bloomberg, Excel, SAP, Tableau
Outils : Excel avancé, Power BI
Normes : IFRS
Reporting : Hyperion

👤 Profil recherché :
• Formation : Bac+5 en finance, comptabilité ou gestion
• Expérience : Confirmé (3-5 ans)
• Maîtrise de Bloomberg, Excel
• Bonne connaissance de la réglementation financière
• Qualités : Rigueur, organisation, esprit d'analyse, discrétion"
"Responsable Comptable | Finance | ACL, IDEA, Excel, SAP","Pilotez la performance financière et assurez la conformité des opérations comptables.

🎯 Missions principales :
• Gérer la trésorerie
• Établir les reportings financiers quotidiens
• Analyser la performance et identifier les écarts
• Participer aux clôtures comptables
• Assurer la conformité aux normes Sarbanes-Oxley
• Collaborer avec les équipes opérationnelles
• Optimiser les processus financiers

💻 Environnement :
ERP : ACL, IDEA, Excel, SAP
Outils : Excel avancé, Power BI
Normes : US GAAP
Reporting : SAP BW

👤 Profil recherché :
• Formation : Licence en finance, comptabilité ou gestion
• Expérience : Junior (0-2 ans)
• Maîtrise de ACL, IDEA
• Bonne connaissance de la réglementation financière
• Qualités : Rigueur, organisation, esprit d'analyse, discrétion"
"Auditeur | Finance | Oracle Financials, PeopleSoft, Excel, Power BI","Pilotez la performance financière et assurez la conformité des opérations comptables.

🎯 Missions principales :
• Gérer le contrôle de gestion
• Établir les reportings financiers trimestriels
• Analyser la performance et identifier les écarts
• Participer aux clôtures comptables
• Assurer la conformité aux normes Sarbanes-Oxley
• Collaborer avec les équipes opérationnelles
• Optimiser les processus financiers

💻 Environnement :
ERP : Oracle Financials, PeopleSoft, Excel, Power BI
Outils : Excel avancé, Power BI
Normes : US GAAP
Reporting : Hyperion

👤 Profil recherché :
• Formation : DUT en finance, comptabilité ou gestion
• Expérience : 10+ ans
• Maîtrise de Oracle Financials, PeopleSoft
• Bonne connaissance de la réglementation financière
• Qualités : Rigueur, organisation, esprit d'analyse, discrétion"
"Credit Manager | Finance | ACL, IDEA, Excel, SAP","Pilotez la performance financière et assurez la conformité des opérations comptables.

🎯 Missions principales :
• Gérer les audits
• Établir les reportings financiers trimestriels
• Analyser la performance et identifier les écarts
• Participer aux clôtures comptables
• Assurer la conformité aux normes Bâle III
• Collaborer avec les équipes opérationnelles
• Optimiser les processus financiers

💻 Environnement :
ERP : ACL, IDEA, Excel, SAP
Outils : Excel avancé, Power BI
Normes : US GAAP
Reporting : Hyperion

👤 Profil recherché :
• Formation : Bac+2 en finance, comptabilité ou gestion
• Expérience : 10+ ans
• Maîtrise de ACL, IDEA
• Bonne connaissance de la réglementation financière
• Qualités : Rigueur, organisation, esprit d'analyse, discrétion"
"Contrôleur Interne | Finance | Workday Financials, Adaptive Insights, Excel, Tableau","Pilotez la performance financière et assurez la conformité des opérations comptables.

🎯 Missions principales :
• Gérer la consolidation
• Établir les reportings financiers quotidiens
• Analyser la performance et identifier les écarts
• Participer aux clôtures comptables
• Assurer la conformité aux normes Sarbanes-Oxley
• Collaborer avec les équipes opérationnelles
• Optimiser les processus financiers

💻 Environnement :
ERP : Workday Financials, Adaptive Insights, Excel, Tableau
Outils : Excel avancé, Power BI
Normes : IFRS
Reporting : SAP BW

👤 Profil recherché :
• Formation : Bac+3 en finance, comptabilité ou gestion
• Expérience : Junior (0-2 ans)
• Maîtrise de Workday Financials, Adaptive Insights
• Bonne connaissance de la réglementation financière
• Qualités : Rigueur, organisation, esprit d'analyse, discrétion"
"Analyste Financier | Finance | SAP BPC, IBM Cognos, Oracle PBCS, Excel","Pilotez la performance financière et assurez la conformité des opérations comptables.

🎯 Missions principales :
• Gérer le contrôle de gestion
• Établir les reportings financiers quotidiens
• Analyser la performance et identifier les écarts
• Participer aux clôtures comptables
• Assurer la conformité aux normes GAAP
• Collaborer avec les équipes opérationnelles
• Optimiser les processus financiers

💻 Environnement :
ERP : SAP BPC, IBM Cognos, Oracle PBCS, Excel
Outils : Excel avancé, Power BI
Normes : PCG français
Reporting : SAP BW

👤 Profil recherché :
• Formation : Bac+3 en finance, comptabilité ou gestion
• Expérience : 1-2 ans
• Maîtrise de SAP BPC, IBM Cognos
• Bonne connaissance de la réglementation financière
• Qualités : Rigueur, organisation, esprit d'analyse, discrétion"
"Contrôleur de Gestion | Finance | SAP BPC, IBM Cognos, Oracle PBCS, Excel","Pilotez la performance financière et assurez la conformité des opérations comptables.

🎯 Missions principales :
• Gérer les audits
• Établir les reportings financiers mensuels et annuels
• Analyser la performance et identifier les écarts
• Participer aux clôtures comptables
• Assurer la conformité aux normes IFRS, PCG
• Collaborer avec les équipes opérationnelles
• Optimiser les processus financiers

💻 Environnement :
ERP : SAP BPC, IBM Cognos, Oracle PBCS, Excel
Outils : Excel avancé, Power BI
Normes : IFRS
Reporting : SAP BW

👤 Profil recherché :
• Formation : Doctorat en finance, comptabilité ou gestion
• Expérience : Senior (5+ ans)
• Maîtrise de SAP BPC, IBM Cognos
• Bonne connaissance de la réglementation financière
• Qualités : Rigueur, organisation, esprit d'analyse, discrétion"
"Auditeur | Finance | SAP, Excel, Cegid, QuickBooks","Pilotez la performance financière et assurez la conformité des opérations comptables.

🎯 Missions principales :
• Gérer la consolidation
• Établir les reportings financiers quotidiens
• Analyser la performance et identifier les écarts
• Participer aux clôtures comptables
• Assurer la conformité aux normes GAAP
• Collaborer avec les équipes opérationnelles
• Optimiser les processus financiers

💻 Environnement :
ERP : SAP, Excel, Cegid, QuickBooks
Outils : Excel avancé, Power BI
Normes : IFRS
Reporting : Excel VBA

👤 Profil recherché :
• Formation : Bac+4 en finance, comptabilité ou gestion
• Expérience : 10+ ans
• Maîtrise de SAP, Excel
• Bonne connaissance de la réglementation financière
• Qualités : Rigueur, organisation, esprit d'analyse, discrétion"
"Responsable Comptable | Finance | Bloomberg, Excel, SAP, Tableau","Pilotez la performance financière et assurez la conformité des opérations comptables.

🎯 Missions principales :
• Gérer les audits
• Établir les reportings financiers quotidiens
• Analyser la performance et identifier les écarts
• Participer aux clôtures comptables
• Assurer la conformité aux normes IFRS, PCG
• Collaborer avec les équipes opérationnelles
• Optimiser les processus financiers

💻 Environnement :
ERP : Bloomberg, Excel, SAP, Tableau
Outils : Excel avancé, Power BI
Normes : PCG français
Reporting : Hyperion

👤 Profil recherché :
• Formation : Doctorat en finance, comptabilité ou gestion
• Expérience : 10+ ans
• Maîtrise de Bloomberg, Excel
• Bonne connaissance de la réglementation financière
• Qualités : Rigueur, organisation, esprit d'analyse, discrétion"
"Contrôleur de Gestion | Finance | Microsoft Dynamics, NetSuite, Excel, SQL","Pilotez la performance financière et assurez la conformité des opérations comptables.

🎯 Missions principales :
• Gérer la comptabilité générale
• Établir les reportings financiers trimestriels
• Analyser la performance et identifier les écarts
• Participer aux clôtures comptables
• Assurer la conformité aux normes Sarbanes-Oxley
• Collaborer avec les équipes opérationnelles
• Optimiser les processus financiers

💻 Environnement :
ERP : Microsoft Dynamics, NetSuite, Excel, SQL
Outils : Excel avancé, Power BI
Normes : PCG français
Reporting : Excel VBA

👤 Profil recherché :
• Formation : Bac+4 en finance, comptabilité ou gestion
• Expérience : 2-3 ans
• Maîtrise de Microsoft Dynamics, NetSuite
• Bonne connaissance de la réglementation financière
• Qualités : Rigueur, organisation, esprit d'analyse, discrétion"
"Consolideur | Finance | SAP BPC, IBM Cognos, Oracle PBCS, Excel","Pilotez la performance financière et assurez la conformité des opérations comptables.

🎯 Missions principales :
• Gérer le contrôle de gestion
• Établir les reportings financiers trimestriels
• Analyser la performance et identifier les écarts
• Participer aux clôtures comptables
• Assurer la conformité aux normes Bâle III
• Collaborer avec les équipes opérationnelles
• Optimiser les processus financiers

💻 Environnement :
ERP : SAP BPC, IBM Cognos, Oracle PBCS, Excel
Outils : Excel avancé, Power BI
Normes : US GAAP
Reporting : Hyperion

👤 Profil recherché :
• Formation : BTS en finance, comptabilité ou gestion
• Expérience : Senior (5+ ans)
• Maîtrise de SAP BPC, IBM Cognos
• Bonne connaissance de la réglementation financière
• Qualités : Rigueur, organisation, esprit d'analyse, discrétion"
"Directeur Financier | Finance | SAP S/4HANA, Anaplan, Tableau, Alteryx","Pilotez la performance financière et assurez la conformité des opérations comptables.

🎯 Missions principales :
• Gérer les audits
• Établir les reportings financiers hebdomadaires
• Analyser la performance et identifier les écarts
• Participer aux clôtures comptables
• Assurer la conformité aux normes GAAP
• Collaborer avec les équipes opérationnelles
• Optimiser les processus financiers

💻 Environnement :
ERP : SAP S/4HANA, Anaplan, Tableau, Alteryx
Outils : Excel avancé, Power BI
Normes : US GAAP
Reporting : Hyperion

👤 Profil recherché :
• Formation : Bac+2 en finance, comptabilité ou gestion
• Expérience : 1-2 ans
• Maîtrise de SAP S/4HANA, Anaplan
• Bonne connaissance de la réglementation financière
• Qualités : Rigueur, organisation, esprit d'analyse, discrétion"
"Consolideur | Finance | Kyriba, Reval, FIS, Bloomberg","Pilotez la performance financière et assurez la conformité des opérations comptables.

🎯 Missions principales :
• Gérer la comptabilité générale
• Établir les reportings financiers mensuels et annuels
• Analyser la performance et identifier les écarts
• Participer aux clôtures comptables
• Assurer la conformité aux normes Bâle III
• Collaborer avec les équipes opérationnelles
• Optimiser les processus financiers

💻 Environnement :
ERP : Kyriba, Reval, FIS, Bloomberg
Outils : Excel avancé, Power BI
Normes : PCG français
Reporting : SAP BW

👤 Profil recherché :
• Formation : Bac+2 en finance, comptabilité ou gestion
• Expérience : 10+ ans
• Maîtrise de Kyriba, Reval
• Bonne connaissance de la réglementation financière
• Qualités : Rigueur, organisation, esprit d'analyse, discrétion"
"Directeur Financier | Finance | SAP CO, Hyperion, Excel VBA, Power BI","Pilotez la performance financière et assurez la conformité des opérations comptables.

🎯 Missions principales :
• Gérer la trésorerie
• Établir les reportings financiers trimestriels
• Analyser la performance et identifier les écarts
• Participer aux clôtures comptables
• Assurer la conformité aux normes IFRS, PCG
• Collaborer avec les équipes opérationnelles
• Optimiser les processus financiers

💻 Environnement :
ERP : SAP CO, Hyperion, Excel VBA, Power BI
Outils : Excel avancé, Power BI
Normes : IFRS
Reporting : SAP BW

👤 Profil recherché :
• Formation : Bac+4 en finance, comptabilité ou gestion
• Expérience : 5+ ans
• Maîtrise de SAP CO, Hyperion
• Bonne connaissance de la réglementation financière
• Qualités : Rigueur, organisation, esprit d'analyse, discrétion"
"Comptable | Finance | SAP BPC, IBM Cognos, Oracle PBCS, Excel","Pilotez la performance financière et assurez la conformité des opérations comptables.

🎯 Missions principales :
• Gérer le contrôle de gestion
• Établir les reportings financiers trimestriels
• Analyser la performance et identifier les écarts
• Participer aux clôtures comptables
• Assurer la conformité aux normes Bâle III
• Collaborer avec les équipes opérationnelles
• Optimiser les processus financiers

💻 Environnement :
ERP : SAP BPC, IBM Cognos, Oracle PBCS, Excel
Outils : Excel avancé, Power BI
Normes : US GAAP
Reporting : Hyperion

👤 Profil recherché :
• Formation : Bac+5 en finance, comptabilité ou gestion
• Expérience : Junior (0-2 ans)
• Maîtrise de SAP BPC, IBM Cognos
• Bonne connaissance de la réglementation financière
• Qualités : Rigueur, organisation, esprit d'analyse, discrétion"
"Trésorier | Finance | BlackLine, FloQast, Excel, SAP","Pilotez la performance financière et assurez la conformité des opérations comptables.

🎯 Missions principales :
• Gérer les audits
• Établir les reportings financiers quotidiens
• Analyser la performance et identifier les écarts
• Participer aux clôtures comptables
• Assurer la conformité aux normes IFRS, PCG
• Collaborer avec les équipes opérationnelles
• Optimiser les processus financiers

💻 Environnement :
ERP : BlackLine, FloQast, Excel, SAP
Outils : Excel avancé, Power BI
Normes : US GAAP
Reporting : Excel VBA

👤 Profil recherché :
• Formation : Bac+3 en finance, comptabilité ou gestion
• Expérience : 7+ ans
• Maîtrise de BlackLine, FloQast
• Bonne connaissance de la réglementation financière
• Qualités : Rigueur, organisation, esprit d'analyse, discrétion"
"Contrôleur de Gestion | Finance | SAP, Excel, Cegid, QuickBooks","Pilotez la performance financière et assurez la conformité des opérations comptables.

🎯 Missions principales :
• Gérer les audits
• Établir les reportings financiers trimestriels
• Analyser la performance et identifier les écarts
• Participer aux clôtures comptables
• Assurer la conformité aux normes Sarbanes-Oxley
• Collaborer avec les équipes opérationnelles
• Optimiser les processus financiers

💻 Environnement :
ERP : SAP, Excel, Cegid, QuickBooks
Outils : Excel avancé, Power BI
Normes : PCG français
Reporting : Hyperion

👤 Profil recherché :
• Formation : Bac+4 en finance, comptabilité ou gestion
• Expérience : 1-2 ans
• Maîtrise de SAP, Excel
• Bonne connaissance de la réglementation financière
• Qualités : Rigueur, organisation, esprit d'analyse, discrétion"
"Directeur Financier | Finance | SAP, Excel, Cegid, QuickBooks","Pilotez la performance financière et assurez la conformité des opérations comptables.

🎯 Missions principales :
• Gérer la comptabilité générale
• Établir les reportings financiers hebdomadaires
• Analyser la performance et identifier les écarts
• Participer aux clôtures comptables
• Assurer la conformité aux normes Sarbanes-Oxley
• Collaborer avec les équipes opérationnelles
• Optimiser les processus financiers

💻 Environnement :
ERP : SAP, Excel, Cegid, QuickBooks
Outils : Excel avancé, Power BI
Normes : IFRS
Reporting : Hyperion

👤 Profil recherché :
• Formation : Doctorat en finance, comptabilité ou gestion
• Expérience : 5+ ans
• Maîtrise de SAP, Excel
• Bonne connaissance de la réglementation financière
• Qualités : Rigueur, organisation, esprit d'analyse, discrétion"
"Credit Manager | Finance | Workday Financials, Adaptive Insights, Excel, Tableau","Pilotez la performance financière et assurez la conformité des opérations comptables.

🎯 Missions principales :
• Gérer la comptabilité générale
• Établir les reportings financiers mensuels et annuels
• Analyser la performance et identifier les écarts
• Participer aux clôtures comptables
• Assurer la conformité aux normes Sarbanes-Oxley
• Collaborer avec les équipes opérationnelles
• Optimiser les processus financiers

💻 Environnement :
ERP : Workday Financials, Adaptive Insights, Excel, Tableau
Outils : Excel avancé, Power BI
Normes : IFRS
Reporting : SAP BW

👤 Profil recherché :
• Formation : Bac+4 en finance, comptabilité ou gestion
• Expérience : Senior (5+ ans)
• Maîtrise de Workday Financials, Adaptive Insights
• Bonne connaissance de la réglementation financière
• Qualités : Rigueur, organisation, esprit d'analyse, discrétion"
"Contrôleur de Gestion | Finance | Sage, EBP, Excel, Access","Pilotez la performance financière et assurez la conformité des opérations comptables.

🎯 Missions principales :
• Gérer la comptabilité générale
• Établir les reportings financiers quotidiens
• Analyser la performance et identifier les écarts
• Participer aux clôtures comptables
• Assurer la conformité aux normes IFRS, PCG
• Collaborer avec les équipes opérationnelles
• Optimiser les processus financiers

💻 Environnement :
ERP : Sage, EBP, Excel, Access
Outils : Excel avancé, Power BI
Normes : IFRS
Reporting : SAP BW

👤 Profil recherché :
• Formation : Bac+3 en finance, comptabilité ou gestion
• Expérience : Junior (0-2 ans)
• Maîtrise de Sage, EBP
• Bonne connaissance de la réglementation financière
• Qualités : Rigueur, organisation, esprit d'analyse, discrétion"
"Directeur Financier | Finance | Sage, EBP, Excel, Access","Pilotez la performance financière et assurez la conformité des opérations comptables.

🎯 Missions principales :
• Gérer le contrôle de gestion
• Établir les reportings financiers trimestriels
• Analyser la performance et identifier les écarts
• Participer aux clôtures comptables
• Assurer la conformité aux normes GAAP
• Collaborer avec les équipes opérationnelles
• Optimiser les processus financiers

💻 Environnement :
ERP : Sage, EBP, Excel, Access
Outils : Excel avancé, Power BI
Normes : US GAAP
Reporting : Excel VBA

👤 Profil recherché :
• Formation : DUT en finance, comptabilité ou gestion
• Expérience : 2-3 ans
• Maîtrise de Sage, EBP
• Bonne connaissance de la réglementation financière
• Qualités : Rigueur, organisation, esprit d'analyse, discrétion"
"Responsable Comptable | Finance | SAP BPC, IBM Cognos, Oracle PBCS, Excel","Pilotez la performance financière et assurez la conformité des opérations comptables.

🎯 Missions principales :
• Gérer la trésorerie
• Établir les reportings financiers trimestriels
• Analyser la performance et identifier les écarts
• Participer aux clôtures comptables
• Assurer la conformité aux normes IFRS, PCG
• Collaborer avec les équipes opérationnelles
• Optimiser les processus financiers

💻 Environnement :
ERP : SAP BPC, IBM Cognos, Oracle PBCS, Excel
Outils : Excel avancé, Power BI
Normes : PCG français
Reporting : SAP BW

👤 Profil recherché :
• Formation : Bac+4 en finance, comptabilité ou gestion
• Expérience : 1-2 ans
• Maîtrise de SAP BPC, IBM Cognos
• Bonne connaissance de la réglementation financière
• Qualités : Rigueur, organisation, esprit d'analyse, discrétion"
"Contrôleur Interne | Finance | SAP CO, Hyperion, Excel VBA, Power BI","Pilotez la performance financière et assurez la conformité des opérations comptables.

🎯 Missions principales :
• Gérer le contrôle de gestion
• Établir les reportings financiers mensuels et annuels
• Analyser la performance et identifier les écarts
• Participer aux clôtures comptables
• Assurer la conformité aux normes IFRS, PCG
• Collaborer avec les équipes opérationnelles
• Optimiser les processus financiers

💻 Environnement :
ERP : SAP CO, Hyperion, Excel VBA, Power BI
Outils : Excel avancé, Power BI
Normes : PCG français
Reporting : Hyperion

👤 Profil recherché :
• Formation : Bac+3 en finance, comptabilité ou gestion
• Expérience : 2-3 ans
• Maîtrise de SAP CO, Hyperion
• Bonne connaissance de la réglementation financière
• Qualités : Rigueur, organisation, esprit d'analyse, discrétion"
"Comptable | Finance | Microsoft Dynamics, NetSuite, Excel, SQL","Pilotez la performance financière et assurez la conformité des opérations comptables.

🎯 Missions principales :
• Gérer les audits
• Établir les reportings financiers hebdomadaires
• Analyser la performance et identifier les écarts
• Participer aux clôtures comptables
• Assurer la conformité aux normes GAAP
• Collaborer avec les équipes opérationnelles
• Optimiser les processus financiers

💻 Environnement :
ERP : Microsoft Dynamics, NetSuite, Excel, SQL
Outils : Excel avancé, Power BI
Normes : PCG français
Reporting : Hyperion

👤 Profil recherché :
• Formation : BTS en finance, comptabilité ou gestion
• Expérience : Confirmé (3-5 ans)
• Maîtrise de Microsoft Dynamics, NetSuite
• Bonne connaissance de la réglementation financière
• Qualités : Rigueur, organisation, esprit d'analyse, discrétion"
"Credit Manager | Finance | Xero, FreshBooks, Wave, Excel","Pilotez la performance financière et assurez la conformité des opérations comptables.

🎯 Missions principales :
• Gérer les audits
• Établir les reportings financiers hebdomadaires
• Analyser la performance et identifier les écarts
• Participer aux clôtures comptables
• Assurer la conformité aux normes GAAP
• Collaborer avec les équipes opérationnelles
• Optimiser les processus financiers

💻 Environnement :
ERP : Xero, FreshBooks, Wave, Excel
Outils : Excel avancé, Power BI
Normes : US GAAP
Reporting : SAP BW

👤 Profil recherché :
• Formation : BTS en finance, comptabilité ou gestion
• Expérience : 10+ ans
• Maîtrise de Xero, FreshBooks
• Bonne connaissance de la réglementation financière
• Qualités : Rigueur, organisation, esprit d'analyse, discrétion"
"Trésorier | Finance | Microsoft Dynamics, NetSuite, Excel, SQL","Pilotez la performance financière et assurez la conformité des opérations comptables.

🎯 Missions principales :
• Gérer la trésorerie
• Établir les reportings financiers trimestriels
• Analyser la performance et identifier les écarts
• Participer aux clôtures comptables
• Assurer la conformité aux normes IFRS, PCG
• Collaborer avec les équipes opérationnelles
• Optimiser les processus financiers

💻 Environnement :
ERP : Microsoft Dynamics, NetSuite, Excel, SQL
Outils : Excel avancé, Power BI
Normes : US GAAP
Reporting : Hyperion

👤 Profil recherché :
• Formation : Bac+2 en finance, comptabilité ou gestion
• Expérience : Junior (0-2 ans)
• Maîtrise de Microsoft Dynamics, NetSuite
• Bonne connaissance de la réglementation financière
• Qualités : Rigueur, organisation, esprit d'analyse, discrétion"
"Directeur Financier | Finance | Tagetik, OneStream, Board, Jedox","Pilotez la performance financière et assurez la conformité des opérations comptables.

🎯 Missions principales :
• Gérer la trésorerie
• Établir les reportings financiers trimestriels
• Analyser la performance et identifier les écarts
• Participer aux clôtures comptables
• Assurer la conformité aux normes Bâle III
• Collaborer avec les équipes opérationnelles
• Optimiser les processus financiers

💻 Environnement :
ERP : Tagetik, OneStream, Board, Jedox
Outils : Excel avancé, Power BI
Normes : PCG français
Reporting : Excel VBA

👤 Profil recherché :
• Formation : Bac+3 en finance, comptabilité ou gestion
• Expérience : Senior (5+ ans)
• Maîtrise de Tagetik, OneStream
• Bonne connaissance de la réglementation financière
• Qualités : Rigueur, organisation, esprit d'analyse, discrétion"
"Chargé de Recrutement | Ressources Humaines | SuccessFactors, Oracle Taleo, Kronos, Excel","Accompagnez les collaborateurs et contribuez au développement du capital humain de l'entreprise.

🎯 Missions principales :
• Gérer les relations sociales
• Accompagner les managers dans leurs besoins RH
• Assurer le respect de la législation sociale
• Piloter les projets d'onboarding
• Analyser les indicateurs RH et proposer des actions
• Animer la communication interne
• Garantir une expérience collaborateur positive

💻 Outils RH :
SIRH : SuccessFactors, Oracle Taleo, Kronos, Excel
Recrutement : LinkedIn, Indeed
Communication : Teams, Slack, Intranet
Reporting : Excel, Power BI

👤 Profil recherché :
• Formation : Bac+5 en RH, psychologie ou droit social
• Expérience : 7+ ans
• Compétences : SuccessFactors, Oracle Taleo
• Connaissance du droit du travail et des processus RH
• Qualités : Écoute, diplomatie, confidentialité, organisation"
"Chargé de Recrutement | Ressources Humaines | Cornerstone, 360Learning, Moodle, PowerPoint","Accompagnez les collaborateurs et contribuez au développement du capital humain de l'entreprise.

🎯 Missions principales :
• Gérer la paie
• Accompagner les managers dans leurs besoins RH
• Assurer le respect de la législation sociale
• Piloter les projets de formation
• Analyser les indicateurs RH et proposer des actions
• Animer la communication interne
• Garantir une expérience collaborateur positive

💻 Outils RH :
SIRH : Cornerstone, 360Learning, Moodle, PowerPoint
Recrutement : LinkedIn, Indeed
Communication : Teams, Slack, Intranet
Reporting : Excel, Power BI

👤 Profil recherché :
• Formation : DUT en RH, psychologie ou droit social
• Expérience : 7+ ans
• Compétences : Cornerstone, 360Learning
• Connaissance du droit du travail et des processus RH
• Qualités : Écoute, diplomatie, confidentialité, organisation"
"Talent Acquisition Manager | Ressources Humaines | TriNet, Namely, Bamboo HR, Excel","Accompagnez les collaborateurs et contribuez au développement du capital humain de l'entreprise.

🎯 Missions principales :
• Gérer la formation
• Accompagner les managers dans leurs besoins RH
• Assurer le respect de la législation sociale
• Piloter les projets d'onboarding
• Analyser les indicateurs RH et proposer des actions
• Animer la communication interne
• Garantir une expérience collaborateur positive

💻 Outils RH :
SIRH : TriNet, Namely, Bamboo HR, Excel
Recrutement : Welcome to the Jungle
Communication : Teams, Slack, Intranet
Reporting : Excel, Power BI

👤 Profil recherché :
• Formation : Bac+4 en RH, psychologie ou droit social
• Expérience : Junior (0-2 ans)
• Compétences : TriNet, Namely
• Connaissance du droit du travail et des processus RH
• Qualités : Écoute, diplomatie, confidentialité, organisation"
"Business Partner RH | Ressources Humaines | Cornerstone, 360Learning, Moodle, PowerPoint","Accompagnez les collaborateurs et contribuez au développement du capital humain de l'entreprise.

🎯 Missions principales :
• Gérer le recrutement
• Accompagner les managers dans leurs besoins RH
• Assurer le respect de la législation sociale
• Piloter les projets de transformation RH
• Analyser les indicateurs RH et proposer des actions
• Animer la communication interne
• Garantir une expérience collaborateur positive

💻 Outils RH :
SIRH : Cornerstone, 360Learning, Moodle, PowerPoint
Recrutement : LinkedIn, Indeed
Communication : Teams, Slack, Intranet
Reporting : Excel, Power BI

👤 Profil recherché :
• Formation : Bac+5 en RH, psychologie ou droit social
• Expérience : Confirmé (3-5 ans)
• Compétences : Cornerstone, 360Learning
• Connaissance du droit du travail et des processus RH
• Qualités : Écoute, diplomatie, confidentialité, organisation"
"Responsable Formation | Ressources Humaines | TriNet, Namely, Bamboo HR, Excel","Accompagnez les collaborateurs et contribuez au développement du capital humain de l'entreprise.

🎯 Missions principales :
• Gérer les relations sociales
• Accompagner les managers dans leurs besoins RH
• Assurer le respect de la législation sociale
• Piloter les projets de mobilité interne
• Analyser les indicateurs RH et proposer des actions
• Animer la communication interne
• Garantir une expérience collaborateur positive

💻 Outils RH :
SIRH : TriNet, Namely, Bamboo HR, Excel
Recrutement : LinkedIn, Indeed
Communication : Teams, Slack, Intranet
Reporting : Excel, Power BI

👤 Profil recherché :
• Formation : Bac+5 en RH, psychologie ou droit social
• Expérience : 3-5 ans
• Compétences : TriNet, Namely
• Connaissance du droit du travail et des processus RH
• Qualités : Écoute, diplomatie, confidentialité, organisation"
"Responsable Développement RH | Ressources Humaines | TriNet, Namely, Bamboo HR, Excel","Accompagnez les collaborateurs et contribuez au développement du capital humain de l'entreprise.

🎯 Missions principales :
• Gérer la formation
• Accompagner les managers dans leurs besoins RH
• Assurer le respect de la législation sociale
• Piloter les projets SIRH
• Analyser les indicateurs RH et proposer des actions
• Animer la communication interne
• Garantir une expérience collaborateur positive

💻 Outils RH :
SIRH : TriNet, Namely, Bamboo HR, Excel
Recrutement : Welcome to the Jungle
Communication : Teams, Slack, Intranet
Reporting : Excel, Power BI

👤 Profil recherché :
• Formation : Bac+2 en RH, psychologie ou droit social
• Expérience : Senior (5+ ans)
• Compétences : TriNet, Namely
• Connaissance du droit du travail et des processus RH
• Qualités : Écoute, diplomatie, confidentialité, organisation"
"Business Partner RH | Ressources Humaines | Jobvite, Taleo, Bullhorn, Indeed","Accompagnez les collaborateurs et contribuez au développement du capital humain de l'entreprise.

🎯 Missions principales :
• Gérer le recrutement
• Accompagner les managers dans leurs besoins RH
• Assurer le respect de la législation sociale
• Piloter les projets de mobilité interne
• Analyser les indicateurs RH et proposer des actions
• Animer la communication interne
• Garantir une expérience collaborateur positive

💻 Outils RH :
SIRH : Jobvite, Taleo, Bullhorn, Indeed
Recrutement : Welcome to the Jungle
Communication : Teams, Slack, Intranet
Reporting : Excel, Power BI

👤 Profil recherché :
• Formation : Bac+3 en RH, psychologie ou droit social
• Expérience : 7+ ans
• Compétences : Jobvite, Taleo
• Connaissance du droit du travail et des processus RH
• Qualités : Écoute, diplomatie, confidentialité, organisation"
"Chargé de Recrutement | Ressources Humaines | Silae, PayFit, Excel, DADS","Accompagnez les collaborateurs et contribuez au développement du capital humain de l'entreprise.

🎯 Missions principales :
• Gérer la formation
• Accompagner les managers dans leurs besoins RH
• Assurer le respect de la législation sociale
• Piloter les projets SIRH
• Analyser les indicateurs RH et proposer des actions
• Animer la communication interne
• Garantir une expérience collaborateur positive

💻 Outils RH :
SIRH : Silae, PayFit, Excel, DADS
Recrutement : LinkedIn, Indeed
Communication : Teams, Slack, Intranet
Reporting : Excel, Power BI

👤 Profil recherché :
• Formation : Doctorat en RH, psychologie ou droit social
• Expérience : Expert (7+ ans)
• Compétences : Silae, PayFit
• Connaissance du droit du travail et des processus RH
• Qualités : Écoute, diplomatie, confidentialité, organisation"
"Responsable Développement RH | Ressources Humaines | Jobvite, Taleo, Bullhorn, Indeed","Accompagnez les collaborateurs et contribuez au développement du capital humain de l'entreprise.

🎯 Missions principales :
• Gérer la GPEC
• Accompagner les managers dans leurs besoins RH
• Assurer le respect de la législation sociale
• Piloter les projets d'onboarding
• Analyser les indicateurs RH et proposer des actions
• Animer la communication interne
• Garantir une expérience collaborateur positive

💻 Outils RH :
SIRH : Jobvite, Taleo, Bullhorn, Indeed
Recrutement : JobTeaser, Apec
Communication : Teams, Slack, Intranet
Reporting : Excel, Power BI

👤 Profil recherché :
• Formation : Bac+5 en RH, psychologie ou droit social
• Expérience : 3-5 ans
• Compétences : Jobvite, Taleo
• Connaissance du droit du travail et des processus RH
• Qualités : Écoute, diplomatie, confidentialité, organisation"
"Gestionnaire Paie | Ressources Humaines | ATS, LinkedIn Recruiter, Indeed, Excel","Accompagnez les collaborateurs et contribuez au développement du capital humain de l'entreprise.

🎯 Missions principales :
• Gérer la formation
• Accompagner les managers dans leurs besoins RH
• Assurer le respect de la législation sociale
• Piloter les projets SIRH
• Analyser les indicateurs RH et proposer des actions
• Animer la communication interne
• Garantir une expérience collaborateur positive

💻 Outils RH :
SIRH : ATS, LinkedIn Recruiter, Indeed, Excel
Recrutement : JobTeaser, Apec
Communication : Teams, Slack, Intranet
Reporting : Excel, Power BI

👤 Profil recherché :
• Formation : Bac+4 en RH, psychologie ou droit social
• Expérience : 10+ ans
• Compétences : ATS, LinkedIn Recruiter
• Connaissance du droit du travail et des processus RH
• Qualités : Écoute, diplomatie, confidentialité, organisation"
"Gestionnaire Paie | Ressources Humaines | Zoho People, Gusto, Rippling, Excel","Accompagnez les collaborateurs et contribuez au développement du capital humain de l'entreprise.

🎯 Missions principales :
• Gérer la paie
• Accompagner les managers dans leurs besoins RH
• Assurer le respect de la législation sociale
• Piloter les projets de transformation RH
• Analyser les indicateurs RH et proposer des actions
• Animer la communication interne
• Garantir une expérience collaborateur positive

💻 Outils RH :
SIRH : Zoho People, Gusto, Rippling, Excel
Recrutement : LinkedIn, Indeed
Communication : Teams, Slack, Intranet
Reporting : Excel, Power BI

👤 Profil recherché :
• Formation : Doctorat en RH, psychologie ou droit social
• Expérience : 3-5 ans
• Compétences : Zoho People, Gusto
• Connaissance du droit du travail et des processus RH
• Qualités : Écoute, diplomatie, confidentialité, organisation"
"Chargé de Recrutement | Ressources Humaines | Sage HRMS, Paychex, Zenefits, Excel","Accompagnez les collaborateurs et contribuez au développement du capital humain de l'entreprise.

🎯 Missions principales :
• Gérer la paie
• Accompagner les managers dans leurs besoins RH
• Assurer le respect de la législation sociale
• Piloter les projets de transformation RH
• Analyser les indicateurs RH et proposer des actions
• Animer la communication interne
• Garantir une expérience collaborateur positive

💻 Outils RH :
SIRH : Sage HRMS, Paychex, Zenefits, Excel
Recrutement : Welcome to the Jungle
Communication : Teams, Slack, Intranet
Reporting : Excel, Power BI

👤 Profil recherché :
• Formation : BTS en RH, psychologie ou droit social
• Expérience : 7+ ans
• Compétences : Sage HRMS, Paychex
• Connaissance du droit du travail et des processus RH
• Qualités : Écoute, diplomatie, confidentialité, organisation"
"Assistant RH | Ressources Humaines | Zoho People, Gusto, Rippling, Excel","Accompagnez les collaborateurs et contribuez au développement du capital humain de l'entreprise.

🎯 Missions principales :
• Gérer la paie
• Accompagner les managers dans leurs besoins RH
• Assurer le respect de la législation sociale
• Piloter les projets de formation
• Analyser les indicateurs RH et proposer des actions
• Animer la communication interne
• Garantir une expérience collaborateur positive

💻 Outils RH :
SIRH : Zoho People, Gusto, Rippling, Excel
Recrutement : Welcome to the Jungle
Communication : Teams, Slack, Intranet
Reporting : Excel, Power BI

👤 Profil recherché :
• Formation : Doctorat en RH, psychologie ou droit social
• Expérience : Expert (7+ ans)
• Compétences : Zoho People, Gusto
• Connaissance du droit du travail et des processus RH
• Qualités : Écoute, diplomatie, confidentialité, organisation"
"Business Partner RH | Ressources Humaines | Sage HRMS, Paychex, Zenefits, Excel","Accompagnez les collaborateurs et contribuez au développement du capital humain de l'entreprise.

🎯 Missions principales :
• Gérer la GPEC
• Accompagner les managers dans leurs besoins RH
• Assurer le respect de la législation sociale
• Piloter les projets SIRH
• Analyser les indicateurs RH et proposer des actions
• Animer la communication interne
• Garantir une expérience collaborateur positive

💻 Outils RH :
SIRH : Sage HRMS, Paychex, Zenefits, Excel
Recrutement : Welcome to the Jungle
Communication : Teams, Slack, Intranet
Reporting : Excel, Power BI

👤 Profil recherché :
• Formation : Bac+2 en RH, psychologie ou droit social
• Expérience : Confirmé (3-5 ans)
• Compétences : Sage HRMS, Paychex
• Connaissance du droit du travail et des processus RH
• Qualités : Écoute, diplomatie, confidentialité, organisation"
"Gestionnaire Paie | Ressources Humaines | Bob, HiBob, Charlie HR, Breathe HR","Accompagnez les collaborateurs et contribuez au développement du capital humain de l'entreprise.

🎯 Missions principales :
• Gérer la paie
• Accompagner les managers dans leurs besoins RH
• Assurer le respect de la législation sociale
• Piloter les projets d'onboarding
• Analyser les indicateurs RH et proposer des actions
• Animer la communication interne
• Garantir une expérience collaborateur positive

💻 Outils RH :
SIRH : Bob, HiBob, Charlie HR, Breathe HR
Recrutement : Welcome to the Jungle
Communication : Teams, Slack, Intranet
Reporting : Excel, Power BI

👤 Profil recherché :
• Formation : Bac+3 en RH, psychologie ou droit social
• Expérience : Senior (5+ ans)
• Compétences : Bob, HiBob
• Connaissance du droit du travail et des processus RH
• Qualités : Écoute, diplomatie, confidentialité, organisation"
"Assistant RH | Ressources Humaines | Greenhouse, Lever, JazzHR, Excel","Accompagnez les collaborateurs et contribuez au développement du capital humain de l'entreprise.

🎯 Missions principales :
• Gérer les relations sociales
• Accompagner les managers dans leurs besoins RH
• Assurer le respect de la législation sociale
• Piloter les projets de transformation RH
• Analyser les indicateurs RH et proposer des actions
• Animer la communication interne
• Garantir une expérience collaborateur positive

💻 Outils RH :
SIRH : Greenhouse, Lever, JazzHR, Excel
Recrutement : LinkedIn, Indeed
Communication : Teams, Slack, Intranet
Reporting : Excel, Power BI

👤 Profil recherché :
• Formation : Licence en RH, psychologie ou droit social
• Expérience : Confirmé (3-5 ans)
• Compétences : Greenhouse, Lever
• Connaissance du droit du travail et des processus RH
• Qualités : Écoute, diplomatie, confidentialité, organisation"
"Responsable RH | Ressources Humaines | ATS, LinkedIn Recruiter, Indeed, Excel","Accompagnez les collaborateurs et contribuez au développement du capital humain de l'entreprise.

🎯 Missions principales :
• Gérer le recrutement
• Accompagner les managers dans leurs besoins RH
• Assurer le respect de la législation sociale
• Piloter les projets de mobilité interne
• Analyser les indicateurs RH et proposer des actions
• Animer la communication interne
• Garantir une expérience collaborateur positive

💻 Outils RH :
SIRH : ATS, LinkedIn Recruiter, Indeed, Excel
Recrutement : Welcome to the Jungle
Communication : Teams, Slack, Intranet
Reporting : Excel, Power BI

👤 Profil recherché :
• Formation : Doctorat en RH, psychologie ou droit social
• Expérience : 1-2 ans
• Compétences : ATS, LinkedIn Recruiter
• Connaissance du droit du travail et des processus RH
• Qualités : Écoute, diplomatie, confidentialité, organisation"
"Responsable Formation | Ressources Humaines | ATS, LinkedIn Recruiter, Indeed, Excel","Accompagnez les collaborateurs et contribuez au développement du capital humain de l'entreprise.

🎯 Missions principales :
• Gérer la GPEC
• Accompagner les managers dans leurs besoins RH
• Assurer le respect de la législation sociale
• Piloter les projets SIRH
• Analyser les indicateurs RH et proposer des actions
• Animer la communication interne
• Garantir une expérience collaborateur positive

💻 Outils RH :
SIRH : ATS, LinkedIn Recruiter, Indeed, Excel
Recrutement : LinkedIn, Indeed
Communication : Teams, Slack, Intranet
Reporting : Excel, Power BI

👤 Profil recherché :
• Formation : Master 2 en RH, psychologie ou droit social
• Expérience : Junior (0-2 ans)
• Compétences : ATS, LinkedIn Recruiter
• Connaissance du droit du travail et des processus RH
• Qualités : Écoute, diplomatie, confidentialité, organisation"
"Responsable Formation | Ressources Humaines | UltiPro, iCIMS, SmartRecruiters, LinkedIn","Accompagnez les collaborateurs et contribuez au développement du capital humain de l'entreprise.

🎯 Missions principales :
• Gérer la GPEC
• Accompagner les managers dans leurs besoins RH
• Assurer le respect de la législation sociale
• Piloter les projets de transformation RH
• Analyser les indicateurs RH et proposer des actions
• Animer la communication interne
• Garantir une expérience collaborateur positive

💻 Outils RH :
SIRH : UltiPro, iCIMS, SmartRecruiters, LinkedIn
Recrutement : JobTeaser, Apec
Communication : Teams, Slack, Intranet
Reporting : Excel, Power BI

👤 Profil recherché :
• Formation : Bac+3 en RH, psychologie ou droit social
• Expérience : Confirmé (3-5 ans)
• Compétences : UltiPro, iCIMS
• Connaissance du droit du travail et des processus RH
• Qualités : Écoute, diplomatie, confidentialité, organisation"
"Business Partner RH | Ressources Humaines | ADP, Ceridian, Paylocity, Excel","Accompagnez les collaborateurs et contribuez au développement du capital humain de l'entreprise.

🎯 Missions principales :
• Gérer la GPEC
• Accompagner les managers dans leurs besoins RH
• Assurer le respect de la législation sociale
• Piloter les projets d'onboarding
• Analyser les indicateurs RH et proposer des actions
• Animer la communication interne
• Garantir une expérience collaborateur positive

💻 Outils RH :
SIRH : ADP, Ceridian, Paylocity, Excel
Recrutement : JobTeaser, Apec
Communication : Teams, Slack, Intranet
Reporting : Excel, Power BI

👤 Profil recherché :
• Formation : Bac+3 en RH, psychologie ou droit social
• Expérience : 10+ ans
• Compétences : ADP, Ceridian
• Connaissance du droit du travail et des processus RH
• Qualités : Écoute, diplomatie, confidentialité, organisation"
"Assistant RH | Ressources Humaines | ADP, Ceridian, Paylocity, Excel","Accompagnez les collaborateurs et contribuez au développement du capital humain de l'entreprise.

🎯 Missions principales :
• Gérer la paie
• Accompagner les managers dans leurs besoins RH
• Assurer le respect de la législation sociale
• Piloter les projets de formation
• Analyser les indicateurs RH et proposer des actions
• Animer la communication interne
• Garantir une expérience collaborateur positive

💻 Outils RH :
SIRH : ADP, Ceridian, Paylocity, Excel
Recrutement : Welcome to the Jungle
Communication : Teams, Slack, Intranet
Reporting : Excel, Power BI

👤 Profil recherché :
• Formation : DUT en RH, psychologie ou droit social
• Expérience : Expert (7+ ans)
• Compétences : ADP, Ceridian
• Connaissance du droit du travail et des processus RH
• Qualités : Écoute, diplomatie, confidentialité, organisation"
"Gestionnaire Paie | Ressources Humaines | SAP SuccessFactors, Workday, Oracle HCM, Power BI","Accompagnez les collaborateurs et contribuez au développement du capital humain de l'entreprise.

🎯 Missions principales :
• Gérer les relations sociales
• Accompagner les managers dans leurs besoins RH
• Assurer le respect de la législation sociale
• Piloter les projets SIRH
• Analyser les indicateurs RH et proposer des actions
• Animer la communication interne
• Garantir une expérience collaborateur positive

💻 Outils RH :
SIRH : SAP SuccessFactors, Workday, Oracle HCM, Power BI
Recrutement : JobTeaser, Apec
Communication : Teams, Slack, Intranet
Reporting : Excel, Power BI

👤 Profil recherché :
• Formation : DUT en RH, psychologie ou droit social
• Expérience : 5+ ans
• Compétences : SAP SuccessFactors, Workday
• Connaissance du droit du travail et des processus RH
• Qualités : Écoute, diplomatie, confidentialité, organisation"
"Chargé de Recrutement | Ressources Humaines | ADP, Ceridian, Paylocity, Excel","Accompagnez les collaborateurs et contribuez au développement du capital humain de l'entreprise.

🎯 Missions principales :
• Gérer la paie
• Accompagner les managers dans leurs besoins RH
• Assurer le respect de la législation sociale
• Piloter les projets de mobilité interne
• Analyser les indicateurs RH et proposer des actions
• Animer la communication interne
• Garantir une expérience collaborateur positive

💻 Outils RH :
SIRH : ADP, Ceridian, Paylocity, Excel
Recrutement : LinkedIn, Indeed
Communication : Teams, Slack, Intranet
Reporting : Excel, Power BI

👤 Profil recherché :
• Formation : Bac+3 en RH, psychologie ou droit social
• Expérience : 10+ ans
• Compétences : ADP, Ceridian
• Connaissance du droit du travail et des processus RH
• Qualités : Écoute, diplomatie, confidentialité, organisation"
"Business Partner RH | Ressources Humaines | SAP SuccessFactors, Workday, Oracle HCM, Power BI","Accompagnez les collaborateurs et contribuez au développement du capital humain de l'entreprise.

🎯 Missions principales :
• Gérer le recrutement
• Accompagner les managers dans leurs besoins RH
• Assurer le respect de la législation sociale
• Piloter les projets de formation
• Analyser les indicateurs RH et proposer des actions
• Animer la communication interne
• Garantir une expérience collaborateur positive

💻 Outils RH :
SIRH : SAP SuccessFactors, Workday, Oracle HCM, Power BI
Recrutement : JobTeaser, Apec
Communication : Teams, Slack, Intranet
Reporting : Excel, Power BI

👤 Profil recherché :
• Formation : Master 2 en RH, psychologie ou droit social
• Expérience : 3-5 ans
• Compétences : SAP SuccessFactors, Workday
• Connaissance du droit du travail et des processus RH
• Qualités : Écoute, diplomatie, confidentialité, organisation"
"Responsable Développement RH | Ressources Humaines | SAP HR, Workday, BambooHR, Excel","Accompagnez les collaborateurs et contribuez au développement du capital humain de l'entreprise.

🎯 Missions principales :
• Gérer la formation
• Accompagner les managers dans leurs besoins RH
• Assurer le respect de la législation sociale
• Piloter les projets de transformation RH
• Analyser les indicateurs RH et proposer des actions
• Animer la communication interne
• Garantir une expérience collaborateur positive

💻 Outils RH :
SIRH : SAP HR, Workday, BambooHR, Excel
Recrutement : Welcome to the Jungle
Communication : Teams, Slack, Intranet
Reporting : Excel, Power BI

👤 Profil recherché :
• Formation : Licence en RH, psychologie ou droit social
• Expérience : 10+ ans
• Compétences : SAP HR, Workday
• Connaissance du droit du travail et des processus RH
• Qualités : Écoute, diplomatie, confidentialité, organisation"
"Chargé de Recrutement | Ressources Humaines | ADP, Ceridian, Paylocity, Excel","Accompagnez les collaborateurs et contribuez au développement du capital humain de l'entreprise.

🎯 Missions principales :
• Gérer la GPEC
• Accompagner les managers dans leurs besoins RH
• Assurer le respect de la législation sociale
• Piloter les projets SIRH
• Analyser les indicateurs RH et proposer des actions
• Animer la communication interne
• Garantir une expérience collaborateur positive

💻 Outils RH :
SIRH : ADP, Ceridian, Paylocity, Excel
Recrutement : LinkedIn, Indeed
Communication : Teams, Slack, Intranet
Reporting : Excel, Power BI

👤 Profil recherché :
• Formation : Master 2 en RH, psychologie ou droit social
• Expérience : Junior (0-2 ans)
• Compétences : ADP, Ceridian
• Connaissance du droit du travail et des processus RH
• Qualités : Écoute, diplomatie, confidentialité, organisation"
"Talent Acquisition Manager | Ressources Humaines | Cornerstone, 360Learning, Moodle, PowerPoint","Accompagnez les collaborateurs et contribuez au développement du capital humain de l'entreprise.

🎯 Missions principales :
• Gérer la GPEC
• Accompagner les managers dans leurs besoins RH
• Assurer le respect de la législation sociale
• Piloter les projets d'onboarding
• Analyser les indicateurs RH et proposer des actions
• Animer la communication interne
• Garantir une expérience collaborateur positive

💻 Outils RH :
SIRH : Cornerstone, 360Learning, Moodle, PowerPoint
Recrutement : JobTeaser, Apec
Communication : Teams, Slack, Intranet
Reporting : Excel, Power BI

👤 Profil recherché :
• Formation : DUT en RH, psychologie ou droit social
• Expérience : 7+ ans
• Compétences : Cornerstone, 360Learning
• Connaissance du droit du travail et des processus RH
• Qualités : Écoute, diplomatie, confidentialité, organisation"
"Chargé de Recrutement | Ressources Humaines | ATS, LinkedIn Recruiter, Indeed, Excel","Accompagnez les collaborateurs et contribuez au développement du capital humain de l'entreprise.

🎯 Missions principales :
• Gérer la formation
• Accompagner les managers dans leurs besoins RH
• Assurer le respect de la législation sociale
• Piloter les projets d'onboarding
• Analyser les indicateurs RH et proposer des actions
• Animer la communication interne
• Garantir une expérience collaborateur positive

💻 Outils RH :
SIRH : ATS, LinkedIn Recruiter, Indeed, Excel
Recrutement : LinkedIn, Indeed
Communication : Teams, Slack, Intranet
Reporting : Excel, Power BI

👤 Profil recherché :
• Formation : Licence en RH, psychologie ou droit social
• Expérience : Junior (0-2 ans)
• Compétences : ATS, LinkedIn Recruiter
• Connaissance du droit du travail et des processus RH
• Qualités : Écoute, diplomatie, confidentialité, organisation"
"Responsable Formation | Ressources Humaines | UltiPro, iCIMS, SmartRecruiters, LinkedIn","Accompagnez les collaborateurs et contribuez au développement du capital humain de l'entreprise.

🎯 Missions principales :
• Gérer la formation
• Accompagner les managers dans leurs besoins RH
• Assurer le respect de la législation sociale
• Piloter les projets de transformation RH
• Analyser les indicateurs RH et proposer des actions
• Animer la communication interne
• Garantir une expérience collaborateur positive

💻 Outils RH :
SIRH : UltiPro, iCIMS, SmartRecruiters, LinkedIn
Recrutement : Welcome to the Jungle
Communication : Teams, Slack, Intranet
Reporting : Excel, Power BI

👤 Profil recherché :
• Formation : Doctorat en RH, psychologie ou droit social
• Expérience : Junior (0-2 ans)
• Compétences : UltiPro, iCIMS
• Connaissance du droit du travail et des processus RH
• Qualités : Écoute, diplomatie, confidentialité, organisation"
"Responsable Développement RH | Ressources Humaines | Jobvite, Taleo, Bullhorn, Indeed","Accompagnez les collaborateurs et contribuez au développement du capital humain de l'entreprise.

🎯 Missions principales :
• Gérer la formation
• Accompagner les managers dans leurs besoins RH
• Assurer le respect de la législation sociale
• Piloter les projets d'onboarding
• Analyser les indicateurs RH et proposer des actions
• Animer la communication interne
• Garantir une expérience collaborateur positive

💻 Outils RH :
SIRH : Jobvite, Taleo, Bullhorn, Indeed
Recrutement : JobTeaser, Apec
Communication : Teams, Slack, Intranet
Reporting : Excel, Power BI

👤 Profil recherché :
• Formation : Master 2 en RH, psychologie ou droit social
• Expérience : 7+ ans
• Compétences : Jobvite, Taleo
• Connaissance du droit du travail et des processus RH
• Qualités : Écoute, diplomatie, confidentialité, organisation"
"Responsable Développement RH | Ressources Humaines | Cornerstone, 360Learning, Moodle, PowerPoint","Accompagnez les collaborateurs et contribuez au développement du capital humain de l'entreprise.

🎯 Missions principales :
• Gérer la paie
• Accompagner les managers dans leurs besoins RH
• Assurer le respect de la législation sociale
• Piloter les projets d'onboarding
• Analyser les indicateurs RH et proposer des actions
• Animer la communication interne
• Garantir une expérience collaborateur positive

💻 Outils RH :
SIRH : Cornerstone, 360Learning, Moodle, PowerPoint
Recrutement : JobTeaser, Apec
Communication : Teams, Slack, Intranet
Reporting : Excel, Power BI

👤 Profil recherché :
• Formation : Doctorat en RH, psychologie ou droit social
• Expérience : 10+ ans
• Compétences : Cornerstone, 360Learning
• Connaissance du droit du travail et des processus RH
• Qualités : Écoute, diplomatie, confidentialité, organisation"
"Chargé de Recrutement | Ressources Humaines | UltiPro, iCIMS, SmartRecruiters, LinkedIn","Accompagnez les collaborateurs et contribuez au développement du capital humain de l'entreprise.

🎯 Missions principales :
• Gérer le recrutement
• Accompagner les managers dans leurs besoins RH
• Assurer le respect de la législation sociale
• Piloter les projets de transformation RH
• Analyser les indicateurs RH et proposer des actions
• Animer la communication interne
• Garantir une expérience collaborateur positive

💻 Outils RH :
SIRH : UltiPro, iCIMS, SmartRecruiters, LinkedIn
Recrutement : JobTeaser, Apec
Communication : Teams, Slack, Intranet
Reporting : Excel, Power BI

👤 Profil recherché :
• Formation : BTS en RH, psychologie ou droit social
• Expérience : 2-3 ans
• Compétences : UltiPro, iCIMS
• Connaissance du droit du travail et des processus RH
• Qualités : Écoute, diplomatie, confidentialité, organisation"
"Talent Acquisition Manager | Ressources Humaines | SAP HR, Workday, BambooHR, Excel","Accompagnez les collaborateurs et contribuez au développement du capital humain de l'entreprise.

🎯 Missions principales :
• Gérer la paie
• Accompagner les managers dans leurs besoins RH
• Assurer le respect de la législation sociale
• Piloter les projets d'onboarding
• Analyser les indicateurs RH et proposer des actions
• Animer la communication interne
• Garantir une expérience collaborateur positive

💻 Outils RH :
SIRH : SAP HR, Workday, BambooHR, Excel
Recrutement : Welcome to the Jungle
Communication : Teams, Slack, Intranet
Reporting : Excel, Power BI

👤 Profil recherché :
• Formation : BTS en RH, psychologie ou droit social
• Expérience : 3-5 ans
• Compétences : SAP HR, Workday
• Connaissance du droit du travail et des processus RH
• Qualités : Écoute, diplomatie, confidentialité, organisation"
"Responsable Développement RH | Ressources Humaines | SAP SuccessFactors, Workday, Oracle HCM, Power BI","Accompagnez les collaborateurs et contribuez au développement du capital humain de l'entreprise.

🎯 Missions principales :
• Gérer le recrutement
• Accompagner les managers dans leurs besoins RH
• Assurer le respect de la législation sociale
• Piloter les projets d'onboarding
• Analyser les indicateurs RH et proposer des actions
• Animer la communication interne
• Garantir une expérience collaborateur positive

💻 Outils RH :
SIRH : SAP SuccessFactors, Workday, Oracle HCM, Power BI
Recrutement : Welcome to the Jungle
Communication : Teams, Slack, Intranet
Reporting : Excel, Power BI

👤 Profil recherché :
• Formation : Bac+5 en RH, psychologie ou droit social
• Expérience : 1-2 ans
• Compétences : SAP SuccessFactors, Workday
• Connaissance du droit du travail et des processus RH
• Qualités : Écoute, diplomatie, confidentialité, organisation"
"Gestionnaire Paie | Ressources Humaines | Jobvite, Taleo, Bullhorn, Indeed","Accompagnez les collaborateurs et contribuez au développement du capital humain de l'entreprise.

🎯 Missions principales :
• Gérer la GPEC
• Accompagner les managers dans leurs besoins RH
• Assurer le respect de la législation sociale
• Piloter les projets de mobilité interne
• Analyser les indicateurs RH et proposer des actions
• Animer la communication interne
• Garantir une expérience collaborateur positive

💻 Outils RH :
SIRH : Jobvite, Taleo, Bullhorn, Indeed
Recrutement : Welcome to the Jungle
Communication : Teams, Slack, Intranet
Reporting : Excel, Power BI

👤 Profil recherché :
• Formation : DUT en RH, psychologie ou droit social
• Expérience : 1-2 ans
• Compétences : Jobvite, Taleo
• Connaissance du droit du travail et des processus RH
• Qualités : Écoute, diplomatie, confidentialité, organisation"
"Responsable RH | Ressources Humaines | ADP, Ceridian, Paylocity, Excel","Accompagnez les collaborateurs et contribuez au développement du capital humain de l'entreprise.

🎯 Missions principales :
• Gérer la formation
• Accompagner les managers dans leurs besoins RH
• Assurer le respect de la législation sociale
• Piloter les projets de transformation RH
• Analyser les indicateurs RH et proposer des actions
• Animer la communication interne
• Garantir une expérience collaborateur positive

💻 Outils RH :
SIRH : ADP, Ceridian, Paylocity, Excel
Recrutement : LinkedIn, Indeed
Communication : Teams, Slack, Intranet
Reporting : Excel, Power BI

👤 Profil recherché :
• Formation : Licence en RH, psychologie ou droit social
• Expérience : Confirmé (3-5 ans)
• Compétences : ADP, Ceridian
• Connaissance du droit du travail et des processus RH
• Qualités : Écoute, diplomatie, confidentialité, organisation"
"Talent Acquisition Manager | Ressources Humaines | Bob, HiBob, Charlie HR, Breathe HR","Accompagnez les collaborateurs et contribuez au développement du capital humain de l'entreprise.

🎯 Missions principales :
• Gérer la paie
• Accompagner les managers dans leurs besoins RH
• Assurer le respect de la législation sociale
• Piloter les projets de formation
• Analyser les indicateurs RH et proposer des actions
• Animer la communication interne
• Garantir une expérience collaborateur positive

💻 Outils RH :
SIRH : Bob, HiBob, Charlie HR, Breathe HR
Recrutement : JobTeaser, Apec
Communication : Teams, Slack, Intranet
Reporting : Excel, Power BI

👤 Profil recherché :
• Formation : DUT en RH, psychologie ou droit social
• Expérience : Confirmé (3-5 ans)
• Compétences : Bob, HiBob
• Connaissance du droit du travail et des processus RH
• Qualités : Écoute, diplomatie, confidentialité, organisation"
"Responsable Développement RH | Ressources Humaines | Sage HRMS, Paychex, Zenefits, Excel","Accompagnez les collaborateurs et contribuez au développement du capital humain de l'entreprise.

🎯 Missions principales :
• Gérer la GPEC
• Accompagner les managers dans leurs besoins RH
• Assurer le respect de la législation sociale
• Piloter les projets de formation
• Analyser les indicateurs RH et proposer des actions
• Animer la communication interne
• Garantir une expérience collaborateur positive

💻 Outils RH :
SIRH : Sage HRMS, Paychex, Zenefits, Excel
Recrutement : LinkedIn, Indeed
Communication : Teams, Slack, Intranet
Reporting : Excel, Power BI

👤 Profil recherché :
• Formation : Master 2 en RH, psychologie ou droit social
• Expérience : Junior (0-2 ans)
• Compétences : Sage HRMS, Paychex
• Connaissance du droit du travail et des processus RH
• Qualités : Écoute, diplomatie, confidentialité, organisation"
"Chargé de Recrutement | Ressources Humaines | Talentsoft, Lucca, PeopleSoft, Excel","Accompagnez les collaborateurs et contribuez au développement du capital humain de l'entreprise.

🎯 Missions principales :
• Gérer le recrutement
• Accompagner les managers dans leurs besoins RH
• Assurer le respect de la législation sociale
• Piloter les projets de formation
• Analyser les indicateurs RH et proposer des actions
• Animer la communication interne
• Garantir une expérience collaborateur positive

💻 Outils RH :
SIRH : Talentsoft, Lucca, PeopleSoft, Excel
Recrutement : JobTeaser, Apec
Communication : Teams, Slack, Intranet
Reporting : Excel, Power BI

👤 Profil recherché :
• Formation : DUT en RH, psychologie ou droit social
• Expérience : 2-3 ans
• Compétences : Talentsoft, Lucca
• Connaissance du droit du travail et des processus RH
• Qualités : Écoute, diplomatie, confidentialité, organisation"
"Responsable Formation | Ressources Humaines | UltiPro, iCIMS, SmartRecruiters, LinkedIn","Accompagnez les collaborateurs et contribuez au développement du capital humain de l'entreprise.

🎯 Missions principales :
• Gérer la paie
• Accompagner les managers dans leurs besoins RH
• Assurer le respect de la législation sociale
• Piloter les projets d'onboarding
• Analyser les indicateurs RH et proposer des actions
• Animer la communication interne
• Garantir une expérience collaborateur positive

💻 Outils RH :
SIRH : UltiPro, iCIMS, SmartRecruiters, LinkedIn
Recrutement : LinkedIn, Indeed
Communication : Teams, Slack, Intranet
Reporting : Excel, Power BI

👤 Profil recherché :
• Formation : Master 2 en RH, psychologie ou droit social
• Expérience : Junior (0-2 ans)
• Compétences : UltiPro, iCIMS
• Connaissance du droit du travail et des processus RH
• Qualités : Écoute, diplomatie, confidentialité, organisation"
"Chargé SIRH | Ressources Humaines | Talentsoft, Lucca, PeopleSoft, Excel","Accompagnez les collaborateurs et contribuez au développement du capital humain de l'entreprise.

🎯 Missions principales :
• Gérer les relations sociales
• Accompagner les managers dans leurs besoins RH
• Assurer le respect de la législation sociale
• Piloter les projets SIRH
• Analyser les indicateurs RH et proposer des actions
• Animer la communication interne
• Garantir une expérience collaborateur positive

💻 Outils RH :
SIRH : Talentsoft, Lucca, PeopleSoft, Excel
Recrutement : Welcome to the Jungle
Communication : Teams, Slack, Intranet
Reporting : Excel, Power BI

👤 Profil recherché :
• Formation : Bac+4 en RH, psychologie ou droit social
• Expérience : 7+ ans
• Compétences : Talentsoft, Lucca
• Connaissance du droit du travail et des processus RH
• Qualités : Écoute, diplomatie, confidentialité, organisation"
"Gestionnaire Paie | Ressources Humaines | ATS, LinkedIn Recruiter, Indeed, Excel","Accompagnez les collaborateurs et contribuez au développement du capital humain de l'entreprise.

🎯 Missions principales :
• Gérer la GPEC
• Accompagner les managers dans leurs besoins RH
• Assurer le respect de la législation sociale
• Piloter les projets de transformation RH
• Analyser les indicateurs RH et proposer des actions
• Animer la communication interne
• Garantir une expérience collaborateur positive

💻 Outils RH :
SIRH : ATS, LinkedIn Recruiter, Indeed, Excel
Recrutement : JobTeaser, Apec
Communication : Teams, Slack, Intranet
Reporting : Excel, Power BI

👤 Profil recherché :
• Formation : Licence en RH, psychologie ou droit social
• Expérience : 1-2 ans
• Compétences : ATS, LinkedIn Recruiter
• Connaissance du droit du travail et des processus RH
• Qualités : Écoute, diplomatie, confidentialité, organisation"
"Responsable Relations Sociales | Ressources Humaines | SAP HR, Workday, BambooHR, Excel","Accompagnez les collaborateurs et contribuez au développement du capital humain de l'entreprise.

🎯 Missions principales :
• Gérer la paie
• Accompagner les managers dans leurs besoins RH
• Assurer le respect de la législation sociale
• Piloter les projets de formation
• Analyser les indicateurs RH et proposer des actions
• Animer la communication interne
• Garantir une expérience collaborateur positive

💻 Outils RH :
SIRH : SAP HR, Workday, BambooHR, Excel
Recrutement : JobTeaser, Apec
Communication : Teams, Slack, Intranet
Reporting : Excel, Power BI

👤 Profil recherché :
• Formation : Bac+2 en RH, psychologie ou droit social
• Expérience : 2-3 ans
• Compétences : SAP HR, Workday
• Connaissance du droit du travail et des processus RH
• Qualités : Écoute, diplomatie, confidentialité, organisation"
"Responsable Relations Sociales | Ressources Humaines | Sage HRMS, Paychex, Zenefits, Excel","Accompagnez les collaborateurs et contribuez au développement du capital humain de l'entreprise.

🎯 Missions principales :
• Gérer la formation
• Accompagner les managers dans leurs besoins RH
• Assurer le respect de la législation sociale
• Piloter les projets de formation
• Analyser les indicateurs RH et proposer des actions
• Animer la communication interne
• Garantir une expérience collaborateur positive

💻 Outils RH :
SIRH : Sage HRMS, Paychex, Zenefits, Excel
Recrutement : Welcome to the Jungle
Communication : Teams, Slack, Intranet
Reporting : Excel, Power BI

👤 Profil recherché :
• Formation : DUT en RH, psychologie ou droit social
• Expérience : 1-2 ans
• Compétences : Sage HRMS, Paychex
• Connaissance du droit du travail et des processus RH
• Qualités : Écoute, diplomatie, confidentialité, organisation"
"Assistant RH | Ressources Humaines | Cornerstone, 360Learning, Moodle, PowerPoint","Accompagnez les collaborateurs et contribuez au développement du capital humain de l'entreprise.

🎯 Missions principales :
• Gérer la paie
• Accompagner les managers dans leurs besoins RH
• Assurer le respect de la législation sociale
• Piloter les projets SIRH
• Analyser les indicateurs RH et proposer des actions
• Animer la communication interne
• Garantir une expérience collaborateur positive

💻 Outils RH :
SIRH : Cornerstone, 360Learning, Moodle, PowerPoint
Recrutement : LinkedIn, Indeed
Communication : Teams, Slack, Intranet
Reporting : Excel, Power BI

👤 Profil recherché :
• Formation : Licence en RH, psychologie ou droit social
• Expérience : Junior (0-2 ans)
• Compétences : Cornerstone, 360Learning
• Connaissance du droit du travail et des processus RH
• Qualités : Écoute, diplomatie, confidentialité, organisation"
"Assistant RH | Ressources Humaines | ATS, LinkedIn Recruiter, Indeed, Excel","Accompagnez les collaborateurs et contribuez au développement du capital humain de l'entreprise.

🎯 Missions principales :
• Gérer les relations sociales
• Accompagner les managers dans leurs besoins RH
• Assurer le respect de la législation sociale
• Piloter les projets de mobilité interne
• Analyser les indicateurs RH et proposer des actions
• Animer la communication interne
• Garantir une expérience collaborateur positive

💻 Outils RH :
SIRH : ATS, LinkedIn Recruiter, Indeed, Excel
Recrutement : LinkedIn, Indeed
Communication : Teams, Slack, Intranet
Reporting : Excel, Power BI

👤 Profil recherché :
• Formation : Master 2 en RH, psychologie ou droit social
• Expérience : 7+ ans
• Compétences : ATS, LinkedIn Recruiter
• Connaissance du droit du travail et des processus RH
• Qualités : Écoute, diplomatie, confidentialité, organisation"
"Business Partner RH | Ressources Humaines | Silae, PayFit, Excel, DADS","Accompagnez les collaborateurs et contribuez au développement du capital humain de l'entreprise.

🎯 Missions principales :
• Gérer la GPEC
• Accompagner les managers dans leurs besoins RH
• Assurer le respect de la législation sociale
• Piloter les projets d'onboarding
• Analyser les indicateurs RH et proposer des actions
• Animer la communication interne
• Garantir une expérience collaborateur positive

💻 Outils RH :
SIRH : Silae, PayFit, Excel, DADS
Recrutement : Welcome to the Jungle
Communication : Teams, Slack, Intranet
Reporting : Excel, Power BI

👤 Profil recherché :
• Formation : Doctorat en RH, psychologie ou droit social
• Expérience : Confirmé (3-5 ans)
• Compétences : Silae, PayFit
• Connaissance du droit du travail et des processus RH
• Qualités : Écoute, diplomatie, confidentialité, organisation"
"Responsable Formation | Ressources Humaines | ADP, Ceridian, Paylocity, Excel","Accompagnez les collaborateurs et contribuez au développement du capital humain de l'entreprise.

🎯 Missions principales :
• Gérer la formation
• Accompagner les managers dans leurs besoins RH
• Assurer le respect de la législation sociale
• Piloter les projets de mobilité interne
• Analyser les indicateurs RH et proposer des actions
• Animer la communication interne
• Garantir une expérience collaborateur positive

💻 Outils RH :
SIRH : ADP, Ceridian, Paylocity, Excel
Recrutement : Welcome to the Jungle
Communication : Teams, Slack, Intranet
Reporting : Excel, Power BI

👤 Profil recherché :
• Formation : Master 2 en RH, psychologie ou droit social
• Expérience : 5+ ans
• Compétences : ADP, Ceridian
• Connaissance du droit du travail et des processus RH
• Qualités : Écoute, diplomatie, confidentialité, organisation"
"Business Partner RH | Ressources Humaines | ADP, Ceridian, Paylocity, Excel","Accompagnez les collaborateurs et contribuez au développement du capital humain de l'entreprise.

🎯 Missions principales :
• Gérer le recrutement
• Accompagner les managers dans leurs besoins RH
• Assurer le respect de la législation sociale
• Piloter les projets d'onboarding
• Analyser les indicateurs RH et proposer des actions
• Animer la communication interne
• Garantir une expérience collaborateur positive

💻 Outils RH :
SIRH : ADP, Ceridian, Paylocity, Excel
Recrutement : Welcome to the Jungle
Communication : Teams, Slack, Intranet
Reporting : Excel, Power BI

👤 Profil recherché :
• Formation : Bac+2 en RH, psychologie ou droit social
• Expérience : 3-5 ans
• Compétences : ADP, Ceridian
• Connaissance du droit du travail et des processus RH
• Qualités : Écoute, diplomatie, confidentialité, organisation"
"Chargé SIRH | Ressources Humaines | SAP SuccessFactors, Workday, Oracle HCM, Power BI","Accompagnez les collaborateurs et contribuez au développement du capital humain de l'entreprise.

🎯 Missions principales :
• Gérer les relations sociales
• Accompagner les managers dans leurs besoins RH
• Assurer le respect de la législation sociale
• Piloter les projets d'onboarding
• Analyser les indicateurs RH et proposer des actions
• Animer la communication interne
• Garantir une expérience collaborateur positive

💻 Outils RH :
SIRH : SAP SuccessFactors, Workday, Oracle HCM, Power BI
Recrutement : Welcome to the Jungle
Communication : Teams, Slack, Intranet
Reporting : Excel, Power BI

👤 Profil recherché :
• Formation : BTS en RH, psychologie ou droit social
• Expérience : 1-2 ans
• Compétences : SAP SuccessFactors, Workday
• Connaissance du droit du travail et des processus RH
• Qualités : Écoute, diplomatie, confidentialité, organisation"
"Chargé de Recrutement | Ressources Humaines | Bob, HiBob, Charlie HR, Breathe HR","Accompagnez les collaborateurs et contribuez au développement du capital humain de l'entreprise.

🎯 Missions principales :
• Gérer le recrutement
• Accompagner les managers dans leurs besoins RH
• Assurer le respect de la législation sociale
• Piloter les projets d'onboarding
• Analyser les indicateurs RH et proposer des actions
• Animer la communication interne
• Garantir une expérience collaborateur positive

💻 Outils RH :
SIRH : Bob, HiBob, Charlie HR, Breathe HR
Recrutement : Welcome to the Jungle
Communication : Teams, Slack, Intranet
Reporting : Excel, Power BI

👤 Profil recherché :
• Formation : Bac+5 en RH, psychologie ou droit social
• Expérience : Expert (7+ ans)
• Compétences : Bob, HiBob
• Connaissance du droit du travail et des processus RH
• Qualités : Écoute, diplomatie, confidentialité, organisation"
"Responsable RH | Ressources Humaines | Silae, PayFit, Excel, DADS","Accompagnez les collaborateurs et contribuez au développement du capital humain de l'entreprise.

🎯 Missions principales :
• Gérer le recrutement
• Accompagner les managers dans leurs besoins RH
• Assurer le respect de la législation sociale
• Piloter les projets de mobilité interne
• Analyser les indicateurs RH et proposer des actions
• Animer la communication interne
• Garantir une expérience collaborateur positive

💻 Outils RH :
SIRH : Silae, PayFit, Excel, DADS
Recrutement : JobTeaser, Apec
Communication : Teams, Slack, Intranet
Reporting : Excel, Power BI

👤 Profil recherché :
• Formation : Bac+4 en RH, psychologie ou droit social
• Expérience : 3-5 ans
• Compétences : Silae, PayFit
• Connaissance du droit du travail et des processus RH
• Qualités : Écoute, diplomatie, confidentialité, organisation"
"Talent Acquisition Manager | Ressources Humaines | TriNet, Namely, Bamboo HR, Excel","Accompagnez les collaborateurs et contribuez au développement du capital humain de l'entreprise.

🎯 Missions principales :
• Gérer la paie
• Accompagner les managers dans leurs besoins RH
• Assurer le respect de la législation sociale
• Piloter les projets de formation
• Analyser les indicateurs RH et proposer des actions
• Animer la communication interne
• Garantir une expérience collaborateur positive

💻 Outils RH :
SIRH : TriNet, Namely, Bamboo HR, Excel
Recrutement : LinkedIn, Indeed
Communication : Teams, Slack, Intranet
Reporting : Excel, Power BI

👤 Profil recherché :
• Formation : Bac+2 en RH, psychologie ou droit social
• Expérience : Confirmé (3-5 ans)
• Compétences : TriNet, Namely
• Connaissance du droit du travail et des processus RH
• Qualités : Écoute, diplomatie, confidentialité, organisation"
"Assistant RH | Ressources Humaines | Silae, PayFit, Excel, DADS","Accompagnez les collaborateurs et contribuez au développement du capital humain de l'entreprise.

🎯 Missions principales :
• Gérer la GPEC
• Accompagner les managers dans leurs besoins RH
• Assurer le respect de la législation sociale
• Piloter les projets de formation
• Analyser les indicateurs RH et proposer des actions
• Animer la communication interne
• Garantir une expérience collaborateur positive

💻 Outils RH :
SIRH : Silae, PayFit, Excel, DADS
Recrutement : LinkedIn, Indeed
Communication : Teams, Slack, Intranet
Reporting : Excel, Power BI

👤 Profil recherché :
• Formation : Doctorat en RH, psychologie ou droit social
• Expérience : 10+ ans
• Compétences : Silae, PayFit
• Connaissance du droit du travail et des processus RH
• Qualités : Écoute, diplomatie, confidentialité, organisation"
"Responsable Formation | Ressources Humaines | SAP HR, Workday, BambooHR, Excel","Accompagnez les collaborateurs et contribuez au développement du capital humain de l'entreprise.

🎯 Missions principales :
• Gérer la GPEC
• Accompagner les managers dans leurs besoins RH
• Assurer le respect de la législation sociale
• Piloter les projets d'onboarding
• Analyser les indicateurs RH et proposer des actions
• Animer la communication interne
• Garantir une expérience collaborateur positive

💻 Outils RH :
SIRH : SAP HR, Workday, BambooHR, Excel
Recrutement : LinkedIn, Indeed
Communication : Teams, Slack, Intranet
Reporting : Excel, Power BI

👤 Profil recherché :
• Formation : Licence en RH, psychologie ou droit social
• Expérience : 10+ ans
• Compétences : SAP HR, Workday
• Connaissance du droit du travail et des processus RH
• Qualités : Écoute, diplomatie, confidentialité, organisation"
"Responsable Relations Sociales | Ressources Humaines | UltiPro, iCIMS, SmartRecruiters, LinkedIn","Accompagnez les collaborateurs et contribuez au développement du capital humain de l'entreprise.

🎯 Missions principales :
• Gérer la paie
• Accompagner les managers dans leurs besoins RH
• Assurer le respect de la législation sociale
• Piloter les projets de mobilité interne
• Analyser les indicateurs RH et proposer des actions
• Animer la communication interne
• Garantir une expérience collaborateur positive

💻 Outils RH :
SIRH : UltiPro, iCIMS, SmartRecruiters, LinkedIn
Recrutement : LinkedIn, Indeed
Communication : Teams, Slack, Intranet
Reporting : Excel, Power BI

👤 Profil recherché :
• Formation : Master 2 en RH, psychologie ou droit social
• Expérience : Expert (7+ ans)
• Compétences : UltiPro, iCIMS
• Connaissance du droit du travail et des processus RH
• Qualités : Écoute, diplomatie, confidentialité, organisation"
"Assistant RH | Ressources Humaines | SAP SuccessFactors, Workday, Oracle HCM, Power BI","Accompagnez les collaborateurs et contribuez au développement du capital humain de l'entreprise.

🎯 Missions principales :
• Gérer les relations sociales
• Accompagner les managers dans leurs besoins RH
• Assurer le respect de la législation sociale
• Piloter les projets de mobilité interne
• Analyser les indicateurs RH et proposer des actions
• Animer la communication interne
• Garantir une expérience collaborateur positive

💻 Outils RH :
SIRH : SAP SuccessFactors, Workday, Oracle HCM, Power BI
Recrutement : LinkedIn, Indeed
Communication : Teams, Slack, Intranet
Reporting : Excel, Power BI

👤 Profil recherché :
• Formation : Bac+2 en RH, psychologie ou droit social
• Expérience : Senior (5+ ans)
• Compétences : SAP SuccessFactors, Workday
• Connaissance du droit du travail et des processus RH
• Qualités : Écoute, diplomatie, confidentialité, organisation"
"Business Partner RH | Ressources Humaines | UltiPro, iCIMS, SmartRecruiters, LinkedIn","Accompagnez les collaborateurs et contribuez au développement du capital humain de l'entreprise.

🎯 Missions principales :
• Gérer la paie
• Accompagner les managers dans leurs besoins RH
• Assurer le respect de la législation sociale
• Piloter les projets de formation
• Analyser les indicateurs RH et proposer des actions
• Animer la communication interne
• Garantir une expérience collaborateur positive

💻 Outils RH :
SIRH : UltiPro, iCIMS, SmartRecruiters, LinkedIn
Recrutement : Welcome to the Jungle
Communication : Teams, Slack, Intranet
Reporting : Excel, Power BI

👤 Profil recherché :
• Formation : Bac+5 en RH, psychologie ou droit social
• Expérience : 3-5 ans
• Compétences : UltiPro, iCIMS
• Connaissance du droit du travail et des processus RH
• Qualités : Écoute, diplomatie, confidentialité, organisation"
"Chargé SIRH | Ressources Humaines | Zoho People, Gusto, Rippling, Excel","Accompagnez les collaborateurs et contribuez au développement du capital humain de l'entreprise.

🎯 Missions principales :
• Gérer les relations sociales
• Accompagner les managers dans leurs besoins RH
• Assurer le respect de la législation sociale
• Piloter les projets de mobilité interne
• Analyser les indicateurs RH et proposer des actions
• Animer la communication interne
• Garantir une expérience collaborateur positive

💻 Outils RH :
SIRH : Zoho People, Gusto, Rippling, Excel
Recrutement : Welcome to the Jungle
Communication : Teams, Slack, Intranet
Reporting : Excel, Power BI

👤 Profil recherché :
• Formation : Doctorat en RH, psychologie ou droit social
• Expérience : 1-2 ans
• Compétences : Zoho People, Gusto
• Connaissance du droit du travail et des processus RH
• Qualités : Écoute, diplomatie, confidentialité, organisation"
"Talent Acquisition Manager | Ressources Humaines | Sage HRMS, Paychex, Zenefits, Excel","Accompagnez les collaborateurs et contribuez au développement du capital humain de l'entreprise.

🎯 Missions principales :
• Gérer la formation
• Accompagner les managers dans leurs besoins RH
• Assurer le respect de la législation sociale
• Piloter les projets d'onboarding
• Analyser les indicateurs RH et proposer des actions
• Animer la communication interne
• Garantir une expérience collaborateur positive

💻 Outils RH :
SIRH : Sage HRMS, Paychex, Zenefits, Excel
Recrutement : JobTeaser, Apec
Communication : Teams, Slack, Intranet
Reporting : Excel, Power BI

👤 Profil recherché :
• Formation : Bac+2 en RH, psychologie ou droit social
• Expérience : Confirmé (3-5 ans)
• Compétences : Sage HRMS, Paychex
• Connaissance du droit du travail et des processus RH
• Qualités : Écoute, diplomatie, confidentialité, organisation"
"Responsable Relations Sociales | Ressources Humaines | SAP HR, Workday, BambooHR, Excel","Accompagnez les collaborateurs et contribuez au développement du capital humain de l'entreprise.

🎯 Missions principales :
• Gérer la paie
• Accompagner les managers dans leurs besoins RH
• Assurer le respect de la législation sociale
• Piloter les projets d'onboarding
• Analyser les indicateurs RH et proposer des actions
• Animer la communication interne
• Garantir une expérience collaborateur positive

💻 Outils RH :
SIRH : SAP HR, Workday, BambooHR, Excel
Recrutement : JobTeaser, Apec
Communication : Teams, Slack, Intranet
Reporting : Excel, Power BI

👤 Profil recherché :
• Formation : Master 2 en RH, psychologie ou droit social
• Expérience : 7+ ans
• Compétences : SAP HR, Workday
• Connaissance du droit du travail et des processus RH
• Qualités : Écoute, diplomatie, confidentialité, organisation"
"Gestionnaire Paie | Ressources Humaines | Jobvite, Taleo, Bullhorn, Indeed","Accompagnez les collaborateurs et contribuez au développement du capital humain de l'entreprise.

🎯 Missions principales :
• Gérer la GPEC
• Accompagner les managers dans leurs besoins RH
• Assurer le respect de la législation sociale
• Piloter les projets SIRH
• Analyser les indicateurs RH et proposer des actions
• Animer la communication interne
• Garantir une expérience collaborateur positive

💻 Outils RH :
SIRH : Jobvite, Taleo, Bullhorn, Indeed
Recrutement : Welcome to the Jungle
Communication : Teams, Slack, Intranet
Reporting : Excel, Power BI

👤 Profil recherché :
• Formation : Bac+4 en RH, psychologie ou droit social
• Expérience : 5+ ans
• Compétences : Jobvite, Taleo
• Connaissance du droit du travail et des processus RH
• Qualités : Écoute, diplomatie, confidentialité, organisation"
"Gestionnaire Paie | Ressources Humaines | SuccessFactors, Oracle Taleo, Kronos, Excel","Accompagnez les collaborateurs et contribuez au développement du capital humain de l'entreprise.

🎯 Missions principales :
• Gérer la formation
• Accompagner les managers dans leurs besoins RH
• Assurer le respect de la législation sociale
• Piloter les projets de formation
• Analyser les indicateurs RH et proposer des actions
• Animer la communication interne
• Garantir une expérience collaborateur positive

💻 Outils RH :
SIRH : SuccessFactors, Oracle Taleo, Kronos, Excel
Recrutement : LinkedIn, Indeed
Communication : Teams, Slack, Intranet
Reporting : Excel, Power BI

👤 Profil recherché :
• Formation : Bac+3 en RH, psychologie ou droit social
• Expérience : 3-5 ans
• Compétences : SuccessFactors, Oracle Taleo
• Connaissance du droit du travail et des processus RH
• Qualités : Écoute, diplomatie, confidentialité, organisation"
"Business Partner RH | Ressources Humaines | UltiPro, iCIMS, SmartRecruiters, LinkedIn","Accompagnez les collaborateurs et contribuez au développement du capital humain de l'entreprise.

🎯 Missions principales :
• Gérer les relations sociales
• Accompagner les managers dans leurs besoins RH
• Assurer le respect de la législation sociale
• Piloter les projets d'onboarding
• Analyser les indicateurs RH et proposer des actions
• Animer la communication interne
• Garantir une expérience collaborateur positive

💻 Outils RH :
SIRH : UltiPro, iCIMS, SmartRecruiters, LinkedIn
Recrutement : Welcome to the Jungle
Communication : Teams, Slack, Intranet
Reporting : Excel, Power BI

👤 Profil recherché :
• Formation : Bac+5 en RH, psychologie ou droit social
• Expérience : 7+ ans
• Compétences : UltiPro, iCIMS
• Connaissance du droit du travail et des processus RH
• Qualités : Écoute, diplomatie, confidentialité, organisation"
"Business Partner RH | Ressources Humaines | Jobvite, Taleo, Bullhorn, Indeed","Accompagnez les collaborateurs et contribuez au développement du capital humain de l'entreprise.

🎯 Missions principales :
• Gérer la paie
• Accompagner les managers dans leurs besoins RH
• Assurer le respect de la législation sociale
• Piloter les projets de mobilité interne
• Analyser les indicateurs RH et proposer des actions
• Animer la communication interne
• Garantir une expérience collaborateur positive

💻 Outils RH :
SIRH : Jobvite, Taleo, Bullhorn, Indeed
Recrutement : Welcome to the Jungle
Communication : Teams, Slack, Intranet
Reporting : Excel, Power BI

👤 Profil recherché :
• Formation : Licence en RH, psychologie ou droit social
• Expérience : Senior (5+ ans)
• Compétences : Jobvite, Taleo
• Connaissance du droit du travail et des processus RH
• Qualités : Écoute, diplomatie, confidentialité, organisation"
"Talent Acquisition Manager | Ressources Humaines | TriNet, Namely, Bamboo HR, Excel","Accompagnez les collaborateurs et contribuez au développement du capital humain de l'entreprise.

🎯 Missions principales :
• Gérer la paie
• Accompagner les managers dans leurs besoins RH
• Assurer le respect de la législation sociale
• Piloter les projets d'onboarding
• Analyser les indicateurs RH et proposer des actions
• Animer la communication interne
• Garantir une expérience collaborateur positive

💻 Outils RH :
SIRH : TriNet, Namely, Bamboo HR, Excel
Recrutement : Welcome to the Jungle
Communication : Teams, Slack, Intranet
Reporting : Excel, Power BI

👤 Profil recherché :
• Formation : BTS en RH, psychologie ou droit social
• Expérience : Expert (7+ ans)
• Compétences : TriNet, Namely
• Connaissance du droit du travail et des processus RH
• Qualités : Écoute, diplomatie, confidentialité, organisation"
"Business Partner RH | Ressources Humaines | Bob, HiBob, Charlie HR, Breathe HR","Accompagnez les collaborateurs et contribuez au développement du capital humain de l'entreprise.

🎯 Missions principales :
• Gérer les relations sociales
• Accompagner les managers dans leurs besoins RH
• Assurer le respect de la législation sociale
• Piloter les projets de formation
• Analyser les indicateurs RH et proposer des actions
• Animer la communication interne
• Garantir une expérience collaborateur positive

💻 Outils RH :
SIRH : Bob, HiBob, Charlie HR, Breathe HR
Recrutement : Welcome to the Jungle
Communication : Teams, Slack, Intranet
Reporting : Excel, Power BI

👤 Profil recherché :
• Formation : DUT en RH, psychologie ou droit social
• Expérience : 1-2 ans
• Compétences : Bob, HiBob
• Connaissance du droit du travail et des processus RH
• Qualités : Écoute, diplomatie, confidentialité, organisation"
"Responsable Relations Sociales | Ressources Humaines | Cornerstone, 360Learning, Moodle, PowerPoint","Accompagnez les collaborateurs et contribuez au développement du capital humain de l'entreprise.

🎯 Missions principales :
• Gérer la paie
• Accompagner les managers dans leurs besoins RH
• Assurer le respect de la législation sociale
• Piloter les projets de mobilité interne
• Analyser les indicateurs RH et proposer des actions
• Animer la communication interne
• Garantir une expérience collaborateur positive

💻 Outils RH :
SIRH : Cornerstone, 360Learning, Moodle, PowerPoint
Recrutement : Welcome to the Jungle
Communication : Teams, Slack, Intranet
Reporting : Excel, Power BI

👤 Profil recherché :
• Formation : Doctorat en RH, psychologie ou droit social
• Expérience : 1-2 ans
• Compétences : Cornerstone, 360Learning
• Connaissance du droit du travail et des processus RH
• Qualités : Écoute, diplomatie, confidentialité, organisation"
"Responsable RH | Ressources Humaines | SAP SuccessFactors, Workday, Oracle HCM, Power BI","Accompagnez les collaborateurs et contribuez au développement du capital humain de l'entreprise.

🎯 Missions principales :
• Gérer le recrutement
• Accompagner les managers dans leurs besoins RH
• Assurer le respect de la législation sociale
• Piloter les projets d'onboarding
• Analyser les indicateurs RH et proposer des actions
• Animer la communication interne
• Garantir une expérience collaborateur positive

💻 Outils RH :
SIRH : SAP SuccessFactors, Workday, Oracle HCM, Power BI
Recrutement : Welcome to the Jungle
Communication : Teams, Slack, Intranet
Reporting : Excel, Power BI

👤 Profil recherché :
• Formation : Bac+2 en RH, psychologie ou droit social
• Expérience : Senior (5+ ans)
• Compétences : SAP SuccessFactors, Workday
• Connaissance du droit du travail et des processus RH
• Qualités : Écoute, diplomatie, confidentialité, organisation"
"Responsable Relations Sociales | Ressources Humaines | SAP SuccessFactors, Workday, Oracle HCM, Power BI","Accompagnez les collaborateurs et contribuez au développement du capital humain de l'entreprise.

🎯 Missions principales :
• Gérer le recrutement
• Accompagner les managers dans leurs besoins RH
• Assurer le respect de la législation sociale
• Piloter les projets SIRH
• Analyser les indicateurs RH et proposer des actions
• Animer la communication interne
• Garantir une expérience collaborateur positive

💻 Outils RH :
SIRH : SAP SuccessFactors, Workday, Oracle HCM, Power BI
Recrutement : JobTeaser, Apec
Communication : Teams, Slack, Intranet
Reporting : Excel, Power BI

👤 Profil recherché :
• Formation : Bac+2 en RH, psychologie ou droit social
• Expérience : 5+ ans
• Compétences : SAP SuccessFactors, Workday
• Connaissance du droit du travail et des processus RH
• Qualités : Écoute, diplomatie, confidentialité, organisation"
"Business Partner RH | Ressources Humaines | Jobvite, Taleo, Bullhorn, Indeed","Accompagnez les collaborateurs et contribuez au développement du capital humain de l'entreprise.

🎯 Missions principales :
• Gérer le recrutement
• Accompagner les managers dans leurs besoins RH
• Assurer le respect de la législation sociale
• Piloter les projets SIRH
• Analyser les indicateurs RH et proposer des actions
• Animer la communication interne
• Garantir une expérience collaborateur positive

💻 Outils RH :
SIRH : Jobvite, Taleo, Bullhorn, Indeed
Recrutement : LinkedIn, Indeed
Communication : Teams, Slack, Intranet
Reporting : Excel, Power BI

👤 Profil recherché :
• Formation : Licence en RH, psychologie ou droit social
• Expérience : Senior (5+ ans)
• Compétences : Jobvite, Taleo
• Connaissance du droit du travail et des processus RH
• Qualités : Écoute, diplomatie, confidentialité, organisation"
"Assistant RH | Ressources Humaines | Talentsoft, Lucca, PeopleSoft, Excel","Accompagnez les collaborateurs et contribuez au développement du capital humain de l'entreprise.

🎯 Missions principales :
• Gérer les relations sociales
• Accompagner les managers dans leurs besoins RH
• Assurer le respect de la législation sociale
• Piloter les projets de transformation RH
• Analyser les indicateurs RH et proposer des actions
• Animer la communication interne
• Garantir une expérience collaborateur positive

💻 Outils RH :
SIRH : Talentsoft, Lucca, PeopleSoft, Excel
Recrutement : Welcome to the Jungle
Communication : Teams, Slack, Intranet
Reporting : Excel, Power BI

👤 Profil recherché :
• Formation : Bac+3 en RH, psychologie ou droit social
• Expérience : 10+ ans
• Compétences : Talentsoft, Lucca
• Connaissance du droit du travail et des processus RH
• Qualités : Écoute, diplomatie, confidentialité, organisation"
"Chargé de Recrutement | Ressources Humaines | SAP SuccessFactors, Workday, Oracle HCM, Power BI","Accompagnez les collaborateurs et contribuez au développement du capital humain de l'entreprise.

🎯 Missions principales :
• Gérer la formation
• Accompagner les managers dans leurs besoins RH
• Assurer le respect de la législation sociale
• Piloter les projets SIRH
• Analyser les indicateurs RH et proposer des actions
• Animer la communication interne
• Garantir une expérience collaborateur positive

💻 Outils RH :
SIRH : SAP SuccessFactors, Workday, Oracle HCM, Power BI
Recrutement : JobTeaser, Apec
Communication : Teams, Slack, Intranet
Reporting : Excel, Power BI

👤 Profil recherché :
• Formation : Bac+3 en RH, psychologie ou droit social
• Expérience : 2-3 ans
• Compétences : SAP SuccessFactors, Workday
• Connaissance du droit du travail et des processus RH
• Qualités : Écoute, diplomatie, confidentialité, organisation"
"Assistant RH | Ressources Humaines | Jobvite, Taleo, Bullhorn, Indeed","Accompagnez les collaborateurs et contribuez au développement du capital humain de l'entreprise.

🎯 Missions principales :
• Gérer la paie
• Accompagner les managers dans leurs besoins RH
• Assurer le respect de la législation sociale
• Piloter les projets de formation
• Analyser les indicateurs RH et proposer des actions
• Animer la communication interne
• Garantir une expérience collaborateur positive

💻 Outils RH :
SIRH : Jobvite, Taleo, Bullhorn, Indeed
Recrutement : LinkedIn, Indeed
Communication : Teams, Slack, Intranet
Reporting : Excel, Power BI

👤 Profil recherché :
• Formation : Doctorat en RH, psychologie ou droit social
• Expérience : Junior (0-2 ans)
• Compétences : Jobvite, Taleo
• Connaissance du droit du travail et des processus RH
• Qualités : Écoute, diplomatie, confidentialité, organisation"
"Responsable RH | Ressources Humaines | Bob, HiBob, Charlie HR, Breathe HR","Accompagnez les collaborateurs et contribuez au développement du capital humain de l'entreprise.

🎯 Missions principales :
• Gérer la formation
• Accompagner les managers dans leurs besoins RH
• Assurer le respect de la législation sociale
• Piloter les projets de formation
• Analyser les indicateurs RH et proposer des actions
• Animer la communication interne
• Garantir une expérience collaborateur positive

💻 Outils RH :
SIRH : Bob, HiBob, Charlie HR, Breathe HR
Recrutement : JobTeaser, Apec
Communication : Teams, Slack, Intranet
Reporting : Excel, Power BI

👤 Profil recherché :
• Formation : DUT en RH, psychologie ou droit social
• Expérience : 3-5 ans
• Compétences : Bob, HiBob
• Connaissance du droit du travail et des processus RH
• Qualités : Écoute, diplomatie, confidentialité, organisation"
"Assistant RH | Ressources Humaines | Bob, HiBob, Charlie HR, Breathe HR","Accompagnez les collaborateurs et contribuez au développement du capital humain de l'entreprise.

🎯 Missions principales :
• Gérer la formation
• Accompagner les managers dans leurs besoins RH
• Assurer le respect de la législation sociale
• Piloter les projets SIRH
• Analyser les indicateurs RH et proposer des actions
• Animer la communication interne
• Garantir une expérience collaborateur positive

💻 Outils RH :
SIRH : Bob, HiBob, Charlie HR, Breathe HR
Recrutement : LinkedIn, Indeed
Communication : Teams, Slack, Intranet
Reporting : Excel, Power BI

👤 Profil recherché :
• Formation : BTS en RH, psychologie ou droit social
• Expérience : 7+ ans
• Compétences : Bob, HiBob
• Connaissance du droit du travail et des processus RH
• Qualités : Écoute, diplomatie, confidentialité, organisation"
"Gestionnaire Paie | Ressources Humaines | UltiPro, iCIMS, SmartRecruiters, LinkedIn","Accompagnez les collaborateurs et contribuez au développement du capital humain de l'entreprise.

🎯 Missions principales :
• Gérer les relations sociales
• Accompagner les managers dans leurs besoins RH
• Assurer le respect de la législation sociale
• Piloter les projets de mobilité interne
• Analyser les indicateurs RH et proposer des actions
• Animer la communication interne
• Garantir une expérience collaborateur positive

💻 Outils RH :
SIRH : UltiPro, iCIMS, SmartRecruiters, LinkedIn
Recrutement : JobTeaser, Apec
Communication : Teams, Slack, Intranet
Reporting : Excel, Power BI

👤 Profil recherché :
• Formation : BTS en RH, psychologie ou droit social
• Expérience : 10+ ans
• Compétences : UltiPro, iCIMS
• Connaissance du droit du travail et des processus RH
• Qualités : Écoute, diplomatie, confidentialité, organisation"
"Chargé de Recrutement | Ressources Humaines | Silae, PayFit, Excel, DADS","Accompagnez les collaborateurs et contribuez au développement du capital humain de l'entreprise.

🎯 Missions principales :
• Gérer la paie
• Accompagner les managers dans leurs besoins RH
• Assurer le respect de la législation sociale
• Piloter les projets SIRH
• Analyser les indicateurs RH et proposer des actions
• Animer la communication interne
• Garantir une expérience collaborateur positive

💻 Outils RH :
SIRH : Silae, PayFit, Excel, DADS
Recrutement : LinkedIn, Indeed
Communication : Teams, Slack, Intranet
Reporting : Excel, Power BI

👤 Profil recherché :
• Formation : Bac+4 en RH, psychologie ou droit social
• Expérience : Junior (0-2 ans)
• Compétences : Silae, PayFit
• Connaissance du droit du travail et des processus RH
• Qualités : Écoute, diplomatie, confidentialité, organisation"
"Business Partner RH | Ressources Humaines | TriNet, Namely, Bamboo HR, Excel","Accompagnez les collaborateurs et contribuez au développement du capital humain de l'entreprise.

🎯 Missions principales :
• Gérer les relations sociales
• Accompagner les managers dans leurs besoins RH
• Assurer le respect de la législation sociale
• Piloter les projets SIRH
• Analyser les indicateurs RH et proposer des actions
• Animer la communication interne
• Garantir une expérience collaborateur positive

💻 Outils RH :
SIRH : TriNet, Namely, Bamboo HR, Excel
Recrutement : Welcome to the Jungle
Communication : Teams, Slack, Intranet
Reporting : Excel, Power BI

👤 Profil recherché :
• Formation : Master 2 en RH, psychologie ou droit social
• Expérience : Junior (0-2 ans)
• Compétences : TriNet, Namely
• Connaissance du droit du travail et des processus RH
• Qualités : Écoute, diplomatie, confidentialité, organisation"
"Talent Acquisition Manager | Ressources Humaines | Talentsoft, Lucca, PeopleSoft, Excel","Accompagnez les collaborateurs et contribuez au développement du capital humain de l'entreprise.

🎯 Missions principales :
• Gérer la paie
• Accompagner les managers dans leurs besoins RH
• Assurer le respect de la législation sociale
• Piloter les projets SIRH
• Analyser les indicateurs RH et proposer des actions
• Animer la communication interne
• Garantir une expérience collaborateur positive

💻 Outils RH :
SIRH : Talentsoft, Lucca, PeopleSoft, Excel
Recrutement : Welcome to the Jungle
Communication : Teams, Slack, Intranet
Reporting : Excel, Power BI

👤 Profil recherché :
• Formation : Bac+4 en RH, psychologie ou droit social
• Expérience : 5+ ans
• Compétences : Talentsoft, Lucca
• Connaissance du droit du travail et des processus RH
• Qualités : Écoute, diplomatie, confidentialité, organisation"
"Responsable RH | Ressources Humaines | ADP, Ceridian, Paylocity, Excel","Accompagnez les collaborateurs et contribuez au développement du capital humain de l'entreprise.

🎯 Missions principales :
• Gérer les relations sociales
• Accompagner les managers dans leurs besoins RH
• Assurer le respect de la législation sociale
• Piloter les projets d'onboarding
• Analyser les indicateurs RH et proposer des actions
• Animer la communication interne
• Garantir une expérience collaborateur positive

💻 Outils RH :
SIRH : ADP, Ceridian, Paylocity, Excel
Recrutement : LinkedIn, Indeed
Communication : Teams, Slack, Intranet
Reporting : Excel, Power BI

👤 Profil recherché :
• Formation : Master 2 en RH, psychologie ou droit social
• Expérience : Confirmé (3-5 ans)
• Compétences : ADP, Ceridian
• Connaissance du droit du travail et des processus RH
• Qualités : Écoute, diplomatie, confidentialité, organisation"
"Chargé SIRH | Ressources Humaines | ATS, LinkedIn Recruiter, Indeed, Excel","Accompagnez les collaborateurs et contribuez au développement du capital humain de l'entreprise.

🎯 Missions principales :
• Gérer les relations sociales
• Accompagner les managers dans leurs besoins RH
• Assurer le respect de la législation sociale
• Piloter les projets de formation
• Analyser les indicateurs RH et proposer des actions
• Animer la communication interne
• Garantir une expérience collaborateur positive

💻 Outils RH :
SIRH : ATS, LinkedIn Recruiter, Indeed, Excel
Recrutement : LinkedIn, Indeed
Communication : Teams, Slack, Intranet
Reporting : Excel, Power BI

👤 Profil recherché :
• Formation : BTS en RH, psychologie ou droit social
• Expérience : 7+ ans
• Compétences : ATS, LinkedIn Recruiter
• Connaissance du droit du travail et des processus RH
• Qualités : Écoute, diplomatie, confidentialité, organisation"
"Chargé SIRH | Ressources Humaines | ADP, Ceridian, Paylocity, Excel","Accompagnez les collaborateurs et contribuez au développement du capital humain de l'entreprise.

🎯 Missions principales :
• Gérer la formation
• Accompagner les managers dans leurs besoins RH
• Assurer le respect de la législation sociale
• Piloter les projets de formation
• Analyser les indicateurs RH et proposer des actions
• Animer la communication interne
• Garantir une expérience collaborateur positive

💻 Outils RH :
SIRH : ADP, Ceridian, Paylocity, Excel
Recrutement : LinkedIn, Indeed
Communication : Teams, Slack, Intranet
Reporting : Excel, Power BI

👤 Profil recherché :
• Formation : Master 2 en RH, psychologie ou droit social
• Expérience : 7+ ans
• Compétences : ADP, Ceridian
• Connaissance du droit du travail et des processus RH
• Qualités : Écoute, diplomatie, confidentialité, organisation"
"Chargé SIRH | Ressources Humaines | Talentsoft, Lucca, PeopleSoft, Excel","Accompagnez les collaborateurs et contribuez au développement du capital humain de l'entreprise.

🎯 Missions principales :
• Gérer la formation
• Accompagner les managers dans leurs besoins RH
• Assurer le respect de la législation sociale
• Piloter les projets de transformation RH
• Analyser les indicateurs RH et proposer des actions
• Animer la communication interne
• Garantir une expérience collaborateur positive

💻 Outils RH :
SIRH : Talentsoft, Lucca, PeopleSoft, Excel
Recrutement : JobTeaser, Apec
Communication : Teams, Slack, Intranet
Reporting : Excel, Power BI

👤 Profil recherché :
• Formation : DUT en RH, psychologie ou droit social
• Expérience : 5+ ans
• Compétences : Talentsoft, Lucca
• Connaissance du droit du travail et des processus RH
• Qualités : Écoute, diplomatie, confidentialité, organisation"
"Business Partner RH | Ressources Humaines | Sage HRMS, Paychex, Zenefits, Excel","Accompagnez les collaborateurs et contribuez au développement du capital humain de l'entreprise.

🎯 Missions principales :
• Gérer les relations sociales
• Accompagner les managers dans leurs besoins RH
• Assurer le respect de la législation sociale
• Piloter les projets SIRH
• Analyser les indicateurs RH et proposer des actions
• Animer la communication interne
• Garantir une expérience collaborateur positive

💻 Outils RH :
SIRH : Sage HRMS, Paychex, Zenefits, Excel
Recrutement : Welcome to the Jungle
Communication : Teams, Slack, Intranet
Reporting : Excel, Power BI

👤 Profil recherché :
• Formation : Bac+2 en RH, psychologie ou droit social
• Expérience : 5+ ans
• Compétences : Sage HRMS, Paychex
• Connaissance du droit du travail et des processus RH
• Qualités : Écoute, diplomatie, confidentialité, organisation"
"Assistant RH | Ressources Humaines | SAP SuccessFactors, Workday, Oracle HCM, Power BI","Accompagnez les collaborateurs et contribuez au développement du capital humain de l'entreprise.

🎯 Missions principales :
• Gérer la formation
• Accompagner les managers dans leurs besoins RH
• Assurer le respect de la législation sociale
• Piloter les projets de transformation RH
• Analyser les indicateurs RH et proposer des actions
• Animer la communication interne
• Garantir une expérience collaborateur positive

💻 Outils RH :
SIRH : SAP SuccessFactors, Workday, Oracle HCM, Power BI
Recrutement : JobTeaser, Apec
Communication : Teams, Slack, Intranet
Reporting : Excel, Power BI

👤 Profil recherché :
• Formation : Master 2 en RH, psychologie ou droit social
• Expérience : 10+ ans
• Compétences : SAP SuccessFactors, Workday
• Connaissance du droit du travail et des processus RH
• Qualités : Écoute, diplomatie, confidentialité, organisation"
"Assistant RH | Ressources Humaines | SuccessFactors, Oracle Taleo, Kronos, Excel","Accompagnez les collaborateurs et contribuez au développement du capital humain de l'entreprise.

🎯 Missions principales :
• Gérer la GPEC
• Accompagner les managers dans leurs besoins RH
• Assurer le respect de la législation sociale
• Piloter les projets de mobilité interne
• Analyser les indicateurs RH et proposer des actions
• Animer la communication interne
• Garantir une expérience collaborateur positive

💻 Outils RH :
SIRH : SuccessFactors, Oracle Taleo, Kronos, Excel
Recrutement : JobTeaser, Apec
Communication : Teams, Slack, Intranet
Reporting : Excel, Power BI

👤 Profil recherché :
• Formation : Master 2 en RH, psychologie ou droit social
• Expérience : Senior (5+ ans)
• Compétences : SuccessFactors, Oracle Taleo
• Connaissance du droit du travail et des processus RH
• Qualités : Écoute, diplomatie, confidentialité, organisation"
"Responsable RH | Ressources Humaines | SuccessFactors, Oracle Taleo, Kronos, Excel","Accompagnez les collaborateurs et contribuez au développement du capital humain de l'entreprise.

🎯 Missions principales :
• Gérer la GPEC
• Accompagner les managers dans leurs besoins RH
• Assurer le respect de la législation sociale
• Piloter les projets SIRH
• Analyser les indicateurs RH et proposer des actions
• Animer la communication interne
• Garantir une expérience collaborateur positive

💻 Outils RH :
SIRH : SuccessFactors, Oracle Taleo, Kronos, Excel
Recrutement : JobTeaser, Apec
Communication : Teams, Slack, Intranet
Reporting : Excel, Power BI

👤 Profil recherché :
• Formation : Bac+2 en RH, psychologie ou droit social
• Expérience : 7+ ans
• Compétences : SuccessFactors, Oracle Taleo
• Connaissance du droit du travail et des processus RH
• Qualités : Écoute, diplomatie, confidentialité, organisation"
"Assistant RH | Ressources Humaines | SAP HR, Workday, BambooHR, Excel","Accompagnez les collaborateurs et contribuez au développement du capital humain de l'entreprise.

🎯 Missions principales :
• Gérer la paie
• Accompagner les managers dans leurs besoins RH
• Assurer le respect de la législation sociale
• Piloter les projets SIRH
• Analyser les indicateurs RH et proposer des actions
• Animer la communication interne
• Garantir une expérience collaborateur positive

💻 Outils RH :
SIRH : SAP HR, Workday, BambooHR, Excel
Recrutement : JobTeaser, Apec
Communication : Teams, Slack, Intranet
Reporting : Excel, Power BI

👤 Profil recherché :
• Formation : Doctorat en RH, psychologie ou droit social
• Expérience : 2-3 ans
• Compétences : SAP HR, Workday
• Connaissance du droit du travail et des processus RH
• Qualités : Écoute, diplomatie, confidentialité, organisation"
"Gestionnaire Paie | Ressources Humaines | TriNet, Namely, Bamboo HR, Excel","Accompagnez les collaborateurs et contribuez au développement du capital humain de l'entreprise.

🎯 Missions principales :
• Gérer la paie
• Accompagner les managers dans leurs besoins RH
• Assurer le respect de la législation sociale
• Piloter les projets SIRH
• Analyser les indicateurs RH et proposer des actions
• Animer la communication interne
• Garantir une expérience collaborateur positive

💻 Outils RH :
SIRH : TriNet, Namely, Bamboo HR, Excel
Recrutement : JobTeaser, Apec
Communication : Teams, Slack, Intranet
Reporting : Excel, Power BI

👤 Profil recherché :
• Formation : Bac+5 en RH, psychologie ou droit social
• Expérience : 3-5 ans
• Compétences : TriNet, Namely
• Connaissance du droit du travail et des processus RH
• Qualités : Écoute, diplomatie, confidentialité, organisation"
"Responsable Relations Sociales | Ressources Humaines | Jobvite, Taleo, Bullhorn, Indeed","Accompagnez les collaborateurs et contribuez au développement du capital humain de l'entreprise.

🎯 Missions principales :
• Gérer le recrutement
• Accompagner les managers dans leurs besoins RH
• Assurer le respect de la législation sociale
• Piloter les projets de formation
• Analyser les indicateurs RH et proposer des actions
• Animer la communication interne
• Garantir une expérience collaborateur positive

💻 Outils RH :
SIRH : Jobvite, Taleo, Bullhorn, Indeed
Recrutement : LinkedIn, Indeed
Communication : Teams, Slack, Intranet
Reporting : Excel, Power BI

👤 Profil recherché :
• Formation : BTS en RH, psychologie ou droit social
• Expérience : 10+ ans
• Compétences : Jobvite, Taleo
• Connaissance du droit du travail et des processus RH
• Qualités : Écoute, diplomatie, confidentialité, organisation"
"Talent Acquisition Manager | Ressources Humaines | UltiPro, iCIMS, SmartRecruiters, LinkedIn","Accompagnez les collaborateurs et contribuez au développement du capital humain de l'entreprise.

🎯 Missions principales :
• Gérer la formation
• Accompagner les managers dans leurs besoins RH
• Assurer le respect de la législation sociale
• Piloter les projets de formation
• Analyser les indicateurs RH et proposer des actions
• Animer la communication interne
• Garantir une expérience collaborateur positive

💻 Outils RH :
SIRH : UltiPro, iCIMS, SmartRecruiters, LinkedIn
Recrutement : JobTeaser, Apec
Communication : Teams, Slack, Intranet
Reporting : Excel, Power BI

👤 Profil recherché :
• Formation : Bac+3 en RH, psychologie ou droit social
• Expérience : 2-3 ans
• Compétences : UltiPro, iCIMS
• Connaissance du droit du travail et des processus RH
• Qualités : Écoute, diplomatie, confidentialité, organisation"
"Talent Acquisition Manager | Ressources Humaines | SAP SuccessFactors, Workday, Oracle HCM, Power BI","Accompagnez les collaborateurs et contribuez au développement du capital humain de l'entreprise.

🎯 Missions principales :
• Gérer la formation
• Accompagner les managers dans leurs besoins RH
• Assurer le respect de la législation sociale
• Piloter les projets de formation
• Analyser les indicateurs RH et proposer des actions
• Animer la communication interne
• Garantir une expérience collaborateur positive

💻 Outils RH :
SIRH : SAP SuccessFactors, Workday, Oracle HCM, Power BI
Recrutement : JobTeaser, Apec
Communication : Teams, Slack, Intranet
Reporting : Excel, Power BI

👤 Profil recherché :
• Formation : Bac+4 en RH, psychologie ou droit social
• Expérience : 7+ ans
• Compétences : SAP SuccessFactors, Workday
• Connaissance du droit du travail et des processus RH
• Qualités : Écoute, diplomatie, confidentialité, organisation"
"Chargé de Recrutement | Ressources Humaines | Bob, HiBob, Charlie HR, Breathe HR","Accompagnez les collaborateurs et contribuez au développement du capital humain de l'entreprise.

🎯 Missions principales :
• Gérer la paie
• Accompagner les managers dans leurs besoins RH
• Assurer le respect de la législation sociale
• Piloter les projets de transformation RH
• Analyser les indicateurs RH et proposer des actions
• Animer la communication interne
• Garantir une expérience collaborateur positive

💻 Outils RH :
SIRH : Bob, HiBob, Charlie HR, Breathe HR
Recrutement : JobTeaser, Apec
Communication : Teams, Slack, Intranet
Reporting : Excel, Power BI

👤 Profil recherché :
• Formation : Bac+2 en RH, psychologie ou droit social
• Expérience : Junior (0-2 ans)
• Compétences : Bob, HiBob
• Connaissance du droit du travail et des processus RH
• Qualités : Écoute, diplomatie, confidentialité, organisation"
"Responsable Formation | Ressources Humaines | Cornerstone, 360Learning, Moodle, PowerPoint","Accompagnez les collaborateurs et contribuez au développement du capital humain de l'entreprise.

🎯 Missions principales :
• Gérer la paie
• Accompagner les managers dans leurs besoins RH
• Assurer le respect de la législation sociale
• Piloter les projets de mobilité interne
• Analyser les indicateurs RH et proposer des actions
• Animer la communication interne
• Garantir une expérience collaborateur positive

💻 Outils RH :
SIRH : Cornerstone, 360Learning, Moodle, PowerPoint
Recrutement : JobTeaser, Apec
Communication : Teams, Slack, Intranet
Reporting : Excel, Power BI

👤 Profil recherché :
• Formation : Bac+3 en RH, psychologie ou droit social
• Expérience : 7+ ans
• Compétences : Cornerstone, 360Learning
• Connaissance du droit du travail et des processus RH
• Qualités : Écoute, diplomatie, confidentialité, organisation"
"Responsable Formation | Ressources Humaines | Sage HRMS, Paychex, Zenefits, Excel","Accompagnez les collaborateurs et contribuez au développement du capital humain de l'entreprise.

🎯 Missions principales :
• Gérer le recrutement
• Accompagner les managers dans leurs besoins RH
• Assurer le respect de la législation sociale
• Piloter les projets SIRH
• Analyser les indicateurs RH et proposer des actions
• Animer la communication interne
• Garantir une expérience collaborateur positive

💻 Outils RH :
SIRH : Sage HRMS, Paychex, Zenefits, Excel
Recrutement : LinkedIn, Indeed
Communication : Teams, Slack, Intranet
Reporting : Excel, Power BI

👤 Profil recherché :
• Formation : Licence en RH, psychologie ou droit social
• Expérience : 5+ ans
• Compétences : Sage HRMS, Paychex
• Connaissance du droit du travail et des processus RH
• Qualités : Écoute, diplomatie, confidentialité, organisation"
"Chargé SIRH | Ressources Humaines | Zoho People, Gusto, Rippling, Excel","Accompagnez les collaborateurs et contribuez au développement du capital humain de l'entreprise.

🎯 Missions principales :
• Gérer la GPEC
• Accompagner les managers dans leurs besoins RH
• Assurer le respect de la législation sociale
• Piloter les projets de mobilité interne
• Analyser les indicateurs RH et proposer des actions
• Animer la communication interne
• Garantir une expérience collaborateur positive

💻 Outils RH :
SIRH : Zoho People, Gusto, Rippling, Excel
Recrutement : JobTeaser, Apec
Communication : Teams, Slack, Intranet
Reporting : Excel, Power BI

👤 Profil recherché :
• Formation : BTS en RH, psychologie ou droit social
• Expérience : 5+ ans
• Compétences : Zoho People, Gusto
• Connaissance du droit du travail et des processus RH
• Qualités : Écoute, diplomatie, confidentialité, organisation"
"Talent Acquisition Manager | Ressources Humaines | ATS, LinkedIn Recruiter, Indeed, Excel","Accompagnez les collaborateurs et contribuez au développement du capital humain de l'entreprise.

🎯 Missions principales :
• Gérer le recrutement
• Accompagner les managers dans leurs besoins RH
• Assurer le respect de la législation sociale
• Piloter les projets d'onboarding
• Analyser les indicateurs RH et proposer des actions
• Animer la communication interne
• Garantir une expérience collaborateur positive

💻 Outils RH :
SIRH : ATS, LinkedIn Recruiter, Indeed, Excel
Recrutement : JobTeaser, Apec
Communication : Teams, Slack, Intranet
Reporting : Excel, Power BI

👤 Profil recherché :
• Formation : Bac+5 en RH, psychologie ou droit social
• Expérience : 1-2 ans
• Compétences : ATS, LinkedIn Recruiter
• Connaissance du droit du travail et des processus RH
• Qualités : Écoute, diplomatie, confidentialité, organisation"
"Gestionnaire Paie | Ressources Humaines | Zoho People, Gusto, Rippling, Excel","Accompagnez les collaborateurs et contribuez au développement du capital humain de l'entreprise.

🎯 Missions principales :
• Gérer la formation
• Accompagner les managers dans leurs besoins RH
• Assurer le respect de la législation sociale
• Piloter les projets de formation
• Analyser les indicateurs RH et proposer des actions
• Animer la communication interne
• Garantir une expérience collaborateur positive

💻 Outils RH :
SIRH : Zoho People, Gusto, Rippling, Excel
Recrutement : LinkedIn, Indeed
Communication : Teams, Slack, Intranet
Reporting : Excel, Power BI

👤 Profil recherché :
• Formation : Bac+2 en RH, psychologie ou droit social
• Expérience : 3-5 ans
• Compétences : Zoho People, Gusto
• Connaissance du droit du travail et des processus RH
• Qualités : Écoute, diplomatie, confidentialité, organisation"
"Responsable Développement RH | Ressources Humaines | SAP SuccessFactors, Workday, Oracle HCM, Power BI","Accompagnez les collaborateurs et contribuez au développement du capital humain de l'entreprise.

🎯 Missions principales :
• Gérer la formation
• Accompagner les managers dans leurs besoins RH
• Assurer le respect de la législation sociale
• Piloter les projets de transformation RH
• Analyser les indicateurs RH et proposer des actions
• Animer la communication interne
• Garantir une expérience collaborateur positive

💻 Outils RH :
SIRH : SAP SuccessFactors, Workday, Oracle HCM, Power BI
Recrutement : LinkedIn, Indeed
Communication : Teams, Slack, Intranet
Reporting : Excel, Power BI

👤 Profil recherché :
• Formation : Bac+5 en RH, psychologie ou droit social
• Expérience : 7+ ans
• Compétences : SAP SuccessFactors, Workday
• Connaissance du droit du travail et des processus RH
• Qualités : Écoute, diplomatie, confidentialité, organisation"
"Sales Manager | Commercial | SAP CRM, Microsoft Dynamics, Power BI, Teams","Développez le chiffre d'affaires et fidélisez les clients grâce à votre expertise commerciale.

🎯 Missions principales :
• Prospecter et identifier de nouveaux clients B2C
• Conduire les négociations commerciales
• Gérer et développer un portefeuille de clients
• Atteindre et dépasser les objectifs de vente
• Assurer le suivi et la satisfaction client
• Collaborer avec les équipes marketing et produit
• Réaliser les reportings d'activité

💻 Outils commerciaux :
CRM : SAP CRM, Microsoft Dynamics, Power BI, Teams
Prospection : LinkedIn Sales Navigator
Communication : Teams, Zoom, LinkedIn
Reporting : Excel, Power BI

👤 Profil recherché :
• Formation : Licence en commerce, marketing ou gestion
• Expérience : Junior (0-2 ans)
• Compétences : SAP CRM, Microsoft Dynamics
• Excellente capacité de négociation et closing
• Qualités : Persévérance, écoute active, orientation résultats, autonomie"
"Account Manager | Commercial | SAP CRM, Microsoft Dynamics, Power BI, Teams","Développez le chiffre d'affaires et fidélisez les clients grâce à votre expertise commerciale.

🎯 Missions principales :
• Prospecter et identifier de nouveaux clients PME
• Conduire les négociations commerciales
• Gérer et développer un portefeuille de clients
• Atteindre et dépasser les objectifs de vente
• Assurer le suivi et la satisfaction client
• Collaborer avec les équipes marketing et produit
• Réaliser les reportings d'activité

💻 Outils commerciaux :
CRM : SAP CRM, Microsoft Dynamics, Power BI, Teams
Prospection : Hunter.io, Lusha
Communication : Teams, Zoom, LinkedIn
Reporting : Excel, Power BI

👤 Profil recherché :
• Formation : BTS en commerce, marketing ou gestion
• Expérience : 10+ ans
• Compétences : SAP CRM, Microsoft Dynamics
• Excellente capacité de négociation et closing
• Qualités : Persévérance, écoute active, orientation résultats, autonomie"
"Inside Sales | Commercial | Salesforce, Tableau, Excel, PowerPoint","Développez le chiffre d'affaires et fidélisez les clients grâce à votre expertise commerciale.

🎯 Missions principales :
• Prospecter et identifier de nouveaux clients grands comptes
• Conduire les négociations commerciales
• Gérer et développer un portefeuille de clients
• Atteindre et dépasser les objectifs de vente
• Assurer le suivi et la satisfaction client
• Collaborer avec les équipes marketing et produit
• Réaliser les reportings d'activité

💻 Outils commerciaux :
CRM : Salesforce, Tableau, Excel, PowerPoint
Prospection : Pharow, Kaspr
Communication : Teams, Zoom, LinkedIn
Reporting : Excel, Power BI

👤 Profil recherché :
• Formation : BTS en commerce, marketing ou gestion
• Expérience : Junior (0-2 ans)
• Compétences : Salesforce, Tableau
• Excellente capacité de négociation et closing
• Qualités : Persévérance, écoute active, orientation résultats, autonomie"
"Commercial Terrain | Commercial | Sendinblue, GetResponse, Mailchimp, Excel","Développez le chiffre d'affaires et fidélisez les clients grâce à votre expertise commerciale.

🎯 Missions principales :
• Prospecter et identifier de nouveaux clients B2B
• Conduire les négociations commerciales
• Gérer et développer un portefeuille de clients
• Atteindre et dépasser les objectifs de vente
• Assurer le suivi et la satisfaction client
• Collaborer avec les équipes marketing et produit
• Réaliser les reportings d'activité

💻 Outils commerciaux :
CRM : Sendinblue, GetResponse, Mailchimp, Excel
Prospection : Pharow, Kaspr
Communication : Teams, Zoom, LinkedIn
Reporting : Excel, Power BI

👤 Profil recherché :
• Formation : Master 2 en commerce, marketing ou gestion
• Expérience : Junior (0-2 ans)
• Compétences : Sendinblue, GetResponse
• Excellente capacité de négociation et closing
• Qualités : Persévérance, écoute active, orientation résultats, autonomie"
"Business Developer | Commercial | Streak, Base CRM, Apptivo, Excel","Développez le chiffre d'affaires et fidélisez les clients grâce à votre expertise commerciale.

🎯 Missions principales :
• Prospecter et identifier de nouveaux clients startups
• Conduire les négociations commerciales
• Gérer et développer un portefeuille de clients
• Atteindre et dépasser les objectifs de vente
• Assurer le suivi et la satisfaction client
• Collaborer avec les équipes marketing et produit
• Réaliser les reportings d'activité

💻 Outils commerciaux :
CRM : Streak, Base CRM, Apptivo, Excel
Prospection : Hunter.io, Lusha
Communication : Teams, Zoom, LinkedIn
Reporting : Excel, Power BI

👤 Profil recherché :
• Formation : Bac+5 en commerce, marketing ou gestion
• Expérience : Expert (7+ ans)
• Compétences : Streak, Base CRM
• Excellente capacité de négociation et closing
• Qualités : Persévérance, écoute active, orientation résultats, autonomie"
"Ingénieur Commercial | Commercial | Pardot, Marketo, Eloqua, Excel","Développez le chiffre d'affaires et fidélisez les clients grâce à votre expertise commerciale.

🎯 Missions principales :
• Prospecter et identifier de nouveaux clients B2B
• Conduire les négociations commerciales
• Gérer et développer un portefeuille de clients
• Atteindre et dépasser les objectifs de vente
• Assurer le suivi et la satisfaction client
• Collaborer avec les équipes marketing et produit
• Réaliser les reportings d'activité

💻 Outils commerciaux :
CRM : Pardot, Marketo, Eloqua, Excel
Prospection : LinkedIn Sales Navigator
Communication : Teams, Zoom, LinkedIn
Reporting : Excel, Power BI

👤 Profil recherché :
• Formation : DUT en commerce, marketing ou gestion
• Expérience : 1-2 ans
• Compétences : Pardot, Marketo
• Excellente capacité de négociation et closing
• Qualités : Persévérance, écoute active, orientation résultats, autonomie"
"Commercial B2B | Commercial | Pardot, Marketo, Eloqua, Excel","Développez le chiffre d'affaires et fidélisez les clients grâce à votre expertise commerciale.

🎯 Missions principales :
• Prospecter et identifier de nouveaux clients B2B
• Conduire les négociations commerciales
• Gérer et développer un portefeuille de clients
• Atteindre et dépasser les objectifs de vente
• Assurer le suivi et la satisfaction client
• Collaborer avec les équipes marketing et produit
• Réaliser les reportings d'activité

💻 Outils commerciaux :
CRM : Pardot, Marketo, Eloqua, Excel
Prospection : Pharow, Kaspr
Communication : Teams, Zoom, LinkedIn
Reporting : Excel, Power BI

👤 Profil recherché :
• Formation : DUT en commerce, marketing ou gestion
• Expérience : Confirmé (3-5 ans)
• Compétences : Pardot, Marketo
• Excellente capacité de négociation et closing
• Qualités : Persévérance, écoute active, orientation résultats, autonomie"
"Commercial Terrain | Commercial | ActiveCampaign, Ontraport, Drip, Excel","Développez le chiffre d'affaires et fidélisez les clients grâce à votre expertise commerciale.

🎯 Missions principales :
• Prospecter et identifier de nouveaux clients grands comptes
• Conduire les négociations commerciales
• Gérer et développer un portefeuille de clients
• Atteindre et dépasser les objectifs de vente
• Assurer le suivi et la satisfaction client
• Collaborer avec les équipes marketing et produit
• Réaliser les reportings d'activité

💻 Outils commerciaux :
CRM : ActiveCampaign, Ontraport, Drip, Excel
Prospection : LinkedIn Sales Navigator
Communication : Teams, Zoom, LinkedIn
Reporting : Excel, Power BI

👤 Profil recherché :
• Formation : Bac+5 en commerce, marketing ou gestion
• Expérience : 1-2 ans
• Compétences : ActiveCampaign, Ontraport
• Excellente capacité de négociation et closing
• Qualités : Persévérance, écoute active, orientation résultats, autonomie"
"Commercial B2B | Commercial | Sendinblue, GetResponse, Mailchimp, Excel","Développez le chiffre d'affaires et fidélisez les clients grâce à votre expertise commerciale.

🎯 Missions principales :
• Prospecter et identifier de nouveaux clients PME
• Conduire les négociations commerciales
• Gérer et développer un portefeuille de clients
• Atteindre et dépasser les objectifs de vente
• Assurer le suivi et la satisfaction client
• Collaborer avec les équipes marketing et produit
• Réaliser les reportings d'activité

💻 Outils commerciaux :
CRM : Sendinblue, GetResponse, Mailchimp, Excel
Prospection : Hunter.io, Lusha
Communication : Teams, Zoom, LinkedIn
Reporting : Excel, Power BI

👤 Profil recherché :
• Formation : Bac+2 en commerce, marketing ou gestion
• Expérience : 3-5 ans
• Compétences : Sendinblue, GetResponse
• Excellente capacité de négociation et closing
• Qualités : Persévérance, écoute active, orientation résultats, autonomie"
"Responsable Développement Commercial | Commercial | CRM, Pipedrive, Slack, Google Workspace","Développez le chiffre d'affaires et fidélisez les clients grâce à votre expertise commerciale.

🎯 Missions principales :
• Prospecter et identifier de nouveaux clients PME
• Conduire les négociations commerciales
• Gérer et développer un portefeuille de clients
• Atteindre et dépasser les objectifs de vente
• Assurer le suivi et la satisfaction client
• Collaborer avec les équipes marketing et produit
• Réaliser les reportings d'activité

💻 Outils commerciaux :
CRM : CRM, Pipedrive, Slack, Google Workspace
Prospection : Hunter.io, Lusha
Communication : Teams, Zoom, LinkedIn
Reporting : Excel, Power BI

👤 Profil recherché :
• Formation : DUT en commerce, marketing ou gestion
• Expérience : 7+ ans
• Compétences : CRM, Pipedrive
• Excellente capacité de négociation et closing
• Qualités : Persévérance, écoute active, orientation résultats, autonomie"
"Key Account Manager | Commercial | Salesforce, LinkedIn Sales Navigator, HubSpot, Excel","Développez le chiffre d'affaires et fidélisez les clients grâce à votre expertise commerciale.

🎯 Missions principales :
• Prospecter et identifier de nouveaux clients B2B
• Conduire les négociations commerciales
• Gérer et développer un portefeuille de clients
• Atteindre et dépasser les objectifs de vente
• Assurer le suivi et la satisfaction client
• Collaborer avec les équipes marketing et produit
• Réaliser les reportings d'activité

💻 Outils commerciaux :
CRM : Salesforce, LinkedIn Sales Navigator, HubSpot, Excel
Prospection : LinkedIn Sales Navigator
Communication : Teams, Zoom, LinkedIn
Reporting : Excel, Power BI

👤 Profil recherché :
• Formation : Bac+3 en commerce, marketing ou gestion
• Expérience : Junior (0-2 ans)
• Compétences : Salesforce, LinkedIn Sales Navigator
• Excellente capacité de négociation et closing
• Qualités : Persévérance, écoute active, orientation résultats, autonomie"
"Account Manager | Commercial | Salesforce, Tableau, Excel, PowerPoint","Développez le chiffre d'affaires et fidélisez les clients grâce à votre expertise commerciale.

🎯 Missions principales :
• Prospecter et identifier de nouveaux clients PME
• Conduire les négociations commerciales
• Gérer et développer un portefeuille de clients
• Atteindre et dépasser les objectifs de vente
• Assurer le suivi et la satisfaction client
• Collaborer avec les équipes marketing et produit
• Réaliser les reportings d'activité

💻 Outils commerciaux :
CRM : Salesforce, Tableau, Excel, PowerPoint
Prospection : Pharow, Kaspr
Communication : Teams, Zoom, LinkedIn
Reporting : Excel, Power BI

👤 Profil recherché :
• Formation : DUT en commerce, marketing ou gestion
• Expérience : 1-2 ans
• Compétences : Salesforce, Tableau
• Excellente capacité de négociation et closing
• Qualités : Persévérance, écoute active, orientation résultats, autonomie"
"Business Developer | Commercial | SAP CRM, Microsoft Dynamics, Power BI, Teams","Développez le chiffre d'affaires et fidélisez les clients grâce à votre expertise commerciale.

🎯 Missions principales :
• Prospecter et identifier de nouveaux clients grands comptes
• Conduire les négociations commerciales
• Gérer et développer un portefeuille de clients
• Atteindre et dépasser les objectifs de vente
• Assurer le suivi et la satisfaction client
• Collaborer avec les équipes marketing et produit
• Réaliser les reportings d'activité

💻 Outils commerciaux :
CRM : SAP CRM, Microsoft Dynamics, Power BI, Teams
Prospection : Hunter.io, Lusha
Communication : Teams, Zoom, LinkedIn
Reporting : Excel, Power BI

👤 Profil recherché :
• Formation : Bac+3 en commerce, marketing ou gestion
• Expérience : Junior (0-2 ans)
• Compétences : SAP CRM, Microsoft Dynamics
• Excellente capacité de négociation et closing
• Qualités : Persévérance, écoute active, orientation résultats, autonomie"
"Inside Sales | Commercial | Monday.com, Copper, Nutshell, Excel","Développez le chiffre d'affaires et fidélisez les clients grâce à votre expertise commerciale.

🎯 Missions principales :
• Prospecter et identifier de nouveaux clients grands comptes
• Conduire les négociations commerciales
• Gérer et développer un portefeuille de clients
• Atteindre et dépasser les objectifs de vente
• Assurer le suivi et la satisfaction client
• Collaborer avec les équipes marketing et produit
• Réaliser les reportings d'activité

💻 Outils commerciaux :
CRM : Monday.com, Copper, Nutshell, Excel
Prospection : LinkedIn Sales Navigator
Communication : Teams, Zoom, LinkedIn
Reporting : Excel, Power BI

👤 Profil recherché :
• Formation : Bac+3 en commerce, marketing ou gestion
• Expérience : Senior (5+ ans)
• Compétences : Monday.com, Copper
• Excellente capacité de négociation et closing
• Qualités : Persévérance, écoute active, orientation résultats, autonomie"
"Account Manager | Commercial | Monday.com, Copper, Nutshell, Excel","Développez le chiffre d'affaires et fidélisez les clients grâce à votre expertise commerciale.

🎯 Missions principales :
• Prospecter et identifier de nouveaux clients PME
• Conduire les négociations commerciales
• Gérer et développer un portefeuille de clients
• Atteindre et dépasser les objectifs de vente
• Assurer le suivi et la satisfaction client
• Collaborer avec les équipes marketing et produit
• Réaliser les reportings d'activité

💻 Outils commerciaux :
CRM : Monday.com, Copper, Nutshell, Excel
Prospection : LinkedIn Sales Navigator
Communication : Teams, Zoom, LinkedIn
Reporting : Excel, Power BI

👤 Profil recherché :
• Formation : Bac+2 en commerce, marketing ou gestion
• Expérience : 1-2 ans
• Compétences : Monday.com, Copper
• Excellente capacité de négociation et closing
• Qualités : Persévérance, écoute active, orientation résultats, autonomie"
"Inside Sales | Commercial | Zoho CRM, Freshsales, Nimble, Excel","Développez le chiffre d'affaires et fidélisez les clients grâce à votre expertise commerciale.

🎯 Missions principales :
• Prospecter et identifier de nouveaux clients grands comptes
• Conduire les négociations commerciales
• Gérer et développer un portefeuille de clients
• Atteindre et dépasser les objectifs de vente
• Assurer le suivi et la satisfaction client
• Collaborer avec les équipes marketing et produit
• Réaliser les reportings d'activité

💻 Outils commerciaux :
CRM : Zoho CRM, Freshsales, Nimble, Excel
Prospection : Hunter.io, Lusha
Communication : Teams, Zoom, LinkedIn
Reporting : Excel, Power BI

👤 Profil recherché :
• Formation : Doctorat en commerce, marketing ou gestion
• Expérience : 7+ ans
• Compétences : Zoho CRM, Freshsales
• Excellente capacité de négociation et closing
• Qualités : Persévérance, écoute active, orientation résultats, autonomie"
"Business Developer | Commercial | Salesforce, Tableau, Excel, PowerPoint","Développez le chiffre d'affaires et fidélisez les clients grâce à votre expertise commerciale.

🎯 Missions principales :
• Prospecter et identifier de nouveaux clients B2B
• Conduire les négociations commerciales
• Gérer et développer un portefeuille de clients
• Atteindre et dépasser les objectifs de vente
• Assurer le suivi et la satisfaction client
• Collaborer avec les équipes marketing et produit
• Réaliser les reportings d'activité

💻 Outils commerciaux :
CRM : Salesforce, Tableau, Excel, PowerPoint
Prospection : LinkedIn Sales Navigator
Communication : Teams, Zoom, LinkedIn
Reporting : Excel, Power BI

👤 Profil recherché :
• Formation : Bac+5 en commerce, marketing ou gestion
• Expérience : Senior (5+ ans)
• Compétences : Salesforce, Tableau
• Excellente capacité de négociation et closing
• Qualités : Persévérance, écoute active, orientation résultats, autonomie"
"Key Account Manager | Commercial | Salesforce, Tableau, Excel, PowerPoint","Développez le chiffre d'affaires et fidélisez les clients grâce à votre expertise commerciale.

🎯 Missions principales :
• Prospecter et identifier de nouveaux clients PME
• Conduire les négociations commerciales
• Gérer et développer un portefeuille de clients
• Atteindre et dépasser les objectifs de vente
• Assurer le suivi et la satisfaction client
• Collaborer avec les équipes marketing et produit
• Réaliser les reportings d'activité

💻 Outils commerciaux :
CRM : Salesforce, Tableau, Excel, PowerPoint
Prospection : Pharow, Kaspr
Communication : Teams, Zoom, LinkedIn
Reporting : Excel, Power BI

👤 Profil recherché :
• Formation : Bac+4 en commerce, marketing ou gestion
• Expérience : Expert (7+ ans)
• Compétences : Salesforce, Tableau
• Excellente capacité de négociation et closing
• Qualités : Persévérance, écoute active, orientation résultats, autonomie"
"Commercial B2B | Commercial | Streak, Base CRM, Apptivo, Excel","Développez le chiffre d'affaires et fidélisez les clients grâce à votre expertise commerciale.

🎯 Missions principales :
• Prospecter et identifier de nouveaux clients PME
• Conduire les négociations commerciales
• Gérer et développer un portefeuille de clients
• Atteindre et dépasser les objectifs de vente
• Assurer le suivi et la satisfaction client
• Collaborer avec les équipes marketing et produit
• Réaliser les reportings d'activité

💻 Outils commerciaux :
CRM : Streak, Base CRM, Apptivo, Excel
Prospection : Pharow, Kaspr
Communication : Teams, Zoom, LinkedIn
Reporting : Excel, Power BI

👤 Profil recherché :
• Formation : Doctorat en commerce, marketing ou gestion
• Expérience : Junior (0-2 ans)
• Compétences : Streak, Base CRM
• Excellente capacité de négociation et closing
• Qualités : Persévérance, écoute active, orientation résultats, autonomie"
"Account Manager | Commercial | Streak, Base CRM, Apptivo, Excel","Développez le chiffre d'affaires et fidélisez les clients grâce à votre expertise commerciale.

🎯 Missions principales :
• Prospecter et identifier de nouveaux clients startups
• Conduire les négociations commerciales
• Gérer et développer un portefeuille de clients
• Atteindre et dépasser les objectifs de vente
• Assurer le suivi et la satisfaction client
• Collaborer avec les équipes marketing et produit
• Réaliser les reportings d'activité

💻 Outils commerciaux :
CRM : Streak, Base CRM, Apptivo, Excel
Prospection : Hunter.io, Lusha
Communication : Teams, Zoom, LinkedIn
Reporting : Excel, Power BI

👤 Profil recherché :
• Formation : Bac+2 en commerce, marketing ou gestion
• Expérience : Confirmé (3-5 ans)
• Compétences : Streak, Base CRM
• Excellente capacité de négociation et closing
• Qualités : Persévérance, écoute active, orientation résultats, autonomie"
"Account Manager | Commercial | Streak, Base CRM, Apptivo, Excel","Développez le chiffre d'affaires et fidélisez les clients grâce à votre expertise commerciale.

🎯 Missions principales :
• Prospecter et identifier de nouveaux clients B2B
• Conduire les négociations commerciales
• Gérer et développer un portefeuille de clients
• Atteindre et dépasser les objectifs de vente
• Assurer le suivi et la satisfaction client
• Collaborer avec les équipes marketing et produit
• Réaliser les reportings d'activité

💻 Outils commerciaux :
CRM : Streak, Base CRM, Apptivo, Excel
Prospection : Hunter.io, Lusha
Communication : Teams, Zoom, LinkedIn
Reporting : Excel, Power BI

👤 Profil recherché :
• Formation : Bac+2 en commerce, marketing ou gestion
• Expérience : 5+ ans
• Compétences : Streak, Base CRM
• Excellente capacité de négociation et closing
• Qualités : Persévérance, écoute active, orientation résultats, autonomie"
"Responsable Développement Commercial | Commercial | Pardot, Marketo, Eloqua, Excel","Développez le chiffre d'affaires et fidélisez les clients grâce à votre expertise commerciale.

🎯 Missions principales :
• Prospecter et identifier de nouveaux clients startups
• Conduire les négociations commerciales
• Gérer et développer un portefeuille de clients
• Atteindre et dépasser les objectifs de vente
• Assurer le suivi et la satisfaction client
• Collaborer avec les équipes marketing et produit
• Réaliser les reportings d'activité

💻 Outils commerciaux :
CRM : Pardot, Marketo, Eloqua, Excel
Prospection : Pharow, Kaspr
Communication : Teams, Zoom, LinkedIn
Reporting : Excel, Power BI

👤 Profil recherché :
• Formation : Master 2 en commerce, marketing ou gestion
• Expérience : 2-3 ans
• Compétences : Pardot, Marketo
• Excellente capacité de négociation et closing
• Qualités : Persévérance, écoute active, orientation résultats, autonomie"
"Commercial B2B | Commercial | ConvertKit, AWeber, Constant Contact, Excel","Développez le chiffre d'affaires et fidélisez les clients grâce à votre expertise commerciale.

🎯 Missions principales :
• Prospecter et identifier de nouveaux clients grands comptes
• Conduire les négociations commerciales
• Gérer et développer un portefeuille de clients
• Atteindre et dépasser les objectifs de vente
• Assurer le suivi et la satisfaction client
• Collaborer avec les équipes marketing et produit
• Réaliser les reportings d'activité

💻 Outils commerciaux :
CRM : ConvertKit, AWeber, Constant Contact, Excel
Prospection : Hunter.io, Lusha
Communication : Teams, Zoom, LinkedIn
Reporting : Excel, Power BI

👤 Profil recherché :
• Formation : Licence en commerce, marketing ou gestion
• Expérience : 5+ ans
• Compétences : ConvertKit, AWeber
• Excellente capacité de négociation et closing
• Qualités : Persévérance, écoute active, orientation résultats, autonomie"
"Responsable Développement Commercial | Commercial | Salesflare, Pipeliner, Keap, Excel","Développez le chiffre d'affaires et fidélisez les clients grâce à votre expertise commerciale.

🎯 Missions principales :
• Prospecter et identifier de nouveaux clients grands comptes
• Conduire les négociations commerciales
• Gérer et développer un portefeuille de clients
• Atteindre et dépasser les objectifs de vente
• Assurer le suivi et la satisfaction client
• Collaborer avec les équipes marketing et produit
• Réaliser les reportings d'activité

💻 Outils commerciaux :
CRM : Salesflare, Pipeliner, Keap, Excel
Prospection : Hunter.io, Lusha
Communication : Teams, Zoom, LinkedIn
Reporting : Excel, Power BI

👤 Profil recherché :
• Formation : Bac+2 en commerce, marketing ou gestion
• Expérience : 3-5 ans
• Compétences : Salesflare, Pipeliner
• Excellente capacité de négociation et closing
• Qualités : Persévérance, écoute active, orientation résultats, autonomie"
"Commercial B2B | Commercial | Streak, Base CRM, Apptivo, Excel","Développez le chiffre d'affaires et fidélisez les clients grâce à votre expertise commerciale.

🎯 Missions principales :
• Prospecter et identifier de nouveaux clients grands comptes
• Conduire les négociations commerciales
• Gérer et développer un portefeuille de clients
• Atteindre et dépasser les objectifs de vente
• Assurer le suivi et la satisfaction client
• Collaborer avec les équipes marketing et produit
• Réaliser les reportings d'activité

💻 Outils commerciaux :
CRM : Streak, Base CRM, Apptivo, Excel
Prospection : Pharow, Kaspr
Communication : Teams, Zoom, LinkedIn
Reporting : Excel, Power BI

👤 Profil recherché :
• Formation : Licence en commerce, marketing ou gestion
• Expérience : 2-3 ans
• Compétences : Streak, Base CRM
• Excellente capacité de négociation et closing
• Qualités : Persévérance, écoute active, orientation résultats, autonomie"
"Key Account Manager | Commercial | Streak, Base CRM, Apptivo, Excel","Développez le chiffre d'affaires et fidélisez les clients grâce à votre expertise commerciale.

🎯 Missions principales :
• Prospecter et identifier de nouveaux clients startups
• Conduire les négociations commerciales
• Gérer et développer un portefeuille de clients
• Atteindre et dépasser les objectifs de vente
• Assurer le suivi et la satisfaction client
• Collaborer avec les équipes marketing et produit
• Réaliser les reportings d'activité

💻 Outils commerciaux :
CRM : Streak, Base CRM, Apptivo, Excel
Prospection : LinkedIn Sales Navigator
Communication : Teams, Zoom, LinkedIn
Reporting : Excel, Power BI

👤 Profil recherché :
• Formation : DUT en commerce, marketing ou gestion
• Expérience : Confirmé (3-5 ans)
• Compétences : Streak, Base CRM
• Excellente capacité de négociation et closing
• Qualités : Persévérance, écoute active, orientation résultats, autonomie"
"Commercial Terrain | Commercial | ConvertKit, AWeber, Constant Contact, Excel","Développez le chiffre d'affaires et fidélisez les clients grâce à votre expertise commerciale.

🎯 Missions principales :
• Prospecter et identifier de nouveaux clients B2C
• Conduire les négociations commerciales
• Gérer et développer un portefeuille de clients
• Atteindre et dépasser les objectifs de vente
• Assurer le suivi et la satisfaction client
• Collaborer avec les équipes marketing et produit
• Réaliser les reportings d'activité

💻 Outils commerciaux :
CRM : ConvertKit, AWeber, Constant Contact, Excel
Prospection : LinkedIn Sales Navigator
Communication : Teams, Zoom, LinkedIn
Reporting : Excel, Power BI

👤 Profil recherché :
• Formation : BTS en commerce, marketing ou gestion
• Expérience : 3-5 ans
• Compétences : ConvertKit, AWeber
• Excellente capacité de négociation et closing
• Qualités : Persévérance, écoute active, orientation résultats, autonomie"
"Business Developer | Commercial | Salesforce, Tableau, Excel, PowerPoint","Développez le chiffre d'affaires et fidélisez les clients grâce à votre expertise commerciale.

🎯 Missions principales :
• Prospecter et identifier de nouveaux clients PME
• Conduire les négociations commerciales
• Gérer et développer un portefeuille de clients
• Atteindre et dépasser les objectifs de vente
• Assurer le suivi et la satisfaction client
• Collaborer avec les équipes marketing et produit
• Réaliser les reportings d'activité

💻 Outils commerciaux :
CRM : Salesforce, Tableau, Excel, PowerPoint
Prospection : LinkedIn Sales Navigator
Communication : Teams, Zoom, LinkedIn
Reporting : Excel, Power BI

👤 Profil recherché :
• Formation : BTS en commerce, marketing ou gestion
• Expérience : 2-3 ans
• Compétences : Salesforce, Tableau
• Excellente capacité de négociation et closing
• Qualités : Persévérance, écoute active, orientation résultats, autonomie"
"Business Developer | Commercial | SugarCRM, Insightly, Close, Google Sheets","Développez le chiffre d'affaires et fidélisez les clients grâce à votre expertise commerciale.

🎯 Missions principales :
• Prospecter et identifier de nouveaux clients B2C
• Conduire les négociations commerciales
• Gérer et développer un portefeuille de clients
• Atteindre et dépasser les objectifs de vente
• Assurer le suivi et la satisfaction client
• Collaborer avec les équipes marketing et produit
• Réaliser les reportings d'activité

💻 Outils commerciaux :
CRM : SugarCRM, Insightly, Close, Google Sheets
Prospection : Hunter.io, Lusha
Communication : Teams, Zoom, LinkedIn
Reporting : Excel, Power BI

👤 Profil recherché :
• Formation : Doctorat en commerce, marketing ou gestion
• Expérience : Junior (0-2 ans)
• Compétences : SugarCRM, Insightly
• Excellente capacité de négociation et closing
• Qualités : Persévérance, écoute active, orientation résultats, autonomie"
"Inside Sales | Commercial | SAP CRM, Microsoft Dynamics, Power BI, Teams","Développez le chiffre d'affaires et fidélisez les clients grâce à votre expertise commerciale.

🎯 Missions principales :
• Prospecter et identifier de nouveaux clients startups
• Conduire les négociations commerciales
• Gérer et développer un portefeuille de clients
• Atteindre et dépasser les objectifs de vente
• Assurer le suivi et la satisfaction client
• Collaborer avec les équipes marketing et produit
• Réaliser les reportings d'activité

💻 Outils commerciaux :
CRM : SAP CRM, Microsoft Dynamics, Power BI, Teams
Prospection : Pharow, Kaspr
Communication : Teams, Zoom, LinkedIn
Reporting : Excel, Power BI

👤 Profil recherché :
• Formation : Bac+4 en commerce, marketing ou gestion
• Expérience : Junior (0-2 ans)
• Compétences : SAP CRM, Microsoft Dynamics
• Excellente capacité de négociation et closing
• Qualités : Persévérance, écoute active, orientation résultats, autonomie"
"Ingénieur Commercial | Commercial | Sendinblue, GetResponse, Mailchimp, Excel","Développez le chiffre d'affaires et fidélisez les clients grâce à votre expertise commerciale.

🎯 Missions principales :
• Prospecter et identifier de nouveaux clients PME
• Conduire les négociations commerciales
• Gérer et développer un portefeuille de clients
• Atteindre et dépasser les objectifs de vente
• Assurer le suivi et la satisfaction client
• Collaborer avec les équipes marketing et produit
• Réaliser les reportings d'activité

💻 Outils commerciaux :
CRM : Sendinblue, GetResponse, Mailchimp, Excel
Prospection : Pharow, Kaspr
Communication : Teams, Zoom, LinkedIn
Reporting : Excel, Power BI

👤 Profil recherché :
• Formation : Bac+5 en commerce, marketing ou gestion
• Expérience : 1-2 ans
• Compétences : Sendinblue, GetResponse
• Excellente capacité de négociation et closing
• Qualités : Persévérance, écoute active, orientation résultats, autonomie"
"Sales Manager | Commercial | Oracle Sales Cloud, SAP C4C, NetSuite CRM, Excel","Développez le chiffre d'affaires et fidélisez les clients grâce à votre expertise commerciale.

🎯 Missions principales :
• Prospecter et identifier de nouveaux clients PME
• Conduire les négociations commerciales
• Gérer et développer un portefeuille de clients
• Atteindre et dépasser les objectifs de vente
• Assurer le suivi et la satisfaction client
• Collaborer avec les équipes marketing et produit
• Réaliser les reportings d'activité

💻 Outils commerciaux :
CRM : Oracle Sales Cloud, SAP C4C, NetSuite CRM, Excel
Prospection : Hunter.io, Lusha
Communication : Teams, Zoom, LinkedIn
Reporting : Excel, Power BI

👤 Profil recherché :
• Formation : Master 2 en commerce, marketing ou gestion
• Expérience : Expert (7+ ans)
• Compétences : Oracle Sales Cloud, SAP C4C
• Excellente capacité de négociation et closing
• Qualités : Persévérance, écoute active, orientation résultats, autonomie"
"Inside Sales | Commercial | ConvertKit, AWeber, Constant Contact, Excel","Développez le chiffre d'affaires et fidélisez les clients grâce à votre expertise commerciale.

🎯 Missions principales :
• Prospecter et identifier de nouveaux clients PME
• Conduire les négociations commerciales
• Gérer et développer un portefeuille de clients
• Atteindre et dépasser les objectifs de vente
• Assurer le suivi et la satisfaction client
• Collaborer avec les équipes marketing et produit
• Réaliser les reportings d'activité

💻 Outils commerciaux :
CRM : ConvertKit, AWeber, Constant Contact, Excel
Prospection : Hunter.io, Lusha
Communication : Teams, Zoom, LinkedIn
Reporting : Excel, Power BI

👤 Profil recherché :
• Formation : Doctorat en commerce, marketing ou gestion
• Expérience : Confirmé (3-5 ans)
• Compétences : ConvertKit, AWeber
• Excellente capacité de négociation et closing
• Qualités : Persévérance, écoute active, orientation résultats, autonomie"
"Key Account Manager | Commercial | ActiveCampaign, Ontraport, Drip, Excel","Développez le chiffre d'affaires et fidélisez les clients grâce à votre expertise commerciale.

🎯 Missions principales :
• Prospecter et identifier de nouveaux clients grands comptes
• Conduire les négociations commerciales
• Gérer et développer un portefeuille de clients
• Atteindre et dépasser les objectifs de vente
• Assurer le suivi et la satisfaction client
• Collaborer avec les équipes marketing et produit
• Réaliser les reportings d'activité

💻 Outils commerciaux :
CRM : ActiveCampaign, Ontraport, Drip, Excel
Prospection : Hunter.io, Lusha
Communication : Teams, Zoom, LinkedIn
Reporting : Excel, Power BI

👤 Profil recherché :
• Formation : BTS en commerce, marketing ou gestion
• Expérience : 2-3 ans
• Compétences : ActiveCampaign, Ontraport
• Excellente capacité de négociation et closing
• Qualités : Persévérance, écoute active, orientation résultats, autonomie"
"Business Developer | Commercial | Streak, Base CRM, Apptivo, Excel","Développez le chiffre d'affaires et fidélisez les clients grâce à votre expertise commerciale.

🎯 Missions principales :
• Prospecter et identifier de nouveaux clients B2C
• Conduire les négociations commerciales
• Gérer et développer un portefeuille de clients
• Atteindre et dépasser les objectifs de vente
• Assurer le suivi et la satisfaction client
• Collaborer avec les équipes marketing et produit
• Réaliser les reportings d'activité

💻 Outils commerciaux :
CRM : Streak, Base CRM, Apptivo, Excel
Prospection : LinkedIn Sales Navigator
Communication : Teams, Zoom, LinkedIn
Reporting : Excel, Power BI

👤 Profil recherché :
• Formation : Licence en commerce, marketing ou gestion
• Expérience : Expert (7+ ans)
• Compétences : Streak, Base CRM
• Excellente capacité de négociation et closing
• Qualités : Persévérance, écoute active, orientation résultats, autonomie"
"Ingénieur Commercial | Commercial | Sendinblue, GetResponse, Mailchimp, Excel","Développez le chiffre d'affaires et fidélisez les clients grâce à votre expertise commerciale.

🎯 Missions principales :
• Prospecter et identifier de nouveaux clients PME
• Conduire les négociations commerciales
• Gérer et développer un portefeuille de clients
• Atteindre et dépasser les objectifs de vente
• Assurer le suivi et la satisfaction client
• Collaborer avec les équipes marketing et produit
• Réaliser les reportings d'activité

💻 Outils commerciaux :
CRM : Sendinblue, GetResponse, Mailchimp, Excel
Prospection : LinkedIn Sales Navigator
Communication : Teams, Zoom, LinkedIn
Reporting : Excel, Power BI

👤 Profil recherché :
• Formation : Bac+3 en commerce, marketing ou gestion
• Expérience : Confirmé (3-5 ans)
• Compétences : Sendinblue, GetResponse
• Excellente capacité de négociation et closing
• Qualités : Persévérance, écoute active, orientation résultats, autonomie"
"Ingénieur Commercial | Commercial | ActiveCampaign, Ontraport, Drip, Excel","Développez le chiffre d'affaires et fidélisez les clients grâce à votre expertise commerciale.

🎯 Missions principales :
• Prospecter et identifier de nouveaux clients startups
• Conduire les négociations commerciales
• Gérer et développer un portefeuille de clients
• Atteindre et dépasser les objectifs de vente
• Assurer le suivi et la satisfaction client
• Collaborer avec les équipes marketing et produit
• Réaliser les reportings d'activité

💻 Outils commerciaux :
CRM : ActiveCampaign, Ontraport, Drip, Excel
Prospection : Hunter.io, Lusha
Communication : Teams, Zoom, LinkedIn
Reporting : Excel, Power BI

👤 Profil recherché :
• Formation : Bac+5 en commerce, marketing ou gestion
• Expérience : Expert (7+ ans)
• Compétences : ActiveCampaign, Ontraport
• Excellente capacité de négociation et closing
• Qualités : Persévérance, écoute active, orientation résultats, autonomie"
"Account Manager | Commercial | Zoho CRM, Freshsales, Nimble, Excel","Développez le chiffre d'affaires et fidélisez les clients grâce à votre expertise commerciale.

🎯 Missions principales :
• Prospecter et identifier de nouveaux clients grands comptes
• Conduire les négociations commerciales
• Gérer et développer un portefeuille de clients
• Atteindre et dépasser les objectifs de vente
• Assurer le suivi et la satisfaction client
• Collaborer avec les équipes marketing et produit
• Réaliser les reportings d'activité

💻 Outils commerciaux :
CRM : Zoho CRM, Freshsales, Nimble, Excel
Prospection : Hunter.io, Lusha
Communication : Teams, Zoom, LinkedIn
Reporting : Excel, Power BI

👤 Profil recherché :
• Formation : Doctorat en commerce, marketing ou gestion
• Expérience : 10+ ans
• Compétences : Zoho CRM, Freshsales
• Excellente capacité de négociation et closing
• Qualités : Persévérance, écoute active, orientation résultats, autonomie"
"Account Manager | Commercial | Salesforce, Tableau, Excel, PowerPoint","Développez le chiffre d'affaires et fidélisez les clients grâce à votre expertise commerciale.

🎯 Missions principales :
• Prospecter et identifier de nouveaux clients grands comptes
• Conduire les négociations commerciales
• Gérer et développer un portefeuille de clients
• Atteindre et dépasser les objectifs de vente
• Assurer le suivi et la satisfaction client
• Collaborer avec les équipes marketing et produit
• Réaliser les reportings d'activité

💻 Outils commerciaux :
CRM : Salesforce, Tableau, Excel, PowerPoint
Prospection : Hunter.io, Lusha
Communication : Teams, Zoom, LinkedIn
Reporting : Excel, Power BI

👤 Profil recherché :
• Formation : Master 2 en commerce, marketing ou gestion
• Expérience : 2-3 ans
• Compétences : Salesforce, Tableau
• Excellente capacité de négociation et closing
• Qualités : Persévérance, écoute active, orientation résultats, autonomie"
"Responsable Développement Commercial | Commercial | Pardot, Marketo, Eloqua, Excel","Développez le chiffre d'affaires et fidélisez les clients grâce à votre expertise commerciale.

🎯 Missions principales :
• Prospecter et identifier de nouveaux clients B2C
• Conduire les négociations commerciales
• Gérer et développer un portefeuille de clients
• Atteindre et dépasser les objectifs de vente
• Assurer le suivi et la satisfaction client
• Collaborer avec les équipes marketing et produit
• Réaliser les reportings d'activité

💻 Outils commerciaux :
CRM : Pardot, Marketo, Eloqua, Excel
Prospection : LinkedIn Sales Navigator
Communication : Teams, Zoom, LinkedIn
Reporting : Excel, Power BI

👤 Profil recherché :
• Formation : Bac+2 en commerce, marketing ou gestion
• Expérience : Senior (5+ ans)
• Compétences : Pardot, Marketo
• Excellente capacité de négociation et closing
• Qualités : Persévérance, écoute active, orientation résultats, autonomie"
"Key Account Manager | Commercial | Pardot, Marketo, Eloqua, Excel","Développez le chiffre d'affaires et fidélisez les clients grâce à votre expertise commerciale.

🎯 Missions principales :
• Prospecter et identifier de nouveaux clients B2B
• Conduire les négociations commerciales
• Gérer et développer un portefeuille de clients
• Atteindre et dépasser les objectifs de vente
• Assurer le suivi et la satisfaction client
• Collaborer avec les équipes marketing et produit
• Réaliser les reportings d'activité

💻 Outils commerciaux :
CRM : Pardot, Marketo, Eloqua, Excel
Prospection : LinkedIn Sales Navigator
Communication : Teams, Zoom, LinkedIn
Reporting : Excel, Power BI

👤 Profil recherché :
• Formation : Master 2 en commerce, marketing ou gestion
• Expérience : 3-5 ans
• Compétences : Pardot, Marketo
• Excellente capacité de négociation et closing
• Qualités : Persévérance, écoute active, orientation résultats, autonomie"
"Commercial Terrain | Commercial | Oracle Sales Cloud, SAP C4C, NetSuite CRM, Excel","Développez le chiffre d'affaires et fidélisez les clients grâce à votre expertise commerciale.

🎯 Missions principales :
• Prospecter et identifier de nouveaux clients B2B
• Conduire les négociations commerciales
• Gérer et développer un portefeuille de clients
• Atteindre et dépasser les objectifs de vente
• Assurer le suivi et la satisfaction client
• Collaborer avec les équipes marketing et produit
• Réaliser les reportings d'activité

💻 Outils commerciaux :
CRM : Oracle Sales Cloud, SAP C4C, NetSuite CRM, Excel
Prospection : LinkedIn Sales Navigator
Communication : Teams, Zoom, LinkedIn
Reporting : Excel, Power BI

👤 Profil recherché :
• Formation : Master 2 en commerce, marketing ou gestion
• Expérience : 2-3 ans
• Compétences : Oracle Sales Cloud, SAP C4C
• Excellente capacité de négociation et closing
• Qualités : Persévérance, écoute active, orientation résultats, autonomie"
"Business Developer | Commercial | SAP CRM, Microsoft Dynamics, Power BI, Teams","Développez le chiffre d'affaires et fidélisez les clients grâce à votre expertise commerciale.

🎯 Missions principales :
• Prospecter et identifier de nouveaux clients PME
• Conduire les négociations commerciales
• Gérer et développer un portefeuille de clients
• Atteindre et dépasser les objectifs de vente
• Assurer le suivi et la satisfaction client
• Collaborer avec les équipes marketing et produit
• Réaliser les reportings d'activité

💻 Outils commerciaux :
CRM : SAP CRM, Microsoft Dynamics, Power BI, Teams
Prospection : LinkedIn Sales Navigator
Communication : Teams, Zoom, LinkedIn
Reporting : Excel, Power BI

👤 Profil recherché :
• Formation : Licence en commerce, marketing ou gestion
• Expérience : Confirmé (3-5 ans)
• Compétences : SAP CRM, Microsoft Dynamics
• Excellente capacité de négociation et closing
• Qualités : Persévérance, écoute active, orientation résultats, autonomie"
"Commercial Terrain | Commercial | Salesforce, LinkedIn Sales Navigator, HubSpot, Excel","Développez le chiffre d'affaires et fidélisez les clients grâce à votre expertise commerciale.

🎯 Missions principales :
• Prospecter et identifier de nouveaux clients B2B
• Conduire les négociations commerciales
• Gérer et développer un portefeuille de clients
• Atteindre et dépasser les objectifs de vente
• Assurer le suivi et la satisfaction client
• Collaborer avec les équipes marketing et produit
• Réaliser les reportings d'activité

💻 Outils commerciaux :
CRM : Salesforce, LinkedIn Sales Navigator, HubSpot, Excel
Prospection : Hunter.io, Lusha
Communication : Teams, Zoom, LinkedIn
Reporting : Excel, Power BI

👤 Profil recherché :
• Formation : Bac+3 en commerce, marketing ou gestion
• Expérience : Expert (7+ ans)
• Compétences : Salesforce, LinkedIn Sales Navigator
• Excellente capacité de négociation et closing
• Qualités : Persévérance, écoute active, orientation résultats, autonomie"
"Commercial Terrain | Commercial | CRM, Pipedrive, Slack, Google Workspace","Développez le chiffre d'affaires et fidélisez les clients grâce à votre expertise commerciale.

🎯 Missions principales :
• Prospecter et identifier de nouveaux clients B2C
• Conduire les négociations commerciales
• Gérer et développer un portefeuille de clients
• Atteindre et dépasser les objectifs de vente
• Assurer le suivi et la satisfaction client
• Collaborer avec les équipes marketing et produit
• Réaliser les reportings d'activité

💻 Outils commerciaux :
CRM : CRM, Pipedrive, Slack, Google Workspace
Prospection : LinkedIn Sales Navigator
Communication : Teams, Zoom, LinkedIn
Reporting : Excel, Power BI

👤 Profil recherché :
• Formation : Master 2 en commerce, marketing ou gestion
• Expérience : 3-5 ans
• Compétences : CRM, Pipedrive
• Excellente capacité de négociation et closing
• Qualités : Persévérance, écoute active, orientation résultats, autonomie"
"Commercial B2B | Commercial | Monday.com, Copper, Nutshell, Excel","Développez le chiffre d'affaires et fidélisez les clients grâce à votre expertise commerciale.

🎯 Missions principales :
• Prospecter et identifier de nouveaux clients PME
• Conduire les négociations commerciales
• Gérer et développer un portefeuille de clients
• Atteindre et dépasser les objectifs de vente
• Assurer le suivi et la satisfaction client
• Collaborer avec les équipes marketing et produit
• Réaliser les reportings d'activité

💻 Outils commerciaux :
CRM : Monday.com, Copper, Nutshell, Excel
Prospection : Hunter.io, Lusha
Communication : Teams, Zoom, LinkedIn
Reporting : Excel, Power BI

👤 Profil recherché :
• Formation : Master 2 en commerce, marketing ou gestion
• Expérience : Junior (0-2 ans)
• Compétences : Monday.com, Copper
• Excellente capacité de négociation et closing
• Qualités : Persévérance, écoute active, orientation résultats, autonomie"
"Business Developer | Commercial | Agile CRM, Capsule, Less Annoying CRM, Excel","Développez le chiffre d'affaires et fidélisez les clients grâce à votre expertise commerciale.

🎯 Missions principales :
• Prospecter et identifier de nouveaux clients PME
• Conduire les négociations commerciales
• Gérer et développer un portefeuille de clients
• Atteindre et dépasser les objectifs de vente
• Assurer le suivi et la satisfaction client
• Collaborer avec les équipes marketing et produit
• Réaliser les reportings d'activité

💻 Outils commerciaux :
CRM : Agile CRM, Capsule, Less Annoying CRM, Excel
Prospection : LinkedIn Sales Navigator
Communication : Teams, Zoom, LinkedIn
Reporting : Excel, Power BI

👤 Profil recherché :
• Formation : Doctorat en commerce, marketing ou gestion
• Expérience : Confirmé (3-5 ans)
• Compétences : Agile CRM, Capsule
• Excellente capacité de négociation et closing
• Qualités : Persévérance, écoute active, orientation résultats, autonomie"
"Commercial Terrain | Commercial | Sendinblue, GetResponse, Mailchimp, Excel","Développez le chiffre d'affaires et fidélisez les clients grâce à votre expertise commerciale.

🎯 Missions principales :
• Prospecter et identifier de nouveaux clients grands comptes
• Conduire les négociations commerciales
• Gérer et développer un portefeuille de clients
• Atteindre et dépasser les objectifs de vente
• Assurer le suivi et la satisfaction client
• Collaborer avec les équipes marketing et produit
• Réaliser les reportings d'activité

💻 Outils commerciaux :
CRM : Sendinblue, GetResponse, Mailchimp, Excel
Prospection : Hunter.io, Lusha
Communication : Teams, Zoom, LinkedIn
Reporting : Excel, Power BI

👤 Profil recherché :
• Formation : Master 2 en commerce, marketing ou gestion
• Expérience : Confirmé (3-5 ans)
• Compétences : Sendinblue, GetResponse
• Excellente capacité de négociation et closing
• Qualités : Persévérance, écoute active, orientation résultats, autonomie"
"Commercial Terrain | Commercial | Zoho CRM, Freshsales, Nimble, Excel","Développez le chiffre d'affaires et fidélisez les clients grâce à votre expertise commerciale.

🎯 Missions principales :
• Prospecter et identifier de nouveaux clients B2B
• Conduire les négociations commerciales
• Gérer et développer un portefeuille de clients
• Atteindre et dépasser les objectifs de vente
• Assurer le suivi et la satisfaction client
• Collaborer avec les équipes marketing et produit
• Réaliser les reportings d'activité

💻 Outils commerciaux :
CRM : Zoho CRM, Freshsales, Nimble, Excel
Prospection : LinkedIn Sales Navigator
Communication : Teams, Zoom, LinkedIn
Reporting : Excel, Power BI

👤 Profil recherché :
• Formation : Master 2 en commerce, marketing ou gestion
• Expérience : 10+ ans
• Compétences : Zoho CRM, Freshsales
• Excellente capacité de négociation et closing
• Qualités : Persévérance, écoute active, orientation résultats, autonomie"
"Sales Engineer | Commercial | Pardot, Marketo, Eloqua, Excel","Développez le chiffre d'affaires et fidélisez les clients grâce à votre expertise commerciale.

🎯 Missions principales :
• Prospecter et identifier de nouveaux clients PME
• Conduire les négociations commerciales
• Gérer et développer un portefeuille de clients
• Atteindre et dépasser les objectifs de vente
• Assurer le suivi et la satisfaction client
• Collaborer avec les équipes marketing et produit
• Réaliser les reportings d'activité

💻 Outils commerciaux :
CRM : Pardot, Marketo, Eloqua, Excel
Prospection : Hunter.io, Lusha
Communication : Teams, Zoom, LinkedIn
Reporting : Excel, Power BI

👤 Profil recherché :
• Formation : Bac+3 en commerce, marketing ou gestion
• Expérience : Confirmé (3-5 ans)
• Compétences : Pardot, Marketo
• Excellente capacité de négociation et closing
• Qualités : Persévérance, écoute active, orientation résultats, autonomie"
"Sales Engineer | Commercial | Pardot, Marketo, Eloqua, Excel","Développez le chiffre d'affaires et fidélisez les clients grâce à votre expertise commerciale.

🎯 Missions principales :
• Prospecter et identifier de nouveaux clients B2C
• Conduire les négociations commerciales
• Gérer et développer un portefeuille de clients
• Atteindre et dépasser les objectifs de vente
• Assurer le suivi et la satisfaction client
• Collaborer avec les équipes marketing et produit
• Réaliser les reportings d'activité

💻 Outils commerciaux :
CRM : Pardot, Marketo, Eloqua, Excel
Prospection : LinkedIn Sales Navigator
Communication : Teams, Zoom, LinkedIn
Reporting : Excel, Power BI

👤 Profil recherché :
• Formation : Doctorat en commerce, marketing ou gestion
• Expérience : 1-2 ans
• Compétences : Pardot, Marketo
• Excellente capacité de négociation et closing
• Qualités : Persévérance, écoute active, orientation résultats, autonomie"
"Key Account Manager | Commercial | Salesflare, Pipeliner, Keap, Excel","Développez le chiffre d'affaires et fidélisez les clients grâce à votre expertise commerciale.

🎯 Missions principales :
• Prospecter et identifier de nouveaux clients B2C
• Conduire les négociations commerciales
• Gérer et développer un portefeuille de clients
• Atteindre et dépasser les objectifs de vente
• Assurer le suivi et la satisfaction client
• Collaborer avec les équipes marketing et produit
• Réaliser les reportings d'activité

💻 Outils commerciaux :
CRM : Salesflare, Pipeliner, Keap, Excel
Prospection : Hunter.io, Lusha
Communication : Teams, Zoom, LinkedIn
Reporting : Excel, Power BI

👤 Profil recherché :
• Formation : Bac+3 en commerce, marketing ou gestion
• Expérience : Junior (0-2 ans)
• Compétences : Salesflare, Pipeliner
• Excellente capacité de négociation et closing
• Qualités : Persévérance, écoute active, orientation résultats, autonomie"
"Account Manager | Commercial | ActiveCampaign, Ontraport, Drip, Excel","Développez le chiffre d'affaires et fidélisez les clients grâce à votre expertise commerciale.

🎯 Missions principales :
• Prospecter et identifier de nouveaux clients B2B
• Conduire les négociations commerciales
• Gérer et développer un portefeuille de clients
• Atteindre et dépasser les objectifs de vente
• Assurer le suivi et la satisfaction client
• Collaborer avec les équipes marketing et produit
• Réaliser les reportings d'activité

💻 Outils commerciaux :
CRM : ActiveCampaign, Ontraport, Drip, Excel
Prospection : LinkedIn Sales Navigator
Communication : Teams, Zoom, LinkedIn
Reporting : Excel, Power BI

👤 Profil recherché :
• Formation : Bac+2 en commerce, marketing ou gestion
• Expérience : 1-2 ans
• Compétences : ActiveCampaign, Ontraport
• Excellente capacité de négociation et closing
• Qualités : Persévérance, écoute active, orientation résultats, autonomie"
"Ingénieur Commercial | Commercial | Salesflare, Pipeliner, Keap, Excel","Développez le chiffre d'affaires et fidélisez les clients grâce à votre expertise commerciale.

🎯 Missions principales :
• Prospecter et identifier de nouveaux clients grands comptes
• Conduire les négociations commerciales
• Gérer et développer un portefeuille de clients
• Atteindre et dépasser les objectifs de vente
• Assurer le suivi et la satisfaction client
• Collaborer avec les équipes marketing et produit
• Réaliser les reportings d'activité

💻 Outils commerciaux :
CRM : Salesflare, Pipeliner, Keap, Excel
Prospection : LinkedIn Sales Navigator
Communication : Teams, Zoom, LinkedIn
Reporting : Excel, Power BI

👤 Profil recherché :
• Formation : Bac+2 en commerce, marketing ou gestion
• Expérience : 2-3 ans
• Compétences : Salesflare, Pipeliner
• Excellente capacité de négociation et closing
• Qualités : Persévérance, écoute active, orientation résultats, autonomie"
"Commercial Terrain | Commercial | Agile CRM, Capsule, Less Annoying CRM, Excel","Développez le chiffre d'affaires et fidélisez les clients grâce à votre expertise commerciale.

🎯 Missions principales :
• Prospecter et identifier de nouveaux clients PME
• Conduire les négociations commerciales
• Gérer et développer un portefeuille de clients
• Atteindre et dépasser les objectifs de vente
• Assurer le suivi et la satisfaction client
• Collaborer avec les équipes marketing et produit
• Réaliser les reportings d'activité

💻 Outils commerciaux :
CRM : Agile CRM, Capsule, Less Annoying CRM, Excel
Prospection : Pharow, Kaspr
Communication : Teams, Zoom, LinkedIn
Reporting : Excel, Power BI

👤 Profil recherché :
• Formation : Bac+2 en commerce, marketing ou gestion
• Expérience : Senior (5+ ans)
• Compétences : Agile CRM, Capsule
• Excellente capacité de négociation et closing
• Qualités : Persévérance, écoute active, orientation résultats, autonomie"
"Sales Engineer | Commercial | SAP CRM, Microsoft Dynamics, Power BI, Teams","Développez le chiffre d'affaires et fidélisez les clients grâce à votre expertise commerciale.

🎯 Missions principales :
• Prospecter et identifier de nouveaux clients grands comptes
• Conduire les négociations commerciales
• Gérer et développer un portefeuille de clients
• Atteindre et dépasser les objectifs de vente
• Assurer le suivi et la satisfaction client
• Collaborer avec les équipes marketing et produit
• Réaliser les reportings d'activité

💻 Outils commerciaux :
CRM : SAP CRM, Microsoft Dynamics, Power BI, Teams
Prospection : Hunter.io, Lusha
Communication : Teams, Zoom, LinkedIn
Reporting : Excel, Power BI

👤 Profil recherché :
• Formation : BTS en commerce, marketing ou gestion
• Expérience : Senior (5+ ans)
• Compétences : SAP CRM, Microsoft Dynamics
• Excellente capacité de négociation et closing
• Qualités : Persévérance, écoute active, orientation résultats, autonomie"
"Inside Sales | Commercial | Zoho CRM, Freshsales, Nimble, Excel","Développez le chiffre d'affaires et fidélisez les clients grâce à votre expertise commerciale.

🎯 Missions principales :
• Prospecter et identifier de nouveaux clients B2B
• Conduire les négociations commerciales
• Gérer et développer un portefeuille de clients
• Atteindre et dépasser les objectifs de vente
• Assurer le suivi et la satisfaction client
• Collaborer avec les équipes marketing et produit
• Réaliser les reportings d'activité

💻 Outils commerciaux :
CRM : Zoho CRM, Freshsales, Nimble, Excel
Prospection : Hunter.io, Lusha
Communication : Teams, Zoom, LinkedIn
Reporting : Excel, Power BI

👤 Profil recherché :
• Formation : Bac+2 en commerce, marketing ou gestion
• Expérience : 1-2 ans
• Compétences : Zoho CRM, Freshsales
• Excellente capacité de négociation et closing
• Qualités : Persévérance, écoute active, orientation résultats, autonomie"
"Key Account Manager | Commercial | Sendinblue, GetResponse, Mailchimp, Excel","Développez le chiffre d'affaires et fidélisez les clients grâce à votre expertise commerciale.

🎯 Missions principales :
• Prospecter et identifier de nouveaux clients B2C
• Conduire les négociations commerciales
• Gérer et développer un portefeuille de clients
• Atteindre et dépasser les objectifs de vente
• Assurer le suivi et la satisfaction client
• Collaborer avec les équipes marketing et produit
• Réaliser les reportings d'activité

💻 Outils commerciaux :
CRM : Sendinblue, GetResponse, Mailchimp, Excel
Prospection : Pharow, Kaspr
Communication : Teams, Zoom, LinkedIn
Reporting : Excel, Power BI

👤 Profil recherché :
• Formation : DUT en commerce, marketing ou gestion
• Expérience : Confirmé (3-5 ans)
• Compétences : Sendinblue, GetResponse
• Excellente capacité de négociation et closing
• Qualités : Persévérance, écoute active, orientation résultats, autonomie"
"Sales Manager | Commercial | Agile CRM, Capsule, Less Annoying CRM, Excel","Développez le chiffre d'affaires et fidélisez les clients grâce à votre expertise commerciale.

🎯 Missions principales :
• Prospecter et identifier de nouveaux clients B2B
• Conduire les négociations commerciales
• Gérer et développer un portefeuille de clients
• Atteindre et dépasser les objectifs de vente
• Assurer le suivi et la satisfaction client
• Collaborer avec les équipes marketing et produit
• Réaliser les reportings d'activité

💻 Outils commerciaux :
CRM : Agile CRM, Capsule, Less Annoying CRM, Excel
Prospection : LinkedIn Sales Navigator
Communication : Teams, Zoom, LinkedIn
Reporting : Excel, Power BI

👤 Profil recherché :
• Formation : Bac+5 en commerce, marketing ou gestion
• Expérience : 5+ ans
• Compétences : Agile CRM, Capsule
• Excellente capacité de négociation et closing
• Qualités : Persévérance, écoute active, orientation résultats, autonomie"
"Key Account Manager | Commercial | SugarCRM, Insightly, Close, Google Sheets","Développez le chiffre d'affaires et fidélisez les clients grâce à votre expertise commerciale.

🎯 Missions principales :
• Prospecter et identifier de nouveaux clients startups
• Conduire les négociations commerciales
• Gérer et développer un portefeuille de clients
• Atteindre et dépasser les objectifs de vente
• Assurer le suivi et la satisfaction client
• Collaborer avec les équipes marketing et produit
• Réaliser les reportings d'activité

💻 Outils commerciaux :
CRM : SugarCRM, Insightly, Close, Google Sheets
Prospection : Pharow, Kaspr
Communication : Teams, Zoom, LinkedIn
Reporting : Excel, Power BI

👤 Profil recherché :
• Formation : Licence en commerce, marketing ou gestion
• Expérience : 2-3 ans
• Compétences : SugarCRM, Insightly
• Excellente capacité de négociation et closing
• Qualités : Persévérance, écoute active, orientation résultats, autonomie"
"Responsable Développement Commercial | Commercial | SAP CRM, Microsoft Dynamics, Power BI, Teams","Développez le chiffre d'affaires et fidélisez les clients grâce à votre expertise commerciale.

🎯 Missions principales :
• Prospecter et identifier de nouveaux clients B2B
• Conduire les négociations commerciales
• Gérer et développer un portefeuille de clients
• Atteindre et dépasser les objectifs de vente
• Assurer le suivi et la satisfaction client
• Collaborer avec les équipes marketing et produit
• Réaliser les reportings d'activité

💻 Outils commerciaux :
CRM : SAP CRM, Microsoft Dynamics, Power BI, Teams
Prospection : Hunter.io, Lusha
Communication : Teams, Zoom, LinkedIn
Reporting : Excel, Power BI

👤 Profil recherché :
• Formation : DUT en commerce, marketing ou gestion
• Expérience : Senior (5+ ans)
• Compétences : SAP CRM, Microsoft Dynamics
• Excellente capacité de négociation et closing
• Qualités : Persévérance, écoute active, orientation résultats, autonomie"
"Commercial B2B | Commercial | ActiveCampaign, Ontraport, Drip, Excel","Développez le chiffre d'affaires et fidélisez les clients grâce à votre expertise commerciale.

🎯 Missions principales :
• Prospecter et identifier de nouveaux clients B2C
• Conduire les négociations commerciales
• Gérer et développer un portefeuille de clients
• Atteindre et dépasser les objectifs de vente
• Assurer le suivi et la satisfaction client
• Collaborer avec les équipes marketing et produit
• Réaliser les reportings d'activité

💻 Outils commerciaux :
CRM : ActiveCampaign, Ontraport, Drip, Excel
Prospection : LinkedIn Sales Navigator
Communication : Teams, Zoom, LinkedIn
Reporting : Excel, Power BI

👤 Profil recherché :
• Formation : Licence en commerce, marketing ou gestion
• Expérience : Expert (7+ ans)
• Compétences : ActiveCampaign, Ontraport
• Excellente capacité de négociation et closing
• Qualités : Persévérance, écoute active, orientation résultats, autonomie"
"Sales Manager | Commercial | SAP CRM, Microsoft Dynamics, Power BI, Teams","Développez le chiffre d'affaires et fidélisez les clients grâce à votre expertise commerciale.

🎯 Missions principales :
• Prospecter et identifier de nouveaux clients B2B
• Conduire les négociations commerciales
• Gérer et développer un portefeuille de clients
• Atteindre et dépasser les objectifs de vente
• Assurer le suivi et la satisfaction client
• Collaborer avec les équipes marketing et produit
• Réaliser les reportings d'activité

💻 Outils commerciaux :
CRM : SAP CRM, Microsoft Dynamics, Power BI, Teams
Prospection : LinkedIn Sales Navigator
Communication : Teams, Zoom, LinkedIn
Reporting : Excel, Power BI

👤 Profil recherché :
• Formation : Doctorat en commerce, marketing ou gestion
• Expérience : 1-2 ans
• Compétences : SAP CRM, Microsoft Dynamics
• Excellente capacité de négociation et closing
• Qualités : Persévérance, écoute active, orientation résultats, autonomie"
"Ingénieur Commercial | Commercial | Monday.com, Copper, Nutshell, Excel","Développez le chiffre d'affaires et fidélisez les clients grâce à votre expertise commerciale.

🎯 Missions principales :
• Prospecter et identifier de nouveaux clients startups
• Conduire les négociations commerciales
• Gérer et développer un portefeuille de clients
• Atteindre et dépasser les objectifs de vente
• Assurer le suivi et la satisfaction client
• Collaborer avec les équipes marketing et produit
• Réaliser les reportings d'activité

💻 Outils commerciaux :
CRM : Monday.com, Copper, Nutshell, Excel
Prospection : LinkedIn Sales Navigator
Communication : Teams, Zoom, LinkedIn
Reporting : Excel, Power BI

👤 Profil recherché :
• Formation : Bac+2 en commerce, marketing ou gestion
• Expérience : 2-3 ans
• Compétences : Monday.com, Copper
• Excellente capacité de négociation et closing
• Qualités : Persévérance, écoute active, orientation résultats, autonomie"
"Business Developer | Commercial | Zoho CRM, Freshsales, Nimble, Excel","Développez le chiffre d'affaires et fidélisez les clients grâce à votre expertise commerciale.

🎯 Missions principales :
• Prospecter et identifier de nouveaux clients startups
• Conduire les négociations commerciales
• Gérer et développer un portefeuille de clients
• Atteindre et dépasser les objectifs de vente
• Assurer le suivi et la satisfaction client
• Collaborer avec les équipes marketing et produit
• Réaliser les reportings d'activité

💻 Outils commerciaux :
CRM : Zoho CRM, Freshsales, Nimble, Excel
Prospection : Hunter.io, Lusha
Communication : Teams, Zoom, LinkedIn
Reporting : Excel, Power BI

👤 Profil recherché :
• Formation : BTS en commerce, marketing ou gestion
• Expérience : 10+ ans
• Compétences : Zoho CRM, Freshsales
• Excellente capacité de négociation et closing
• Qualités : Persévérance, écoute active, orientation résultats, autonomie"
"Business Developer | Commercial | Salesforce, LinkedIn Sales Navigator, HubSpot, Excel","Développez le chiffre d'affaires et fidélisez les clients grâce à votre expertise commerciale.

🎯 Missions principales :
• Prospecter et identifier de nouveaux clients grands comptes
• Conduire les négociations commerciales
• Gérer et développer un portefeuille de clients
• Atteindre et dépasser les objectifs de vente
• Assurer le suivi et la satisfaction client
• Collaborer avec les équipes marketing et produit
• Réaliser les reportings d'activité

💻 Outils commerciaux :
CRM : Salesforce, LinkedIn Sales Navigator, HubSpot, Excel
Prospection : LinkedIn Sales Navigator
Communication : Teams, Zoom, LinkedIn
Reporting : Excel, Power BI

👤 Profil recherché :
• Formation : Bac+3 en commerce, marketing ou gestion
• Expérience : 1-2 ans
• Compétences : Salesforce, LinkedIn Sales Navigator
• Excellente capacité de négociation et closing
• Qualités : Persévérance, écoute active, orientation résultats, autonomie"
"Commercial Terrain | Commercial | Salesflare, Pipeliner, Keap, Excel","Développez le chiffre d'affaires et fidélisez les clients grâce à votre expertise commerciale.

🎯 Missions principales :
• Prospecter et identifier de nouveaux clients PME
• Conduire les négociations commerciales
• Gérer et développer un portefeuille de clients
• Atteindre et dépasser les objectifs de vente
• Assurer le suivi et la satisfaction client
• Collaborer avec les équipes marketing et produit
• Réaliser les reportings d'activité

💻 Outils commerciaux :
CRM : Salesflare, Pipeliner, Keap, Excel
Prospection : LinkedIn Sales Navigator
Communication : Teams, Zoom, LinkedIn
Reporting : Excel, Power BI

👤 Profil recherché :
• Formation : Bac+2 en commerce, marketing ou gestion
• Expérience : 1-2 ans
• Compétences : Salesflare, Pipeliner
• Excellente capacité de négociation et closing
• Qualités : Persévérance, écoute active, orientation résultats, autonomie"
"Commercial B2B | Commercial | Sendinblue, GetResponse, Mailchimp, Excel","Développez le chiffre d'affaires et fidélisez les clients grâce à votre expertise commerciale.

🎯 Missions principales :
• Prospecter et identifier de nouveaux clients B2C
• Conduire les négociations commerciales
• Gérer et développer un portefeuille de clients
• Atteindre et dépasser les objectifs de vente
• Assurer le suivi et la satisfaction client
• Collaborer avec les équipes marketing et produit
• Réaliser les reportings d'activité

💻 Outils commerciaux :
CRM : Sendinblue, GetResponse, Mailchimp, Excel
Prospection : Hunter.io, Lusha
Communication : Teams, Zoom, LinkedIn
Reporting : Excel, Power BI

👤 Profil recherché :
• Formation : Master 2 en commerce, marketing ou gestion
• Expérience : Junior (0-2 ans)
• Compétences : Sendinblue, GetResponse
• Excellente capacité de négociation et closing
• Qualités : Persévérance, écoute active, orientation résultats, autonomie"
"Sales Manager | Commercial | CRM, Pipedrive, Slack, Google Workspace","Développez le chiffre d'affaires et fidélisez les clients grâce à votre expertise commerciale.

🎯 Missions principales :
• Prospecter et identifier de nouveaux clients PME
• Conduire les négociations commerciales
• Gérer et développer un portefeuille de clients
• Atteindre et dépasser les objectifs de vente
• Assurer le suivi et la satisfaction client
• Collaborer avec les équipes marketing et produit
• Réaliser les reportings d'activité

💻 Outils commerciaux :
CRM : CRM, Pipedrive, Slack, Google Workspace
Prospection : LinkedIn Sales Navigator
Communication : Teams, Zoom, LinkedIn
Reporting : Excel, Power BI

👤 Profil recherché :
• Formation : BTS en commerce, marketing ou gestion
• Expérience : Senior (5+ ans)
• Compétences : CRM, Pipedrive
• Excellente capacité de négociation et closing
• Qualités : Persévérance, écoute active, orientation résultats, autonomie"
"Ingénieur Commercial | Commercial | CRM, Pipedrive, Slack, Google Workspace","Développez le chiffre d'affaires et fidélisez les clients grâce à votre expertise commerciale.

🎯 Missions principales :
• Prospecter et identifier de nouveaux clients grands comptes
• Conduire les négociations commerciales
• Gérer et développer un portefeuille de clients
• Atteindre et dépasser les objectifs de vente
• Assurer le suivi et la satisfaction client
• Collaborer avec les équipes marketing et produit
• Réaliser les reportings d'activité

💻 Outils commerciaux :
CRM : CRM, Pipedrive, Slack, Google Workspace
Prospection : Hunter.io, Lusha
Communication : Teams, Zoom, LinkedIn
Reporting : Excel, Power BI

👤 Profil recherché :
• Formation : Bac+4 en commerce, marketing ou gestion
• Expérience : Expert (7+ ans)
• Compétences : CRM, Pipedrive
• Excellente capacité de négociation et closing
• Qualités : Persévérance, écoute active, orientation résultats, autonomie"
"Account Manager | Commercial | SugarCRM, Insightly, Close, Google Sheets","Développez le chiffre d'affaires et fidélisez les clients grâce à votre expertise commerciale.

🎯 Missions principales :
• Prospecter et identifier de nouveaux clients PME
• Conduire les négociations commerciales
• Gérer et développer un portefeuille de clients
• Atteindre et dépasser les objectifs de vente
• Assurer le suivi et la satisfaction client
• Collaborer avec les équipes marketing et produit
• Réaliser les reportings d'activité

💻 Outils commerciaux :
CRM : SugarCRM, Insightly, Close, Google Sheets
Prospection : Hunter.io, Lusha
Communication : Teams, Zoom, LinkedIn
Reporting : Excel, Power BI

👤 Profil recherché :
• Formation : Bac+3 en commerce, marketing ou gestion
• Expérience : 1-2 ans
• Compétences : SugarCRM, Insightly
• Excellente capacité de négociation et closing
• Qualités : Persévérance, écoute active, orientation résultats, autonomie"
"Sales Engineer | Commercial | Agile CRM, Capsule, Less Annoying CRM, Excel","Développez le chiffre d'affaires et fidélisez les clients grâce à votre expertise commerciale.

🎯 Missions principales :
• Prospecter et identifier de nouveaux clients startups
• Conduire les négociations commerciales
• Gérer et développer un portefeuille de clients
• Atteindre et dépasser les objectifs de vente
• Assurer le suivi et la satisfaction client
• Collaborer avec les équipes marketing et produit
• Réaliser les reportings d'activité

💻 Outils commerciaux :
CRM : Agile CRM, Capsule, Less Annoying CRM, Excel
Prospection : LinkedIn Sales Navigator
Communication : Teams, Zoom, LinkedIn
Reporting : Excel, Power BI

👤 Profil recherché :
• Formation : DUT en commerce, marketing ou gestion
• Expérience : Expert (7+ ans)
• Compétences : Agile CRM, Capsule
• Excellente capacité de négociation et closing
• Qualités : Persévérance, écoute active, orientation résultats, autonomie"
"Key Account Manager | Commercial | Zoho CRM, Freshsales, Nimble, Excel","Développez le chiffre d'affaires et fidélisez les clients grâce à votre expertise commerciale.

🎯 Missions principales :
• Prospecter et identifier de nouveaux clients grands comptes
• Conduire les négociations commerciales
• Gérer et développer un portefeuille de clients
• Atteindre et dépasser les objectifs de vente
• Assurer le suivi et la satisfaction client
• Collaborer avec les équipes marketing et produit
• Réaliser les reportings d'activité

💻 Outils commerciaux :
CRM : Zoho CRM, Freshsales, Nimble, Excel
Prospection : Pharow, Kaspr
Communication : Teams, Zoom, LinkedIn
Reporting : Excel, Power BI

👤 Profil recherché :
• Formation : Licence en commerce, marketing ou gestion
• Expérience : 3-5 ans
• Compétences : Zoho CRM, Freshsales
• Excellente capacité de négociation et closing
• Qualités : Persévérance, écoute active, orientation résultats, autonomie"
"Commercial Terrain | Commercial | Streak, Base CRM, Apptivo, Excel","Développez le chiffre d'affaires et fidélisez les clients grâce à votre expertise commerciale.

🎯 Missions principales :
• Prospecter et identifier de nouveaux clients PME
• Conduire les négociations commerciales
• Gérer et développer un portefeuille de clients
• Atteindre et dépasser les objectifs de vente
• Assurer le suivi et la satisfaction client
• Collaborer avec les équipes marketing et produit
• Réaliser les reportings d'activité

💻 Outils commerciaux :
CRM : Streak, Base CRM, Apptivo, Excel
Prospection : LinkedIn Sales Navigator
Communication : Teams, Zoom, LinkedIn
Reporting : Excel, Power BI

👤 Profil recherché :
• Formation : Bac+3 en commerce, marketing ou gestion
• Expérience : Senior (5+ ans)
• Compétences : Streak, Base CRM
• Excellente capacité de négociation et closing
• Qualités : Persévérance, écoute active, orientation résultats, autonomie"
"Ingénieur Commercial | Commercial | Sendinblue, GetResponse, Mailchimp, Excel","Développez le chiffre d'affaires et fidélisez les clients grâce à votre expertise commerciale.

🎯 Missions principales :
• Prospecter et identifier de nouveaux clients B2C
• Conduire les négociations commerciales
• Gérer et développer un portefeuille de clients
• Atteindre et dépasser les objectifs de vente
• Assurer le suivi et la satisfaction client
• Collaborer avec les équipes marketing et produit
• Réaliser les reportings d'activité

💻 Outils commerciaux :
CRM : Sendinblue, GetResponse, Mailchimp, Excel
Prospection : Pharow, Kaspr
Communication : Teams, Zoom, LinkedIn
Reporting : Excel, Power BI

👤 Profil recherché :
• Formation : Bac+3 en commerce, marketing ou gestion
• Expérience : Expert (7+ ans)
• Compétences : Sendinblue, GetResponse
• Excellente capacité de négociation et closing
• Qualités : Persévérance, écoute active, orientation résultats, autonomie"
"Sales Manager | Commercial | ActiveCampaign, Ontraport, Drip, Excel","Développez le chiffre d'affaires et fidélisez les clients grâce à votre expertise commerciale.

🎯 Missions principales :
• Prospecter et identifier de nouveaux clients PME
• Conduire les négociations commerciales
• Gérer et développer un portefeuille de clients
• Atteindre et dépasser les objectifs de vente
• Assurer le suivi et la satisfaction client
• Collaborer avec les équipes marketing et produit
• Réaliser les reportings d'activité

💻 Outils commerciaux :
CRM : ActiveCampaign, Ontraport, Drip, Excel
Prospection : Hunter.io, Lusha
Communication : Teams, Zoom, LinkedIn
Reporting : Excel, Power BI

👤 Profil recherché :
• Formation : BTS en commerce, marketing ou gestion
• Expérience : 7+ ans
• Compétences : ActiveCampaign, Ontraport
• Excellente capacité de négociation et closing
• Qualités : Persévérance, écoute active, orientation résultats, autonomie"
"Inside Sales | Commercial | CRM, Pipedrive, Slack, Google Workspace","Développez le chiffre d'affaires et fidélisez les clients grâce à votre expertise commerciale.

🎯 Missions principales :
• Prospecter et identifier de nouveaux clients B2B
• Conduire les négociations commerciales
• Gérer et développer un portefeuille de clients
• Atteindre et dépasser les objectifs de vente
• Assurer le suivi et la satisfaction client
• Collaborer avec les équipes marketing et produit
• Réaliser les reportings d'activité

💻 Outils commerciaux :
CRM : CRM, Pipedrive, Slack, Google Workspace
Prospection : Pharow, Kaspr
Communication : Teams, Zoom, LinkedIn
Reporting : Excel, Power BI

👤 Profil recherché :
• Formation : Licence en commerce, marketing ou gestion
• Expérience : 10+ ans
• Compétences : CRM, Pipedrive
• Excellente capacité de négociation et closing
• Qualités : Persévérance, écoute active, orientation résultats, autonomie"
"Sales Engineer | Commercial | Salesforce, LinkedIn Sales Navigator, HubSpot, Excel","Développez le chiffre d'affaires et fidélisez les clients grâce à votre expertise commerciale.

🎯 Missions principales :
• Prospecter et identifier de nouveaux clients B2C
• Conduire les négociations commerciales
• Gérer et développer un portefeuille de clients
• Atteindre et dépasser les objectifs de vente
• Assurer le suivi et la satisfaction client
• Collaborer avec les équipes marketing et produit
• Réaliser les reportings d'activité

💻 Outils commerciaux :
CRM : Salesforce, LinkedIn Sales Navigator, HubSpot, Excel
Prospection : LinkedIn Sales Navigator
Communication : Teams, Zoom, LinkedIn
Reporting : Excel, Power BI

👤 Profil recherché :
• Formation : Doctorat en commerce, marketing ou gestion
• Expérience : Junior (0-2 ans)
• Compétences : Salesforce, LinkedIn Sales Navigator
• Excellente capacité de négociation et closing
• Qualités : Persévérance, écoute active, orientation résultats, autonomie"
"Inside Sales | Commercial | SugarCRM, Insightly, Close, Google Sheets","Développez le chiffre d'affaires et fidélisez les clients grâce à votre expertise commerciale.

🎯 Missions principales :
• Prospecter et identifier de nouveaux clients B2B
• Conduire les négociations commerciales
• Gérer et développer un portefeuille de clients
• Atteindre et dépasser les objectifs de vente
• Assurer le suivi et la satisfaction client
• Collaborer avec les équipes marketing et produit
• Réaliser les reportings d'activité

💻 Outils commerciaux :
CRM : SugarCRM, Insightly, Close, Google Sheets
Prospection : Pharow, Kaspr
Communication : Teams, Zoom, LinkedIn
Reporting : Excel, Power BI

👤 Profil recherché :
• Formation : Bac+3 en commerce, marketing ou gestion
• Expérience : Confirmé (3-5 ans)
• Compétences : SugarCRM, Insightly
• Excellente capacité de négociation et closing
• Qualités : Persévérance, écoute active, orientation résultats, autonomie"
"Sales Engineer | Commercial | Agile CRM, Capsule, Less Annoying CRM, Excel","Développez le chiffre d'affaires et fidélisez les clients grâce à votre expertise commerciale.

🎯 Missions principales :
• Prospecter et identifier de nouveaux clients B2B
• Conduire les négociations commerciales
• Gérer et développer un portefeuille de clients
• Atteindre et dépasser les objectifs de vente
• Assurer le suivi et la satisfaction client
• Collaborer avec les équipes marketing et produit
• Réaliser les reportings d'activité

💻 Outils commerciaux :
CRM : Agile CRM, Capsule, Less Annoying CRM, Excel
Prospection : Hunter.io, Lusha
Communication : Teams, Zoom, LinkedIn
Reporting : Excel, Power BI

👤 Profil recherché :
• Formation : Bac+4 en commerce, marketing ou gestion
• Expérience : Senior (5+ ans)
• Compétences : Agile CRM, Capsule
• Excellente capacité de négociation et closing
• Qualités : Persévérance, écoute active, orientation résultats, autonomie"
"Account Manager | Commercial | Monday.com, Copper, Nutshell, Excel","Développez le chiffre d'affaires et fidélisez les clients grâce à votre expertise commerciale.

🎯 Missions principales :
• Prospecter et identifier de nouveaux clients PME
• Conduire les négociations commerciales
• Gérer et développer un portefeuille de clients
• Atteindre et dépasser les objectifs de vente
• Assurer le suivi et la satisfaction client
• Collaborer avec les équipes marketing et produit
• Réaliser les reportings d'activité

💻 Outils commerciaux :
CRM : Monday.com, Copper, Nutshell, Excel
Prospection : Hunter.io, Lusha
Communication : Teams, Zoom, LinkedIn
Reporting : Excel, Power BI

👤 Profil recherché :
• Formation : Bac+3 en commerce, marketing ou gestion
• Expérience : Junior (0-2 ans)
• Compétences : Monday.com, Copper
• Excellente capacité de négociation et closing
• Qualités : Persévérance, écoute active, orientation résultats, autonomie"
"Ingénieur Commercial | Commercial | ConvertKit, AWeber, Constant Contact, Excel","Développez le chiffre d'affaires et fidélisez les clients grâce à votre expertise commerciale.

🎯 Missions principales :
• Prospecter et identifier de nouveaux clients grands comptes
• Conduire les négociations commerciales
• Gérer et développer un portefeuille de clients
• Atteindre et dépasser les objectifs de vente
• Assurer le suivi et la satisfaction client
• Collaborer avec les équipes marketing et produit
• Réaliser les reportings d'activité

💻 Outils commerciaux :
CRM : ConvertKit, AWeber, Constant Contact, Excel
Prospection : Pharow, Kaspr
Communication : Teams, Zoom, LinkedIn
Reporting : Excel, Power BI

👤 Profil recherché :
• Formation : Bac+3 en commerce, marketing ou gestion
• Expérience : 7+ ans
• Compétences : ConvertKit, AWeber
• Excellente capacité de négociation et closing
• Qualités : Persévérance, écoute active, orientation résultats, autonomie"
"Ingénieur Commercial | Commercial | SugarCRM, Insightly, Close, Google Sheets","Développez le chiffre d'affaires et fidélisez les clients grâce à votre expertise commerciale.

🎯 Missions principales :
• Prospecter et identifier de nouveaux clients PME
• Conduire les négociations commerciales
• Gérer et développer un portefeuille de clients
• Atteindre et dépasser les objectifs de vente
• Assurer le suivi et la satisfaction client
• Collaborer avec les équipes marketing et produit
• Réaliser les reportings d'activité

💻 Outils commerciaux :
CRM : SugarCRM, Insightly, Close, Google Sheets
Prospection : Pharow, Kaspr
Communication : Teams, Zoom, LinkedIn
Reporting : Excel, Power BI

👤 Profil recherché :
• Formation : Bac+3 en commerce, marketing ou gestion
• Expérience : Confirmé (3-5 ans)
• Compétences : SugarCRM, Insightly
• Excellente capacité de négociation et closing
• Qualités : Persévérance, écoute active, orientation résultats, autonomie"
"Commercial Terrain | Commercial | SugarCRM, Insightly, Close, Google Sheets","Développez le chiffre d'affaires et fidélisez les clients grâce à votre expertise commerciale.

🎯 Missions principales :
• Prospecter et identifier de nouveaux clients B2B
• Conduire les négociations commerciales
• Gérer et développer un portefeuille de clients
• Atteindre et dépasser les objectifs de vente
• Assurer le suivi et la satisfaction client
• Collaborer avec les équipes marketing et produit
• Réaliser les reportings d'activité

💻 Outils commerciaux :
CRM : SugarCRM, Insightly, Close, Google Sheets
Prospection : Pharow, Kaspr
Communication : Teams, Zoom, LinkedIn
Reporting : Excel, Power BI

👤 Profil recherché :
• Formation : Bac+2 en commerce, marketing ou gestion
• Expérience : Junior (0-2 ans)
• Compétences : SugarCRM, Insightly
• Excellente capacité de négociation et closing
• Qualités : Persévérance, écoute active, orientation résultats, autonomie"
"Responsable Développement Commercial | Commercial | ConvertKit, AWeber, Constant Contact, Excel","Développez le chiffre d'affaires et fidélisez les clients grâce à votre expertise commerciale.

🎯 Missions principales :
• Prospecter et identifier de nouveaux clients PME
• Conduire les négociations commerciales
• Gérer et développer un portefeuille de clients
• Atteindre et dépasser les objectifs de vente
• Assurer le suivi et la satisfaction client
• Collaborer avec les équipes marketing et produit
• Réaliser les reportings d'activité

💻 Outils commerciaux :
CRM : ConvertKit, AWeber, Constant Contact, Excel
Prospection : Hunter.io, Lusha
Communication : Teams, Zoom, LinkedIn
Reporting : Excel, Power BI

👤 Profil recherché :
• Formation : Bac+4 en commerce, marketing ou gestion
• Expérience : Senior (5+ ans)
• Compétences : ConvertKit, AWeber
• Excellente capacité de négociation et closing
• Qualités : Persévérance, écoute active, orientation résultats, autonomie"
"Ingénieur Commercial | Commercial | Sendinblue, GetResponse, Mailchimp, Excel","Développez le chiffre d'affaires et fidélisez les clients grâce à votre expertise commerciale.

🎯 Missions principales :
• Prospecter et identifier de nouveaux clients B2B
• Conduire les négociations commerciales
• Gérer et développer un portefeuille de clients
• Atteindre et dépasser les objectifs de vente
• Assurer le suivi et la satisfaction client
• Collaborer avec les équipes marketing et produit
• Réaliser les reportings d'activité

💻 Outils commerciaux :
CRM : Sendinblue, GetResponse, Mailchimp, Excel
Prospection : Pharow, Kaspr
Communication : Teams, Zoom, LinkedIn
Reporting : Excel, Power BI

👤 Profil recherché :
• Formation : Bac+3 en commerce, marketing ou gestion
• Expérience : 2-3 ans
• Compétences : Sendinblue, GetResponse
• Excellente capacité de négociation et closing
• Qualités : Persévérance, écoute active, orientation résultats, autonomie"
"Commercial Terrain | Commercial | Streak, Base CRM, Apptivo, Excel","Développez le chiffre d'affaires et fidélisez les clients grâce à votre expertise commerciale.

🎯 Missions principales :
• Prospecter et identifier de nouveaux clients B2C
• Conduire les négociations commerciales
• Gérer et développer un portefeuille de clients
• Atteindre et dépasser les objectifs de vente
• Assurer le suivi et la satisfaction client
• Collaborer avec les équipes marketing et produit
• Réaliser les reportings d'activité

💻 Outils commerciaux :
CRM : Streak, Base CRM, Apptivo, Excel
Prospection : Hunter.io, Lusha
Communication : Teams, Zoom, LinkedIn
Reporting : Excel, Power BI

👤 Profil recherché :
• Formation : Bac+2 en commerce, marketing ou gestion
• Expérience : 3-5 ans
• Compétences : Streak, Base CRM
• Excellente capacité de négociation et closing
• Qualités : Persévérance, écoute active, orientation résultats, autonomie"
"Key Account Manager | Commercial | Pardot, Marketo, Eloqua, Excel","Développez le chiffre d'affaires et fidélisez les clients grâce à votre expertise commerciale.

🎯 Missions principales :
• Prospecter et identifier de nouveaux clients grands comptes
• Conduire les négociations commerciales
• Gérer et développer un portefeuille de clients
• Atteindre et dépasser les objectifs de vente
• Assurer le suivi et la satisfaction client
• Collaborer avec les équipes marketing et produit
• Réaliser les reportings d'activité

💻 Outils commerciaux :
CRM : Pardot, Marketo, Eloqua, Excel
Prospection : Hunter.io, Lusha
Communication : Teams, Zoom, LinkedIn
Reporting : Excel, Power BI

👤 Profil recherché :
• Formation : Doctorat en commerce, marketing ou gestion
• Expérience : 3-5 ans
• Compétences : Pardot, Marketo
• Excellente capacité de négociation et closing
• Qualités : Persévérance, écoute active, orientation résultats, autonomie"
"Commercial Terrain | Commercial | Oracle Sales Cloud, SAP C4C, NetSuite CRM, Excel","Développez le chiffre d'affaires et fidélisez les clients grâce à votre expertise commerciale.

🎯 Missions principales :
• Prospecter et identifier de nouveaux clients B2B
• Conduire les négociations commerciales
• Gérer et développer un portefeuille de clients
• Atteindre et dépasser les objectifs de vente
• Assurer le suivi et la satisfaction client
• Collaborer avec les équipes marketing et produit
• Réaliser les reportings d'activité

💻 Outils commerciaux :
CRM : Oracle Sales Cloud, SAP C4C, NetSuite CRM, Excel
Prospection : Pharow, Kaspr
Communication : Teams, Zoom, LinkedIn
Reporting : Excel, Power BI

👤 Profil recherché :
• Formation : Bac+3 en commerce, marketing ou gestion
• Expérience : 1-2 ans
• Compétences : Oracle Sales Cloud, SAP C4C
• Excellente capacité de négociation et closing
• Qualités : Persévérance, écoute active, orientation résultats, autonomie"
"Commercial B2B | Commercial | ActiveCampaign, Ontraport, Drip, Excel","Développez le chiffre d'affaires et fidélisez les clients grâce à votre expertise commerciale.

🎯 Missions principales :
• Prospecter et identifier de nouveaux clients grands comptes
• Conduire les négociations commerciales
• Gérer et développer un portefeuille de clients
• Atteindre et dépasser les objectifs de vente
• Assurer le suivi et la satisfaction client
• Collaborer avec les équipes marketing et produit
• Réaliser les reportings d'activité

💻 Outils commerciaux :
CRM : ActiveCampaign, Ontraport, Drip, Excel
Prospection : Hunter.io, Lusha
Communication : Teams, Zoom, LinkedIn
Reporting : Excel, Power BI

👤 Profil recherché :
• Formation : Doctorat en commerce, marketing ou gestion
• Expérience : 3-5 ans
• Compétences : ActiveCampaign, Ontraport
• Excellente capacité de négociation et closing
• Qualités : Persévérance, écoute active, orientation résultats, autonomie"
"Commercial B2B | Commercial | CRM, Pipedrive, Slack, Google Workspace","Développez le chiffre d'affaires et fidélisez les clients grâce à votre expertise commerciale.

🎯 Missions principales :
• Prospecter et identifier de nouveaux clients B2C
• Conduire les négociations commerciales
• Gérer et développer un portefeuille de clients
• Atteindre et dépasser les objectifs de vente
• Assurer le suivi et la satisfaction client
• Collaborer avec les équipes marketing et produit
• Réaliser les reportings d'activité

💻 Outils commerciaux :
CRM : CRM, Pipedrive, Slack, Google Workspace
Prospection : LinkedIn Sales Navigator
Communication : Teams, Zoom, LinkedIn
Reporting : Excel, Power BI

👤 Profil recherché :
• Formation : Bac+5 en commerce, marketing ou gestion
• Expérience : 7+ ans
• Compétences : CRM, Pipedrive
• Excellente capacité de négociation et closing
• Qualités : Persévérance, écoute active, orientation résultats, autonomie"
"Sales Manager | Commercial | Salesforce, LinkedIn Sales Navigator, HubSpot, Excel","Développez le chiffre d'affaires et fidélisez les clients grâce à votre expertise commerciale.

🎯 Missions principales :
• Prospecter et identifier de nouveaux clients grands comptes
• Conduire les négociations commerciales
• Gérer et développer un portefeuille de clients
• Atteindre et dépasser les objectifs de vente
• Assurer le suivi et la satisfaction client
• Collaborer avec les équipes marketing et produit
• Réaliser les reportings d'activité

💻 Outils commerciaux :
CRM : Salesforce, LinkedIn Sales Navigator, HubSpot, Excel
Prospection : Pharow, Kaspr
Communication : Teams, Zoom, LinkedIn
Reporting : Excel, Power BI

👤 Profil recherché :
• Formation : Bac+2 en commerce, marketing ou gestion
• Expérience : 5+ ans
• Compétences : Salesforce, LinkedIn Sales Navigator
• Excellente capacité de négociation et closing
• Qualités : Persévérance, écoute active, orientation résultats, autonomie"
"Account Manager | Commercial | Pardot, Marketo, Eloqua, Excel","Développez le chiffre d'affaires et fidélisez les clients grâce à votre expertise commerciale.

🎯 Missions principales :
• Prospecter et identifier de nouveaux clients grands comptes
• Conduire les négociations commerciales
• Gérer et développer un portefeuille de clients
• Atteindre et dépasser les objectifs de vente
• Assurer le suivi et la satisfaction client
• Collaborer avec les équipes marketing et produit
• Réaliser les reportings d'activité

💻 Outils commerciaux :
CRM : Pardot, Marketo, Eloqua, Excel
Prospection : Hunter.io, Lusha
Communication : Teams, Zoom, LinkedIn
Reporting : Excel, Power BI

👤 Profil recherché :
• Formation : Licence en commerce, marketing ou gestion
• Expérience : Junior (0-2 ans)
• Compétences : Pardot, Marketo
• Excellente capacité de négociation et closing
• Qualités : Persévérance, écoute active, orientation résultats, autonomie"
"Business Developer | Commercial | Salesforce, Tableau, Excel, PowerPoint","Développez le chiffre d'affaires et fidélisez les clients grâce à votre expertise commerciale.

🎯 Missions principales :
• Prospecter et identifier de nouveaux clients B2B
• Conduire les négociations commerciales
• Gérer et développer un portefeuille de clients
• Atteindre et dépasser les objectifs de vente
• Assurer le suivi et la satisfaction client
• Collaborer avec les équipes marketing et produit
• Réaliser les reportings d'activité

💻 Outils commerciaux :
CRM : Salesforce, Tableau, Excel, PowerPoint
Prospection : Pharow, Kaspr
Communication : Teams, Zoom, LinkedIn
Reporting : Excel, Power BI

👤 Profil recherché :
• Formation : Bac+4 en commerce, marketing ou gestion
• Expérience : 3-5 ans
• Compétences : Salesforce, Tableau
• Excellente capacité de négociation et closing
• Qualités : Persévérance, écoute active, orientation résultats, autonomie"
"Responsable Développement Commercial | Commercial | Salesforce, Tableau, Excel, PowerPoint","Développez le chiffre d'affaires et fidélisez les clients grâce à votre expertise commerciale.

🎯 Missions principales :
• Prospecter et identifier de nouveaux clients startups
• Conduire les négociations commerciales
• Gérer et développer un portefeuille de clients
• Atteindre et dépasser les objectifs de vente
• Assurer le suivi et la satisfaction client
• Collaborer avec les équipes marketing et produit
• Réaliser les reportings d'activité

💻 Outils commerciaux :
CRM : Salesforce, Tableau, Excel, PowerPoint
Prospection : Pharow, Kaspr
Communication : Teams, Zoom, LinkedIn
Reporting : Excel, Power BI

👤 Profil recherché :
• Formation : BTS en commerce, marketing ou gestion
• Expérience : Senior (5+ ans)
• Compétences : Salesforce, Tableau
• Excellente capacité de négociation et closing
• Qualités : Persévérance, écoute active, orientation résultats, autonomie"
"Key Account Manager | Commercial | CRM, Pipedrive, Slack, Google Workspace","Développez le chiffre d'affaires et fidélisez les clients grâce à votre expertise commerciale.

🎯 Missions principales :
• Prospecter et identifier de nouveaux clients startups
• Conduire les négociations commerciales
• Gérer et développer un portefeuille de clients
• Atteindre et dépasser les objectifs de vente
• Assurer le suivi et la satisfaction client
• Collaborer avec les équipes marketing et produit
• Réaliser les reportings d'activité

💻 Outils commerciaux :
CRM : CRM, Pipedrive, Slack, Google Workspace
Prospection : Pharow, Kaspr
Communication : Teams, Zoom, LinkedIn
Reporting : Excel, Power BI

👤 Profil recherché :
• Formation : DUT en commerce, marketing ou gestion
• Expérience : 10+ ans
• Compétences : CRM, Pipedrive
• Excellente capacité de négociation et closing
• Qualités : Persévérance, écoute active, orientation résultats, autonomie"
"Ingénieur Commercial | Commercial | Streak, Base CRM, Apptivo, Excel","Développez le chiffre d'affaires et fidélisez les clients grâce à votre expertise commerciale.

🎯 Missions principales :
• Prospecter et identifier de nouveaux clients B2C
• Conduire les négociations commerciales
• Gérer et développer un portefeuille de clients
• Atteindre et dépasser les objectifs de vente
• Assurer le suivi et la satisfaction client
• Collaborer avec les équipes marketing et produit
• Réaliser les reportings d'activité

💻 Outils commerciaux :
CRM : Streak, Base CRM, Apptivo, Excel
Prospection : LinkedIn Sales Navigator
Communication : Teams, Zoom, LinkedIn
Reporting : Excel, Power BI

👤 Profil recherché :
• Formation : BTS en commerce, marketing ou gestion
• Expérience : 7+ ans
• Compétences : Streak, Base CRM
• Excellente capacité de négociation et closing
• Qualités : Persévérance, écoute active, orientation résultats, autonomie"
"Responsable Développement Commercial | Commercial | Monday.com, Copper, Nutshell, Excel","Développez le chiffre d'affaires et fidélisez les clients grâce à votre expertise commerciale.

🎯 Missions principales :
• Prospecter et identifier de nouveaux clients PME
• Conduire les négociations commerciales
• Gérer et développer un portefeuille de clients
• Atteindre et dépasser les objectifs de vente
• Assurer le suivi et la satisfaction client
• Collaborer avec les équipes marketing et produit
• Réaliser les reportings d'activité

💻 Outils commerciaux :
CRM : Monday.com, Copper, Nutshell, Excel
Prospection : Hunter.io, Lusha
Communication : Teams, Zoom, LinkedIn
Reporting : Excel, Power BI

👤 Profil recherché :
• Formation : Licence en commerce, marketing ou gestion
• Expérience : Expert (7+ ans)
• Compétences : Monday.com, Copper
• Excellente capacité de négociation et closing
• Qualités : Persévérance, écoute active, orientation résultats, autonomie"
"Commercial B2B | Commercial | Pardot, Marketo, Eloqua, Excel","Développez le chiffre d'affaires et fidélisez les clients grâce à votre expertise commerciale.

🎯 Missions principales :
• Prospecter et identifier de nouveaux clients B2C
• Conduire les négociations commerciales
• Gérer et développer un portefeuille de clients
• Atteindre et dépasser les objectifs de vente
• Assurer le suivi et la satisfaction client
• Collaborer avec les équipes marketing et produit
• Réaliser les reportings d'activité

💻 Outils commerciaux :
CRM : Pardot, Marketo, Eloqua, Excel
Prospection : LinkedIn Sales Navigator
Communication : Teams, Zoom, LinkedIn
Reporting : Excel, Power BI

👤 Profil recherché :
• Formation : Bac+5 en commerce, marketing ou gestion
• Expérience : Confirmé (3-5 ans)
• Compétences : Pardot, Marketo
• Excellente capacité de négociation et closing
• Qualités : Persévérance, écoute active, orientation résultats, autonomie"
"Inside Sales | Commercial | Salesforce, LinkedIn Sales Navigator, HubSpot, Excel","Développez le chiffre d'affaires et fidélisez les clients grâce à votre expertise commerciale.

🎯 Missions principales :
• Prospecter et identifier de nouveaux clients B2C
• Conduire les négociations commerciales
• Gérer et développer un portefeuille de clients
• Atteindre et dépasser les objectifs de vente
• Assurer le suivi et la satisfaction client
• Collaborer avec les équipes marketing et produit
• Réaliser les reportings d'activité

💻 Outils commerciaux :
CRM : Salesforce, LinkedIn Sales Navigator, HubSpot, Excel
Prospection : Hunter.io, Lusha
Communication : Teams, Zoom, LinkedIn
Reporting : Excel, Power BI

👤 Profil recherché :
• Formation : Bac+4 en commerce, marketing ou gestion
• Expérience : 10+ ans
• Compétences : Salesforce, LinkedIn Sales Navigator
• Excellente capacité de négociation et closing
• Qualités : Persévérance, écoute active, orientation résultats, autonomie"
"Juriste Droit Social | Juridique | Dalloz, Lexbase, Excel, Word","Assurez la sécurité juridique de l'entreprise et conseillez les opérationnels sur les questions légales.

🎯 Missions principales :
• Rédiger et négocier les contrats de confidentialité
• Conseiller les équipes sur les problématiques juridiques
• Assurer une veille juridique et réglementaire
• Gérer les contentieux et relations avec les avocats
• Garantir la conformité éthique
• Former les collaborateurs aux enjeux juridiques
• Participer aux projets stratégiques

💻 Outils juridiques :
Bases légales : Dalloz, Lexbase, Excel, Word
Documentation : SharePoint
Collaboration : SharePoint, Teams
Gestion : Jira

👤 Profil recherché :
• Formation : Bac+3 en droit (Master 2 ou équivalent)
• Expérience : 7+ ans
• Spécialisation : Dalloz, Lexbase
• Excellente maîtrise de la rédaction juridique
• Qualités : Rigueur, analyse, pédagogie, confidentialité"
"Juriste Contentieux | Juridique | HelloSign, SignNow, Adobe Sign, Excel","Assurez la sécurité juridique de l'entreprise et conseillez les opérationnels sur les questions légales.

🎯 Missions principales :
• Rédiger et négocier les contrats de confidentialité
• Conseiller les équipes sur les problématiques juridiques
• Assurer une veille juridique et réglementaire
• Gérer les contentieux et relations avec les avocats
• Garantir la conformité réglementaire
• Former les collaborateurs aux enjeux juridiques
• Participer aux projets stratégiques

💻 Outils juridiques :
Bases légales : HelloSign, SignNow, Adobe Sign, Excel
Documentation : Confluence
Collaboration : SharePoint, Teams
Gestion : Asana

👤 Profil recherché :
• Formation : DUT en droit (Master 2 ou équivalent)
• Expérience : 1-2 ans
• Spécialisation : HelloSign, SignNow
• Excellente maîtrise de la rédaction juridique
• Qualités : Rigueur, analyse, pédagogie, confidentialité"
"Legal Counsel | Juridique | Thomson Reuters, Fastcase, Justia, Excel","Assurez la sécurité juridique de l'entreprise et conseillez les opérationnels sur les questions légales.

🎯 Missions principales :
• Rédiger et négocier les contrats de travail
• Conseiller les équipes sur les problématiques juridiques
• Assurer une veille juridique et réglementaire
• Gérer les contentieux et relations avec les avocats
• Garantir la conformité contractuelle
• Former les collaborateurs aux enjeux juridiques
• Participer aux projets stratégiques

💻 Outils juridiques :
Bases légales : Thomson Reuters, Fastcase, Justia, Excel
Documentation : Google Drive
Collaboration : SharePoint, Teams
Gestion : Jira

👤 Profil recherché :
• Formation : Doctorat en droit (Master 2 ou équivalent)
• Expérience : 10+ ans
• Spécialisation : Thomson Reuters, Fastcase
• Excellente maîtrise de la rédaction juridique
• Qualités : Rigueur, analyse, pédagogie, confidentialité"
"Juriste Contrats | Juridique | LegalTech, Doctrine, Lexis Nexis, Excel","Assurez la sécurité juridique de l'entreprise et conseillez les opérationnels sur les questions légales.

🎯 Missions principales :
• Rédiger et négocier les contrats de confidentialité
• Conseiller les équipes sur les problématiques juridiques
• Assurer une veille juridique et réglementaire
• Gérer les contentieux et relations avec les avocats
• Garantir la conformité contractuelle
• Former les collaborateurs aux enjeux juridiques
• Participer aux projets stratégiques

💻 Outils juridiques :
Bases légales : LegalTech, Doctrine, Lexis Nexis, Excel
Documentation : Confluence
Collaboration : SharePoint, Teams
Gestion : Asana

👤 Profil recherché :
• Formation : Licence en droit (Master 2 ou équivalent)
• Expérience : 1-2 ans
• Spécialisation : LegalTech, Doctrine
• Excellente maîtrise de la rédaction juridique
• Qualités : Rigueur, analyse, pédagogie, confidentialité"
"Responsable Juridique | Juridique | Thomson Reuters, Fastcase, Justia, Excel","Assurez la sécurité juridique de l'entreprise et conseillez les opérationnels sur les questions légales.

🎯 Missions principales :
• Rédiger et négocier les contrats de prestation
• Conseiller les équipes sur les problématiques juridiques
• Assurer une veille juridique et réglementaire
• Gérer les contentieux et relations avec les avocats
• Garantir la conformité éthique
• Former les collaborateurs aux enjeux juridiques
• Participer aux projets stratégiques

💻 Outils juridiques :
Bases légales : Thomson Reuters, Fastcase, Justia, Excel
Documentation : Google Drive
Collaboration : SharePoint, Teams
Gestion : Jira

👤 Profil recherché :
• Formation : Bac+2 en droit (Master 2 ou équivalent)
• Expérience : 1-2 ans
• Spécialisation : Thomson Reuters, Fastcase
• Excellente maîtrise de la rédaction juridique
• Qualités : Rigueur, analyse, pédagogie, confidentialité"
"Juriste Contrats | Juridique | Thomson Reuters, Fastcase, Justia, Excel","Assurez la sécurité juridique de l'entreprise et conseillez les opérationnels sur les questions légales.

🎯 Missions principales :
• Rédiger et négocier les contrats commerciaux
• Conseiller les équipes sur les problématiques juridiques
• Assurer une veille juridique et réglementaire
• Gérer les contentieux et relations avec les avocats
• Garantir la conformité éthique
• Former les collaborateurs aux enjeux juridiques
• Participer aux projets stratégiques

💻 Outils juridiques :
Bases légales : Thomson Reuters, Fastcase, Justia, Excel
Documentation : Google Drive
Collaboration : SharePoint, Teams
Gestion : Jira

👤 Profil recherché :
• Formation : Doctorat en droit (Master 2 ou équivalent)
• Expérience : 10+ ans
• Spécialisation : Thomson Reuters, Fastcase
• Excellente maîtrise de la rédaction juridique
• Qualités : Rigueur, analyse, pédagogie, confidentialité"
"Juriste Contrats | Juridique | Legal Files, Filevine, CASEpeer, Excel","Assurez la sécurité juridique de l'entreprise et conseillez les opérationnels sur les questions légales.

🎯 Missions principales :
• Rédiger et négocier les contrats de travail
• Conseiller les équipes sur les problématiques juridiques
• Assurer une veille juridique et réglementaire
• Gérer les contentieux et relations avec les avocats
• Garantir la conformité éthique
• Former les collaborateurs aux enjeux juridiques
• Participer aux projets stratégiques

💻 Outils juridiques :
Bases légales : Legal Files, Filevine, CASEpeer, Excel
Documentation : Confluence
Collaboration : SharePoint, Teams
Gestion : Asana

👤 Profil recherché :
• Formation : BTS en droit (Master 2 ou équivalent)
• Expérience : 2-3 ans
• Spécialisation : Legal Files, Filevine
• Excellente maîtrise de la rédaction juridique
• Qualités : Rigueur, analyse, pédagogie, confidentialité"
"Juriste Contentieux | Juridique | Wolters Kluwer, CCH, ProLaw, Excel","Assurez la sécurité juridique de l'entreprise et conseillez les opérationnels sur les questions légales.

🎯 Missions principales :
• Rédiger et négocier les contrats commerciaux
• Conseiller les équipes sur les problématiques juridiques
• Assurer une veille juridique et réglementaire
• Gérer les contentieux et relations avec les avocats
• Garantir la conformité réglementaire
• Former les collaborateurs aux enjeux juridiques
• Participer aux projets stratégiques

💻 Outils juridiques :
Bases légales : Wolters Kluwer, CCH, ProLaw, Excel
Documentation : SharePoint
Collaboration : SharePoint, Teams
Gestion : Asana

👤 Profil recherché :
• Formation : Licence en droit (Master 2 ou équivalent)
• Expérience : 10+ ans
• Spécialisation : Wolters Kluwer, CCH
• Excellente maîtrise de la rédaction juridique
• Qualités : Rigueur, analyse, pédagogie, confidentialité"
"Responsable Juridique | Juridique | AbacusLaw, Smokeball, Rocket Matter, Excel","Assurez la sécurité juridique de l'entreprise et conseillez les opérationnels sur les questions légales.

🎯 Missions principales :
• Rédiger et négocier les contrats commerciaux
• Conseiller les équipes sur les problématiques juridiques
• Assurer une veille juridique et réglementaire
• Gérer les contentieux et relations avec les avocats
• Garantir la conformité éthique
• Former les collaborateurs aux enjeux juridiques
• Participer aux projets stratégiques

💻 Outils juridiques :
Bases légales : AbacusLaw, Smokeball, Rocket Matter, Excel
Documentation : Confluence
Collaboration : SharePoint, Teams
Gestion : Asana

👤 Profil recherché :
• Formation : Master 2 en droit (Master 2 ou équivalent)
• Expérience : 7+ ans
• Spécialisation : AbacusLaw, Smokeball
• Excellente maîtrise de la rédaction juridique
• Qualités : Rigueur, analyse, pédagogie, confidentialité"
"Data Protection Officer | Juridique | Legifrance, EUR-Lex, Trello, Teams","Assurez la sécurité juridique de l'entreprise et conseillez les opérationnels sur les questions légales.

🎯 Missions principales :
• Rédiger et négocier les contrats de travail
• Conseiller les équipes sur les problématiques juridiques
• Assurer une veille juridique et réglementaire
• Gérer les contentieux et relations avec les avocats
• Garantir la conformité contractuelle
• Former les collaborateurs aux enjeux juridiques
• Participer aux projets stratégiques

💻 Outils juridiques :
Bases légales : Legifrance, EUR-Lex, Trello, Teams
Documentation : SharePoint
Collaboration : SharePoint, Teams
Gestion : Trello

👤 Profil recherché :
• Formation : Bac+3 en droit (Master 2 ou équivalent)
• Expérience : Expert (7+ ans)
• Spécialisation : Legifrance, EUR-Lex
• Excellente maîtrise de la rédaction juridique
• Qualités : Rigueur, analyse, pédagogie, confidentialité"
"Responsable Juridique | Juridique | Dalloz, Lexbase, Excel, Word","Assurez la sécurité juridique de l'entreprise et conseillez les opérationnels sur les questions légales.

🎯 Missions principales :
• Rédiger et négocier les contrats internationaux
• Conseiller les équipes sur les problématiques juridiques
• Assurer une veille juridique et réglementaire
• Gérer les contentieux et relations avec les avocats
• Garantir la conformité réglementaire
• Former les collaborateurs aux enjeux juridiques
• Participer aux projets stratégiques

💻 Outils juridiques :
Bases légales : Dalloz, Lexbase, Excel, Word
Documentation : Confluence
Collaboration : SharePoint, Teams
Gestion : Jira

👤 Profil recherché :
• Formation : Master 2 en droit (Master 2 ou équivalent)
• Expérience : 1-2 ans
• Spécialisation : Dalloz, Lexbase
• Excellente maîtrise de la rédaction juridique
• Qualités : Rigueur, analyse, pédagogie, confidentialité"
"Responsable Juridique | Juridique | PandaDoc, ContractWorks, Concord, Excel","Assurez la sécurité juridique de l'entreprise et conseillez les opérationnels sur les questions légales.

🎯 Missions principales :
• Rédiger et négocier les contrats commerciaux
• Conseiller les équipes sur les problématiques juridiques
• Assurer une veille juridique et réglementaire
• Gérer les contentieux et relations avec les avocats
• Garantir la conformité RGPD
• Former les collaborateurs aux enjeux juridiques
• Participer aux projets stratégiques

💻 Outils juridiques :
Bases légales : PandaDoc, ContractWorks, Concord, Excel
Documentation : Confluence
Collaboration : SharePoint, Teams
Gestion : Trello

👤 Profil recherché :
• Formation : Bac+5 en droit (Master 2 ou équivalent)
• Expérience : 1-2 ans
• Spécialisation : PandaDoc, ContractWorks
• Excellente maîtrise de la rédaction juridique
• Qualités : Rigueur, analyse, pédagogie, confidentialité"
"Legal Counsel | Juridique | ROSS Intelligence, Lex Machina, Ravel Law, Excel","Assurez la sécurité juridique de l'entreprise et conseillez les opérationnels sur les questions légales.

🎯 Missions principales :
• Rédiger et négocier les contrats de prestation
• Conseiller les équipes sur les problématiques juridiques
• Assurer une veille juridique et réglementaire
• Gérer les contentieux et relations avec les avocats
• Garantir la conformité contractuelle
• Former les collaborateurs aux enjeux juridiques
• Participer aux projets stratégiques

💻 Outils juridiques :
Bases légales : ROSS Intelligence, Lex Machina, Ravel Law, Excel
Documentation : Confluence
Collaboration : SharePoint, Teams
Gestion : Jira

👤 Profil recherché :
• Formation : Bac+3 en droit (Master 2 ou équivalent)
• Expérience : Junior (0-2 ans)
• Spécialisation : ROSS Intelligence, Lex Machina
• Excellente maîtrise de la rédaction juridique
• Qualités : Rigueur, analyse, pédagogie, confidentialité"
"Responsable Juridique | Juridique | HelloSign, SignNow, Adobe Sign, Excel","Assurez la sécurité juridique de l'entreprise et conseillez les opérationnels sur les questions légales.

🎯 Missions principales :
• Rédiger et négocier les contrats commerciaux
• Conseiller les équipes sur les problématiques juridiques
• Assurer une veille juridique et réglementaire
• Gérer les contentieux et relations avec les avocats
• Garantir la conformité éthique
• Former les collaborateurs aux enjeux juridiques
• Participer aux projets stratégiques

💻 Outils juridiques :
Bases légales : HelloSign, SignNow, Adobe Sign, Excel
Documentation : Google Drive
Collaboration : SharePoint, Teams
Gestion : Trello

👤 Profil recherché :
• Formation : Master 2 en droit (Master 2 ou équivalent)
• Expérience : Junior (0-2 ans)
• Spécialisation : HelloSign, SignNow
• Excellente maîtrise de la rédaction juridique
• Qualités : Rigueur, analyse, pédagogie, confidentialité"
"Juriste Contrats | Juridique | AbacusLaw, Smokeball, Rocket Matter, Excel","Assurez la sécurité juridique de l'entreprise et conseillez les opérationnels sur les questions légales.

🎯 Missions principales :
• Rédiger et négocier les contrats de confidentialité
• Conseiller les équipes sur les problématiques juridiques
• Assurer une veille juridique et réglementaire
• Gérer les contentieux et relations avec les avocats
• Garantir la conformité RGPD
• Former les collaborateurs aux enjeux juridiques
• Participer aux projets stratégiques

💻 Outils juridiques :
Bases légales : AbacusLaw, Smokeball, Rocket Matter, Excel
Documentation : Google Drive
Collaboration : SharePoint, Teams
Gestion : Asana

👤 Profil recherché :
• Formation : Bac+4 en droit (Master 2 ou équivalent)
• Expérience : 1-2 ans
• Spécialisation : AbacusLaw, Smokeball
• Excellente maîtrise de la rédaction juridique
• Qualités : Rigueur, analyse, pédagogie, confidentialité"
"Juriste Contrats | Juridique | HelloSign, SignNow, Adobe Sign, Excel","Assurez la sécurité juridique de l'entreprise et conseillez les opérationnels sur les questions légales.

🎯 Missions principales :
• Rédiger et négocier les contrats de confidentialité
• Conseiller les équipes sur les problématiques juridiques
• Assurer une veille juridique et réglementaire
• Gérer les contentieux et relations avec les avocats
• Garantir la conformité éthique
• Former les collaborateurs aux enjeux juridiques
• Participer aux projets stratégiques

💻 Outils juridiques :
Bases légales : HelloSign, SignNow, Adobe Sign, Excel
Documentation : SharePoint
Collaboration : SharePoint, Teams
Gestion : Jira

👤 Profil recherché :
• Formation : DUT en droit (Master 2 ou équivalent)
• Expérience : Expert (7+ ans)
• Spécialisation : HelloSign, SignNow
• Excellente maîtrise de la rédaction juridique
• Qualités : Rigueur, analyse, pédagogie, confidentialité"
"Data Protection Officer | Juridique | HelloSign, SignNow, Adobe Sign, Excel","Assurez la sécurité juridique de l'entreprise et conseillez les opérationnels sur les questions légales.

🎯 Missions principales :
• Rédiger et négocier les contrats de confidentialité
• Conseiller les équipes sur les problématiques juridiques
• Assurer une veille juridique et réglementaire
• Gérer les contentieux et relations avec les avocats
• Garantir la conformité éthique
• Former les collaborateurs aux enjeux juridiques
• Participer aux projets stratégiques

💻 Outils juridiques :
Bases légales : HelloSign, SignNow, Adobe Sign, Excel
Documentation : Google Drive
Collaboration : SharePoint, Teams
Gestion : Trello

👤 Profil recherché :
• Formation : Bac+2 en droit (Master 2 ou équivalent)
• Expérience : Confirmé (3-5 ans)
• Spécialisation : HelloSign, SignNow
• Excellente maîtrise de la rédaction juridique
• Qualités : Rigueur, analyse, pédagogie, confidentialité"
"Data Protection Officer | Juridique | Dalloz, Lexbase, Excel, Word","Assurez la sécurité juridique de l'entreprise et conseillez les opérationnels sur les questions légales.

🎯 Missions principales :
• Rédiger et négocier les contrats de confidentialité
• Conseiller les équipes sur les problématiques juridiques
• Assurer une veille juridique et réglementaire
• Gérer les contentieux et relations avec les avocats
• Garantir la conformité réglementaire
• Former les collaborateurs aux enjeux juridiques
• Participer aux projets stratégiques

💻 Outils juridiques :
Bases légales : Dalloz, Lexbase, Excel, Word
Documentation : Google Drive
Collaboration : SharePoint, Teams
Gestion : Asana

👤 Profil recherché :
• Formation : Doctorat en droit (Master 2 ou équivalent)
• Expérience : Senior (5+ ans)
• Spécialisation : Dalloz, Lexbase
• Excellente maîtrise de la rédaction juridique
• Qualités : Rigueur, analyse, pédagogie, confidentialité"
"Data Protection Officer | Juridique | Dalloz, Lexbase, Excel, Word","Assurez la sécurité juridique de l'entreprise et conseillez les opérationnels sur les questions légales.

🎯 Missions principales :
• Rédiger et négocier les contrats de prestation
• Conseiller les équipes sur les problématiques juridiques
• Assurer une veille juridique et réglementaire
• Gérer les contentieux et relations avec les avocats
• Garantir la conformité réglementaire
• Former les collaborateurs aux enjeux juridiques
• Participer aux projets stratégiques

💻 Outils juridiques :
Bases légales : Dalloz, Lexbase, Excel, Word
Documentation : Google Drive
Collaboration : SharePoint, Teams
Gestion : Trello

👤 Profil recherché :
• Formation : Doctorat en droit (Master 2 ou équivalent)
• Expérience : Expert (7+ ans)
• Spécialisation : Dalloz, Lexbase
• Excellente maîtrise de la rédaction juridique
• Qualités : Rigueur, analyse, pédagogie, confidentialité"
"Legal Counsel | Juridique | LegalTech, Doctrine, Lexis Nexis, Excel","Assurez la sécurité juridique de l'entreprise et conseillez les opérationnels sur les questions légales.

🎯 Missions principales :
• Rédiger et négocier les contrats de confidentialité
• Conseiller les équipes sur les problématiques juridiques
• Assurer une veille juridique et réglementaire
• Gérer les contentieux et relations avec les avocats
• Garantir la conformité éthique
• Former les collaborateurs aux enjeux juridiques
• Participer aux projets stratégiques

💻 Outils juridiques :
Bases légales : LegalTech, Doctrine, Lexis Nexis, Excel
Documentation : Confluence
Collaboration : SharePoint, Teams
Gestion : Trello

👤 Profil recherché :
• Formation : Bac+4 en droit (Master 2 ou équivalent)
• Expérience : Expert (7+ ans)
• Spécialisation : LegalTech, Doctrine
• Excellente maîtrise de la rédaction juridique
• Qualités : Rigueur, analyse, pédagogie, confidentialité"
"Juriste Contrats | Juridique | Wolters Kluwer, CCH, ProLaw, Excel","Assurez la sécurité juridique de l'entreprise et conseillez les opérationnels sur les questions légales.

🎯 Missions principales :
• Rédiger et négocier les contrats de confidentialité
• Conseiller les équipes sur les problématiques juridiques
• Assurer une veille juridique et réglementaire
• Gérer les contentieux et relations avec les avocats
• Garantir la conformité RGPD
• Former les collaborateurs aux enjeux juridiques
• Participer aux projets stratégiques

💻 Outils juridiques :
Bases légales : Wolters Kluwer, CCH, ProLaw, Excel
Documentation : Google Drive
Collaboration : SharePoint, Teams
Gestion : Asana

👤 Profil recherché :
• Formation : Bac+5 en droit (Master 2 ou équivalent)
• Expérience : 1-2 ans
• Spécialisation : Wolters Kluwer, CCH
• Excellente maîtrise de la rédaction juridique
• Qualités : Rigueur, analyse, pédagogie, confidentialité"
"Juriste Contrats | Juridique | HelloSign, SignNow, Adobe Sign, Excel","Assurez la sécurité juridique de l'entreprise et conseillez les opérationnels sur les questions légales.

🎯 Missions principales :
• Rédiger et négocier les contrats de prestation
• Conseiller les équipes sur les problématiques juridiques
• Assurer une veille juridique et réglementaire
• Gérer les contentieux et relations avec les avocats
• Garantir la conformité réglementaire
• Former les collaborateurs aux enjeux juridiques
• Participer aux projets stratégiques

💻 Outils juridiques :
Bases légales : HelloSign, SignNow, Adobe Sign, Excel
Documentation : Confluence
Collaboration : SharePoint, Teams
Gestion : Asana

👤 Profil recherché :
• Formation : Licence en droit (Master 2 ou équivalent)
• Expérience : 3-5 ans
• Spécialisation : HelloSign, SignNow
• Excellente maîtrise de la rédaction juridique
• Qualités : Rigueur, analyse, pédagogie, confidentialité"
"Juriste Propriété Intellectuelle | Juridique | Thomson Reuters, Fastcase, Justia, Excel","Assurez la sécurité juridique de l'entreprise et conseillez les opérationnels sur les questions légales.

🎯 Missions principales :
• Rédiger et négocier les contrats de confidentialité
• Conseiller les équipes sur les problématiques juridiques
• Assurer une veille juridique et réglementaire
• Gérer les contentieux et relations avec les avocats
• Garantir la conformité RGPD
• Former les collaborateurs aux enjeux juridiques
• Participer aux projets stratégiques

💻 Outils juridiques :
Bases légales : Thomson Reuters, Fastcase, Justia, Excel
Documentation : Confluence
Collaboration : SharePoint, Teams
Gestion : Jira

👤 Profil recherché :
• Formation : Bac+5 en droit (Master 2 ou équivalent)
• Expérience : 1-2 ans
• Spécialisation : Thomson Reuters, Fastcase
• Excellente maîtrise de la rédaction juridique
• Qualités : Rigueur, analyse, pédagogie, confidentialité"
"Responsable Juridique | Juridique | Legal Files, Filevine, CASEpeer, Excel","Assurez la sécurité juridique de l'entreprise et conseillez les opérationnels sur les questions légales.

🎯 Missions principales :
• Rédiger et négocier les contrats de confidentialité
• Conseiller les équipes sur les problématiques juridiques
• Assurer une veille juridique et réglementaire
• Gérer les contentieux et relations avec les avocats
• Garantir la conformité éthique
• Former les collaborateurs aux enjeux juridiques
• Participer aux projets stratégiques

💻 Outils juridiques :
Bases légales : Legal Files, Filevine, CASEpeer, Excel
Documentation : Confluence
Collaboration : SharePoint, Teams
Gestion : Asana

👤 Profil recherché :
• Formation : Master 2 en droit (Master 2 ou équivalent)
• Expérience : 5+ ans
• Spécialisation : Legal Files, Filevine
• Excellente maîtrise de la rédaction juridique
• Qualités : Rigueur, analyse, pédagogie, confidentialité"
"Juriste Contrats | Juridique | Ironclad, Agiloft, Conga, SharePoint","Assurez la sécurité juridique de l'entreprise et conseillez les opérationnels sur les questions légales.

🎯 Missions principales :
• Rédiger et négocier les contrats de prestation
• Conseiller les équipes sur les problématiques juridiques
• Assurer une veille juridique et réglementaire
• Gérer les contentieux et relations avec les avocats
• Garantir la conformité contractuelle
• Former les collaborateurs aux enjeux juridiques
• Participer aux projets stratégiques

💻 Outils juridiques :
Bases légales : Ironclad, Agiloft, Conga, SharePoint
Documentation : Google Drive
Collaboration : SharePoint, Teams
Gestion : Asana

👤 Profil recherché :
• Formation : Bac+4 en droit (Master 2 ou équivalent)
• Expérience : 7+ ans
• Spécialisation : Ironclad, Agiloft
• Excellente maîtrise de la rédaction juridique
• Qualités : Rigueur, analyse, pédagogie, confidentialité"
"Compliance Officer | Juridique | Westlaw, LexisNexis, Bloomberg Law, Excel","Assurez la sécurité juridique de l'entreprise et conseillez les opérationnels sur les questions légales.

🎯 Missions principales :
• Rédiger et négocier les contrats de confidentialité
• Conseiller les équipes sur les problématiques juridiques
• Assurer une veille juridique et réglementaire
• Gérer les contentieux et relations avec les avocats
• Garantir la conformité RGPD
• Former les collaborateurs aux enjeux juridiques
• Participer aux projets stratégiques

💻 Outils juridiques :
Bases légales : Westlaw, LexisNexis, Bloomberg Law, Excel
Documentation : Confluence
Collaboration : SharePoint, Teams
Gestion : Jira

👤 Profil recherché :
• Formation : Bac+5 en droit (Master 2 ou équivalent)
• Expérience : 7+ ans
• Spécialisation : Westlaw, LexisNexis
• Excellente maîtrise de la rédaction juridique
• Qualités : Rigueur, analyse, pédagogie, confidentialité"
"Legal Counsel | Juridique | Clio, MyCase, PracticePanther, Excel","Assurez la sécurité juridique de l'entreprise et conseillez les opérationnels sur les questions légales.

🎯 Missions principales :
• Rédiger et négocier les contrats de travail
• Conseiller les équipes sur les problématiques juridiques
• Assurer une veille juridique et réglementaire
• Gérer les contentieux et relations avec les avocats
• Garantir la conformité contractuelle
• Former les collaborateurs aux enjeux juridiques
• Participer aux projets stratégiques

💻 Outils juridiques :
Bases légales : Clio, MyCase, PracticePanther, Excel
Documentation : Confluence
Collaboration : SharePoint, Teams
Gestion : Asana

👤 Profil recherché :
• Formation : BTS en droit (Master 2 ou équivalent)
• Expérience : Junior (0-2 ans)
• Spécialisation : Clio, MyCase
• Excellente maîtrise de la rédaction juridique
• Qualités : Rigueur, analyse, pédagogie, confidentialité"
"Data Protection Officer | Juridique | Thomson Reuters, Fastcase, Justia, Excel","Assurez la sécurité juridique de l'entreprise et conseillez les opérationnels sur les questions légales.

🎯 Missions principales :
• Rédiger et négocier les contrats de prestation
• Conseiller les équipes sur les problématiques juridiques
• Assurer une veille juridique et réglementaire
• Gérer les contentieux et relations avec les avocats
• Garantir la conformité RGPD
• Former les collaborateurs aux enjeux juridiques
• Participer aux projets stratégiques

💻 Outils juridiques :
Bases légales : Thomson Reuters, Fastcase, Justia, Excel
Documentation : SharePoint
Collaboration : SharePoint, Teams
Gestion : Trello

👤 Profil recherché :
• Formation : Bac+4 en droit (Master 2 ou équivalent)
• Expérience : 10+ ans
• Spécialisation : Thomson Reuters, Fastcase
• Excellente maîtrise de la rédaction juridique
• Qualités : Rigueur, analyse, pédagogie, confidentialité"
"Compliance Officer | Juridique | Thomson Reuters, Fastcase, Justia, Excel","Assurez la sécurité juridique de l'entreprise et conseillez les opérationnels sur les questions légales.

🎯 Missions principales :
• Rédiger et négocier les contrats de prestation
• Conseiller les équipes sur les problématiques juridiques
• Assurer une veille juridique et réglementaire
• Gérer les contentieux et relations avec les avocats
• Garantir la conformité éthique
• Former les collaborateurs aux enjeux juridiques
• Participer aux projets stratégiques

💻 Outils juridiques :
Bases légales : Thomson Reuters, Fastcase, Justia, Excel
Documentation : Google Drive
Collaboration : SharePoint, Teams
Gestion : Trello

👤 Profil recherché :
• Formation : DUT en droit (Master 2 ou équivalent)
• Expérience : 5+ ans
• Spécialisation : Thomson Reuters, Fastcase
• Excellente maîtrise de la rédaction juridique
• Qualités : Rigueur, analyse, pédagogie, confidentialité"
"Juriste Propriété Intellectuelle | Juridique | Legifrance, EUR-Lex, Trello, Teams","Assurez la sécurité juridique de l'entreprise et conseillez les opérationnels sur les questions légales.

🎯 Missions principales :
• Rédiger et négocier les contrats internationaux
• Conseiller les équipes sur les problématiques juridiques
• Assurer une veille juridique et réglementaire
• Gérer les contentieux et relations avec les avocats
• Garantir la conformité contractuelle
• Former les collaborateurs aux enjeux juridiques
• Participer aux projets stratégiques

💻 Outils juridiques :
Bases légales : Legifrance, EUR-Lex, Trello, Teams
Documentation : SharePoint
Collaboration : SharePoint, Teams
Gestion : Jira

👤 Profil recherché :
• Formation : Licence en droit (Master 2 ou équivalent)
• Expérience : 5+ ans
• Spécialisation : Legifrance, EUR-Lex
• Excellente maîtrise de la rédaction juridique
• Qualités : Rigueur, analyse, pédagogie, confidentialité"
"Paralegal | Juridique | Westlaw, LexisNexis, Bloomberg Law, Excel","Assurez la sécurité juridique de l'entreprise et conseillez les opérationnels sur les questions légales.

🎯 Missions principales :
• Rédiger et négocier les contrats commerciaux
• Conseiller les équipes sur les problématiques juridiques
• Assurer une veille juridique et réglementaire
• Gérer les contentieux et relations avec les avocats
• Garantir la conformité contractuelle
• Former les collaborateurs aux enjeux juridiques
• Participer aux projets stratégiques

💻 Outils juridiques :
Bases légales : Westlaw, LexisNexis, Bloomberg Law, Excel
Documentation : Confluence
Collaboration : SharePoint, Teams
Gestion : Jira

👤 Profil recherché :
• Formation : DUT en droit (Master 2 ou équivalent)
• Expérience : 5+ ans
• Spécialisation : Westlaw, LexisNexis
• Excellente maîtrise de la rédaction juridique
• Qualités : Rigueur, analyse, pédagogie, confidentialité"
"Juriste Contrats | Juridique | LegalTech, Doctrine, Lexis Nexis, Excel","Assurez la sécurité juridique de l'entreprise et conseillez les opérationnels sur les questions légales.

🎯 Missions principales :
• Rédiger et négocier les contrats de prestation
• Conseiller les équipes sur les problématiques juridiques
• Assurer une veille juridique et réglementaire
• Gérer les contentieux et relations avec les avocats
• Garantir la conformité RGPD
• Former les collaborateurs aux enjeux juridiques
• Participer aux projets stratégiques

💻 Outils juridiques :
Bases légales : LegalTech, Doctrine, Lexis Nexis, Excel
Documentation : Google Drive
Collaboration : SharePoint, Teams
Gestion : Jira

👤 Profil recherché :
• Formation : Master 2 en droit (Master 2 ou équivalent)
• Expérience : Expert (7+ ans)
• Spécialisation : LegalTech, Doctrine
• Excellente maîtrise de la rédaction juridique
• Qualités : Rigueur, analyse, pédagogie, confidentialité"
"Juriste Contentieux | Juridique | ROSS Intelligence, Lex Machina, Ravel Law, Excel","Assurez la sécurité juridique de l'entreprise et conseillez les opérationnels sur les questions légales.

🎯 Missions principales :
• Rédiger et négocier les contrats de confidentialité
• Conseiller les équipes sur les problématiques juridiques
• Assurer une veille juridique et réglementaire
• Gérer les contentieux et relations avec les avocats
• Garantir la conformité RGPD
• Former les collaborateurs aux enjeux juridiques
• Participer aux projets stratégiques

💻 Outils juridiques :
Bases légales : ROSS Intelligence, Lex Machina, Ravel Law, Excel
Documentation : Google Drive
Collaboration : SharePoint, Teams
Gestion : Jira

👤 Profil recherché :
• Formation : Bac+3 en droit (Master 2 ou équivalent)
• Expérience : 5+ ans
• Spécialisation : ROSS Intelligence, Lex Machina
• Excellente maîtrise de la rédaction juridique
• Qualités : Rigueur, analyse, pédagogie, confidentialité"
"Juriste Contrats | Juridique | LegalTech, Doctrine, Lexis Nexis, Excel","Assurez la sécurité juridique de l'entreprise et conseillez les opérationnels sur les questions légales.

🎯 Missions principales :
• Rédiger et négocier les contrats commerciaux
• Conseiller les équipes sur les problématiques juridiques
• Assurer une veille juridique et réglementaire
• Gérer les contentieux et relations avec les avocats
• Garantir la conformité RGPD
• Former les collaborateurs aux enjeux juridiques
• Participer aux projets stratégiques

💻 Outils juridiques :
Bases légales : LegalTech, Doctrine, Lexis Nexis, Excel
Documentation : Google Drive
Collaboration : SharePoint, Teams
Gestion : Asana

👤 Profil recherché :
• Formation : Bac+5 en droit (Master 2 ou équivalent)
• Expérience : Senior (5+ ans)
• Spécialisation : LegalTech, Doctrine
• Excellente maîtrise de la rédaction juridique
• Qualités : Rigueur, analyse, pédagogie, confidentialité"
"Juriste d'Entreprise | Juridique | AbacusLaw, Smokeball, Rocket Matter, Excel","Assurez la sécurité juridique de l'entreprise et conseillez les opérationnels sur les questions légales.

🎯 Missions principales :
• Rédiger et négocier les contrats internationaux
• Conseiller les équipes sur les problématiques juridiques
• Assurer une veille juridique et réglementaire
• Gérer les contentieux et relations avec les avocats
• Garantir la conformité contractuelle
• Former les collaborateurs aux enjeux juridiques
• Participer aux projets stratégiques

💻 Outils juridiques :
Bases légales : AbacusLaw, Smokeball, Rocket Matter, Excel
Documentation : Confluence
Collaboration : SharePoint, Teams
Gestion : Jira

👤 Profil recherché :
• Formation : BTS en droit (Master 2 ou équivalent)
• Expérience : 3-5 ans
• Spécialisation : AbacusLaw, Smokeball
• Excellente maîtrise de la rédaction juridique
• Qualités : Rigueur, analyse, pédagogie, confidentialité"
"Juriste Contrats | Juridique | Wolters Kluwer, CCH, ProLaw, Excel","Assurez la sécurité juridique de l'entreprise et conseillez les opérationnels sur les questions légales.

🎯 Missions principales :
• Rédiger et négocier les contrats internationaux
• Conseiller les équipes sur les problématiques juridiques
• Assurer une veille juridique et réglementaire
• Gérer les contentieux et relations avec les avocats
• Garantir la conformité RGPD
• Former les collaborateurs aux enjeux juridiques
• Participer aux projets stratégiques

💻 Outils juridiques :
Bases légales : Wolters Kluwer, CCH, ProLaw, Excel
Documentation : SharePoint
Collaboration : SharePoint, Teams
Gestion : Jira

👤 Profil recherché :
• Formation : Bac+3 en droit (Master 2 ou équivalent)
• Expérience : Confirmé (3-5 ans)
• Spécialisation : Wolters Kluwer, CCH
• Excellente maîtrise de la rédaction juridique
• Qualités : Rigueur, analyse, pédagogie, confidentialité"
"Juriste d'Entreprise | Juridique | Legifrance, EUR-Lex, Trello, Teams","Assurez la sécurité juridique de l'entreprise et conseillez les opérationnels sur les questions légales.

🎯 Missions principales :
• Rédiger et négocier les contrats de prestation
• Conseiller les équipes sur les problématiques juridiques
• Assurer une veille juridique et réglementaire
• Gérer les contentieux et relations avec les avocats
• Garantir la conformité RGPD
• Former les collaborateurs aux enjeux juridiques
• Participer aux projets stratégiques

💻 Outils juridiques :
Bases légales : Legifrance, EUR-Lex, Trello, Teams
Documentation : Confluence
Collaboration : SharePoint, Teams
Gestion : Jira

👤 Profil recherché :
• Formation : Master 2 en droit (Master 2 ou équivalent)
• Expérience : 10+ ans
• Spécialisation : Legifrance, EUR-Lex
• Excellente maîtrise de la rédaction juridique
• Qualités : Rigueur, analyse, pédagogie, confidentialité"
"Juriste d'Entreprise | Juridique | LawGeex, Kira Systems, eBrevia, Excel","Assurez la sécurité juridique de l'entreprise et conseillez les opérationnels sur les questions légales.

🎯 Missions principales :
• Rédiger et négocier les contrats de travail
• Conseiller les équipes sur les problématiques juridiques
• Assurer une veille juridique et réglementaire
• Gérer les contentieux et relations avec les avocats
• Garantir la conformité RGPD
• Former les collaborateurs aux enjeux juridiques
• Participer aux projets stratégiques

💻 Outils juridiques :
Bases légales : LawGeex, Kira Systems, eBrevia, Excel
Documentation : SharePoint
Collaboration : SharePoint, Teams
Gestion : Jira

👤 Profil recherché :
• Formation : Bac+3 en droit (Master 2 ou équivalent)
• Expérience : Junior (0-2 ans)
• Spécialisation : LawGeex, Kira Systems
• Excellente maîtrise de la rédaction juridique
• Qualités : Rigueur, analyse, pédagogie, confidentialité"
"Paralegal | Juridique | Thomson Reuters, Fastcase, Justia, Excel","Assurez la sécurité juridique de l'entreprise et conseillez les opérationnels sur les questions légales.

🎯 Missions principales :
• Rédiger et négocier les contrats internationaux
• Conseiller les équipes sur les problématiques juridiques
• Assurer une veille juridique et réglementaire
• Gérer les contentieux et relations avec les avocats
• Garantir la conformité éthique
• Former les collaborateurs aux enjeux juridiques
• Participer aux projets stratégiques

💻 Outils juridiques :
Bases légales : Thomson Reuters, Fastcase, Justia, Excel
Documentation : Google Drive
Collaboration : SharePoint, Teams
Gestion : Jira

👤 Profil recherché :
• Formation : Master 2 en droit (Master 2 ou équivalent)
• Expérience : 3-5 ans
• Spécialisation : Thomson Reuters, Fastcase
• Excellente maîtrise de la rédaction juridique
• Qualités : Rigueur, analyse, pédagogie, confidentialité"
"Juriste Propriété Intellectuelle | Juridique | Legifrance, EUR-Lex, Trello, Teams","Assurez la sécurité juridique de l'entreprise et conseillez les opérationnels sur les questions légales.

🎯 Missions principales :
• Rédiger et négocier les contrats de confidentialité
• Conseiller les équipes sur les problématiques juridiques
• Assurer une veille juridique et réglementaire
• Gérer les contentieux et relations avec les avocats
• Garantir la conformité RGPD
• Former les collaborateurs aux enjeux juridiques
• Participer aux projets stratégiques

💻 Outils juridiques :
Bases légales : Legifrance, EUR-Lex, Trello, Teams
Documentation : SharePoint
Collaboration : SharePoint, Teams
Gestion : Jira

👤 Profil recherché :
• Formation : Licence en droit (Master 2 ou équivalent)
• Expérience : Confirmé (3-5 ans)
• Spécialisation : Legifrance, EUR-Lex
• Excellente maîtrise de la rédaction juridique
• Qualités : Rigueur, analyse, pédagogie, confidentialité"
"Juriste Propriété Intellectuelle | Juridique | LawGeex, Kira Systems, eBrevia, Excel","Assurez la sécurité juridique de l'entreprise et conseillez les opérationnels sur les questions légales.

🎯 Missions principales :
• Rédiger et négocier les contrats commerciaux
• Conseiller les équipes sur les problématiques juridiques
• Assurer une veille juridique et réglementaire
• Gérer les contentieux et relations avec les avocats
• Garantir la conformité RGPD
• Former les collaborateurs aux enjeux juridiques
• Participer aux projets stratégiques

💻 Outils juridiques :
Bases légales : LawGeex, Kira Systems, eBrevia, Excel
Documentation : SharePoint
Collaboration : SharePoint, Teams
Gestion : Asana

👤 Profil recherché :
• Formation : DUT en droit (Master 2 ou équivalent)
• Expérience : Senior (5+ ans)
• Spécialisation : LawGeex, Kira Systems
• Excellente maîtrise de la rédaction juridique
• Qualités : Rigueur, analyse, pédagogie, confidentialité"
"Juriste Droit Social | Juridique | Ironclad, Agiloft, Conga, SharePoint","Assurez la sécurité juridique de l'entreprise et conseillez les opérationnels sur les questions légales.

🎯 Missions principales :
• Rédiger et négocier les contrats de travail
• Conseiller les équipes sur les problématiques juridiques
• Assurer une veille juridique et réglementaire
• Gérer les contentieux et relations avec les avocats
• Garantir la conformité éthique
• Former les collaborateurs aux enjeux juridiques
• Participer aux projets stratégiques

💻 Outils juridiques :
Bases légales : Ironclad, Agiloft, Conga, SharePoint
Documentation : Confluence
Collaboration : SharePoint, Teams
Gestion : Trello

👤 Profil recherché :
• Formation : Bac+3 en droit (Master 2 ou équivalent)
• Expérience : 7+ ans
• Spécialisation : Ironclad, Agiloft
• Excellente maîtrise de la rédaction juridique
• Qualités : Rigueur, analyse, pédagogie, confidentialité"
"Juriste Contentieux | Juridique | Thomson Reuters, Fastcase, Justia, Excel","Assurez la sécurité juridique de l'entreprise et conseillez les opérationnels sur les questions légales.

🎯 Missions principales :
• Rédiger et négocier les contrats de confidentialité
• Conseiller les équipes sur les problématiques juridiques
• Assurer une veille juridique et réglementaire
• Gérer les contentieux et relations avec les avocats
• Garantir la conformité contractuelle
• Former les collaborateurs aux enjeux juridiques
• Participer aux projets stratégiques

💻 Outils juridiques :
Bases légales : Thomson Reuters, Fastcase, Justia, Excel
Documentation : Confluence
Collaboration : SharePoint, Teams
Gestion : Asana

👤 Profil recherché :
• Formation : Bac+2 en droit (Master 2 ou équivalent)
• Expérience : 2-3 ans
• Spécialisation : Thomson Reuters, Fastcase
• Excellente maîtrise de la rédaction juridique
• Qualités : Rigueur, analyse, pédagogie, confidentialité"
"Juriste Droit Social | Juridique | Legifrance, EUR-Lex, Trello, Teams","Assurez la sécurité juridique de l'entreprise et conseillez les opérationnels sur les questions légales.

🎯 Missions principales :
• Rédiger et négocier les contrats de travail
• Conseiller les équipes sur les problématiques juridiques
• Assurer une veille juridique et réglementaire
• Gérer les contentieux et relations avec les avocats
• Garantir la conformité contractuelle
• Former les collaborateurs aux enjeux juridiques
• Participer aux projets stratégiques

💻 Outils juridiques :
Bases légales : Legifrance, EUR-Lex, Trello, Teams
Documentation : SharePoint
Collaboration : SharePoint, Teams
Gestion : Jira

👤 Profil recherché :
• Formation : Bac+5 en droit (Master 2 ou équivalent)
• Expérience : 7+ ans
• Spécialisation : Legifrance, EUR-Lex
• Excellente maîtrise de la rédaction juridique
• Qualités : Rigueur, analyse, pédagogie, confidentialité"
"Juriste Contrats | Juridique | Contract Management, DocuSign, Salesforce, SharePoint","Assurez la sécurité juridique de l'entreprise et conseillez les opérationnels sur les questions légales.

🎯 Missions principales :
• Rédiger et négocier les contrats de prestation
• Conseiller les équipes sur les problématiques juridiques
• Assurer une veille juridique et réglementaire
• Gérer les contentieux et relations avec les avocats
• Garantir la conformité réglementaire
• Former les collaborateurs aux enjeux juridiques
• Participer aux projets stratégiques

💻 Outils juridiques :
Bases légales : Contract Management, DocuSign, Salesforce, SharePoint
Documentation : Google Drive
Collaboration : SharePoint, Teams
Gestion : Asana

👤 Profil recherché :
• Formation : Bac+3 en droit (Master 2 ou équivalent)
• Expérience : Junior (0-2 ans)
• Spécialisation : Contract Management, DocuSign
• Excellente maîtrise de la rédaction juridique
• Qualités : Rigueur, analyse, pédagogie, confidentialité"
"Data Protection Officer | Juridique | Legifrance, EUR-Lex, Trello, Teams","Assurez la sécurité juridique de l'entreprise et conseillez les opérationnels sur les questions légales.

🎯 Missions principales :
• Rédiger et négocier les contrats commerciaux
• Conseiller les équipes sur les problématiques juridiques
• Assurer une veille juridique et réglementaire
• Gérer les contentieux et relations avec les avocats
• Garantir la conformité éthique
• Former les collaborateurs aux enjeux juridiques
• Participer aux projets stratégiques

💻 Outils juridiques :
Bases légales : Legifrance, EUR-Lex, Trello, Teams
Documentation : Confluence
Collaboration : SharePoint, Teams
Gestion : Asana

👤 Profil recherché :
• Formation : Licence en droit (Master 2 ou équivalent)
• Expérience : 10+ ans
• Spécialisation : Legifrance, EUR-Lex
• Excellente maîtrise de la rédaction juridique
• Qualités : Rigueur, analyse, pédagogie, confidentialité"
"Responsable Juridique | Juridique | LawGeex, Kira Systems, eBrevia, Excel","Assurez la sécurité juridique de l'entreprise et conseillez les opérationnels sur les questions légales.

🎯 Missions principales :
• Rédiger et négocier les contrats internationaux
• Conseiller les équipes sur les problématiques juridiques
• Assurer une veille juridique et réglementaire
• Gérer les contentieux et relations avec les avocats
• Garantir la conformité éthique
• Former les collaborateurs aux enjeux juridiques
• Participer aux projets stratégiques

💻 Outils juridiques :
Bases légales : LawGeex, Kira Systems, eBrevia, Excel
Documentation : SharePoint
Collaboration : SharePoint, Teams
Gestion : Jira

👤 Profil recherché :
• Formation : BTS en droit (Master 2 ou équivalent)
• Expérience : 1-2 ans
• Spécialisation : LawGeex, Kira Systems
• Excellente maîtrise de la rédaction juridique
• Qualités : Rigueur, analyse, pédagogie, confidentialité"
"Data Protection Officer | Juridique | AbacusLaw, Smokeball, Rocket Matter, Excel","Assurez la sécurité juridique de l'entreprise et conseillez les opérationnels sur les questions légales.

🎯 Missions principales :
• Rédiger et négocier les contrats de travail
• Conseiller les équipes sur les problématiques juridiques
• Assurer une veille juridique et réglementaire
• Gérer les contentieux et relations avec les avocats
• Garantir la conformité RGPD
• Former les collaborateurs aux enjeux juridiques
• Participer aux projets stratégiques

💻 Outils juridiques :
Bases légales : AbacusLaw, Smokeball, Rocket Matter, Excel
Documentation : Confluence
Collaboration : SharePoint, Teams
Gestion : Jira

👤 Profil recherché :
• Formation : Master 2 en droit (Master 2 ou équivalent)
• Expérience : Confirmé (3-5 ans)
• Spécialisation : AbacusLaw, Smokeball
• Excellente maîtrise de la rédaction juridique
• Qualités : Rigueur, analyse, pédagogie, confidentialité"
"Legal Counsel | Juridique | HelloSign, SignNow, Adobe Sign, Excel","Assurez la sécurité juridique de l'entreprise et conseillez les opérationnels sur les questions légales.

🎯 Missions principales :
• Rédiger et négocier les contrats commerciaux
• Conseiller les équipes sur les problématiques juridiques
• Assurer une veille juridique et réglementaire
• Gérer les contentieux et relations avec les avocats
• Garantir la conformité contractuelle
• Former les collaborateurs aux enjeux juridiques
• Participer aux projets stratégiques

💻 Outils juridiques :
Bases légales : HelloSign, SignNow, Adobe Sign, Excel
Documentation : Google Drive
Collaboration : SharePoint, Teams
Gestion : Jira

👤 Profil recherché :
• Formation : Bac+3 en droit (Master 2 ou équivalent)
• Expérience : Junior (0-2 ans)
• Spécialisation : HelloSign, SignNow
• Excellente maîtrise de la rédaction juridique
• Qualités : Rigueur, analyse, pédagogie, confidentialité"
"Legal Counsel | Juridique | Wolters Kluwer, CCH, ProLaw, Excel","Assurez la sécurité juridique de l'entreprise et conseillez les opérationnels sur les questions légales.

🎯 Missions principales :
• Rédiger et négocier les contrats de travail
• Conseiller les équipes sur les problématiques juridiques
• Assurer une veille juridique et réglementaire
• Gérer les contentieux et relations avec les avocats
• Garantir la conformité contractuelle
• Former les collaborateurs aux enjeux juridiques
• Participer aux projets stratégiques

💻 Outils juridiques :
Bases légales : Wolters Kluwer, CCH, ProLaw, Excel
Documentation : Google Drive
Collaboration : SharePoint, Teams
Gestion : Jira

👤 Profil recherché :
• Formation : Bac+2 en droit (Master 2 ou équivalent)
• Expérience : 1-2 ans
• Spécialisation : Wolters Kluwer, CCH
• Excellente maîtrise de la rédaction juridique
• Qualités : Rigueur, analyse, pédagogie, confidentialité"
"Paralegal | Juridique | Dalloz, Lexbase, Excel, Word","Assurez la sécurité juridique de l'entreprise et conseillez les opérationnels sur les questions légales.

🎯 Missions principales :
• Rédiger et négocier les contrats commerciaux
• Conseiller les équipes sur les problématiques juridiques
• Assurer une veille juridique et réglementaire
• Gérer les contentieux et relations avec les avocats
• Garantir la conformité réglementaire
• Former les collaborateurs aux enjeux juridiques
• Participer aux projets stratégiques

💻 Outils juridiques :
Bases légales : Dalloz, Lexbase, Excel, Word
Documentation : Google Drive
Collaboration : SharePoint, Teams
Gestion : Asana

👤 Profil recherché :
• Formation : Bac+5 en droit (Master 2 ou équivalent)
• Expérience : 1-2 ans
• Spécialisation : Dalloz, Lexbase
• Excellente maîtrise de la rédaction juridique
• Qualités : Rigueur, analyse, pédagogie, confidentialité"
"Juriste d'Entreprise | Juridique | Dalloz, Lexbase, Excel, Word","Assurez la sécurité juridique de l'entreprise et conseillez les opérationnels sur les questions légales.

🎯 Missions principales :
• Rédiger et négocier les contrats de travail
• Conseiller les équipes sur les problématiques juridiques
• Assurer une veille juridique et réglementaire
• Gérer les contentieux et relations avec les avocats
• Garantir la conformité RGPD
• Former les collaborateurs aux enjeux juridiques
• Participer aux projets stratégiques

💻 Outils juridiques :
Bases légales : Dalloz, Lexbase, Excel, Word
Documentation : Confluence
Collaboration : SharePoint, Teams
Gestion : Trello

👤 Profil recherché :
• Formation : Bac+4 en droit (Master 2 ou équivalent)
• Expérience : Junior (0-2 ans)
• Spécialisation : Dalloz, Lexbase
• Excellente maîtrise de la rédaction juridique
• Qualités : Rigueur, analyse, pédagogie, confidentialité"
"Juriste d'Entreprise | Juridique | Contract Management, DocuSign, Salesforce, SharePoint","Assurez la sécurité juridique de l'entreprise et conseillez les opérationnels sur les questions légales.

🎯 Missions principales :
• Rédiger et négocier les contrats de travail
• Conseiller les équipes sur les problématiques juridiques
• Assurer une veille juridique et réglementaire
• Gérer les contentieux et relations avec les avocats
• Garantir la conformité réglementaire
• Former les collaborateurs aux enjeux juridiques
• Participer aux projets stratégiques

💻 Outils juridiques :
Bases légales : Contract Management, DocuSign, Salesforce, SharePoint
Documentation : Confluence
Collaboration : SharePoint, Teams
Gestion : Asana

👤 Profil recherché :
• Formation : Bac+2 en droit (Master 2 ou équivalent)
• Expérience : 1-2 ans
• Spécialisation : Contract Management, DocuSign
• Excellente maîtrise de la rédaction juridique
• Qualités : Rigueur, analyse, pédagogie, confidentialité"
"Juriste Propriété Intellectuelle | Juridique | Thomson Reuters, Fastcase, Justia, Excel","Assurez la sécurité juridique de l'entreprise et conseillez les opérationnels sur les questions légales.

🎯 Missions principales :
• Rédiger et négocier les contrats de prestation
• Conseiller les équipes sur les problématiques juridiques
• Assurer une veille juridique et réglementaire
• Gérer les contentieux et relations avec les avocats
• Garantir la conformité réglementaire
• Former les collaborateurs aux enjeux juridiques
• Participer aux projets stratégiques

💻 Outils juridiques :
Bases légales : Thomson Reuters, Fastcase, Justia, Excel
Documentation : SharePoint
Collaboration : SharePoint, Teams
Gestion : Jira

👤 Profil recherché :
• Formation : Master 2 en droit (Master 2 ou équivalent)
• Expérience : 1-2 ans
• Spécialisation : Thomson Reuters, Fastcase
• Excellente maîtrise de la rédaction juridique
• Qualités : Rigueur, analyse, pédagogie, confidentialité"
"Juriste Droit Social | Juridique | Thomson Reuters, Fastcase, Justia, Excel","Assurez la sécurité juridique de l'entreprise et conseillez les opérationnels sur les questions légales.

🎯 Missions principales :
• Rédiger et négocier les contrats de confidentialité
• Conseiller les équipes sur les problématiques juridiques
• Assurer une veille juridique et réglementaire
• Gérer les contentieux et relations avec les avocats
• Garantir la conformité RGPD
• Former les collaborateurs aux enjeux juridiques
• Participer aux projets stratégiques

💻 Outils juridiques :
Bases légales : Thomson Reuters, Fastcase, Justia, Excel
Documentation : Google Drive
Collaboration : SharePoint, Teams
Gestion : Trello

👤 Profil recherché :
• Formation : Bac+3 en droit (Master 2 ou équivalent)
• Expérience : Senior (5+ ans)
• Spécialisation : Thomson Reuters, Fastcase
• Excellente maîtrise de la rédaction juridique
• Qualités : Rigueur, analyse, pédagogie, confidentialité"
"Responsable Juridique | Juridique | Legal Files, Filevine, CASEpeer, Excel","Assurez la sécurité juridique de l'entreprise et conseillez les opérationnels sur les questions légales.

🎯 Missions principales :
• Rédiger et négocier les contrats internationaux
• Conseiller les équipes sur les problématiques juridiques
• Assurer une veille juridique et réglementaire
• Gérer les contentieux et relations avec les avocats
• Garantir la conformité éthique
• Former les collaborateurs aux enjeux juridiques
• Participer aux projets stratégiques

💻 Outils juridiques :
Bases légales : Legal Files, Filevine, CASEpeer, Excel
Documentation : Confluence
Collaboration : SharePoint, Teams
Gestion : Asana

👤 Profil recherché :
• Formation : Bac+2 en droit (Master 2 ou équivalent)
• Expérience : Expert (7+ ans)
• Spécialisation : Legal Files, Filevine
• Excellente maîtrise de la rédaction juridique
• Qualités : Rigueur, analyse, pédagogie, confidentialité"
"Juriste Propriété Intellectuelle | Juridique | Thomson Reuters, Fastcase, Justia, Excel","Assurez la sécurité juridique de l'entreprise et conseillez les opérationnels sur les questions légales.

🎯 Missions principales :
• Rédiger et négocier les contrats de prestation
• Conseiller les équipes sur les problématiques juridiques
• Assurer une veille juridique et réglementaire
• Gérer les contentieux et relations avec les avocats
• Garantir la conformité éthique
• Former les collaborateurs aux enjeux juridiques
• Participer aux projets stratégiques

💻 Outils juridiques :
Bases légales : Thomson Reuters, Fastcase, Justia, Excel
Documentation : Google Drive
Collaboration : SharePoint, Teams
Gestion : Trello

👤 Profil recherché :
• Formation : Bac+5 en droit (Master 2 ou équivalent)
• Expérience : Expert (7+ ans)
• Spécialisation : Thomson Reuters, Fastcase
• Excellente maîtrise de la rédaction juridique
• Qualités : Rigueur, analyse, pédagogie, confidentialité"
"Juriste Propriété Intellectuelle | Juridique | Dalloz, Lexbase, Excel, Word","Assurez la sécurité juridique de l'entreprise et conseillez les opérationnels sur les questions légales.

🎯 Missions principales :
• Rédiger et négocier les contrats de confidentialité
• Conseiller les équipes sur les problématiques juridiques
• Assurer une veille juridique et réglementaire
• Gérer les contentieux et relations avec les avocats
• Garantir la conformité éthique
• Former les collaborateurs aux enjeux juridiques
• Participer aux projets stratégiques

💻 Outils juridiques :
Bases légales : Dalloz, Lexbase, Excel, Word
Documentation : Confluence
Collaboration : SharePoint, Teams
Gestion : Trello

👤 Profil recherché :
• Formation : Doctorat en droit (Master 2 ou équivalent)
• Expérience : Expert (7+ ans)
• Spécialisation : Dalloz, Lexbase
• Excellente maîtrise de la rédaction juridique
• Qualités : Rigueur, analyse, pédagogie, confidentialité"
"Paralegal | Juridique | Contract Management, DocuSign, Salesforce, SharePoint","Assurez la sécurité juridique de l'entreprise et conseillez les opérationnels sur les questions légales.

🎯 Missions principales :
• Rédiger et négocier les contrats de prestation
• Conseiller les équipes sur les problématiques juridiques
• Assurer une veille juridique et réglementaire
• Gérer les contentieux et relations avec les avocats
• Garantir la conformité RGPD
• Former les collaborateurs aux enjeux juridiques
• Participer aux projets stratégiques

💻 Outils juridiques :
Bases légales : Contract Management, DocuSign, Salesforce, SharePoint
Documentation : Google Drive
Collaboration : SharePoint, Teams
Gestion : Trello

👤 Profil recherché :
• Formation : Bac+4 en droit (Master 2 ou équivalent)
• Expérience : Senior (5+ ans)
• Spécialisation : Contract Management, DocuSign
• Excellente maîtrise de la rédaction juridique
• Qualités : Rigueur, analyse, pédagogie, confidentialité"
"Compliance Officer | Juridique | Clio, MyCase, PracticePanther, Excel","Assurez la sécurité juridique de l'entreprise et conseillez les opérationnels sur les questions légales.

🎯 Missions principales :
• Rédiger et négocier les contrats de confidentialité
• Conseiller les équipes sur les problématiques juridiques
• Assurer une veille juridique et réglementaire
• Gérer les contentieux et relations avec les avocats
• Garantir la conformité contractuelle
• Former les collaborateurs aux enjeux juridiques
• Participer aux projets stratégiques

💻 Outils juridiques :
Bases légales : Clio, MyCase, PracticePanther, Excel
Documentation : Google Drive
Collaboration : SharePoint, Teams
Gestion : Trello

👤 Profil recherché :
• Formation : DUT en droit (Master 2 ou équivalent)
• Expérience : 10+ ans
• Spécialisation : Clio, MyCase
• Excellente maîtrise de la rédaction juridique
• Qualités : Rigueur, analyse, pédagogie, confidentialité"
"Juriste Droit Social | Juridique | Contract Management, DocuSign, Salesforce, SharePoint","Assurez la sécurité juridique de l'entreprise et conseillez les opérationnels sur les questions légales.

🎯 Missions principales :
• Rédiger et négocier les contrats de prestation
• Conseiller les équipes sur les problématiques juridiques
• Assurer une veille juridique et réglementaire
• Gérer les contentieux et relations avec les avocats
• Garantir la conformité réglementaire
• Former les collaborateurs aux enjeux juridiques
• Participer aux projets stratégiques

💻 Outils juridiques :
Bases légales : Contract Management, DocuSign, Salesforce, SharePoint
Documentation : Confluence
Collaboration : SharePoint, Teams
Gestion : Jira

👤 Profil recherché :
• Formation : Bac+5 en droit (Master 2 ou équivalent)
• Expérience : Confirmé (3-5 ans)
• Spécialisation : Contract Management, DocuSign
• Excellente maîtrise de la rédaction juridique
• Qualités : Rigueur, analyse, pédagogie, confidentialité"
"Data Protection Officer | Juridique | HelloSign, SignNow, Adobe Sign, Excel","Assurez la sécurité juridique de l'entreprise et conseillez les opérationnels sur les questions légales.

🎯 Missions principales :
• Rédiger et négocier les contrats de confidentialité
• Conseiller les équipes sur les problématiques juridiques
• Assurer une veille juridique et réglementaire
• Gérer les contentieux et relations avec les avocats
• Garantir la conformité RGPD
• Former les collaborateurs aux enjeux juridiques
• Participer aux projets stratégiques

💻 Outils juridiques :
Bases légales : HelloSign, SignNow, Adobe Sign, Excel
Documentation : Google Drive
Collaboration : SharePoint, Teams
Gestion : Asana

👤 Profil recherché :
• Formation : Bac+3 en droit (Master 2 ou équivalent)
• Expérience : Senior (5+ ans)
• Spécialisation : HelloSign, SignNow
• Excellente maîtrise de la rédaction juridique
• Qualités : Rigueur, analyse, pédagogie, confidentialité"
"Juriste Contrats | Juridique | Wolters Kluwer, CCH, ProLaw, Excel","Assurez la sécurité juridique de l'entreprise et conseillez les opérationnels sur les questions légales.

🎯 Missions principales :
• Rédiger et négocier les contrats commerciaux
• Conseiller les équipes sur les problématiques juridiques
• Assurer une veille juridique et réglementaire
• Gérer les contentieux et relations avec les avocats
• Garantir la conformité éthique
• Former les collaborateurs aux enjeux juridiques
• Participer aux projets stratégiques

💻 Outils juridiques :
Bases légales : Wolters Kluwer, CCH, ProLaw, Excel
Documentation : SharePoint
Collaboration : SharePoint, Teams
Gestion : Asana

👤 Profil recherché :
• Formation : DUT en droit (Master 2 ou équivalent)
• Expérience : 5+ ans
• Spécialisation : Wolters Kluwer, CCH
• Excellente maîtrise de la rédaction juridique
• Qualités : Rigueur, analyse, pédagogie, confidentialité"
"Juriste Contentieux | Juridique | Legifrance, EUR-Lex, Trello, Teams","Assurez la sécurité juridique de l'entreprise et conseillez les opérationnels sur les questions légales.

🎯 Missions principales :
• Rédiger et négocier les contrats commerciaux
• Conseiller les équipes sur les problématiques juridiques
• Assurer une veille juridique et réglementaire
• Gérer les contentieux et relations avec les avocats
• Garantir la conformité réglementaire
• Former les collaborateurs aux enjeux juridiques
• Participer aux projets stratégiques

💻 Outils juridiques :
Bases légales : Legifrance, EUR-Lex, Trello, Teams
Documentation : SharePoint
Collaboration : SharePoint, Teams
Gestion : Jira

👤 Profil recherché :
• Formation : Bac+5 en droit (Master 2 ou équivalent)
• Expérience : 7+ ans
• Spécialisation : Legifrance, EUR-Lex
• Excellente maîtrise de la rédaction juridique
• Qualités : Rigueur, analyse, pédagogie, confidentialité"
"Responsable Juridique | Juridique | Contract Management, DocuSign, Salesforce, SharePoint","Assurez la sécurité juridique de l'entreprise et conseillez les opérationnels sur les questions légales.

🎯 Missions principales :
• Rédiger et négocier les contrats de travail
• Conseiller les équipes sur les problématiques juridiques
• Assurer une veille juridique et réglementaire
• Gérer les contentieux et relations avec les avocats
• Garantir la conformité RGPD
• Former les collaborateurs aux enjeux juridiques
• Participer aux projets stratégiques

💻 Outils juridiques :
Bases légales : Contract Management, DocuSign, Salesforce, SharePoint
Documentation : Google Drive
Collaboration : SharePoint, Teams
Gestion : Asana

👤 Profil recherché :
• Formation : Master 2 en droit (Master 2 ou équivalent)
• Expérience : Junior (0-2 ans)
• Spécialisation : Contract Management, DocuSign
• Excellente maîtrise de la rédaction juridique
• Qualités : Rigueur, analyse, pédagogie, confidentialité"
"Compliance Officer | Juridique | ROSS Intelligence, Lex Machina, Ravel Law, Excel","Assurez la sécurité juridique de l'entreprise et conseillez les opérationnels sur les questions légales.

🎯 Missions principales :
• Rédiger et négocier les contrats internationaux
• Conseiller les équipes sur les problématiques juridiques
• Assurer une veille juridique et réglementaire
• Gérer les contentieux et relations avec les avocats
• Garantir la conformité RGPD
• Former les collaborateurs aux enjeux juridiques
• Participer aux projets stratégiques

💻 Outils juridiques :
Bases légales : ROSS Intelligence, Lex Machina, Ravel Law, Excel
Documentation : Google Drive
Collaboration : SharePoint, Teams
Gestion : Asana

👤 Profil recherché :
• Formation : Bac+5 en droit (Master 2 ou équivalent)
• Expérience : 1-2 ans
• Spécialisation : ROSS Intelligence, Lex Machina
• Excellente maîtrise de la rédaction juridique
• Qualités : Rigueur, analyse, pédagogie, confidentialité"
"Juriste Propriété Intellectuelle | Juridique | Clio, MyCase, PracticePanther, Excel","Assurez la sécurité juridique de l'entreprise et conseillez les opérationnels sur les questions légales.

🎯 Missions principales :
• Rédiger et négocier les contrats de prestation
• Conseiller les équipes sur les problématiques juridiques
• Assurer une veille juridique et réglementaire
• Gérer les contentieux et relations avec les avocats
• Garantir la conformité réglementaire
• Former les collaborateurs aux enjeux juridiques
• Participer aux projets stratégiques

💻 Outils juridiques :
Bases légales : Clio, MyCase, PracticePanther, Excel
Documentation : SharePoint
Collaboration : SharePoint, Teams
Gestion : Trello

👤 Profil recherché :
• Formation : DUT en droit (Master 2 ou équivalent)
• Expérience : Senior (5+ ans)
• Spécialisation : Clio, MyCase
• Excellente maîtrise de la rédaction juridique
• Qualités : Rigueur, analyse, pédagogie, confidentialité"
"Legal Counsel | Juridique | PandaDoc, ContractWorks, Concord, Excel","Assurez la sécurité juridique de l'entreprise et conseillez les opérationnels sur les questions légales.

🎯 Missions principales :
• Rédiger et négocier les contrats de prestation
• Conseiller les équipes sur les problématiques juridiques
• Assurer une veille juridique et réglementaire
• Gérer les contentieux et relations avec les avocats
• Garantir la conformité RGPD
• Former les collaborateurs aux enjeux juridiques
• Participer aux projets stratégiques

💻 Outils juridiques :
Bases légales : PandaDoc, ContractWorks, Concord, Excel
Documentation : Confluence
Collaboration : SharePoint, Teams
Gestion : Trello

👤 Profil recherché :
• Formation : DUT en droit (Master 2 ou équivalent)
• Expérience : Senior (5+ ans)
• Spécialisation : PandaDoc, ContractWorks
• Excellente maîtrise de la rédaction juridique
• Qualités : Rigueur, analyse, pédagogie, confidentialité"
"Data Protection Officer | Juridique | Legal Files, Filevine, CASEpeer, Excel","Assurez la sécurité juridique de l'entreprise et conseillez les opérationnels sur les questions légales.

🎯 Missions principales :
• Rédiger et négocier les contrats de prestation
• Conseiller les équipes sur les problématiques juridiques
• Assurer une veille juridique et réglementaire
• Gérer les contentieux et relations avec les avocats
• Garantir la conformité réglementaire
• Former les collaborateurs aux enjeux juridiques
• Participer aux projets stratégiques

💻 Outils juridiques :
Bases légales : Legal Files, Filevine, CASEpeer, Excel
Documentation : SharePoint
Collaboration : SharePoint, Teams
Gestion : Trello

👤 Profil recherché :
• Formation : Bac+4 en droit (Master 2 ou équivalent)
• Expérience : Junior (0-2 ans)
• Spécialisation : Legal Files, Filevine
• Excellente maîtrise de la rédaction juridique
• Qualités : Rigueur, analyse, pédagogie, confidentialité"
"Juriste Contrats | Juridique | HelloSign, SignNow, Adobe Sign, Excel","Assurez la sécurité juridique de l'entreprise et conseillez les opérationnels sur les questions légales.

🎯 Missions principales :
• Rédiger et négocier les contrats de travail
• Conseiller les équipes sur les problématiques juridiques
• Assurer une veille juridique et réglementaire
• Gérer les contentieux et relations avec les avocats
• Garantir la conformité RGPD
• Former les collaborateurs aux enjeux juridiques
• Participer aux projets stratégiques

💻 Outils juridiques :
Bases légales : HelloSign, SignNow, Adobe Sign, Excel
Documentation : SharePoint
Collaboration : SharePoint, Teams
Gestion : Jira

👤 Profil recherché :
• Formation : Bac+5 en droit (Master 2 ou équivalent)
• Expérience : 10+ ans
• Spécialisation : HelloSign, SignNow
• Excellente maîtrise de la rédaction juridique
• Qualités : Rigueur, analyse, pédagogie, confidentialité"
"Juriste d'Entreprise | Juridique | LegalTech, Doctrine, Lexis Nexis, Excel","Assurez la sécurité juridique de l'entreprise et conseillez les opérationnels sur les questions légales.

🎯 Missions principales :
• Rédiger et négocier les contrats de confidentialité
• Conseiller les équipes sur les problématiques juridiques
• Assurer une veille juridique et réglementaire
• Gérer les contentieux et relations avec les avocats
• Garantir la conformité éthique
• Former les collaborateurs aux enjeux juridiques
• Participer aux projets stratégiques

💻 Outils juridiques :
Bases légales : LegalTech, Doctrine, Lexis Nexis, Excel
Documentation : Google Drive
Collaboration : SharePoint, Teams
Gestion : Jira

👤 Profil recherché :
• Formation : Bac+5 en droit (Master 2 ou équivalent)
• Expérience : 10+ ans
• Spécialisation : LegalTech, Doctrine
• Excellente maîtrise de la rédaction juridique
• Qualités : Rigueur, analyse, pédagogie, confidentialité"
"Juriste Propriété Intellectuelle | Juridique | PandaDoc, ContractWorks, Concord, Excel","Assurez la sécurité juridique de l'entreprise et conseillez les opérationnels sur les questions légales.

🎯 Missions principales :
• Rédiger et négocier les contrats de prestation
• Conseiller les équipes sur les problématiques juridiques
• Assurer une veille juridique et réglementaire
• Gérer les contentieux et relations avec les avocats
• Garantir la conformité éthique
• Former les collaborateurs aux enjeux juridiques
• Participer aux projets stratégiques

💻 Outils juridiques :
Bases légales : PandaDoc, ContractWorks, Concord, Excel
Documentation : Confluence
Collaboration : SharePoint, Teams
Gestion : Jira

👤 Profil recherché :
• Formation : Doctorat en droit (Master 2 ou équivalent)
• Expérience : Junior (0-2 ans)
• Spécialisation : PandaDoc, ContractWorks
• Excellente maîtrise de la rédaction juridique
• Qualités : Rigueur, analyse, pédagogie, confidentialité"
"Paralegal | Juridique | HelloSign, SignNow, Adobe Sign, Excel","Assurez la sécurité juridique de l'entreprise et conseillez les opérationnels sur les questions légales.

🎯 Missions principales :
• Rédiger et négocier les contrats de confidentialité
• Conseiller les équipes sur les problématiques juridiques
• Assurer une veille juridique et réglementaire
• Gérer les contentieux et relations avec les avocats
• Garantir la conformité réglementaire
• Former les collaborateurs aux enjeux juridiques
• Participer aux projets stratégiques

💻 Outils juridiques :
Bases légales : HelloSign, SignNow, Adobe Sign, Excel
Documentation : SharePoint
Collaboration : SharePoint, Teams
Gestion : Trello

👤 Profil recherché :
• Formation : Bac+2 en droit (Master 2 ou équivalent)
• Expérience : 3-5 ans
• Spécialisation : HelloSign, SignNow
• Excellente maîtrise de la rédaction juridique
• Qualités : Rigueur, analyse, pédagogie, confidentialité"
"Juriste Droit Social | Juridique | Westlaw, LexisNexis, Bloomberg Law, Excel","Assurez la sécurité juridique de l'entreprise et conseillez les opérationnels sur les questions légales.

🎯 Missions principales :
• Rédiger et négocier les contrats commerciaux
• Conseiller les équipes sur les problématiques juridiques
• Assurer une veille juridique et réglementaire
• Gérer les contentieux et relations avec les avocats
• Garantir la conformité RGPD
• Former les collaborateurs aux enjeux juridiques
• Participer aux projets stratégiques

💻 Outils juridiques :
Bases légales : Westlaw, LexisNexis, Bloomberg Law, Excel
Documentation : Google Drive
Collaboration : SharePoint, Teams
Gestion : Jira

👤 Profil recherché :
• Formation : Bac+5 en droit (Master 2 ou équivalent)
• Expérience : Confirmé (3-5 ans)
• Spécialisation : Westlaw, LexisNexis
• Excellente maîtrise de la rédaction juridique
• Qualités : Rigueur, analyse, pédagogie, confidentialité"
"Juriste Contentieux | Juridique | Westlaw, LexisNexis, Bloomberg Law, Excel","Assurez la sécurité juridique de l'entreprise et conseillez les opérationnels sur les questions légales.

🎯 Missions principales :
• Rédiger et négocier les contrats de travail
• Conseiller les équipes sur les problématiques juridiques
• Assurer une veille juridique et réglementaire
• Gérer les contentieux et relations avec les avocats
• Garantir la conformité contractuelle
• Former les collaborateurs aux enjeux juridiques
• Participer aux projets stratégiques

💻 Outils juridiques :
Bases légales : Westlaw, LexisNexis, Bloomberg Law, Excel
Documentation : Google Drive
Collaboration : SharePoint, Teams
Gestion : Trello

👤 Profil recherché :
• Formation : Bac+2 en droit (Master 2 ou équivalent)
• Expérience : 1-2 ans
• Spécialisation : Westlaw, LexisNexis
• Excellente maîtrise de la rédaction juridique
• Qualités : Rigueur, analyse, pédagogie, confidentialité"
"Responsable Juridique | Juridique | HelloSign, SignNow, Adobe Sign, Excel","Assurez la sécurité juridique de l'entreprise et conseillez les opérationnels sur les questions légales.

🎯 Missions principales :
• Rédiger et négocier les contrats commerciaux
• Conseiller les équipes sur les problématiques juridiques
• Assurer une veille juridique et réglementaire
• Gérer les contentieux et relations avec les avocats
• Garantir la conformité contractuelle
• Former les collaborateurs aux enjeux juridiques
• Participer aux projets stratégiques

💻 Outils juridiques :
Bases légales : HelloSign, SignNow, Adobe Sign, Excel
Documentation : Google Drive
Collaboration : SharePoint, Teams
Gestion : Trello

👤 Profil recherché :
• Formation : BTS en droit (Master 2 ou équivalent)
• Expérience : Confirmé (3-5 ans)
• Spécialisation : HelloSign, SignNow
• Excellente maîtrise de la rédaction juridique
• Qualités : Rigueur, analyse, pédagogie, confidentialité"
"Responsable Juridique | Juridique | HelloSign, SignNow, Adobe Sign, Excel","Assurez la sécurité juridique de l'entreprise et conseillez les opérationnels sur les questions légales.

🎯 Missions principales :
• Rédiger et négocier les contrats de prestation
• Conseiller les équipes sur les problématiques juridiques
• Assurer une veille juridique et réglementaire
• Gérer les contentieux et relations avec les avocats
• Garantir la conformité contractuelle
• Former les collaborateurs aux enjeux juridiques
• Participer aux projets stratégiques

💻 Outils juridiques :
Bases légales : HelloSign, SignNow, Adobe Sign, Excel
Documentation : Google Drive
Collaboration : SharePoint, Teams
Gestion : Jira

👤 Profil recherché :
• Formation : Bac+3 en droit (Master 2 ou équivalent)
• Expérience : 5+ ans
• Spécialisation : HelloSign, SignNow
• Excellente maîtrise de la rédaction juridique
• Qualités : Rigueur, analyse, pédagogie, confidentialité"
"Compliance Officer | Juridique | Legifrance, EUR-Lex, Trello, Teams","Assurez la sécurité juridique de l'entreprise et conseillez les opérationnels sur les questions légales.

🎯 Missions principales :
• Rédiger et négocier les contrats de travail
• Conseiller les équipes sur les problématiques juridiques
• Assurer une veille juridique et réglementaire
• Gérer les contentieux et relations avec les avocats
• Garantir la conformité réglementaire
• Former les collaborateurs aux enjeux juridiques
• Participer aux projets stratégiques

💻 Outils juridiques :
Bases légales : Legifrance, EUR-Lex, Trello, Teams
Documentation : Google Drive
Collaboration : SharePoint, Teams
Gestion : Asana

👤 Profil recherché :
• Formation : Doctorat en droit (Master 2 ou équivalent)
• Expérience : 7+ ans
• Spécialisation : Legifrance, EUR-Lex
• Excellente maîtrise de la rédaction juridique
• Qualités : Rigueur, analyse, pédagogie, confidentialité"
"Paralegal | Juridique | Dalloz, Lexbase, Excel, Word","Assurez la sécurité juridique de l'entreprise et conseillez les opérationnels sur les questions légales.

🎯 Missions principales :
• Rédiger et négocier les contrats internationaux
• Conseiller les équipes sur les problématiques juridiques
• Assurer une veille juridique et réglementaire
• Gérer les contentieux et relations avec les avocats
• Garantir la conformité RGPD
• Former les collaborateurs aux enjeux juridiques
• Participer aux projets stratégiques

💻 Outils juridiques :
Bases légales : Dalloz, Lexbase, Excel, Word
Documentation : Google Drive
Collaboration : SharePoint, Teams
Gestion : Asana

👤 Profil recherché :
• Formation : BTS en droit (Master 2 ou équivalent)
• Expérience : Senior (5+ ans)
• Spécialisation : Dalloz, Lexbase
• Excellente maîtrise de la rédaction juridique
• Qualités : Rigueur, analyse, pédagogie, confidentialité"
"Juriste d'Entreprise | Juridique | Ironclad, Agiloft, Conga, SharePoint","Assurez la sécurité juridique de l'entreprise et conseillez les opérationnels sur les questions légales.

🎯 Missions principales :
• Rédiger et négocier les contrats de confidentialité
• Conseiller les équipes sur les problématiques juridiques
• Assurer une veille juridique et réglementaire
• Gérer les contentieux et relations avec les avocats
• Garantir la conformité réglementaire
• Former les collaborateurs aux enjeux juridiques
• Participer aux projets stratégiques

💻 Outils juridiques :
Bases légales : Ironclad, Agiloft, Conga, SharePoint
Documentation : SharePoint
Collaboration : SharePoint, Teams
Gestion : Trello

👤 Profil recherché :
• Formation : Doctorat en droit (Master 2 ou équivalent)
• Expérience : Confirmé (3-5 ans)
• Spécialisation : Ironclad, Agiloft
• Excellente maîtrise de la rédaction juridique
• Qualités : Rigueur, analyse, pédagogie, confidentialité"
"Juriste Propriété Intellectuelle | Juridique | LawGeex, Kira Systems, eBrevia, Excel","Assurez la sécurité juridique de l'entreprise et conseillez les opérationnels sur les questions légales.

🎯 Missions principales :
• Rédiger et négocier les contrats de prestation
• Conseiller les équipes sur les problématiques juridiques
• Assurer une veille juridique et réglementaire
• Gérer les contentieux et relations avec les avocats
• Garantir la conformité réglementaire
• Former les collaborateurs aux enjeux juridiques
• Participer aux projets stratégiques

💻 Outils juridiques :
Bases légales : LawGeex, Kira Systems, eBrevia, Excel
Documentation : Confluence
Collaboration : SharePoint, Teams
Gestion : Asana

👤 Profil recherché :
• Formation : Doctorat en droit (Master 2 ou équivalent)
• Expérience : 2-3 ans
• Spécialisation : LawGeex, Kira Systems
• Excellente maîtrise de la rédaction juridique
• Qualités : Rigueur, analyse, pédagogie, confidentialité"
"Paralegal | Juridique | LawGeex, Kira Systems, eBrevia, Excel","Assurez la sécurité juridique de l'entreprise et conseillez les opérationnels sur les questions légales.

🎯 Missions principales :
• Rédiger et négocier les contrats de confidentialité
• Conseiller les équipes sur les problématiques juridiques
• Assurer une veille juridique et réglementaire
• Gérer les contentieux et relations avec les avocats
• Garantir la conformité éthique
• Former les collaborateurs aux enjeux juridiques
• Participer aux projets stratégiques

💻 Outils juridiques :
Bases légales : LawGeex, Kira Systems, eBrevia, Excel
Documentation : Google Drive
Collaboration : SharePoint, Teams
Gestion : Jira

👤 Profil recherché :
• Formation : Licence en droit (Master 2 ou équivalent)
• Expérience : Expert (7+ ans)
• Spécialisation : LawGeex, Kira Systems
• Excellente maîtrise de la rédaction juridique
• Qualités : Rigueur, analyse, pédagogie, confidentialité"
"Responsable Juridique | Juridique | Wolters Kluwer, CCH, ProLaw, Excel","Assurez la sécurité juridique de l'entreprise et conseillez les opérationnels sur les questions légales.

🎯 Missions principales :
• Rédiger et négocier les contrats de prestation
• Conseiller les équipes sur les problématiques juridiques
• Assurer une veille juridique et réglementaire
• Gérer les contentieux et relations avec les avocats
• Garantir la conformité contractuelle
• Former les collaborateurs aux enjeux juridiques
• Participer aux projets stratégiques

💻 Outils juridiques :
Bases légales : Wolters Kluwer, CCH, ProLaw, Excel
Documentation : SharePoint
Collaboration : SharePoint, Teams
Gestion : Asana

👤 Profil recherché :
• Formation : Doctorat en droit (Master 2 ou équivalent)
• Expérience : Expert (7+ ans)
• Spécialisation : Wolters Kluwer, CCH
• Excellente maîtrise de la rédaction juridique
• Qualités : Rigueur, analyse, pédagogie, confidentialité"
"Data Protection Officer | Juridique | HelloSign, SignNow, Adobe Sign, Excel","Assurez la sécurité juridique de l'entreprise et conseillez les opérationnels sur les questions légales.

🎯 Missions principales :
• Rédiger et négocier les contrats de prestation
• Conseiller les équipes sur les problématiques juridiques
• Assurer une veille juridique et réglementaire
• Gérer les contentieux et relations avec les avocats
• Garantir la conformité réglementaire
• Former les collaborateurs aux enjeux juridiques
• Participer aux projets stratégiques

💻 Outils juridiques :
Bases légales : HelloSign, SignNow, Adobe Sign, Excel
Documentation : Confluence
Collaboration : SharePoint, Teams
Gestion : Jira

👤 Profil recherché :
• Formation : Bac+4 en droit (Master 2 ou équivalent)
• Expérience : 7+ ans
• Spécialisation : HelloSign, SignNow
• Excellente maîtrise de la rédaction juridique
• Qualités : Rigueur, analyse, pédagogie, confidentialité"
"Juriste Contrats | Juridique | Thomson Reuters, Fastcase, Justia, Excel","Assurez la sécurité juridique de l'entreprise et conseillez les opérationnels sur les questions légales.

🎯 Missions principales :
• Rédiger et négocier les contrats de prestation
• Conseiller les équipes sur les problématiques juridiques
• Assurer une veille juridique et réglementaire
• Gérer les contentieux et relations avec les avocats
• Garantir la conformité éthique
• Former les collaborateurs aux enjeux juridiques
• Participer aux projets stratégiques

💻 Outils juridiques :
Bases légales : Thomson Reuters, Fastcase, Justia, Excel
Documentation : SharePoint
Collaboration : SharePoint, Teams
Gestion : Trello

👤 Profil recherché :
• Formation : BTS en droit (Master 2 ou équivalent)
• Expérience : 1-2 ans
• Spécialisation : Thomson Reuters, Fastcase
• Excellente maîtrise de la rédaction juridique
• Qualités : Rigueur, analyse, pédagogie, confidentialité"
"Juriste Contrats | Juridique | Thomson Reuters, Fastcase, Justia, Excel","Assurez la sécurité juridique de l'entreprise et conseillez les opérationnels sur les questions légales.

🎯 Missions principales :
• Rédiger et négocier les contrats commerciaux
• Conseiller les équipes sur les problématiques juridiques
• Assurer une veille juridique et réglementaire
• Gérer les contentieux et relations avec les avocats
• Garantir la conformité RGPD
• Former les collaborateurs aux enjeux juridiques
• Participer aux projets stratégiques

💻 Outils juridiques :
Bases légales : Thomson Reuters, Fastcase, Justia, Excel
Documentation : Google Drive
Collaboration : SharePoint, Teams
Gestion : Trello

👤 Profil recherché :
• Formation : Master 2 en droit (Master 2 ou équivalent)
• Expérience : Senior (5+ ans)
• Spécialisation : Thomson Reuters, Fastcase
• Excellente maîtrise de la rédaction juridique
• Qualités : Rigueur, analyse, pédagogie, confidentialité"
"Juriste Contentieux | Juridique | Legifrance, EUR-Lex, Trello, Teams","Assurez la sécurité juridique de l'entreprise et conseillez les opérationnels sur les questions légales.

🎯 Missions principales :
• Rédiger et négocier les contrats de confidentialité
• Conseiller les équipes sur les problématiques juridiques
• Assurer une veille juridique et réglementaire
• Gérer les contentieux et relations avec les avocats
• Garantir la conformité éthique
• Former les collaborateurs aux enjeux juridiques
• Participer aux projets stratégiques

💻 Outils juridiques :
Bases légales : Legifrance, EUR-Lex, Trello, Teams
Documentation : SharePoint
Collaboration : SharePoint, Teams
Gestion : Jira

👤 Profil recherché :
• Formation : Master 2 en droit (Master 2 ou équivalent)
• Expérience : 1-2 ans
• Spécialisation : Legifrance, EUR-Lex
• Excellente maîtrise de la rédaction juridique
• Qualités : Rigueur, analyse, pédagogie, confidentialité"
"Data Protection Officer | Juridique | Wolters Kluwer, CCH, ProLaw, Excel","Assurez la sécurité juridique de l'entreprise et conseillez les opérationnels sur les questions légales.

🎯 Missions principales :
• Rédiger et négocier les contrats de travail
• Conseiller les équipes sur les problématiques juridiques
• Assurer une veille juridique et réglementaire
• Gérer les contentieux et relations avec les avocats
• Garantir la conformité contractuelle
• Former les collaborateurs aux enjeux juridiques
• Participer aux projets stratégiques

💻 Outils juridiques :
Bases légales : Wolters Kluwer, CCH, ProLaw, Excel
Documentation : Google Drive
Collaboration : SharePoint, Teams
Gestion : Trello

👤 Profil recherché :
• Formation : Master 2 en droit (Master 2 ou équivalent)
• Expérience : 1-2 ans
• Spécialisation : Wolters Kluwer, CCH
• Excellente maîtrise de la rédaction juridique
• Qualités : Rigueur, analyse, pédagogie, confidentialité"
"Juriste Droit Social | Juridique | Legal Files, Filevine, CASEpeer, Excel","Assurez la sécurité juridique de l'entreprise et conseillez les opérationnels sur les questions légales.

🎯 Missions principales :
• Rédiger et négocier les contrats de prestation
• Conseiller les équipes sur les problématiques juridiques
• Assurer une veille juridique et réglementaire
• Gérer les contentieux et relations avec les avocats
• Garantir la conformité réglementaire
• Former les collaborateurs aux enjeux juridiques
• Participer aux projets stratégiques

💻 Outils juridiques :
Bases légales : Legal Files, Filevine, CASEpeer, Excel
Documentation : Confluence
Collaboration : SharePoint, Teams
Gestion : Asana

👤 Profil recherché :
• Formation : Licence en droit (Master 2 ou équivalent)
• Expérience : 5+ ans
• Spécialisation : Legal Files, Filevine
• Excellente maîtrise de la rédaction juridique
• Qualités : Rigueur, analyse, pédagogie, confidentialité"
"Data Protection Officer | Juridique | LegalTech, Doctrine, Lexis Nexis, Excel","Assurez la sécurité juridique de l'entreprise et conseillez les opérationnels sur les questions légales.

🎯 Missions principales :
• Rédiger et négocier les contrats de prestation
• Conseiller les équipes sur les problématiques juridiques
• Assurer une veille juridique et réglementaire
• Gérer les contentieux et relations avec les avocats
• Garantir la conformité RGPD
• Former les collaborateurs aux enjeux juridiques
• Participer aux projets stratégiques

💻 Outils juridiques :
Bases légales : LegalTech, Doctrine, Lexis Nexis, Excel
Documentation : Google Drive
Collaboration : SharePoint, Teams
Gestion : Jira

👤 Profil recherché :
• Formation : Bac+5 en droit (Master 2 ou équivalent)
• Expérience : Senior (5+ ans)
• Spécialisation : LegalTech, Doctrine
• Excellente maîtrise de la rédaction juridique
• Qualités : Rigueur, analyse, pédagogie, confidentialité"
"Responsable Juridique | Juridique | LawGeex, Kira Systems, eBrevia, Excel","Assurez la sécurité juridique de l'entreprise et conseillez les opérationnels sur les questions légales.

🎯 Missions principales :
• Rédiger et négocier les contrats de prestation
• Conseiller les équipes sur les problématiques juridiques
• Assurer une veille juridique et réglementaire
• Gérer les contentieux et relations avec les avocats
• Garantir la conformité RGPD
• Former les collaborateurs aux enjeux juridiques
• Participer aux projets stratégiques

💻 Outils juridiques :
Bases légales : LawGeex, Kira Systems, eBrevia, Excel
Documentation : Confluence
Collaboration : SharePoint, Teams
Gestion : Trello

👤 Profil recherché :
• Formation : Bac+5 en droit (Master 2 ou équivalent)
• Expérience : Confirmé (3-5 ans)
• Spécialisation : LawGeex, Kira Systems
• Excellente maîtrise de la rédaction juridique
• Qualités : Rigueur, analyse, pédagogie, confidentialité"
"Data Protection Officer | Juridique | Dalloz, Lexbase, Excel, Word","Assurez la sécurité juridique de l'entreprise et conseillez les opérationnels sur les questions légales.

🎯 Missions principales :
• Rédiger et négocier les contrats de travail
• Conseiller les équipes sur les problématiques juridiques
• Assurer une veille juridique et réglementaire
• Gérer les contentieux et relations avec les avocats
• Garantir la conformité RGPD
• Former les collaborateurs aux enjeux juridiques
• Participer aux projets stratégiques

💻 Outils juridiques :
Bases légales : Dalloz, Lexbase, Excel, Word
Documentation : Google Drive
Collaboration : SharePoint, Teams
Gestion : Trello

👤 Profil recherché :
• Formation : BTS en droit (Master 2 ou équivalent)
• Expérience : 5+ ans
• Spécialisation : Dalloz, Lexbase
• Excellente maîtrise de la rédaction juridique
• Qualités : Rigueur, analyse, pédagogie, confidentialité"
"Compliance Officer | Juridique | HelloSign, SignNow, Adobe Sign, Excel","Assurez la sécurité juridique de l'entreprise et conseillez les opérationnels sur les questions légales.

🎯 Missions principales :
• Rédiger et négocier les contrats de confidentialité
• Conseiller les équipes sur les problématiques juridiques
• Assurer une veille juridique et réglementaire
• Gérer les contentieux et relations avec les avocats
• Garantir la conformité RGPD
• Former les collaborateurs aux enjeux juridiques
• Participer aux projets stratégiques

💻 Outils juridiques :
Bases légales : HelloSign, SignNow, Adobe Sign, Excel
Documentation : Confluence
Collaboration : SharePoint, Teams
Gestion : Trello

👤 Profil recherché :
• Formation : Licence en droit (Master 2 ou équivalent)
• Expérience : Senior (5+ ans)
• Spécialisation : HelloSign, SignNow
• Excellente maîtrise de la rédaction juridique
• Qualités : Rigueur, analyse, pédagogie, confidentialité"
"Juriste Contrats | Juridique | Dalloz, Lexbase, Excel, Word","Assurez la sécurité juridique de l'entreprise et conseillez les opérationnels sur les questions légales.

🎯 Missions principales :
• Rédiger et négocier les contrats de confidentialité
• Conseiller les équipes sur les problématiques juridiques
• Assurer une veille juridique et réglementaire
• Gérer les contentieux et relations avec les avocats
• Garantir la conformité RGPD
• Former les collaborateurs aux enjeux juridiques
• Participer aux projets stratégiques

💻 Outils juridiques :
Bases légales : Dalloz, Lexbase, Excel, Word
Documentation : Confluence
Collaboration : SharePoint, Teams
Gestion : Jira

👤 Profil recherché :
• Formation : DUT en droit (Master 2 ou équivalent)
• Expérience : 3-5 ans
• Spécialisation : Dalloz, Lexbase
• Excellente maîtrise de la rédaction juridique
• Qualités : Rigueur, analyse, pédagogie, confidentialité"
"Responsable Juridique | Juridique | Thomson Reuters, Fastcase, Justia, Excel","Assurez la sécurité juridique de l'entreprise et conseillez les opérationnels sur les questions légales.

🎯 Missions principales :
• Rédiger et négocier les contrats internationaux
• Conseiller les équipes sur les problématiques juridiques
• Assurer une veille juridique et réglementaire
• Gérer les contentieux et relations avec les avocats
• Garantir la conformité éthique
• Former les collaborateurs aux enjeux juridiques
• Participer aux projets stratégiques

💻 Outils juridiques :
Bases légales : Thomson Reuters, Fastcase, Justia, Excel
Documentation : SharePoint
Collaboration : SharePoint, Teams
Gestion : Jira

👤 Profil recherché :
• Formation : Bac+4 en droit (Master 2 ou équivalent)
• Expérience : Confirmé (3-5 ans)
• Spécialisation : Thomson Reuters, Fastcase
• Excellente maîtrise de la rédaction juridique
• Qualités : Rigueur, analyse, pédagogie, confidentialité"
"Legal Counsel | Juridique | Wolters Kluwer, CCH, ProLaw, Excel","Assurez la sécurité juridique de l'entreprise et conseillez les opérationnels sur les questions légales.

🎯 Missions principales :
• Rédiger et négocier les contrats commerciaux
• Conseiller les équipes sur les problématiques juridiques
• Assurer une veille juridique et réglementaire
• Gérer les contentieux et relations avec les avocats
• Garantir la conformité éthique
• Former les collaborateurs aux enjeux juridiques
• Participer aux projets stratégiques

💻 Outils juridiques :
Bases légales : Wolters Kluwer, CCH, ProLaw, Excel
Documentation : Google Drive
Collaboration : SharePoint, Teams
Gestion : Jira

👤 Profil recherché :
• Formation : Bac+4 en droit (Master 2 ou équivalent)
• Expérience : 5+ ans
• Spécialisation : Wolters Kluwer, CCH
• Excellente maîtrise de la rédaction juridique
• Qualités : Rigueur, analyse, pédagogie, confidentialité"
"Data Protection Officer | Juridique | ROSS Intelligence, Lex Machina, Ravel Law, Excel","Assurez la sécurité juridique de l'entreprise et conseillez les opérationnels sur les questions légales.

🎯 Missions principales :
• Rédiger et négocier les contrats internationaux
• Conseiller les équipes sur les problématiques juridiques
• Assurer une veille juridique et réglementaire
• Gérer les contentieux et relations avec les avocats
• Garantir la conformité éthique
• Former les collaborateurs aux enjeux juridiques
• Participer aux projets stratégiques

💻 Outils juridiques :
Bases légales : ROSS Intelligence, Lex Machina, Ravel Law, Excel
Documentation : Confluence
Collaboration : SharePoint, Teams
Gestion : Jira

👤 Profil recherché :
• Formation : BTS en droit (Master 2 ou équivalent)
• Expérience : Senior (5+ ans)
• Spécialisation : ROSS Intelligence, Lex Machina
• Excellente maîtrise de la rédaction juridique
• Qualités : Rigueur, analyse, pédagogie, confidentialité"
"Juriste Contentieux | Juridique | LawGeex, Kira Systems, eBrevia, Excel","Assurez la sécurité juridique de l'entreprise et conseillez les opérationnels sur les questions légales.

🎯 Missions principales :
• Rédiger et négocier les contrats commerciaux
• Conseiller les équipes sur les problématiques juridiques
• Assurer une veille juridique et réglementaire
• Gérer les contentieux et relations avec les avocats
• Garantir la conformité RGPD
• Former les collaborateurs aux enjeux juridiques
• Participer aux projets stratégiques

💻 Outils juridiques :
Bases légales : LawGeex, Kira Systems, eBrevia, Excel
Documentation : Confluence
Collaboration : SharePoint, Teams
Gestion : Jira

👤 Profil recherché :
• Formation : Bac+3 en droit (Master 2 ou équivalent)
• Expérience : 7+ ans
• Spécialisation : LawGeex, Kira Systems
• Excellente maîtrise de la rédaction juridique
• Qualités : Rigueur, analyse, pédagogie, confidentialité"
"Juriste Contentieux | Juridique | Wolters Kluwer, CCH, ProLaw, Excel","Assurez la sécurité juridique de l'entreprise et conseillez les opérationnels sur les questions légales.

🎯 Missions principales :
• Rédiger et négocier les contrats de confidentialité
• Conseiller les équipes sur les problématiques juridiques
• Assurer une veille juridique et réglementaire
• Gérer les contentieux et relations avec les avocats
• Garantir la conformité réglementaire
• Former les collaborateurs aux enjeux juridiques
• Participer aux projets stratégiques

💻 Outils juridiques :
Bases légales : Wolters Kluwer, CCH, ProLaw, Excel
Documentation : Confluence
Collaboration : SharePoint, Teams
Gestion : Trello

👤 Profil recherché :
• Formation : Bac+3 en droit (Master 2 ou équivalent)
• Expérience : 10+ ans
• Spécialisation : Wolters Kluwer, CCH
• Excellente maîtrise de la rédaction juridique
• Qualités : Rigueur, analyse, pédagogie, confidentialité"
"Juriste Propriété Intellectuelle | Juridique | AbacusLaw, Smokeball, Rocket Matter, Excel","Assurez la sécurité juridique de l'entreprise et conseillez les opérationnels sur les questions légales.

🎯 Missions principales :
• Rédiger et négocier les contrats de prestation
• Conseiller les équipes sur les problématiques juridiques
• Assurer une veille juridique et réglementaire
• Gérer les contentieux et relations avec les avocats
• Garantir la conformité réglementaire
• Former les collaborateurs aux enjeux juridiques
• Participer aux projets stratégiques

💻 Outils juridiques :
Bases légales : AbacusLaw, Smokeball, Rocket Matter, Excel
Documentation : SharePoint
Collaboration : SharePoint, Teams
Gestion : Jira

👤 Profil recherché :
• Formation : Bac+2 en droit (Master 2 ou équivalent)
• Expérience : 7+ ans
• Spécialisation : AbacusLaw, Smokeball
• Excellente maîtrise de la rédaction juridique
• Qualités : Rigueur, analyse, pédagogie, confidentialité"
"Support Technique | Support Client | Crisp, Tawk.to, Smartsupp, Slack","Assurez la satisfaction et la fidélisation des clients en leur apportant un support de qualité.

🎯 Missions principales :
• Répondre aux demandes clients (téléphone, ticket)
• Résoudre les problèmes techniques et fonctionnels
• Assurer le suivi et l'escalade des tickets complexes
• Former les clients à l'utilisation du produit
• Collecter les feedbacks et proposer des améliorations
• Maintenir la documentation support à jour
• Garantir le respect des SLA et la satisfaction client

💻 Outils support :
Ticketing : Crisp, Tawk.to, Smartsupp, Slack
Communication : Slack, Teams
Documentation : Confluence, Notion
Monitoring : Datadog

👤 Profil recherché :
• Formation : BTS
• Expérience : 2-3 ans
• Compétences : Crisp, Tawk.to
• Excellente communication écrite et orale
• Qualités : Patience, empathie, réactivité, résolution de problèmes"
"Customer Care Specialist | Support Client | Drift, Olark, Tidio, Slack","Assurez la satisfaction et la fidélisation des clients en leur apportant un support de qualité.

🎯 Missions principales :
• Répondre aux demandes clients (email, visio)
• Résoudre les problèmes techniques et fonctionnels
• Assurer le suivi et l'escalade des tickets complexes
• Former les clients à l'utilisation du produit
• Collecter les feedbacks et proposer des améliorations
• Maintenir la documentation support à jour
• Garantir le respect des SLA et la satisfaction client

💻 Outils support :
Ticketing : Drift, Olark, Tidio, Slack
Communication : Slack, Teams
Documentation : Confluence, Notion
Monitoring : Datadog

👤 Profil recherché :
• Formation : Licence
• Expérience : 5+ ans
• Compétences : Drift, Olark
• Excellente communication écrite et orale
• Qualités : Patience, empathie, réactivité, résolution de problèmes"
"Responsable Service Client | Support Client | LiveAgent, TeamSupport, Vision Helpdesk, Slack","Assurez la satisfaction et la fidélisation des clients en leur apportant un support de qualité.

🎯 Missions principales :
• Répondre aux demandes clients (téléphone, ticket)
• Résoudre les problèmes techniques et fonctionnels
• Assurer le suivi et l'escalade des tickets complexes
• Former les clients à l'utilisation du produit
• Collecter les feedbacks et proposer des améliorations
• Maintenir la documentation support à jour
• Garantir le respect des SLA et la satisfaction client

💻 Outils support :
Ticketing : LiveAgent, TeamSupport, Vision Helpdesk, Slack
Communication : Zoom, Google Meet
Documentation : Confluence, Notion
Monitoring : Datadog

👤 Profil recherché :
• Formation : DUT
• Expérience : Senior (5+ ans)
• Compétences : LiveAgent, TeamSupport
• Excellente communication écrite et orale
• Qualités : Patience, empathie, réactivité, résolution de problèmes"
"Chargé de Support Client | Support Client | Groove, Helpjuice, Document360, Teams","Assurez la satisfaction et la fidélisation des clients en leur apportant un support de qualité.

🎯 Missions principales :
• Répondre aux demandes clients (téléphone, ticket)
• Résoudre les problèmes techniques et fonctionnels
• Assurer le suivi et l'escalade des tickets complexes
• Former les clients à l'utilisation du produit
• Collecter les feedbacks et proposer des améliorations
• Maintenir la documentation support à jour
• Garantir le respect des SLA et la satisfaction client

💻 Outils support :
Ticketing : Groove, Helpjuice, Document360, Teams
Communication : Slack, Teams
Documentation : Confluence, Notion
Monitoring : Grafana

👤 Profil recherché :
• Formation : DUT
• Expérience : 10+ ans
• Compétences : Groove, Helpjuice
• Excellente communication écrite et orale
• Qualités : Patience, empathie, réactivité, résolution de problèmes"
"Agent Support | Support Client | LiveAgent, TeamSupport, Vision Helpdesk, Slack","Assurez la satisfaction et la fidélisation des clients en leur apportant un support de qualité.

🎯 Missions principales :
• Répondre aux demandes clients (email, visio)
• Résoudre les problèmes techniques et fonctionnels
• Assurer le suivi et l'escalade des tickets complexes
• Former les clients à l'utilisation du produit
• Collecter les feedbacks et proposer des améliorations
• Maintenir la documentation support à jour
• Garantir le respect des SLA et la satisfaction client

💻 Outils support :
Ticketing : LiveAgent, TeamSupport, Vision Helpdesk, Slack
Communication : Zoom, Google Meet
Documentation : Confluence, Notion
Monitoring : Datadog

👤 Profil recherché :
• Formation : Doctorat
• Expérience : Senior (5+ ans)
• Compétences : LiveAgent, TeamSupport
• Excellente communication écrite et orale
• Qualités : Patience, empathie, réactivité, résolution de problèmes"
"Responsable Service Client | Support Client | Zoho Desk, Monday.com, Teams, Excel","Assurez la satisfaction et la fidélisation des clients en leur apportant un support de qualité.

🎯 Missions principales :
• Répondre aux demandes clients (email, visio)
• Résoudre les problèmes techniques et fonctionnels
• Assurer le suivi et l'escalade des tickets complexes
• Former les clients à l'utilisation du produit
• Collecter les feedbacks et proposer des améliorations
• Maintenir la documentation support à jour
• Garantir le respect des SLA et la satisfaction client

💻 Outils support :
Ticketing : Zoho Desk, Monday.com, Teams, Excel
Communication : Zoom, Google Meet
Documentation : Confluence, Notion
Monitoring : Grafana

👤 Profil recherché :
• Formation : Bac+5
• Expérience : Senior (5+ ans)
• Compétences : Zoho Desk, Monday.com
• Excellente communication écrite et orale
• Qualités : Patience, empathie, réactivité, résolution de problèmes"
"Chargé de Support Client | Support Client | Zoho Desk, Monday.com, Teams, Excel","Assurez la satisfaction et la fidélisation des clients en leur apportant un support de qualité.

🎯 Missions principales :
• Répondre aux demandes clients (email, chat, téléphone)
• Résoudre les problèmes techniques et fonctionnels
• Assurer le suivi et l'escalade des tickets complexes
• Former les clients à l'utilisation du produit
• Collecter les feedbacks et proposer des améliorations
• Maintenir la documentation support à jour
• Garantir le respect des SLA et la satisfaction client

💻 Outils support :
Ticketing : Zoho Desk, Monday.com, Teams, Excel
Communication : Phone, Email
Documentation : Confluence, Notion
Monitoring : New Relic

👤 Profil recherché :
• Formation : Master 2
• Expérience : 2-3 ans
• Compétences : Zoho Desk, Monday.com
• Excellente communication écrite et orale
• Qualités : Patience, empathie, réactivité, résolution de problèmes"
"Client Onboarding Specialist | Support Client | Help Scout, Kayako, Front, Slack","Assurez la satisfaction et la fidélisation des clients en leur apportant un support de qualité.

🎯 Missions principales :
• Répondre aux demandes clients (téléphone, ticket)
• Résoudre les problèmes techniques et fonctionnels
• Assurer le suivi et l'escalade des tickets complexes
• Former les clients à l'utilisation du produit
• Collecter les feedbacks et proposer des améliorations
• Maintenir la documentation support à jour
• Garantir le respect des SLA et la satisfaction client

💻 Outils support :
Ticketing : Help Scout, Kayako, Front, Slack
Communication : Slack, Teams
Documentation : Confluence, Notion
Monitoring : New Relic

👤 Profil recherché :
• Formation : Licence
• Expérience : 5+ ans
• Compétences : Help Scout, Kayako
• Excellente communication écrite et orale
• Qualités : Patience, empathie, réactivité, résolution de problèmes"
"Support Team Lead | Support Client | Help Scout, Kayako, Front, Slack","Assurez la satisfaction et la fidélisation des clients en leur apportant un support de qualité.

🎯 Missions principales :
• Répondre aux demandes clients (email, chat, téléphone)
• Résoudre les problèmes techniques et fonctionnels
• Assurer le suivi et l'escalade des tickets complexes
• Former les clients à l'utilisation du produit
• Collecter les feedbacks et proposer des améliorations
• Maintenir la documentation support à jour
• Garantir le respect des SLA et la satisfaction client

💻 Outils support :
Ticketing : Help Scout, Kayako, Front, Slack
Communication : Zoom, Google Meet
Documentation : Confluence, Notion
Monitoring : New Relic

👤 Profil recherché :
• Formation : Doctorat
• Expérience : 5+ ans
• Compétences : Help Scout, Kayako
• Excellente communication écrite et orale
• Qualités : Patience, empathie, réactivité, résolution de problèmes"
"Customer Care Specialist | Support Client | Zendesk, Intercom, Freshdesk, Slack","Assurez la satisfaction et la fidélisation des clients en leur apportant un support de qualité.

🎯 Missions principales :
• Répondre aux demandes clients (téléphone, ticket)
• Résoudre les problèmes techniques et fonctionnels
• Assurer le suivi et l'escalade des tickets complexes
• Former les clients à l'utilisation du produit
• Collecter les feedbacks et proposer des améliorations
• Maintenir la documentation support à jour
• Garantir le respect des SLA et la satisfaction client

💻 Outils support :
Ticketing : Zendesk, Intercom, Freshdesk, Slack
Communication : Zoom, Google Meet
Documentation : Confluence, Notion
Monitoring : Datadog

👤 Profil recherché :
• Formation : BTS
• Expérience : 1-2 ans
• Compétences : Zendesk, Intercom
• Excellente communication écrite et orale
• Qualités : Patience, empathie, réactivité, résolution de problèmes"
"Support Team Lead | Support Client | Help Scout, Kayako, Front, Slack","Assurez la satisfaction et la fidélisation des clients en leur apportant un support de qualité.

🎯 Missions principales :
• Répondre aux demandes clients (email, chat, téléphone)
• Résoudre les problèmes techniques et fonctionnels
• Assurer le suivi et l'escalade des tickets complexes
• Former les clients à l'utilisation du produit
• Collecter les feedbacks et proposer des améliorations
• Maintenir la documentation support à jour
• Garantir le respect des SLA et la satisfaction client

💻 Outils support :
Ticketing : Help Scout, Kayako, Front, Slack
Communication : Slack, Teams
Documentation : Confluence, Notion
Monitoring : Grafana

👤 Profil recherché :
• Formation : Bac+2
• Expérience : 3-5 ans
• Compétences : Help Scout, Kayako
• Excellente communication écrite et orale
• Qualités : Patience, empathie, réactivité, résolution de problèmes"
"Responsable Service Client | Support Client | Freshservice, ServiceNow, Jira Service Desk, Teams","Assurez la satisfaction et la fidélisation des clients en leur apportant un support de qualité.

🎯 Missions principales :
• Répondre aux demandes clients (téléphone, ticket)
• Résoudre les problèmes techniques et fonctionnels
• Assurer le suivi et l'escalade des tickets complexes
• Former les clients à l'utilisation du produit
• Collecter les feedbacks et proposer des améliorations
• Maintenir la documentation support à jour
• Garantir le respect des SLA et la satisfaction client

💻 Outils support :
Ticketing : Freshservice, ServiceNow, Jira Service Desk, Teams
Communication : Zoom, Google Meet
Documentation : Confluence, Notion
Monitoring : Datadog

👤 Profil recherché :
• Formation : DUT
• Expérience : 1-2 ans
• Compétences : Freshservice, ServiceNow
• Excellente communication écrite et orale
• Qualités : Patience, empathie, réactivité, résolution de problèmes"
"Responsable Service Client | Support Client | Drift, Olark, Tidio, Slack","Assurez la satisfaction et la fidélisation des clients en leur apportant un support de qualité.

🎯 Missions principales :
• Répondre aux demandes clients (email, chat, téléphone)
• Résoudre les problèmes techniques et fonctionnels
• Assurer le suivi et l'escalade des tickets complexes
• Former les clients à l'utilisation du produit
• Collecter les feedbacks et proposer des améliorations
• Maintenir la documentation support à jour
• Garantir le respect des SLA et la satisfaction client

💻 Outils support :
Ticketing : Drift, Olark, Tidio, Slack
Communication : Slack, Teams
Documentation : Confluence, Notion
Monitoring : Grafana

👤 Profil recherché :
• Formation : Bac+3
• Expérience : 2-3 ans
• Compétences : Drift, Olark
• Excellente communication écrite et orale
• Qualités : Patience, empathie, réactivité, résolution de problèmes"
"Chargé de Support Client | Support Client | Acquire, Comm100, Pure Chat, Zoom","Assurez la satisfaction et la fidélisation des clients en leur apportant un support de qualité.

🎯 Missions principales :
• Répondre aux demandes clients (ticket, chat live)
• Résoudre les problèmes techniques et fonctionnels
• Assurer le suivi et l'escalade des tickets complexes
• Former les clients à l'utilisation du produit
• Collecter les feedbacks et proposer des améliorations
• Maintenir la documentation support à jour
• Garantir le respect des SLA et la satisfaction client

💻 Outils support :
Ticketing : Acquire, Comm100, Pure Chat, Zoom
Communication : Slack, Teams
Documentation : Confluence, Notion
Monitoring : New Relic

👤 Profil recherché :
• Formation : BTS
• Expérience : 3-5 ans
• Compétences : Acquire, Comm100
• Excellente communication écrite et orale
• Qualités : Patience, empathie, réactivité, résolution de problèmes"
"Agent Support | Support Client | Gorgias, Re:amaze, Richpanel, Shopify","Assurez la satisfaction et la fidélisation des clients en leur apportant un support de qualité.

🎯 Missions principales :
• Répondre aux demandes clients (email, visio)
• Résoudre les problèmes techniques et fonctionnels
• Assurer le suivi et l'escalade des tickets complexes
• Former les clients à l'utilisation du produit
• Collecter les feedbacks et proposer des améliorations
• Maintenir la documentation support à jour
• Garantir le respect des SLA et la satisfaction client

💻 Outils support :
Ticketing : Gorgias, Re:amaze, Richpanel, Shopify
Communication : Phone, Email
Documentation : Confluence, Notion
Monitoring : Datadog

👤 Profil recherché :
• Formation : BTS
• Expérience : Expert (7+ ans)
• Compétences : Gorgias, Re:amaze
• Excellente communication écrite et orale
• Qualités : Patience, empathie, réactivité, résolution de problèmes"
"Technical Support Engineer | Support Client | Kustomer, Gladly, Dixa, Zoom","Assurez la satisfaction et la fidélisation des clients en leur apportant un support de qualité.

🎯 Missions principales :
• Répondre aux demandes clients (email, chat, téléphone)
• Résoudre les problèmes techniques et fonctionnels
• Assurer le suivi et l'escalade des tickets complexes
• Former les clients à l'utilisation du produit
• Collecter les feedbacks et proposer des améliorations
• Maintenir la documentation support à jour
• Garantir le respect des SLA et la satisfaction client

💻 Outils support :
Ticketing : Kustomer, Gladly, Dixa, Zoom
Communication : Slack, Teams
Documentation : Confluence, Notion
Monitoring : Datadog

👤 Profil recherché :
• Formation : Licence
• Expérience : 2-3 ans
• Compétences : Kustomer, Gladly
• Excellente communication écrite et orale
• Qualités : Patience, empathie, réactivité, résolution de problèmes"
"Support Technique | Support Client | Acquire, Comm100, Pure Chat, Zoom","Assurez la satisfaction et la fidélisation des clients en leur apportant un support de qualité.

🎯 Missions principales :
• Répondre aux demandes clients (téléphone, ticket)
• Résoudre les problèmes techniques et fonctionnels
• Assurer le suivi et l'escalade des tickets complexes
• Former les clients à l'utilisation du produit
• Collecter les feedbacks et proposer des améliorations
• Maintenir la documentation support à jour
• Garantir le respect des SLA et la satisfaction client

💻 Outils support :
Ticketing : Acquire, Comm100, Pure Chat, Zoom
Communication : Phone, Email
Documentation : Confluence, Notion
Monitoring : Grafana

👤 Profil recherché :
• Formation : Master 2
• Expérience : 3-5 ans
• Compétences : Acquire, Comm100
• Excellente communication écrite et orale
• Qualités : Patience, empathie, réactivité, résolution de problèmes"
"Support Team Lead | Support Client | Zendesk, Intercom, Freshdesk, Slack","Assurez la satisfaction et la fidélisation des clients en leur apportant un support de qualité.

🎯 Missions principales :
• Répondre aux demandes clients (email, chat, téléphone)
• Résoudre les problèmes techniques et fonctionnels
• Assurer le suivi et l'escalade des tickets complexes
• Former les clients à l'utilisation du produit
• Collecter les feedbacks et proposer des améliorations
• Maintenir la documentation support à jour
• Garantir le respect des SLA et la satisfaction client

💻 Outils support :
Ticketing : Zendesk, Intercom, Freshdesk, Slack
Communication : Zoom, Google Meet
Documentation : Confluence, Notion
Monitoring : Datadog

👤 Profil recherché :
• Formation : Licence
• Expérience : 5+ ans
• Compétences : Zendesk, Intercom
• Excellente communication écrite et orale
• Qualités : Patience, empathie, réactivité, résolution de problèmes"
"Chargé de Support Client | Support Client | Salesforce Service Cloud, Jira, Confluence, Zoom","Assurez la satisfaction et la fidélisation des clients en leur apportant un support de qualité.

🎯 Missions principales :
• Répondre aux demandes clients (ticket, chat live)
• Résoudre les problèmes techniques et fonctionnels
• Assurer le suivi et l'escalade des tickets complexes
• Former les clients à l'utilisation du produit
• Collecter les feedbacks et proposer des améliorations
• Maintenir la documentation support à jour
• Garantir le respect des SLA et la satisfaction client

💻 Outils support :
Ticketing : Salesforce Service Cloud, Jira, Confluence, Zoom
Communication : Phone, Email
Documentation : Confluence, Notion
Monitoring : New Relic

👤 Profil recherché :
• Formation : Bac+3
• Expérience : Junior (0-2 ans)
• Compétences : Salesforce Service Cloud, Jira
• Excellente communication écrite et orale
• Qualités : Patience, empathie, réactivité, résolution de problèmes"
"Agent Support | Support Client | LiveAgent, TeamSupport, Vision Helpdesk, Slack","Assurez la satisfaction et la fidélisation des clients en leur apportant un support de qualité.

🎯 Missions principales :
• Répondre aux demandes clients (ticket, chat live)
• Résoudre les problèmes techniques et fonctionnels
• Assurer le suivi et l'escalade des tickets complexes
• Former les clients à l'utilisation du produit
• Collecter les feedbacks et proposer des améliorations
• Maintenir la documentation support à jour
• Garantir le respect des SLA et la satisfaction client

💻 Outils support :
Ticketing : LiveAgent, TeamSupport, Vision Helpdesk, Slack
Communication : Slack, Teams
Documentation : Confluence, Notion
Monitoring : Datadog

👤 Profil recherché :
• Formation : BTS
• Expérience : Junior (0-2 ans)
• Compétences : LiveAgent, TeamSupport
• Excellente communication écrite et orale
• Qualités : Patience, empathie, réactivité, résolution de problèmes"
"Technical Support Engineer | Support Client | Kustomer, Gladly, Dixa, Zoom","Assurez la satisfaction et la fidélisation des clients en leur apportant un support de qualité.

🎯 Missions principales :
• Répondre aux demandes clients (email, chat, téléphone)
• Résoudre les problèmes techniques et fonctionnels
• Assurer le suivi et l'escalade des tickets complexes
• Former les clients à l'utilisation du produit
• Collecter les feedbacks et proposer des améliorations
• Maintenir la documentation support à jour
• Garantir le respect des SLA et la satisfaction client

💻 Outils support :
Ticketing : Kustomer, Gladly, Dixa, Zoom
Communication : Zoom, Google Meet
Documentation : Confluence, Notion
Monitoring : Grafana

👤 Profil recherché :
• Formation : Doctorat
• Expérience : 5+ ans
• Compétences : Kustomer, Gladly
• Excellente communication écrite et orale
• Qualités : Patience, empathie, réactivité, résolution de problèmes"
"Support Technique | Support Client | Zendesk, Intercom, Freshdesk, Slack","Assurez la satisfaction et la fidélisation des clients en leur apportant un support de qualité.

🎯 Missions principales :
• Répondre aux demandes clients (téléphone, ticket)
• Résoudre les problèmes techniques et fonctionnels
• Assurer le suivi et l'escalade des tickets complexes
• Former les clients à l'utilisation du produit
• Collecter les feedbacks et proposer des améliorations
• Maintenir la documentation support à jour
• Garantir le respect des SLA et la satisfaction client

💻 Outils support :
Ticketing : Zendesk, Intercom, Freshdesk, Slack
Communication : Slack, Teams
Documentation : Confluence, Notion
Monitoring : New Relic

👤 Profil recherché :
• Formation : Licence
• Expérience : 10+ ans
• Compétences : Zendesk, Intercom
• Excellente communication écrite et orale
• Qualités : Patience, empathie, réactivité, résolution de problèmes"
"Technical Support Engineer | Support Client | Help Scout, Kayako, Front, Slack","Assurez la satisfaction et la fidélisation des clients en leur apportant un support de qualité.

🎯 Missions principales :
• Répondre aux demandes clients (email, chat, téléphone)
• Résoudre les problèmes techniques et fonctionnels
• Assurer le suivi et l'escalade des tickets complexes
• Former les clients à l'utilisation du produit
• Collecter les feedbacks et proposer des améliorations
• Maintenir la documentation support à jour
• Garantir le respect des SLA et la satisfaction client

💻 Outils support :
Ticketing : Help Scout, Kayako, Front, Slack
Communication : Zoom, Google Meet
Documentation : Confluence, Notion
Monitoring : Grafana

👤 Profil recherché :
• Formation : Bac+3
• Expérience : Confirmé (3-5 ans)
• Compétences : Help Scout, Kayako
• Excellente communication écrite et orale
• Qualités : Patience, empathie, réactivité, résolution de problèmes"
"Customer Experience Manager | Support Client | Drift, Olark, Tidio, Slack","Assurez la satisfaction et la fidélisation des clients en leur apportant un support de qualité.

🎯 Missions principales :
• Répondre aux demandes clients (téléphone, ticket)
• Résoudre les problèmes techniques et fonctionnels
• Assurer le suivi et l'escalade des tickets complexes
• Former les clients à l'utilisation du produit
• Collecter les feedbacks et proposer des améliorations
• Maintenir la documentation support à jour
• Garantir le respect des SLA et la satisfaction client

💻 Outils support :
Ticketing : Drift, Olark, Tidio, Slack
Communication : Phone, Email
Documentation : Confluence, Notion
Monitoring : Grafana

👤 Profil recherché :
• Formation : Bac+4
• Expérience : Confirmé (3-5 ans)
• Compétences : Drift, Olark
• Excellente communication écrite et orale
• Qualités : Patience, empathie, réactivité, résolution de problèmes"
"Chargé de Support Client | Support Client | ProProfs, Helpshift, UserVoice, Intercom","Assurez la satisfaction et la fidélisation des clients en leur apportant un support de qualité.

🎯 Missions principales :
• Répondre aux demandes clients (téléphone, ticket)
• Résoudre les problèmes techniques et fonctionnels
• Assurer le suivi et l'escalade des tickets complexes
• Former les clients à l'utilisation du produit
• Collecter les feedbacks et proposer des améliorations
• Maintenir la documentation support à jour
• Garantir le respect des SLA et la satisfaction client

💻 Outils support :
Ticketing : ProProfs, Helpshift, UserVoice, Intercom
Communication : Zoom, Google Meet
Documentation : Confluence, Notion
Monitoring : Datadog

👤 Profil recherché :
• Formation : Bac+5
• Expérience : Junior (0-2 ans)
• Compétences : ProProfs, Helpshift
• Excellente communication écrite et orale
• Qualités : Patience, empathie, réactivité, résolution de problèmes"
"Customer Experience Manager | Support Client | Salesforce Service Cloud, Jira, Confluence, Zoom","Assurez la satisfaction et la fidélisation des clients en leur apportant un support de qualité.

🎯 Missions principales :
• Répondre aux demandes clients (ticket, chat live)
• Résoudre les problèmes techniques et fonctionnels
• Assurer le suivi et l'escalade des tickets complexes
• Former les clients à l'utilisation du produit
• Collecter les feedbacks et proposer des améliorations
• Maintenir la documentation support à jour
• Garantir le respect des SLA et la satisfaction client

💻 Outils support :
Ticketing : Salesforce Service Cloud, Jira, Confluence, Zoom
Communication : Phone, Email
Documentation : Confluence, Notion
Monitoring : Datadog

👤 Profil recherché :
• Formation : Doctorat
• Expérience : 5+ ans
• Compétences : Salesforce Service Cloud, Jira
• Excellente communication écrite et orale
• Qualités : Patience, empathie, réactivité, résolution de problèmes"
"Support Team Lead | Support Client | Salesforce Service Cloud, Jira, Confluence, Zoom","Assurez la satisfaction et la fidélisation des clients en leur apportant un support de qualité.

🎯 Missions principales :
• Répondre aux demandes clients (ticket, chat live)
• Résoudre les problèmes techniques et fonctionnels
• Assurer le suivi et l'escalade des tickets complexes
• Former les clients à l'utilisation du produit
• Collecter les feedbacks et proposer des améliorations
• Maintenir la documentation support à jour
• Garantir le respect des SLA et la satisfaction client

💻 Outils support :
Ticketing : Salesforce Service Cloud, Jira, Confluence, Zoom
Communication : Zoom, Google Meet
Documentation : Confluence, Notion
Monitoring : New Relic

👤 Profil recherché :
• Formation : DUT
• Expérience : Confirmé (3-5 ans)
• Compétences : Salesforce Service Cloud, Jira
• Excellente communication écrite et orale
• Qualités : Patience, empathie, réactivité, résolution de problèmes"
"Customer Experience Manager | Support Client | Freshservice, ServiceNow, Jira Service Desk, Teams","Assurez la satisfaction et la fidélisation des clients en leur apportant un support de qualité.

🎯 Missions principales :
• Répondre aux demandes clients (email, chat, téléphone)
• Résoudre les problèmes techniques et fonctionnels
• Assurer le suivi et l'escalade des tickets complexes
• Former les clients à l'utilisation du produit
• Collecter les feedbacks et proposer des améliorations
• Maintenir la documentation support à jour
• Garantir le respect des SLA et la satisfaction client

💻 Outils support :
Ticketing : Freshservice, ServiceNow, Jira Service Desk, Teams
Communication : Slack, Teams
Documentation : Confluence, Notion
Monitoring : Grafana

👤 Profil recherché :
• Formation : Bac+2
• Expérience : Junior (0-2 ans)
• Compétences : Freshservice, ServiceNow
• Excellente communication écrite et orale
• Qualités : Patience, empathie, réactivité, résolution de problèmes"
"Support Team Lead | Support Client | Chaport, Podium, JivoChat, Teams","Assurez la satisfaction et la fidélisation des clients en leur apportant un support de qualité.

🎯 Missions principales :
• Répondre aux demandes clients (email, visio)
• Résoudre les problèmes techniques et fonctionnels
• Assurer le suivi et l'escalade des tickets complexes
• Former les clients à l'utilisation du produit
• Collecter les feedbacks et proposer des améliorations
• Maintenir la documentation support à jour
• Garantir le respect des SLA et la satisfaction client

💻 Outils support :
Ticketing : Chaport, Podium, JivoChat, Teams
Communication : Phone, Email
Documentation : Confluence, Notion
Monitoring : New Relic

👤 Profil recherché :
• Formation : Bac+2
• Expérience : Confirmé (3-5 ans)
• Compétences : Chaport, Podium
• Excellente communication écrite et orale
• Qualités : Patience, empathie, réactivité, résolution de problèmes"
"Customer Care Specialist | Support Client | ProProfs, Helpshift, UserVoice, Intercom","Assurez la satisfaction et la fidélisation des clients en leur apportant un support de qualité.

🎯 Missions principales :
• Répondre aux demandes clients (email, visio)
• Résoudre les problèmes techniques et fonctionnels
• Assurer le suivi et l'escalade des tickets complexes
• Former les clients à l'utilisation du produit
• Collecter les feedbacks et proposer des améliorations
• Maintenir la documentation support à jour
• Garantir le respect des SLA et la satisfaction client

💻 Outils support :
Ticketing : ProProfs, Helpshift, UserVoice, Intercom
Communication : Phone, Email
Documentation : Confluence, Notion
Monitoring : Grafana

👤 Profil recherché :
• Formation : Bac+2
• Expérience : Junior (0-2 ans)
• Compétences : ProProfs, Helpshift
• Excellente communication écrite et orale
• Qualités : Patience, empathie, réactivité, résolution de problèmes"
"Agent Support | Support Client | LiveAgent, TeamSupport, Vision Helpdesk, Slack","Assurez la satisfaction et la fidélisation des clients en leur apportant un support de qualité.

🎯 Missions principales :
• Répondre aux demandes clients (téléphone, ticket)
• Résoudre les problèmes techniques et fonctionnels
• Assurer le suivi et l'escalade des tickets complexes
• Former les clients à l'utilisation du produit
• Collecter les feedbacks et proposer des améliorations
• Maintenir la documentation support à jour
• Garantir le respect des SLA et la satisfaction client

💻 Outils support :
Ticketing : LiveAgent, TeamSupport, Vision Helpdesk, Slack
Communication : Phone, Email
Documentation : Confluence, Notion
Monitoring : Datadog

👤 Profil recherché :
• Formation : DUT
• Expérience : Expert (7+ ans)
• Compétences : LiveAgent, TeamSupport
• Excellente communication écrite et orale
• Qualités : Patience, empathie, réactivité, résolution de problèmes"
"Agent Support | Support Client | LiveAgent, TeamSupport, Vision Helpdesk, Slack","Assurez la satisfaction et la fidélisation des clients en leur apportant un support de qualité.

🎯 Missions principales :
• Répondre aux demandes clients (email, visio)
• Résoudre les problèmes techniques et fonctionnels
• Assurer le suivi et l'escalade des tickets complexes
• Former les clients à l'utilisation du produit
• Collecter les feedbacks et proposer des améliorations
• Maintenir la documentation support à jour
• Garantir le respect des SLA et la satisfaction client

💻 Outils support :
Ticketing : LiveAgent, TeamSupport, Vision Helpdesk, Slack
Communication : Slack, Teams
Documentation : Confluence, Notion
Monitoring : Grafana

👤 Profil recherché :
• Formation : Master 2
• Expérience : Expert (7+ ans)
• Compétences : LiveAgent, TeamSupport
• Excellente communication écrite et orale
• Qualités : Patience, empathie, réactivité, résolution de problèmes"
"Technical Support Engineer | Support Client | Groove, Helpjuice, Document360, Teams","Assurez la satisfaction et la fidélisation des clients en leur apportant un support de qualité.

🎯 Missions principales :
• Répondre aux demandes clients (ticket, chat live)
• Résoudre les problèmes techniques et fonctionnels
• Assurer le suivi et l'escalade des tickets complexes
• Former les clients à l'utilisation du produit
• Collecter les feedbacks et proposer des améliorations
• Maintenir la documentation support à jour
• Garantir le respect des SLA et la satisfaction client

💻 Outils support :
Ticketing : Groove, Helpjuice, Document360, Teams
Communication : Slack, Teams
Documentation : Confluence, Notion
Monitoring : Datadog

👤 Profil recherché :
• Formation : Bac+2
• Expérience : Senior (5+ ans)
• Compétences : Groove, Helpjuice
• Excellente communication écrite et orale
• Qualités : Patience, empathie, réactivité, résolution de problèmes"
"Customer Care Specialist | Support Client | Gorgias, Re:amaze, Richpanel, Shopify","Assurez la satisfaction et la fidélisation des clients en leur apportant un support de qualité.

🎯 Missions principales :
• Répondre aux demandes clients (téléphone, ticket)
• Résoudre les problèmes techniques et fonctionnels
• Assurer le suivi et l'escalade des tickets complexes
• Former les clients à l'utilisation du produit
• Collecter les feedbacks et proposer des améliorations
• Maintenir la documentation support à jour
• Garantir le respect des SLA et la satisfaction client

💻 Outils support :
Ticketing : Gorgias, Re:amaze, Richpanel, Shopify
Communication : Phone, Email
Documentation : Confluence, Notion
Monitoring : Datadog

👤 Profil recherché :
• Formation : Licence
• Expérience : Confirmé (3-5 ans)
• Compétences : Gorgias, Re:amaze
• Excellente communication écrite et orale
• Qualités : Patience, empathie, réactivité, résolution de problèmes"
"Customer Success Manager | Support Client | HubSpot, LiveChat, Aircall, Notion","Assurez la satisfaction et la fidélisation des clients en leur apportant un support de qualité.

🎯 Missions principales :
• Répondre aux demandes clients (email, chat, téléphone)
• Résoudre les problèmes techniques et fonctionnels
• Assurer le suivi et l'escalade des tickets complexes
• Former les clients à l'utilisation du produit
• Collecter les feedbacks et proposer des améliorations
• Maintenir la documentation support à jour
• Garantir le respect des SLA et la satisfaction client

💻 Outils support :
Ticketing : HubSpot, LiveChat, Aircall, Notion
Communication : Zoom, Google Meet
Documentation : Confluence, Notion
Monitoring : Datadog

👤 Profil recherché :
• Formation : DUT
• Expérience : 5+ ans
• Compétences : HubSpot, LiveChat
• Excellente communication écrite et orale
• Qualités : Patience, empathie, réactivité, résolution de problèmes"
"Technical Support Engineer | Support Client | HubSpot, LiveChat, Aircall, Notion","Assurez la satisfaction et la fidélisation des clients en leur apportant un support de qualité.

🎯 Missions principales :
• Répondre aux demandes clients (ticket, chat live)
• Résoudre les problèmes techniques et fonctionnels
• Assurer le suivi et l'escalade des tickets complexes
• Former les clients à l'utilisation du produit
• Collecter les feedbacks et proposer des améliorations
• Maintenir la documentation support à jour
• Garantir le respect des SLA et la satisfaction client

💻 Outils support :
Ticketing : HubSpot, LiveChat, Aircall, Notion
Communication : Zoom, Google Meet
Documentation : Confluence, Notion
Monitoring : New Relic

👤 Profil recherché :
• Formation : Licence
• Expérience : Junior (0-2 ans)
• Compétences : HubSpot, LiveChat
• Excellente communication écrite et orale
• Qualités : Patience, empathie, réactivité, résolution de problèmes"
"Customer Experience Manager | Support Client | Groove, Helpjuice, Document360, Teams","Assurez la satisfaction et la fidélisation des clients en leur apportant un support de qualité.

🎯 Missions principales :
• Répondre aux demandes clients (email, visio)
• Résoudre les problèmes techniques et fonctionnels
• Assurer le suivi et l'escalade des tickets complexes
• Former les clients à l'utilisation du produit
• Collecter les feedbacks et proposer des améliorations
• Maintenir la documentation support à jour
• Garantir le respect des SLA et la satisfaction client

💻 Outils support :
Ticketing : Groove, Helpjuice, Document360, Teams
Communication : Zoom, Google Meet
Documentation : Confluence, Notion
Monitoring : New Relic

👤 Profil recherché :
• Formation : Master 2
• Expérience : 5+ ans
• Compétences : Groove, Helpjuice
• Excellente communication écrite et orale
• Qualités : Patience, empathie, réactivité, résolution de problèmes"
"Technical Support Engineer | Support Client | ProProfs, Helpshift, UserVoice, Intercom","Assurez la satisfaction et la fidélisation des clients en leur apportant un support de qualité.

🎯 Missions principales :
• Répondre aux demandes clients (email, chat, téléphone)
• Résoudre les problèmes techniques et fonctionnels
• Assurer le suivi et l'escalade des tickets complexes
• Former les clients à l'utilisation du produit
• Collecter les feedbacks et proposer des améliorations
• Maintenir la documentation support à jour
• Garantir le respect des SLA et la satisfaction client

💻 Outils support :
Ticketing : ProProfs, Helpshift, UserVoice, Intercom
Communication : Slack, Teams
Documentation : Confluence, Notion
Monitoring : New Relic

👤 Profil recherché :
• Formation : Bac+3
• Expérience : 7+ ans
• Compétences : ProProfs, Helpshift
• Excellente communication écrite et orale
• Qualités : Patience, empathie, réactivité, résolution de problèmes"
"Technical Support Engineer | Support Client | Zendesk, Intercom, Freshdesk, Slack","Assurez la satisfaction et la fidélisation des clients en leur apportant un support de qualité.

🎯 Missions principales :
• Répondre aux demandes clients (email, chat, téléphone)
• Résoudre les problèmes techniques et fonctionnels
• Assurer le suivi et l'escalade des tickets complexes
• Former les clients à l'utilisation du produit
• Collecter les feedbacks et proposer des améliorations
• Maintenir la documentation support à jour
• Garantir le respect des SLA et la satisfaction client

💻 Outils support :
Ticketing : Zendesk, Intercom, Freshdesk, Slack
Communication : Slack, Teams
Documentation : Confluence, Notion
Monitoring : New Relic

👤 Profil recherché :
• Formation : Doctorat
• Expérience : 1-2 ans
• Compétences : Zendesk, Intercom
• Excellente communication écrite et orale
• Qualités : Patience, empathie, réactivité, résolution de problèmes"
"Chargé de Support Client | Support Client | Groove, Helpjuice, Document360, Teams","Assurez la satisfaction et la fidélisation des clients en leur apportant un support de qualité.

🎯 Missions principales :
• Répondre aux demandes clients (téléphone, ticket)
• Résoudre les problèmes techniques et fonctionnels
• Assurer le suivi et l'escalade des tickets complexes
• Former les clients à l'utilisation du produit
• Collecter les feedbacks et proposer des améliorations
• Maintenir la documentation support à jour
• Garantir le respect des SLA et la satisfaction client

💻 Outils support :
Ticketing : Groove, Helpjuice, Document360, Teams
Communication : Phone, Email
Documentation : Confluence, Notion
Monitoring : Datadog

👤 Profil recherché :
• Formation : Bac+4
• Expérience : Junior (0-2 ans)
• Compétences : Groove, Helpjuice
• Excellente communication écrite et orale
• Qualités : Patience, empathie, réactivité, résolution de problèmes"
"Technical Support Engineer | Support Client | Acquire, Comm100, Pure Chat, Zoom","Assurez la satisfaction et la fidélisation des clients en leur apportant un support de qualité.

🎯 Missions principales :
• Répondre aux demandes clients (email, chat, téléphone)
• Résoudre les problèmes techniques et fonctionnels
• Assurer le suivi et l'escalade des tickets complexes
• Former les clients à l'utilisation du produit
• Collecter les feedbacks et proposer des améliorations
• Maintenir la documentation support à jour
• Garantir le respect des SLA et la satisfaction client

💻 Outils support :
Ticketing : Acquire, Comm100, Pure Chat, Zoom
Communication : Zoom, Google Meet
Documentation : Confluence, Notion
Monitoring : New Relic

👤 Profil recherché :
• Formation : Bac+2
• Expérience : 7+ ans
• Compétences : Acquire, Comm100
• Excellente communication écrite et orale
• Qualités : Patience, empathie, réactivité, résolution de problèmes"
"Support Technique | Support Client | Groove, Helpjuice, Document360, Teams","Assurez la satisfaction et la fidélisation des clients en leur apportant un support de qualité.

🎯 Missions principales :
• Répondre aux demandes clients (email, visio)
• Résoudre les problèmes techniques et fonctionnels
• Assurer le suivi et l'escalade des tickets complexes
• Former les clients à l'utilisation du produit
• Collecter les feedbacks et proposer des améliorations
• Maintenir la documentation support à jour
• Garantir le respect des SLA et la satisfaction client

💻 Outils support :
Ticketing : Groove, Helpjuice, Document360, Teams
Communication : Zoom, Google Meet
Documentation : Confluence, Notion
Monitoring : Datadog

👤 Profil recherché :
• Formation : Bac+4
• Expérience : Confirmé (3-5 ans)
• Compétences : Groove, Helpjuice
• Excellente communication écrite et orale
• Qualités : Patience, empathie, réactivité, résolution de problèmes"
"Support Technique | Support Client | HubSpot, LiveChat, Aircall, Notion","Assurez la satisfaction et la fidélisation des clients en leur apportant un support de qualité.

🎯 Missions principales :
• Répondre aux demandes clients (email, chat, téléphone)
• Résoudre les problèmes techniques et fonctionnels
• Assurer le suivi et l'escalade des tickets complexes
• Former les clients à l'utilisation du produit
• Collecter les feedbacks et proposer des améliorations
• Maintenir la documentation support à jour
• Garantir le respect des SLA et la satisfaction client

💻 Outils support :
Ticketing : HubSpot, LiveChat, Aircall, Notion
Communication : Slack, Teams
Documentation : Confluence, Notion
Monitoring : Datadog

👤 Profil recherché :
• Formation : Bac+4
• Expérience : 3-5 ans
• Compétences : HubSpot, LiveChat
• Excellente communication écrite et orale
• Qualités : Patience, empathie, réactivité, résolution de problèmes"
"Client Onboarding Specialist | Support Client | Freshservice, ServiceNow, Jira Service Desk, Teams","Assurez la satisfaction et la fidélisation des clients en leur apportant un support de qualité.

🎯 Missions principales :
• Répondre aux demandes clients (email, visio)
• Résoudre les problèmes techniques et fonctionnels
• Assurer le suivi et l'escalade des tickets complexes
• Former les clients à l'utilisation du produit
• Collecter les feedbacks et proposer des améliorations
• Maintenir la documentation support à jour
• Garantir le respect des SLA et la satisfaction client

💻 Outils support :
Ticketing : Freshservice, ServiceNow, Jira Service Desk, Teams
Communication : Slack, Teams
Documentation : Confluence, Notion
Monitoring : Datadog

👤 Profil recherché :
• Formation : Master 2
• Expérience : Expert (7+ ans)
• Compétences : Freshservice, ServiceNow
• Excellente communication écrite et orale
• Qualités : Patience, empathie, réactivité, résolution de problèmes"
"Support Team Lead | Support Client | Groove, Helpjuice, Document360, Teams","Assurez la satisfaction et la fidélisation des clients en leur apportant un support de qualité.

🎯 Missions principales :
• Répondre aux demandes clients (email, visio)
• Résoudre les problèmes techniques et fonctionnels
• Assurer le suivi et l'escalade des tickets complexes
• Former les clients à l'utilisation du produit
• Collecter les feedbacks et proposer des améliorations
• Maintenir la documentation support à jour
• Garantir le respect des SLA et la satisfaction client

💻 Outils support :
Ticketing : Groove, Helpjuice, Document360, Teams
Communication : Phone, Email
Documentation : Confluence, Notion
Monitoring : Datadog

👤 Profil recherché :
• Formation : Master 2
• Expérience : 2-3 ans
• Compétences : Groove, Helpjuice
• Excellente communication écrite et orale
• Qualités : Patience, empathie, réactivité, résolution de problèmes"
"Customer Care Specialist | Support Client | Zendesk, Intercom, Freshdesk, Slack","Assurez la satisfaction et la fidélisation des clients en leur apportant un support de qualité.

🎯 Missions principales :
• Répondre aux demandes clients (email, chat, téléphone)
• Résoudre les problèmes techniques et fonctionnels
• Assurer le suivi et l'escalade des tickets complexes
• Former les clients à l'utilisation du produit
• Collecter les feedbacks et proposer des améliorations
• Maintenir la documentation support à jour
• Garantir le respect des SLA et la satisfaction client

💻 Outils support :
Ticketing : Zendesk, Intercom, Freshdesk, Slack
Communication : Zoom, Google Meet
Documentation : Confluence, Notion
Monitoring : New Relic

👤 Profil recherché :
• Formation : Bac+2
• Expérience : Expert (7+ ans)
• Compétences : Zendesk, Intercom
• Excellente communication écrite et orale
• Qualités : Patience, empathie, réactivité, résolution de problèmes"
"Chargé de Support Client | Support Client | Acquire, Comm100, Pure Chat, Zoom","Assurez la satisfaction et la fidélisation des clients en leur apportant un support de qualité.

🎯 Missions principales :
• Répondre aux demandes clients (email, visio)
• Résoudre les problèmes techniques et fonctionnels
• Assurer le suivi et l'escalade des tickets complexes
• Former les clients à l'utilisation du produit
• Collecter les feedbacks et proposer des améliorations
• Maintenir la documentation support à jour
• Garantir le respect des SLA et la satisfaction client

💻 Outils support :
Ticketing : Acquire, Comm100, Pure Chat, Zoom
Communication : Slack, Teams
Documentation : Confluence, Notion
Monitoring : Grafana

👤 Profil recherché :
• Formation : Bac+3
• Expérience : 10+ ans
• Compétences : Acquire, Comm100
• Excellente communication écrite et orale
• Qualités : Patience, empathie, réactivité, résolution de problèmes"
"Customer Experience Manager | Support Client | LiveAgent, TeamSupport, Vision Helpdesk, Slack","Assurez la satisfaction et la fidélisation des clients en leur apportant un support de qualité.

🎯 Missions principales :
• Répondre aux demandes clients (téléphone, ticket)
• Résoudre les problèmes techniques et fonctionnels
• Assurer le suivi et l'escalade des tickets complexes
• Former les clients à l'utilisation du produit
• Collecter les feedbacks et proposer des améliorations
• Maintenir la documentation support à jour
• Garantir le respect des SLA et la satisfaction client

💻 Outils support :
Ticketing : LiveAgent, TeamSupport, Vision Helpdesk, Slack
Communication : Phone, Email
Documentation : Confluence, Notion
Monitoring : Datadog

👤 Profil recherché :
• Formation : Master 2
• Expérience : 7+ ans
• Compétences : LiveAgent, TeamSupport
• Excellente communication écrite et orale
• Qualités : Patience, empathie, réactivité, résolution de problèmes"
"Support Technique | Support Client | Zendesk, Intercom, Freshdesk, Slack","Assurez la satisfaction et la fidélisation des clients en leur apportant un support de qualité.

🎯 Missions principales :
• Répondre aux demandes clients (email, visio)
• Résoudre les problèmes techniques et fonctionnels
• Assurer le suivi et l'escalade des tickets complexes
• Former les clients à l'utilisation du produit
• Collecter les feedbacks et proposer des améliorations
• Maintenir la documentation support à jour
• Garantir le respect des SLA et la satisfaction client

💻 Outils support :
Ticketing : Zendesk, Intercom, Freshdesk, Slack
Communication : Slack, Teams
Documentation : Confluence, Notion
Monitoring : New Relic

👤 Profil recherché :
• Formation : DUT
• Expérience : 10+ ans
• Compétences : Zendesk, Intercom
• Excellente communication écrite et orale
• Qualités : Patience, empathie, réactivité, résolution de problèmes"
"Support Technique | Support Client | LiveAgent, TeamSupport, Vision Helpdesk, Slack","Assurez la satisfaction et la fidélisation des clients en leur apportant un support de qualité.

🎯 Missions principales :
• Répondre aux demandes clients (email, visio)
• Résoudre les problèmes techniques et fonctionnels
• Assurer le suivi et l'escalade des tickets complexes
• Former les clients à l'utilisation du produit
• Collecter les feedbacks et proposer des améliorations
• Maintenir la documentation support à jour
• Garantir le respect des SLA et la satisfaction client

💻 Outils support :
Ticketing : LiveAgent, TeamSupport, Vision Helpdesk, Slack
Communication : Slack, Teams
Documentation : Confluence, Notion
Monitoring : Grafana

👤 Profil recherché :
• Formation : DUT
• Expérience : 3-5 ans
• Compétences : LiveAgent, TeamSupport
• Excellente communication écrite et orale
• Qualités : Patience, empathie, réactivité, résolution de problèmes"
"Support Team Lead | Support Client | Zendesk, Intercom, Freshdesk, Slack","Assurez la satisfaction et la fidélisation des clients en leur apportant un support de qualité.

🎯 Missions principales :
• Répondre aux demandes clients (téléphone, ticket)
• Résoudre les problèmes techniques et fonctionnels
• Assurer le suivi et l'escalade des tickets complexes
• Former les clients à l'utilisation du produit
• Collecter les feedbacks et proposer des améliorations
• Maintenir la documentation support à jour
• Garantir le respect des SLA et la satisfaction client

💻 Outils support :
Ticketing : Zendesk, Intercom, Freshdesk, Slack
Communication : Slack, Teams
Documentation : Confluence, Notion
Monitoring : Datadog

👤 Profil recherché :
• Formation : Bac+4
• Expérience : 2-3 ans
• Compétences : Zendesk, Intercom
• Excellente communication écrite et orale
• Qualités : Patience, empathie, réactivité, résolution de problèmes"
"Agent Support | Support Client | LiveAgent, TeamSupport, Vision Helpdesk, Slack","Assurez la satisfaction et la fidélisation des clients en leur apportant un support de qualité.

🎯 Missions principales :
• Répondre aux demandes clients (téléphone, ticket)
• Résoudre les problèmes techniques et fonctionnels
• Assurer le suivi et l'escalade des tickets complexes
• Former les clients à l'utilisation du produit
• Collecter les feedbacks et proposer des améliorations
• Maintenir la documentation support à jour
• Garantir le respect des SLA et la satisfaction client

💻 Outils support :
Ticketing : LiveAgent, TeamSupport, Vision Helpdesk, Slack
Communication : Slack, Teams
Documentation : Confluence, Notion
Monitoring : Datadog

👤 Profil recherché :
• Formation : Master 2
• Expérience : 7+ ans
• Compétences : LiveAgent, TeamSupport
• Excellente communication écrite et orale
• Qualités : Patience, empathie, réactivité, résolution de problèmes"
"Support Technique | Support Client | Gorgias, Re:amaze, Richpanel, Shopify","Assurez la satisfaction et la fidélisation des clients en leur apportant un support de qualité.

🎯 Missions principales :
• Répondre aux demandes clients (ticket, chat live)
• Résoudre les problèmes techniques et fonctionnels
• Assurer le suivi et l'escalade des tickets complexes
• Former les clients à l'utilisation du produit
• Collecter les feedbacks et proposer des améliorations
• Maintenir la documentation support à jour
• Garantir le respect des SLA et la satisfaction client

💻 Outils support :
Ticketing : Gorgias, Re:amaze, Richpanel, Shopify
Communication : Phone, Email
Documentation : Confluence, Notion
Monitoring : New Relic

👤 Profil recherché :
• Formation : Bac+2
• Expérience : Senior (5+ ans)
• Compétences : Gorgias, Re:amaze
• Excellente communication écrite et orale
• Qualités : Patience, empathie, réactivité, résolution de problèmes"
"Responsable Service Client | Support Client | ProProfs, Helpshift, UserVoice, Intercom","Assurez la satisfaction et la fidélisation des clients en leur apportant un support de qualité.

🎯 Missions principales :
• Répondre aux demandes clients (ticket, chat live)
• Résoudre les problèmes techniques et fonctionnels
• Assurer le suivi et l'escalade des tickets complexes
• Former les clients à l'utilisation du produit
• Collecter les feedbacks et proposer des améliorations
• Maintenir la documentation support à jour
• Garantir le respect des SLA et la satisfaction client

💻 Outils support :
Ticketing : ProProfs, Helpshift, UserVoice, Intercom
Communication : Zoom, Google Meet
Documentation : Confluence, Notion
Monitoring : Grafana

👤 Profil recherché :
• Formation : Bac+3
• Expérience : 2-3 ans
• Compétences : ProProfs, Helpshift
• Excellente communication écrite et orale
• Qualités : Patience, empathie, réactivité, résolution de problèmes"
"Chargé de Support Client | Support Client | HubSpot, LiveChat, Aircall, Notion","Assurez la satisfaction et la fidélisation des clients en leur apportant un support de qualité.

🎯 Missions principales :
• Répondre aux demandes clients (email, chat, téléphone)
• Résoudre les problèmes techniques et fonctionnels
• Assurer le suivi et l'escalade des tickets complexes
• Former les clients à l'utilisation du produit
• Collecter les feedbacks et proposer des améliorations
• Maintenir la documentation support à jour
• Garantir le respect des SLA et la satisfaction client

💻 Outils support :
Ticketing : HubSpot, LiveChat, Aircall, Notion
Communication : Phone, Email
Documentation : Confluence, Notion
Monitoring : Grafana

👤 Profil recherché :
• Formation : Master 2
• Expérience : 3-5 ans
• Compétences : HubSpot, LiveChat
• Excellente communication écrite et orale
• Qualités : Patience, empathie, réactivité, résolution de problèmes"
"Responsable Service Client | Support Client | Zendesk, Intercom, Freshdesk, Slack","Assurez la satisfaction et la fidélisation des clients en leur apportant un support de qualité.

🎯 Missions principales :
• Répondre aux demandes clients (email, visio)
• Résoudre les problèmes techniques et fonctionnels
• Assurer le suivi et l'escalade des tickets complexes
• Former les clients à l'utilisation du produit
• Collecter les feedbacks et proposer des améliorations
• Maintenir la documentation support à jour
• Garantir le respect des SLA et la satisfaction client

💻 Outils support :
Ticketing : Zendesk, Intercom, Freshdesk, Slack
Communication : Phone, Email
Documentation : Confluence, Notion
Monitoring : Datadog

👤 Profil recherché :
• Formation : Licence
• Expérience : 10+ ans
• Compétences : Zendesk, Intercom
• Excellente communication écrite et orale
• Qualités : Patience, empathie, réactivité, résolution de problèmes"
"Customer Success Manager | Support Client | Salesforce Service Cloud, Jira, Confluence, Zoom","Assurez la satisfaction et la fidélisation des clients en leur apportant un support de qualité.

🎯 Missions principales :
• Répondre aux demandes clients (téléphone, ticket)
• Résoudre les problèmes techniques et fonctionnels
• Assurer le suivi et l'escalade des tickets complexes
• Former les clients à l'utilisation du produit
• Collecter les feedbacks et proposer des améliorations
• Maintenir la documentation support à jour
• Garantir le respect des SLA et la satisfaction client

💻 Outils support :
Ticketing : Salesforce Service Cloud, Jira, Confluence, Zoom
Communication : Slack, Teams
Documentation : Confluence, Notion
Monitoring : Datadog

👤 Profil recherché :
• Formation : BTS
• Expérience : Junior (0-2 ans)
• Compétences : Salesforce Service Cloud, Jira
• Excellente communication écrite et orale
• Qualités : Patience, empathie, réactivité, résolution de problèmes"
"Support Team Lead | Support Client | HubSpot, LiveChat, Aircall, Notion","Assurez la satisfaction et la fidélisation des clients en leur apportant un support de qualité.

🎯 Missions principales :
• Répondre aux demandes clients (email, chat, téléphone)
• Résoudre les problèmes techniques et fonctionnels
• Assurer le suivi et l'escalade des tickets complexes
• Former les clients à l'utilisation du produit
• Collecter les feedbacks et proposer des améliorations
• Maintenir la documentation support à jour
• Garantir le respect des SLA et la satisfaction client

💻 Outils support :
Ticketing : HubSpot, LiveChat, Aircall, Notion
Communication : Zoom, Google Meet
Documentation : Confluence, Notion
Monitoring : New Relic

👤 Profil recherché :
• Formation : Doctorat
• Expérience : Confirmé (3-5 ans)
• Compétences : HubSpot, LiveChat
• Excellente communication écrite et orale
• Qualités : Patience, empathie, réactivité, résolution de problèmes"
"Customer Care Specialist | Support Client | Acquire, Comm100, Pure Chat, Zoom","Assurez la satisfaction et la fidélisation des clients en leur apportant un support de qualité.

🎯 Missions principales :
• Répondre aux demandes clients (ticket, chat live)
• Résoudre les problèmes techniques et fonctionnels
• Assurer le suivi et l'escalade des tickets complexes
• Former les clients à l'utilisation du produit
• Collecter les feedbacks et proposer des améliorations
• Maintenir la documentation support à jour
• Garantir le respect des SLA et la satisfaction client

💻 Outils support :
Ticketing : Acquire, Comm100, Pure Chat, Zoom
Communication : Zoom, Google Meet
Documentation : Confluence, Notion
Monitoring : New Relic

👤 Profil recherché :
• Formation : DUT
• Expérience : Confirmé (3-5 ans)
• Compétences : Acquire, Comm100
• Excellente communication écrite et orale
• Qualités : Patience, empathie, réactivité, résolution de problèmes"
"Customer Experience Manager | Support Client | Zendesk, Intercom, Freshdesk, Slack","Assurez la satisfaction et la fidélisation des clients en leur apportant un support de qualité.

🎯 Missions principales :
• Répondre aux demandes clients (email, chat, téléphone)
• Résoudre les problèmes techniques et fonctionnels
• Assurer le suivi et l'escalade des tickets complexes
• Former les clients à l'utilisation du produit
• Collecter les feedbacks et proposer des améliorations
• Maintenir la documentation support à jour
• Garantir le respect des SLA et la satisfaction client

💻 Outils support :
Ticketing : Zendesk, Intercom, Freshdesk, Slack
Communication : Slack, Teams
Documentation : Confluence, Notion
Monitoring : Grafana

👤 Profil recherché :
• Formation : Bac+5
• Expérience : Junior (0-2 ans)
• Compétences : Zendesk, Intercom
• Excellente communication écrite et orale
• Qualités : Patience, empathie, réactivité, résolution de problèmes"
"Technical Support Engineer | Support Client | Salesforce Service Cloud, Jira, Confluence, Zoom","Assurez la satisfaction et la fidélisation des clients en leur apportant un support de qualité.

🎯 Missions principales :
• Répondre aux demandes clients (email, visio)
• Résoudre les problèmes techniques et fonctionnels
• Assurer le suivi et l'escalade des tickets complexes
• Former les clients à l'utilisation du produit
• Collecter les feedbacks et proposer des améliorations
• Maintenir la documentation support à jour
• Garantir le respect des SLA et la satisfaction client

💻 Outils support :
Ticketing : Salesforce Service Cloud, Jira, Confluence, Zoom
Communication : Phone, Email
Documentation : Confluence, Notion
Monitoring : Datadog

👤 Profil recherché :
• Formation : Bac+4
• Expérience : 10+ ans
• Compétences : Salesforce Service Cloud, Jira
• Excellente communication écrite et orale
• Qualités : Patience, empathie, réactivité, résolution de problèmes"
"Customer Experience Manager | Support Client | Acquire, Comm100, Pure Chat, Zoom","Assurez la satisfaction et la fidélisation des clients en leur apportant un support de qualité.

🎯 Missions principales :
• Répondre aux demandes clients (ticket, chat live)
• Résoudre les problèmes techniques et fonctionnels
• Assurer le suivi et l'escalade des tickets complexes
• Former les clients à l'utilisation du produit
• Collecter les feedbacks et proposer des améliorations
• Maintenir la documentation support à jour
• Garantir le respect des SLA et la satisfaction client

💻 Outils support :
Ticketing : Acquire, Comm100, Pure Chat, Zoom
Communication : Slack, Teams
Documentation : Confluence, Notion
Monitoring : New Relic

👤 Profil recherché :
• Formation : DUT
• Expérience : 1-2 ans
• Compétences : Acquire, Comm100
• Excellente communication écrite et orale
• Qualités : Patience, empathie, réactivité, résolution de problèmes"
"Agent Support | Support Client | Drift, Olark, Tidio, Slack","Assurez la satisfaction et la fidélisation des clients en leur apportant un support de qualité.

🎯 Missions principales :
• Répondre aux demandes clients (email, chat, téléphone)
• Résoudre les problèmes techniques et fonctionnels
• Assurer le suivi et l'escalade des tickets complexes
• Former les clients à l'utilisation du produit
• Collecter les feedbacks et proposer des améliorations
• Maintenir la documentation support à jour
• Garantir le respect des SLA et la satisfaction client

💻 Outils support :
Ticketing : Drift, Olark, Tidio, Slack
Communication : Zoom, Google Meet
Documentation : Confluence, Notion
Monitoring : Datadog

👤 Profil recherché :
• Formation : Bac+4
• Expérience : 3-5 ans
• Compétences : Drift, Olark
• Excellente communication écrite et orale
• Qualités : Patience, empathie, réactivité, résolution de problèmes"
"Support Team Lead | Support Client | HubSpot, LiveChat, Aircall, Notion","Assurez la satisfaction et la fidélisation des clients en leur apportant un support de qualité.

🎯 Missions principales :
• Répondre aux demandes clients (email, chat, téléphone)
• Résoudre les problèmes techniques et fonctionnels
• Assurer le suivi et l'escalade des tickets complexes
• Former les clients à l'utilisation du produit
• Collecter les feedbacks et proposer des améliorations
• Maintenir la documentation support à jour
• Garantir le respect des SLA et la satisfaction client

💻 Outils support :
Ticketing : HubSpot, LiveChat, Aircall, Notion
Communication : Phone, Email
Documentation : Confluence, Notion
Monitoring : Grafana

👤 Profil recherché :
• Formation : Bac+3
• Expérience : Senior (5+ ans)
• Compétences : HubSpot, LiveChat
• Excellente communication écrite et orale
• Qualités : Patience, empathie, réactivité, résolution de problèmes"
"Support Technique | Support Client | Drift, Olark, Tidio, Slack","Assurez la satisfaction et la fidélisation des clients en leur apportant un support de qualité.

🎯 Missions principales :
• Répondre aux demandes clients (email, chat, téléphone)
• Résoudre les problèmes techniques et fonctionnels
• Assurer le suivi et l'escalade des tickets complexes
• Former les clients à l'utilisation du produit
• Collecter les feedbacks et proposer des améliorations
• Maintenir la documentation support à jour
• Garantir le respect des SLA et la satisfaction client

💻 Outils support :
Ticketing : Drift, Olark, Tidio, Slack
Communication : Zoom, Google Meet
Documentation : Confluence, Notion
Monitoring : New Relic

👤 Profil recherché :
• Formation : Master 2
• Expérience : 10+ ans
• Compétences : Drift, Olark
• Excellente communication écrite et orale
• Qualités : Patience, empathie, réactivité, résolution de problèmes"
"Chargé de Support Client | Support Client | Chaport, Podium, JivoChat, Teams","Assurez la satisfaction et la fidélisation des clients en leur apportant un support de qualité.

🎯 Missions principales :
• Répondre aux demandes clients (ticket, chat live)
• Résoudre les problèmes techniques et fonctionnels
• Assurer le suivi et l'escalade des tickets complexes
• Former les clients à l'utilisation du produit
• Collecter les feedbacks et proposer des améliorations
• Maintenir la documentation support à jour
• Garantir le respect des SLA et la satisfaction client

💻 Outils support :
Ticketing : Chaport, Podium, JivoChat, Teams
Communication : Zoom, Google Meet
Documentation : Confluence, Notion
Monitoring : Grafana

👤 Profil recherché :
• Formation : Bac+4
• Expérience : Senior (5+ ans)
• Compétences : Chaport, Podium
• Excellente communication écrite et orale
• Qualités : Patience, empathie, réactivité, résolution de problèmes"
"Customer Experience Manager | Support Client | Zendesk, Intercom, Freshdesk, Slack","Assurez la satisfaction et la fidélisation des clients en leur apportant un support de qualité.

🎯 Missions principales :
• Répondre aux demandes clients (ticket, chat live)
• Résoudre les problèmes techniques et fonctionnels
• Assurer le suivi et l'escalade des tickets complexes
• Former les clients à l'utilisation du produit
• Collecter les feedbacks et proposer des améliorations
• Maintenir la documentation support à jour
• Garantir le respect des SLA et la satisfaction client

💻 Outils support :
Ticketing : Zendesk, Intercom, Freshdesk, Slack
Communication : Slack, Teams
Documentation : Confluence, Notion
Monitoring : Grafana

👤 Profil recherché :
• Formation : Bac+5
• Expérience : Senior (5+ ans)
• Compétences : Zendesk, Intercom
• Excellente communication écrite et orale
• Qualités : Patience, empathie, réactivité, résolution de problèmes"
"Agent Support | Support Client | Crisp, Tawk.to, Smartsupp, Slack","Assurez la satisfaction et la fidélisation des clients en leur apportant un support de qualité.

🎯 Missions principales :
• Répondre aux demandes clients (ticket, chat live)
• Résoudre les problèmes techniques et fonctionnels
• Assurer le suivi et l'escalade des tickets complexes
• Former les clients à l'utilisation du produit
• Collecter les feedbacks et proposer des améliorations
• Maintenir la documentation support à jour
• Garantir le respect des SLA et la satisfaction client

💻 Outils support :
Ticketing : Crisp, Tawk.to, Smartsupp, Slack
Communication : Phone, Email
Documentation : Confluence, Notion
Monitoring : New Relic

👤 Profil recherché :
• Formation : DUT
• Expérience : 1-2 ans
• Compétences : Crisp, Tawk.to
• Excellente communication écrite et orale
• Qualités : Patience, empathie, réactivité, résolution de problèmes"
"Chargé de Support Client | Support Client | HubSpot, LiveChat, Aircall, Notion","Assurez la satisfaction et la fidélisation des clients en leur apportant un support de qualité.

🎯 Missions principales :
• Répondre aux demandes clients (téléphone, ticket)
• Résoudre les problèmes techniques et fonctionnels
• Assurer le suivi et l'escalade des tickets complexes
• Former les clients à l'utilisation du produit
• Collecter les feedbacks et proposer des améliorations
• Maintenir la documentation support à jour
• Garantir le respect des SLA et la satisfaction client

💻 Outils support :
Ticketing : HubSpot, LiveChat, Aircall, Notion
Communication : Phone, Email
Documentation : Confluence, Notion
Monitoring : Grafana

👤 Profil recherché :
• Formation : Bac+2
• Expérience : Junior (0-2 ans)
• Compétences : HubSpot, LiveChat
• Excellente communication écrite et orale
• Qualités : Patience, empathie, réactivité, résolution de problèmes"
"Client Onboarding Specialist | Support Client | Salesforce Service Cloud, Jira, Confluence, Zoom","Assurez la satisfaction et la fidélisation des clients en leur apportant un support de qualité.

🎯 Missions principales :
• Répondre aux demandes clients (email, chat, téléphone)
• Résoudre les problèmes techniques et fonctionnels
• Assurer le suivi et l'escalade des tickets complexes
• Former les clients à l'utilisation du produit
• Collecter les feedbacks et proposer des améliorations
• Maintenir la documentation support à jour
• Garantir le respect des SLA et la satisfaction client

💻 Outils support :
Ticketing : Salesforce Service Cloud, Jira, Confluence, Zoom
Communication : Phone, Email
Documentation : Confluence, Notion
Monitoring : Datadog

👤 Profil recherché :
• Formation : DUT
• Expérience : Confirmé (3-5 ans)
• Compétences : Salesforce Service Cloud, Jira
• Excellente communication écrite et orale
• Qualités : Patience, empathie, réactivité, résolution de problèmes"
"Technical Support Engineer | Support Client | Chaport, Podium, JivoChat, Teams","Assurez la satisfaction et la fidélisation des clients en leur apportant un support de qualité.

🎯 Missions principales :
• Répondre aux demandes clients (email, visio)
• Résoudre les problèmes techniques et fonctionnels
• Assurer le suivi et l'escalade des tickets complexes
• Former les clients à l'utilisation du produit
• Collecter les feedbacks et proposer des améliorations
• Maintenir la documentation support à jour
• Garantir le respect des SLA et la satisfaction client

💻 Outils support :
Ticketing : Chaport, Podium, JivoChat, Teams
Communication : Zoom, Google Meet
Documentation : Confluence, Notion
Monitoring : New Relic

👤 Profil recherché :
• Formation : Licence
• Expérience : Confirmé (3-5 ans)
• Compétences : Chaport, Podium
• Excellente communication écrite et orale
• Qualités : Patience, empathie, réactivité, résolution de problèmes"
"Customer Care Specialist | Support Client | Salesforce Service Cloud, Jira, Confluence, Zoom","Assurez la satisfaction et la fidélisation des clients en leur apportant un support de qualité.

🎯 Missions principales :
• Répondre aux demandes clients (email, visio)
• Résoudre les problèmes techniques et fonctionnels
• Assurer le suivi et l'escalade des tickets complexes
• Former les clients à l'utilisation du produit
• Collecter les feedbacks et proposer des améliorations
• Maintenir la documentation support à jour
• Garantir le respect des SLA et la satisfaction client

💻 Outils support :
Ticketing : Salesforce Service Cloud, Jira, Confluence, Zoom
Communication : Zoom, Google Meet
Documentation : Confluence, Notion
Monitoring : New Relic

👤 Profil recherché :
• Formation : Bac+5
• Expérience : 10+ ans
• Compétences : Salesforce Service Cloud, Jira
• Excellente communication écrite et orale
• Qualités : Patience, empathie, réactivité, résolution de problèmes"
"Support Team Lead | Support Client | Groove, Helpjuice, Document360, Teams","Assurez la satisfaction et la fidélisation des clients en leur apportant un support de qualité.

🎯 Missions principales :
• Répondre aux demandes clients (ticket, chat live)
• Résoudre les problèmes techniques et fonctionnels
• Assurer le suivi et l'escalade des tickets complexes
• Former les clients à l'utilisation du produit
• Collecter les feedbacks et proposer des améliorations
• Maintenir la documentation support à jour
• Garantir le respect des SLA et la satisfaction client

💻 Outils support :
Ticketing : Groove, Helpjuice, Document360, Teams
Communication : Zoom, Google Meet
Documentation : Confluence, Notion
Monitoring : Grafana

👤 Profil recherché :
• Formation : Licence
• Expérience : Senior (5+ ans)
• Compétences : Groove, Helpjuice
• Excellente communication écrite et orale
• Qualités : Patience, empathie, réactivité, résolution de problèmes"
"Agent Support | Support Client | Crisp, Tawk.to, Smartsupp, Slack","Assurez la satisfaction et la fidélisation des clients en leur apportant un support de qualité.

🎯 Missions principales :
• Répondre aux demandes clients (email, visio)
• Résoudre les problèmes techniques et fonctionnels
• Assurer le suivi et l'escalade des tickets complexes
• Former les clients à l'utilisation du produit
• Collecter les feedbacks et proposer des améliorations
• Maintenir la documentation support à jour
• Garantir le respect des SLA et la satisfaction client

💻 Outils support :
Ticketing : Crisp, Tawk.to, Smartsupp, Slack
Communication : Phone, Email
Documentation : Confluence, Notion
Monitoring : Datadog

👤 Profil recherché :
• Formation : Bac+5
• Expérience : Senior (5+ ans)
• Compétences : Crisp, Tawk.to
• Excellente communication écrite et orale
• Qualités : Patience, empathie, réactivité, résolution de problèmes"
"Customer Success Manager | Support Client | Zoho Desk, Monday.com, Teams, Excel","Assurez la satisfaction et la fidélisation des clients en leur apportant un support de qualité.

🎯 Missions principales :
• Répondre aux demandes clients (email, chat, téléphone)
• Résoudre les problèmes techniques et fonctionnels
• Assurer le suivi et l'escalade des tickets complexes
• Former les clients à l'utilisation du produit
• Collecter les feedbacks et proposer des améliorations
• Maintenir la documentation support à jour
• Garantir le respect des SLA et la satisfaction client

💻 Outils support :
Ticketing : Zoho Desk, Monday.com, Teams, Excel
Communication : Phone, Email
Documentation : Confluence, Notion
Monitoring : Grafana

👤 Profil recherché :
• Formation : Doctorat
• Expérience : 2-3 ans
• Compétences : Zoho Desk, Monday.com
• Excellente communication écrite et orale
• Qualités : Patience, empathie, réactivité, résolution de problèmes"
"Customer Experience Manager | Support Client | LiveAgent, TeamSupport, Vision Helpdesk, Slack","Assurez la satisfaction et la fidélisation des clients en leur apportant un support de qualité.

🎯 Missions principales :
• Répondre aux demandes clients (email, chat, téléphone)
• Résoudre les problèmes techniques et fonctionnels
• Assurer le suivi et l'escalade des tickets complexes
• Former les clients à l'utilisation du produit
• Collecter les feedbacks et proposer des améliorations
• Maintenir la documentation support à jour
• Garantir le respect des SLA et la satisfaction client

💻 Outils support :
Ticketing : LiveAgent, TeamSupport, Vision Helpdesk, Slack
Communication : Zoom, Google Meet
Documentation : Confluence, Notion
Monitoring : New Relic

👤 Profil recherché :
• Formation : Bac+2
• Expérience : 3-5 ans
• Compétences : LiveAgent, TeamSupport
• Excellente communication écrite et orale
• Qualités : Patience, empathie, réactivité, résolution de problèmes"
"Support Technique | Support Client | LiveAgent, TeamSupport, Vision Helpdesk, Slack","Assurez la satisfaction et la fidélisation des clients en leur apportant un support de qualité.

🎯 Missions principales :
• Répondre aux demandes clients (email, visio)
• Résoudre les problèmes techniques et fonctionnels
• Assurer le suivi et l'escalade des tickets complexes
• Former les clients à l'utilisation du produit
• Collecter les feedbacks et proposer des améliorations
• Maintenir la documentation support à jour
• Garantir le respect des SLA et la satisfaction client

💻 Outils support :
Ticketing : LiveAgent, TeamSupport, Vision Helpdesk, Slack
Communication : Slack, Teams
Documentation : Confluence, Notion
Monitoring : New Relic

👤 Profil recherché :
• Formation : Bac+2
• Expérience : 2-3 ans
• Compétences : LiveAgent, TeamSupport
• Excellente communication écrite et orale
• Qualités : Patience, empathie, réactivité, résolution de problèmes"
"Agent Support | Support Client | ProProfs, Helpshift, UserVoice, Intercom","Assurez la satisfaction et la fidélisation des clients en leur apportant un support de qualité.

🎯 Missions principales :
• Répondre aux demandes clients (email, visio)
• Résoudre les problèmes techniques et fonctionnels
• Assurer le suivi et l'escalade des tickets complexes
• Former les clients à l'utilisation du produit
• Collecter les feedbacks et proposer des améliorations
• Maintenir la documentation support à jour
• Garantir le respect des SLA et la satisfaction client

💻 Outils support :
Ticketing : ProProfs, Helpshift, UserVoice, Intercom
Communication : Zoom, Google Meet
Documentation : Confluence, Notion
Monitoring : Grafana

👤 Profil recherché :
• Formation : BTS
• Expérience : 3-5 ans
• Compétences : ProProfs, Helpshift
• Excellente communication écrite et orale
• Qualités : Patience, empathie, réactivité, résolution de problèmes"
"Support Team Lead | Support Client | Help Scout, Kayako, Front, Slack","Assurez la satisfaction et la fidélisation des clients en leur apportant un support de qualité.

🎯 Missions principales :
• Répondre aux demandes clients (email, chat, téléphone)
• Résoudre les problèmes techniques et fonctionnels
• Assurer le suivi et l'escalade des tickets complexes
• Former les clients à l'utilisation du produit
• Collecter les feedbacks et proposer des améliorations
• Maintenir la documentation support à jour
• Garantir le respect des SLA et la satisfaction client

💻 Outils support :
Ticketing : Help Scout, Kayako, Front, Slack
Communication : Zoom, Google Meet
Documentation : Confluence, Notion
Monitoring : Datadog

👤 Profil recherché :
• Formation : Bac+4
• Expérience : 5+ ans
• Compétences : Help Scout, Kayako
• Excellente communication écrite et orale
• Qualités : Patience, empathie, réactivité, résolution de problèmes"
"Customer Care Specialist | Support Client | Zoho Desk, Monday.com, Teams, Excel","Assurez la satisfaction et la fidélisation des clients en leur apportant un support de qualité.

🎯 Missions principales :
• Répondre aux demandes clients (email, visio)
• Résoudre les problèmes techniques et fonctionnels
• Assurer le suivi et l'escalade des tickets complexes
• Former les clients à l'utilisation du produit
• Collecter les feedbacks et proposer des améliorations
• Maintenir la documentation support à jour
• Garantir le respect des SLA et la satisfaction client

💻 Outils support :
Ticketing : Zoho Desk, Monday.com, Teams, Excel
Communication : Zoom, Google Meet
Documentation : Confluence, Notion
Monitoring : Datadog

👤 Profil recherché :
• Formation : Bac+4
• Expérience : Junior (0-2 ans)
• Compétences : Zoho Desk, Monday.com
• Excellente communication écrite et orale
• Qualités : Patience, empathie, réactivité, résolution de problèmes"
"Support Team Lead | Support Client | Zendesk, Intercom, Freshdesk, Slack","Assurez la satisfaction et la fidélisation des clients en leur apportant un support de qualité.

🎯 Missions principales :
• Répondre aux demandes clients (téléphone, ticket)
• Résoudre les problèmes techniques et fonctionnels
• Assurer le suivi et l'escalade des tickets complexes
• Former les clients à l'utilisation du produit
• Collecter les feedbacks et proposer des améliorations
• Maintenir la documentation support à jour
• Garantir le respect des SLA et la satisfaction client

💻 Outils support :
Ticketing : Zendesk, Intercom, Freshdesk, Slack
Communication : Slack, Teams
Documentation : Confluence, Notion
Monitoring : Grafana

👤 Profil recherché :
• Formation : DUT
• Expérience : Confirmé (3-5 ans)
• Compétences : Zendesk, Intercom
• Excellente communication écrite et orale
• Qualités : Patience, empathie, réactivité, résolution de problèmes"
"Technical Support Engineer | Support Client | Help Scout, Kayako, Front, Slack","Assurez la satisfaction et la fidélisation des clients en leur apportant un support de qualité.

🎯 Missions principales :
• Répondre aux demandes clients (téléphone, ticket)
• Résoudre les problèmes techniques et fonctionnels
• Assurer le suivi et l'escalade des tickets complexes
• Former les clients à l'utilisation du produit
• Collecter les feedbacks et proposer des améliorations
• Maintenir la documentation support à jour
• Garantir le respect des SLA et la satisfaction client

💻 Outils support :
Ticketing : Help Scout, Kayako, Front, Slack
Communication : Phone, Email
Documentation : Confluence, Notion
Monitoring : Grafana

👤 Profil recherché :
• Formation : Bac+5
• Expérience : 10+ ans
• Compétences : Help Scout, Kayako
• Excellente communication écrite et orale
• Qualités : Patience, empathie, réactivité, résolution de problèmes"
"Customer Success Manager | Support Client | Freshservice, ServiceNow, Jira Service Desk, Teams","Assurez la satisfaction et la fidélisation des clients en leur apportant un support de qualité.

🎯 Missions principales :
• Répondre aux demandes clients (téléphone, ticket)
• Résoudre les problèmes techniques et fonctionnels
• Assurer le suivi et l'escalade des tickets complexes
• Former les clients à l'utilisation du produit
• Collecter les feedbacks et proposer des améliorations
• Maintenir la documentation support à jour
• Garantir le respect des SLA et la satisfaction client

💻 Outils support :
Ticketing : Freshservice, ServiceNow, Jira Service Desk, Teams
Communication : Zoom, Google Meet
Documentation : Confluence, Notion
Monitoring : Grafana

👤 Profil recherché :
• Formation : Doctorat
• Expérience : 7+ ans
• Compétences : Freshservice, ServiceNow
• Excellente communication écrite et orale
• Qualités : Patience, empathie, réactivité, résolution de problèmes"
"Customer Experience Manager | Support Client | Groove, Helpjuice, Document360, Teams","Assurez la satisfaction et la fidélisation des clients en leur apportant un support de qualité.

🎯 Missions principales :
• Répondre aux demandes clients (téléphone, ticket)
• Résoudre les problèmes techniques et fonctionnels
• Assurer le suivi et l'escalade des tickets complexes
• Former les clients à l'utilisation du produit
• Collecter les feedbacks et proposer des améliorations
• Maintenir la documentation support à jour
• Garantir le respect des SLA et la satisfaction client

💻 Outils support :
Ticketing : Groove, Helpjuice, Document360, Teams
Communication : Slack, Teams
Documentation : Confluence, Notion
Monitoring : Datadog

👤 Profil recherché :
• Formation : Bac+5
• Expérience : 5+ ans
• Compétences : Groove, Helpjuice
• Excellente communication écrite et orale
• Qualités : Patience, empathie, réactivité, résolution de problèmes"
"Support Team Lead | Support Client | ProProfs, Helpshift, UserVoice, Intercom","Assurez la satisfaction et la fidélisation des clients en leur apportant un support de qualité.

🎯 Missions principales :
• Répondre aux demandes clients (email, chat, téléphone)
• Résoudre les problèmes techniques et fonctionnels
• Assurer le suivi et l'escalade des tickets complexes
• Former les clients à l'utilisation du produit
• Collecter les feedbacks et proposer des améliorations
• Maintenir la documentation support à jour
• Garantir le respect des SLA et la satisfaction client

💻 Outils support :
Ticketing : ProProfs, Helpshift, UserVoice, Intercom
Communication : Phone, Email
Documentation : Confluence, Notion
Monitoring : Grafana

👤 Profil recherché :
• Formation : Master 2
• Expérience : Confirmé (3-5 ans)
• Compétences : ProProfs, Helpshift
• Excellente communication écrite et orale
• Qualités : Patience, empathie, réactivité, résolution de problèmes"
"Support Technique | Support Client | Gorgias, Re:amaze, Richpanel, Shopify","Assurez la satisfaction et la fidélisation des clients en leur apportant un support de qualité.

🎯 Missions principales :
• Répondre aux demandes clients (téléphone, ticket)
• Résoudre les problèmes techniques et fonctionnels
• Assurer le suivi et l'escalade des tickets complexes
• Former les clients à l'utilisation du produit
• Collecter les feedbacks et proposer des améliorations
• Maintenir la documentation support à jour
• Garantir le respect des SLA et la satisfaction client

💻 Outils support :
Ticketing : Gorgias, Re:amaze, Richpanel, Shopify
Communication : Phone, Email
Documentation : Confluence, Notion
Monitoring : Grafana

👤 Profil recherché :
• Formation : Bac+5
• Expérience : 5+ ans
• Compétences : Gorgias, Re:amaze
• Excellente communication écrite et orale
• Qualités : Patience, empathie, réactivité, résolution de problèmes"
"Customer Care Specialist | Support Client | Zendesk, Intercom, Freshdesk, Slack","Assurez la satisfaction et la fidélisation des clients en leur apportant un support de qualité.

🎯 Missions principales :
• Répondre aux demandes clients (ticket, chat live)
• Résoudre les problèmes techniques et fonctionnels
• Assurer le suivi et l'escalade des tickets complexes
• Former les clients à l'utilisation du produit
• Collecter les feedbacks et proposer des améliorations
• Maintenir la documentation support à jour
• Garantir le respect des SLA et la satisfaction client

💻 Outils support :
Ticketing : Zendesk, Intercom, Freshdesk, Slack
Communication : Phone, Email
Documentation : Confluence, Notion
Monitoring : Grafana

👤 Profil recherché :
• Formation : Bac+5
• Expérience : 5+ ans
• Compétences : Zendesk, Intercom
• Excellente communication écrite et orale
• Qualités : Patience, empathie, réactivité, résolution de problèmes"
"Customer Experience Manager | Support Client | Crisp, Tawk.to, Smartsupp, Slack","Assurez la satisfaction et la fidélisation des clients en leur apportant un support de qualité.

🎯 Missions principales :
• Répondre aux demandes clients (ticket, chat live)
• Résoudre les problèmes techniques et fonctionnels
• Assurer le suivi et l'escalade des tickets complexes
• Former les clients à l'utilisation du produit
• Collecter les feedbacks et proposer des améliorations
• Maintenir la documentation support à jour
• Garantir le respect des SLA et la satisfaction client

💻 Outils support :
Ticketing : Crisp, Tawk.to, Smartsupp, Slack
Communication : Slack, Teams
Documentation : Confluence, Notion
Monitoring : New Relic

👤 Profil recherché :
• Formation : DUT
• Expérience : 2-3 ans
• Compétences : Crisp, Tawk.to
• Excellente communication écrite et orale
• Qualités : Patience, empathie, réactivité, résolution de problèmes"
"Customer Care Specialist | Support Client | Kustomer, Gladly, Dixa, Zoom","Assurez la satisfaction et la fidélisation des clients en leur apportant un support de qualité.

🎯 Missions principales :
• Répondre aux demandes clients (email, chat, téléphone)
• Résoudre les problèmes techniques et fonctionnels
• Assurer le suivi et l'escalade des tickets complexes
• Former les clients à l'utilisation du produit
• Collecter les feedbacks et proposer des améliorations
• Maintenir la documentation support à jour
• Garantir le respect des SLA et la satisfaction client

💻 Outils support :
Ticketing : Kustomer, Gladly, Dixa, Zoom
Communication : Phone, Email
Documentation : Confluence, Notion
Monitoring : Datadog

👤 Profil recherché :
• Formation : DUT
• Expérience : 5+ ans
• Compétences : Kustomer, Gladly
• Excellente communication écrite et orale
• Qualités : Patience, empathie, réactivité, résolution de problèmes"
"Responsable Service Client | Support Client | Freshservice, ServiceNow, Jira Service Desk, Teams","Assurez la satisfaction et la fidélisation des clients en leur apportant un support de qualité.

🎯 Missions principales :
• Répondre aux demandes clients (email, chat, téléphone)
• Résoudre les problèmes techniques et fonctionnels
• Assurer le suivi et l'escalade des tickets complexes
• Former les clients à l'utilisation du produit
• Collecter les feedbacks et proposer des améliorations
• Maintenir la documentation support à jour
• Garantir le respect des SLA et la satisfaction client

💻 Outils support :
Ticketing : Freshservice, ServiceNow, Jira Service Desk, Teams
Communication : Phone, Email
Documentation : Confluence, Notion
Monitoring : Grafana

👤 Profil recherché :
• Formation : Doctorat
• Expérience : 7+ ans
• Compétences : Freshservice, ServiceNow
• Excellente communication écrite et orale
• Qualités : Patience, empathie, réactivité, résolution de problèmes"
"Customer Experience Manager | Support Client | Freshservice, ServiceNow, Jira Service Desk, Teams","Assurez la satisfaction et la fidélisation des clients en leur apportant un support de qualité.

🎯 Missions principales :
• Répondre aux demandes clients (email, visio)
• Résoudre les problèmes techniques et fonctionnels
• Assurer le suivi et l'escalade des tickets complexes
• Former les clients à l'utilisation du produit
• Collecter les feedbacks et proposer des améliorations
• Maintenir la documentation support à jour
• Garantir le respect des SLA et la satisfaction client

💻 Outils support :
Ticketing : Freshservice, ServiceNow, Jira Service Desk, Teams
Communication : Phone, Email
Documentation : Confluence, Notion
Monitoring : Grafana

👤 Profil recherché :
• Formation : BTS
• Expérience : 3-5 ans
• Compétences : Freshservice, ServiceNow
• Excellente communication écrite et orale
• Qualités : Patience, empathie, réactivité, résolution de problèmes"
"Chargé de Support Client | Support Client | Chaport, Podium, JivoChat, Teams","Assurez la satisfaction et la fidélisation des clients en leur apportant un support de qualité.

🎯 Missions principales :
• Répondre aux demandes clients (téléphone, ticket)
• Résoudre les problèmes techniques et fonctionnels
• Assurer le suivi et l'escalade des tickets complexes
• Former les clients à l'utilisation du produit
• Collecter les feedbacks et proposer des améliorations
• Maintenir la documentation support à jour
• Garantir le respect des SLA et la satisfaction client

💻 Outils support :
Ticketing : Chaport, Podium, JivoChat, Teams
Communication : Slack, Teams
Documentation : Confluence, Notion
Monitoring : Grafana

👤 Profil recherché :
• Formation : Master 2
• Expérience : Junior (0-2 ans)
• Compétences : Chaport, Podium
• Excellente communication écrite et orale
• Qualités : Patience, empathie, réactivité, résolution de problèmes"
"Chargé de Support Client | Support Client | Salesforce Service Cloud, Jira, Confluence, Zoom","Assurez la satisfaction et la fidélisation des clients en leur apportant un support de qualité.

🎯 Missions principales :
• Répondre aux demandes clients (email, visio)
• Résoudre les problèmes techniques et fonctionnels
• Assurer le suivi et l'escalade des tickets complexes
• Former les clients à l'utilisation du produit
• Collecter les feedbacks et proposer des améliorations
• Maintenir la documentation support à jour
• Garantir le respect des SLA et la satisfaction client

💻 Outils support :
Ticketing : Salesforce Service Cloud, Jira, Confluence, Zoom
Communication : Zoom, Google Meet
Documentation : Confluence, Notion
Monitoring : Grafana

👤 Profil recherché :
• Formation : Bac+4
• Expérience : Junior (0-2 ans)
• Compétences : Salesforce Service Cloud, Jira
• Excellente communication écrite et orale
• Qualités : Patience, empathie, réactivité, résolution de problèmes"
"Technical Support Engineer | Support Client | Zendesk, Intercom, Freshdesk, Slack","Assurez la satisfaction et la fidélisation des clients en leur apportant un support de qualité.

🎯 Missions principales :
• Répondre aux demandes clients (email, chat, téléphone)
• Résoudre les problèmes techniques et fonctionnels
• Assurer le suivi et l'escalade des tickets complexes
• Former les clients à l'utilisation du produit
• Collecter les feedbacks et proposer des améliorations
• Maintenir la documentation support à jour
• Garantir le respect des SLA et la satisfaction client

💻 Outils support :
Ticketing : Zendesk, Intercom, Freshdesk, Slack
Communication : Phone, Email
Documentation : Confluence, Notion
Monitoring : Grafana

👤 Profil recherché :
• Formation : Bac+2
• Expérience : Expert (7+ ans)
• Compétences : Zendesk, Intercom
• Excellente communication écrite et orale
• Qualités : Patience, empathie, réactivité, résolution de problèmes"
"Technical Support Engineer | Support Client | Zoho Desk, Monday.com, Teams, Excel","Assurez la satisfaction et la fidélisation des clients en leur apportant un support de qualité.

🎯 Missions principales :
• Répondre aux demandes clients (téléphone, ticket)
• Résoudre les problèmes techniques et fonctionnels
• Assurer le suivi et l'escalade des tickets complexes
• Former les clients à l'utilisation du produit
• Collecter les feedbacks et proposer des améliorations
• Maintenir la documentation support à jour
• Garantir le respect des SLA et la satisfaction client

💻 Outils support :
Ticketing : Zoho Desk, Monday.com, Teams, Excel
Communication : Zoom, Google Meet
Documentation : Confluence, Notion
Monitoring : Datadog

👤 Profil recherché :
• Formation : Bac+5
• Expérience : 2-3 ans
• Compétences : Zoho Desk, Monday.com
• Excellente communication écrite et orale
• Qualités : Patience, empathie, réactivité, résolution de problèmes"
"Customer Care Specialist | Support Client | Freshservice, ServiceNow, Jira Service Desk, Teams","Assurez la satisfaction et la fidélisation des clients en leur apportant un support de qualité.

🎯 Missions principales :
• Répondre aux demandes clients (email, visio)
• Résoudre les problèmes techniques et fonctionnels
• Assurer le suivi et l'escalade des tickets complexes
• Former les clients à l'utilisation du produit
• Collecter les feedbacks et proposer des améliorations
• Maintenir la documentation support à jour
• Garantir le respect des SLA et la satisfaction client

💻 Outils support :
Ticketing : Freshservice, ServiceNow, Jira Service Desk, Teams
Communication : Slack, Teams
Documentation : Confluence, Notion
Monitoring : Datadog

👤 Profil recherché :
• Formation : Master 2
• Expérience : 1-2 ans
• Compétences : Freshservice, ServiceNow
• Excellente communication écrite et orale
• Qualités : Patience, empathie, réactivité, résolution de problèmes"
"Support Technique | Support Client | Drift, Olark, Tidio, Slack","Assurez la satisfaction et la fidélisation des clients en leur apportant un support de qualité.

🎯 Missions principales :
• Répondre aux demandes clients (email, chat, téléphone)
• Résoudre les problèmes techniques et fonctionnels
• Assurer le suivi et l'escalade des tickets complexes
• Former les clients à l'utilisation du produit
• Collecter les feedbacks et proposer des améliorations
• Maintenir la documentation support à jour
• Garantir le respect des SLA et la satisfaction client

💻 Outils support :
Ticketing : Drift, Olark, Tidio, Slack
Communication : Slack, Teams
Documentation : Confluence, Notion
Monitoring : Datadog

👤 Profil recherché :
• Formation : Doctorat
• Expérience : 7+ ans
• Compétences : Drift, Olark
• Excellente communication écrite et orale
• Qualités : Patience, empathie, réactivité, résolution de problèmes"
"Technical Support Engineer | Support Client | Acquire, Comm100, Pure Chat, Zoom","Assurez la satisfaction et la fidélisation des clients en leur apportant un support de qualité.

🎯 Missions principales :
• Répondre aux demandes clients (ticket, chat live)
• Résoudre les problèmes techniques et fonctionnels
• Assurer le suivi et l'escalade des tickets complexes
• Former les clients à l'utilisation du produit
• Collecter les feedbacks et proposer des améliorations
• Maintenir la documentation support à jour
• Garantir le respect des SLA et la satisfaction client

💻 Outils support :
Ticketing : Acquire, Comm100, Pure Chat, Zoom
Communication : Slack, Teams
Documentation : Confluence, Notion
Monitoring : New Relic

👤 Profil recherché :
• Formation : DUT
• Expérience : 7+ ans
• Compétences : Acquire, Comm100
• Excellente communication écrite et orale
• Qualités : Patience, empathie, réactivité, résolution de problèmes"
"Responsable Service Client | Support Client | LiveAgent, TeamSupport, Vision Helpdesk, Slack","Assurez la satisfaction et la fidélisation des clients en leur apportant un support de qualité.

🎯 Missions principales :
• Répondre aux demandes clients (email, visio)
• Résoudre les problèmes techniques et fonctionnels
• Assurer le suivi et l'escalade des tickets complexes
• Former les clients à l'utilisation du produit
• Collecter les feedbacks et proposer des améliorations
• Maintenir la documentation support à jour
• Garantir le respect des SLA et la satisfaction client

💻 Outils support :
Ticketing : LiveAgent, TeamSupport, Vision Helpdesk, Slack
Communication : Zoom, Google Meet
Documentation : Confluence, Notion
Monitoring : Datadog

👤 Profil recherché :
• Formation : Bac+5
• Expérience : Junior (0-2 ans)
• Compétences : LiveAgent, TeamSupport
• Excellente communication écrite et orale
• Qualités : Patience, empathie, réactivité, résolution de problèmes"
"Customer Success Manager | Support Client | HubSpot, LiveChat, Aircall, Notion","Assurez la satisfaction et la fidélisation des clients en leur apportant un support de qualité.

🎯 Missions principales :
• Répondre aux demandes clients (email, visio)
• Résoudre les problèmes techniques et fonctionnels
• Assurer le suivi et l'escalade des tickets complexes
• Former les clients à l'utilisation du produit
• Collecter les feedbacks et proposer des améliorations
• Maintenir la documentation support à jour
• Garantir le respect des SLA et la satisfaction client

💻 Outils support :
Ticketing : HubSpot, LiveChat, Aircall, Notion
Communication : Slack, Teams
Documentation : Confluence, Notion
Monitoring : New Relic

👤 Profil recherché :
• Formation : BTS
• Expérience : 2-3 ans
• Compétences : HubSpot, LiveChat
• Excellente communication écrite et orale
• Qualités : Patience, empathie, réactivité, résolution de problèmes"
"Transport Manager | Logistique | Warehouse Insight, SkuVault, Ordoro, Excel","Optimisez les flux logistiques et garantissez la disponibilité des produits.

🎯 Missions principales :
• Gérer les stocks
• Optimiser les coûts et les délais de livraison
• Coordonner avec les fournisseurs et transporteurs
• Suivre les indicateurs de performance logistique
• Assurer le respect des procédures qualité et sécurité
• Gérer les stocks et anticiper les besoins
• Améliorer continuellement les processus

💻 Outils logistiques :
ERP/WMS : Warehouse Insight, SkuVault, Ordoro, Excel
Planification : Kinaxis
Suivi : Excel, Power BI
Communication : Teams, Email

👤 Profil recherché :
• Formation : Doctorat en logistique, supply chain
• Expérience : 3-5 ans
• Compétences : Warehouse Insight, SkuVault
• Connaissance des réglementations transport et douanes
• Qualités : Organisation, réactivité, gestion du stress, leadership"
"Transport Manager | Logistique | SAP, MRP, Excel, ERP","Optimisez les flux logistiques et garantissez la disponibilité des produits.

🎯 Missions principales :
• Gérer la supply chain
• Optimiser les coûts et les délais de livraison
• Coordonner avec les fournisseurs et transporteurs
• Suivre les indicateurs de performance logistique
• Assurer le respect des procédures qualité et sécurité
• Gérer les stocks et anticiper les besoins
• Améliorer continuellement les processus

💻 Outils logistiques :
ERP/WMS : SAP, MRP, Excel, ERP
Planification : SAP APO
Suivi : Excel, Power BI
Communication : Slack, Phone

👤 Profil recherché :
• Formation : Bac+3 en logistique, supply chain
• Expérience : 10+ ans
• Compétences : SAP, MRP
• Connaissance des réglementations transport et douanes
• Qualités : Organisation, réactivité, gestion du stress, leadership"
"Responsable Expéditions | Logistique | ShipStation, ShipBob, ShipHero, Excel","Optimisez les flux logistiques et garantissez la disponibilité des produits.

🎯 Missions principales :
• Gérer les approvisionnements
• Optimiser les coûts et les délais de livraison
• Coordonner avec les fournisseurs et transporteurs
• Suivre les indicateurs de performance logistique
• Assurer le respect des procédures qualité et sécurité
• Gérer les stocks et anticiper les besoins
• Améliorer continuellement les processus

💻 Outils logistiques :
ERP/WMS : ShipStation, ShipBob, ShipHero, Excel
Planification : SAP APO
Suivi : Excel, Power BI
Communication : Slack, Phone

👤 Profil recherché :
• Formation : Licence en logistique, supply chain
• Expérience : Confirmé (3-5 ans)
• Compétences : ShipStation, ShipBob
• Connaissance des réglementations transport et douanes
• Qualités : Organisation, réactivité, gestion du stress, leadership"
"Transport Manager | Logistique | SAP MM, WMS, TMS, Excel","Optimisez les flux logistiques et garantissez la disponibilité des produits.

🎯 Missions principales :
• Gérer la supply chain
• Optimiser les coûts et les délais de livraison
• Coordonner avec les fournisseurs et transporteurs
• Suivre les indicateurs de performance logistique
• Assurer le respect des procédures qualité et sécurité
• Gérer les stocks et anticiper les besoins
• Améliorer continuellement les processus

💻 Outils logistiques :
ERP/WMS : SAP MM, WMS, TMS, Excel
Planification : Kinaxis
Suivi : Excel, Power BI
Communication : Walkie-Talkie, RF

👤 Profil recherché :
• Formation : Doctorat en logistique, supply chain
• Expérience : 10+ ans
• Compétences : SAP MM, WMS
• Connaissance des réglementations transport et douanes
• Qualités : Organisation, réactivité, gestion du stress, leadership"
"Gestionnaire de Stock | Logistique | SAP MM, WMS, TMS, Excel","Optimisez les flux logistiques et garantissez la disponibilité des produits.

🎯 Missions principales :
• Gérer les stocks
• Optimiser les coûts et les délais de livraison
• Coordonner avec les fournisseurs et transporteurs
• Suivre les indicateurs de performance logistique
• Assurer le respect des procédures qualité et sécurité
• Gérer les stocks et anticiper les besoins
• Améliorer continuellement les processus

💻 Outils logistiques :
ERP/WMS : SAP MM, WMS, TMS, Excel
Planification : Kinaxis
Suivi : Excel, Power BI
Communication : Walkie-Talkie, RF

👤 Profil recherché :
• Formation : DUT en logistique, supply chain
• Expérience : 10+ ans
• Compétences : SAP MM, WMS
• Connaissance des réglementations transport et douanes
• Qualités : Organisation, réactivité, gestion du stress, leadership"
"Préparateur de Commandes | Logistique | Oracle WMS, NetSuite, Fishbowl, Excel","Optimisez les flux logistiques et garantissez la disponibilité des produits.

🎯 Missions principales :
• Gérer les transports
• Optimiser les coûts et les délais de livraison
• Coordonner avec les fournisseurs et transporteurs
• Suivre les indicateurs de performance logistique
• Assurer le respect des procédures qualité et sécurité
• Gérer les stocks et anticiper les besoins
• Améliorer continuellement les processus

💻 Outils logistiques :
ERP/WMS : Oracle WMS, NetSuite, Fishbowl, Excel
Planification : Excel
Suivi : Excel, Power BI
Communication : Teams, Email

👤 Profil recherché :
• Formation : Bac+3 en logistique, supply chain
• Expérience : 5+ ans
• Compétences : Oracle WMS, NetSuite
• Connaissance des réglementations transport et douanes
• Qualités : Organisation, réactivité, gestion du stress, leadership"
"Responsable Expéditions | Logistique | JDA, Blue Yonder, Kinaxis, Excel","Optimisez les flux logistiques et garantissez la disponibilité des produits.

🎯 Missions principales :
• Gérer la supply chain
• Optimiser les coûts et les délais de livraison
• Coordonner avec les fournisseurs et transporteurs
• Suivre les indicateurs de performance logistique
• Assurer le respect des procédures qualité et sécurité
• Gérer les stocks et anticiper les besoins
• Améliorer continuellement les processus

💻 Outils logistiques :
ERP/WMS : JDA, Blue Yonder, Kinaxis, Excel
Planification : SAP APO
Suivi : Excel, Power BI
Communication : Slack, Phone

👤 Profil recherché :
• Formation : BTS en logistique, supply chain
• Expérience : 2-3 ans
• Compétences : JDA, Blue Yonder
• Connaissance des réglementations transport et douanes
• Qualités : Organisation, réactivité, gestion du stress, leadership"
"Responsable Expéditions | Logistique | IFS, Sage X3, Microsoft Dynamics, Excel","Optimisez les flux logistiques et garantissez la disponibilité des produits.

🎯 Missions principales :
• Gérer les approvisionnements
• Optimiser les coûts et les délais de livraison
• Coordonner avec les fournisseurs et transporteurs
• Suivre les indicateurs de performance logistique
• Assurer le respect des procédures qualité et sécurité
• Gérer les stocks et anticiper les besoins
• Améliorer continuellement les processus

💻 Outils logistiques :
ERP/WMS : IFS, Sage X3, Microsoft Dynamics, Excel
Planification : Excel
Suivi : Excel, Power BI
Communication : Slack, Phone

👤 Profil recherché :
• Formation : Licence en logistique, supply chain
• Expérience : Confirmé (3-5 ans)
• Compétences : IFS, Sage X3
• Connaissance des réglementations transport et douanes
• Qualités : Organisation, réactivité, gestion du stress, leadership"
"Responsable Expéditions | Logistique | ShipStation, ShipBob, ShipHero, Excel","Optimisez les flux logistiques et garantissez la disponibilité des produits.

🎯 Missions principales :
• Gérer la supply chain
• Optimiser les coûts et les délais de livraison
• Coordonner avec les fournisseurs et transporteurs
• Suivre les indicateurs de performance logistique
• Assurer le respect des procédures qualité et sécurité
• Gérer les stocks et anticiper les besoins
• Améliorer continuellement les processus

💻 Outils logistiques :
ERP/WMS : ShipStation, ShipBob, ShipHero, Excel
Planification : Kinaxis
Suivi : Excel, Power BI
Communication : Walkie-Talkie, RF

👤 Profil recherché :
• Formation : Licence en logistique, supply chain
• Expérience : Junior (0-2 ans)
• Compétences : ShipStation, ShipBob
• Connaissance des réglementations transport et douanes
• Qualités : Organisation, réactivité, gestion du stress, leadership"
"Approvisionneur | Logistique | JDA, Blue Yonder, Kinaxis, Excel","Optimisez les flux logistiques et garantissez la disponibilité des produits.

🎯 Missions principales :
• Gérer les approvisionnements
• Optimiser les coûts et les délais de livraison
• Coordonner avec les fournisseurs et transporteurs
• Suivre les indicateurs de performance logistique
• Assurer le respect des procédures qualité et sécurité
• Gérer les stocks et anticiper les besoins
• Améliorer continuellement les processus

💻 Outils logistiques :
ERP/WMS : JDA, Blue Yonder, Kinaxis, Excel
Planification : Excel
Suivi : Excel, Power BI
Communication : Teams, Email

👤 Profil recherché :
• Formation : Master 2 en logistique, supply chain
• Expérience : 1-2 ans
• Compétences : JDA, Blue Yonder
• Connaissance des réglementations transport et douanes
• Qualités : Organisation, réactivité, gestion du stress, leadership"
"Transport Manager | Logistique | IFS, Sage X3, Microsoft Dynamics, Excel","Optimisez les flux logistiques et garantissez la disponibilité des produits.

🎯 Missions principales :
• Gérer les stocks
• Optimiser les coûts et les délais de livraison
• Coordonner avec les fournisseurs et transporteurs
• Suivre les indicateurs de performance logistique
• Assurer le respect des procédures qualité et sécurité
• Gérer les stocks et anticiper les besoins
• Améliorer continuellement les processus

💻 Outils logistiques :
ERP/WMS : IFS, Sage X3, Microsoft Dynamics, Excel
Planification : SAP APO
Suivi : Excel, Power BI
Communication : Teams, Email

👤 Profil recherché :
• Formation : Licence en logistique, supply chain
• Expérience : 2-3 ans
• Compétences : IFS, Sage X3
• Connaissance des réglementations transport et douanes
• Qualités : Organisation, réactivité, gestion du stress, leadership"
"Responsable Logistique | Logistique | Oracle WMS, NetSuite, Fishbowl, Excel","Optimisez les flux logistiques et garantissez la disponibilité des produits.

🎯 Missions principales :
• Gérer la supply chain
• Optimiser les coûts et les délais de livraison
• Coordonner avec les fournisseurs et transporteurs
• Suivre les indicateurs de performance logistique
• Assurer le respect des procédures qualité et sécurité
• Gérer les stocks et anticiper les besoins
• Améliorer continuellement les processus

💻 Outils logistiques :
ERP/WMS : Oracle WMS, NetSuite, Fishbowl, Excel
Planification : SAP APO
Suivi : Excel, Power BI
Communication : Walkie-Talkie, RF

👤 Profil recherché :
• Formation : Bac+2 en logistique, supply chain
• Expérience : 3-5 ans
• Compétences : Oracle WMS, NetSuite
• Connaissance des réglementations transport et douanes
• Qualités : Organisation, réactivité, gestion du stress, leadership"
"Approvisionneur | Logistique | SAP EWM, SAP TM, SAP IBP, Excel","Optimisez les flux logistiques et garantissez la disponibilité des produits.

🎯 Missions principales :
• Gérer les transports
• Optimiser les coûts et les délais de livraison
• Coordonner avec les fournisseurs et transporteurs
• Suivre les indicateurs de performance logistique
• Assurer le respect des procédures qualité et sécurité
• Gérer les stocks et anticiper les besoins
• Améliorer continuellement les processus

💻 Outils logistiques :
ERP/WMS : SAP EWM, SAP TM, SAP IBP, Excel
Planification : Kinaxis
Suivi : Excel, Power BI
Communication : Walkie-Talkie, RF

👤 Profil recherché :
• Formation : Bac+3 en logistique, supply chain
• Expérience : 7+ ans
• Compétences : SAP EWM, SAP TM
• Connaissance des réglementations transport et douanes
• Qualités : Organisation, réactivité, gestion du stress, leadership"
"Approvisionneur | Logistique | SAP, MRP, Excel, ERP","Optimisez les flux logistiques et garantissez la disponibilité des produits.

🎯 Missions principales :
• Gérer les expéditions
• Optimiser les coûts et les délais de livraison
• Coordonner avec les fournisseurs et transporteurs
• Suivre les indicateurs de performance logistique
• Assurer le respect des procédures qualité et sécurité
• Gérer les stocks et anticiper les besoins
• Améliorer continuellement les processus

💻 Outils logistiques :
ERP/WMS : SAP, MRP, Excel, ERP
Planification : Kinaxis
Suivi : Excel, Power BI
Communication : Walkie-Talkie, RF

👤 Profil recherché :
• Formation : DUT en logistique, supply chain
• Expérience : Senior (5+ ans)
• Compétences : SAP, MRP
• Connaissance des réglementations transport et douanes
• Qualités : Organisation, réactivité, gestion du stress, leadership"
"Responsable Logistique | Logistique | IFS, Sage X3, Microsoft Dynamics, Excel","Optimisez les flux logistiques et garantissez la disponibilité des produits.

🎯 Missions principales :
• Gérer les transports
• Optimiser les coûts et les délais de livraison
• Coordonner avec les fournisseurs et transporteurs
• Suivre les indicateurs de performance logistique
• Assurer le respect des procédures qualité et sécurité
• Gérer les stocks et anticiper les besoins
• Améliorer continuellement les processus

💻 Outils logistiques :
ERP/WMS : IFS, Sage X3, Microsoft Dynamics, Excel
Planification : Kinaxis
Suivi : Excel, Power BI
Communication : Teams, Email

👤 Profil recherché :
• Formation : Bac+3 en logistique, supply chain
• Expérience : 3-5 ans
• Compétences : IFS, Sage X3
• Connaissance des réglementations transport et douanes
• Qualités : Organisation, réactivité, gestion du stress, leadership"
"Supply Chain Manager | Logistique | Logiwa, Fishbowl Inventory, Cin7, Excel","Optimisez les flux logistiques et garantissez la disponibilité des produits.

🎯 Missions principales :
• Gérer les stocks
• Optimiser les coûts et les délais de livraison
• Coordonner avec les fournisseurs et transporteurs
• Suivre les indicateurs de performance logistique
• Assurer le respect des procédures qualité et sécurité
• Gérer les stocks et anticiper les besoins
• Améliorer continuellement les processus

💻 Outils logistiques :
ERP/WMS : Logiwa, Fishbowl Inventory, Cin7, Excel
Planification : Excel
Suivi : Excel, Power BI
Communication : Teams, Email

👤 Profil recherché :
• Formation : Bac+5 en logistique, supply chain
• Expérience : 1-2 ans
• Compétences : Logiwa, Fishbowl Inventory
• Connaissance des réglementations transport et douanes
• Qualités : Organisation, réactivité, gestion du stress, leadership"
"Responsable Logistique | Logistique | Warehouse Insight, SkuVault, Ordoro, Excel","Optimisez les flux logistiques et garantissez la disponibilité des produits.

🎯 Missions principales :
• Gérer les transports
• Optimiser les coûts et les délais de livraison
• Coordonner avec les fournisseurs et transporteurs
• Suivre les indicateurs de performance logistique
• Assurer le respect des procédures qualité et sécurité
• Gérer les stocks et anticiper les besoins
• Améliorer continuellement les processus

💻 Outils logistiques :
ERP/WMS : Warehouse Insight, SkuVault, Ordoro, Excel
Planification : Excel
Suivi : Excel, Power BI
Communication : Slack, Phone

👤 Profil recherché :
• Formation : Bac+2 en logistique, supply chain
• Expérience : Junior (0-2 ans)
• Compétences : Warehouse Insight, SkuVault
• Connaissance des réglementations transport et douanes
• Qualités : Organisation, réactivité, gestion du stress, leadership"
"Préparateur de Commandes | Logistique | WMS, RF, Excel, Barcode Scanner","Optimisez les flux logistiques et garantissez la disponibilité des produits.

🎯 Missions principales :
• Gérer les expéditions
• Optimiser les coûts et les délais de livraison
• Coordonner avec les fournisseurs et transporteurs
• Suivre les indicateurs de performance logistique
• Assurer le respect des procédures qualité et sécurité
• Gérer les stocks et anticiper les besoins
• Améliorer continuellement les processus

💻 Outils logistiques :
ERP/WMS : WMS, RF, Excel, Barcode Scanner
Planification : Excel
Suivi : Excel, Power BI
Communication : Slack, Phone

👤 Profil recherché :
• Formation : DUT en logistique, supply chain
• Expérience : 3-5 ans
• Compétences : WMS, RF
• Connaissance des réglementations transport et douanes
• Qualités : Organisation, réactivité, gestion du stress, leadership"
"Planificateur Logistique | Logistique | SAP EWM, SAP TM, SAP IBP, Excel","Optimisez les flux logistiques et garantissez la disponibilité des produits.

🎯 Missions principales :
• Gérer les transports
• Optimiser les coûts et les délais de livraison
• Coordonner avec les fournisseurs et transporteurs
• Suivre les indicateurs de performance logistique
• Assurer le respect des procédures qualité et sécurité
• Gérer les stocks et anticiper les besoins
• Améliorer continuellement les processus

💻 Outils logistiques :
ERP/WMS : SAP EWM, SAP TM, SAP IBP, Excel
Planification : Excel
Suivi : Excel, Power BI
Communication : Slack, Phone

👤 Profil recherché :
• Formation : BTS en logistique, supply chain
• Expérience : 3-5 ans
• Compétences : SAP EWM, SAP TM
• Connaissance des réglementations transport et douanes
• Qualités : Organisation, réactivité, gestion du stress, leadership"
"Gestionnaire de Stock | Logistique | Epicor, Acumatica, SYSPRO, Excel","Optimisez les flux logistiques et garantissez la disponibilité des produits.

🎯 Missions principales :
• Gérer les expéditions
• Optimiser les coûts et les délais de livraison
• Coordonner avec les fournisseurs et transporteurs
• Suivre les indicateurs de performance logistique
• Assurer le respect des procédures qualité et sécurité
• Gérer les stocks et anticiper les besoins
• Améliorer continuellement les processus

💻 Outils logistiques :
ERP/WMS : Epicor, Acumatica, SYSPRO, Excel
Planification : Excel
Suivi : Excel, Power BI
Communication : Slack, Phone

👤 Profil recherché :
• Formation : Master 2 en logistique, supply chain
• Expérience : 2-3 ans
• Compétences : Epicor, Acumatica
• Connaissance des réglementations transport et douanes
• Qualités : Organisation, réactivité, gestion du stress, leadership"
"Responsable Logistique | Logistique | JDA, Blue Yonder, Kinaxis, Excel","Optimisez les flux logistiques et garantissez la disponibilité des produits.

🎯 Missions principales :
• Gérer les approvisionnements
• Optimiser les coûts et les délais de livraison
• Coordonner avec les fournisseurs et transporteurs
• Suivre les indicateurs de performance logistique
• Assurer le respect des procédures qualité et sécurité
• Gérer les stocks et anticiper les besoins
• Améliorer continuellement les processus

💻 Outils logistiques :
ERP/WMS : JDA, Blue Yonder, Kinaxis, Excel
Planification : SAP APO
Suivi : Excel, Power BI
Communication : Walkie-Talkie, RF

👤 Profil recherché :
• Formation : Bac+4 en logistique, supply chain
• Expérience : 7+ ans
• Compétences : JDA, Blue Yonder
• Connaissance des réglementations transport et douanes
• Qualités : Organisation, réactivité, gestion du stress, leadership"
"Approvisionneur | Logistique | Epicor, Acumatica, SYSPRO, Excel","Optimisez les flux logistiques et garantissez la disponibilité des produits.

🎯 Missions principales :
• Gérer les expéditions
• Optimiser les coûts et les délais de livraison
• Coordonner avec les fournisseurs et transporteurs
• Suivre les indicateurs de performance logistique
• Assurer le respect des procédures qualité et sécurité
• Gérer les stocks et anticiper les besoins
• Améliorer continuellement les processus

💻 Outils logistiques :
ERP/WMS : Epicor, Acumatica, SYSPRO, Excel
Planification : SAP APO
Suivi : Excel, Power BI
Communication : Walkie-Talkie, RF

👤 Profil recherché :
• Formation : Licence en logistique, supply chain
• Expérience : 2-3 ans
• Compétences : Epicor, Acumatica
• Connaissance des réglementations transport et douanes
• Qualités : Organisation, réactivité, gestion du stress, leadership"
"Préparateur de Commandes | Logistique | SAP MM, WMS, TMS, Excel","Optimisez les flux logistiques et garantissez la disponibilité des produits.

🎯 Missions principales :
• Gérer les stocks
• Optimiser les coûts et les délais de livraison
• Coordonner avec les fournisseurs et transporteurs
• Suivre les indicateurs de performance logistique
• Assurer le respect des procédures qualité et sécurité
• Gérer les stocks et anticiper les besoins
• Améliorer continuellement les processus

💻 Outils logistiques :
ERP/WMS : SAP MM, WMS, TMS, Excel
Planification : Kinaxis
Suivi : Excel, Power BI
Communication : Teams, Email

👤 Profil recherché :
• Formation : BTS en logistique, supply chain
• Expérience : Confirmé (3-5 ans)
• Compétences : SAP MM, WMS
• Connaissance des réglementations transport et douanes
• Qualités : Organisation, réactivité, gestion du stress, leadership"
"Chef d'Entrepôt | Logistique | Oracle SCM, Manhattan, Excel, Power BI","Optimisez les flux logistiques et garantissez la disponibilité des produits.

🎯 Missions principales :
• Gérer les approvisionnements
• Optimiser les coûts et les délais de livraison
• Coordonner avec les fournisseurs et transporteurs
• Suivre les indicateurs de performance logistique
• Assurer le respect des procédures qualité et sécurité
• Gérer les stocks et anticiper les besoins
• Améliorer continuellement les processus

💻 Outils logistiques :
ERP/WMS : Oracle SCM, Manhattan, Excel, Power BI
Planification : Excel
Suivi : Excel, Power BI
Communication : Teams, Email

👤 Profil recherché :
• Formation : Bac+5 en logistique, supply chain
• Expérience : Senior (5+ ans)
• Compétences : Oracle SCM, Manhattan
• Connaissance des réglementations transport et douanes
• Qualités : Organisation, réactivité, gestion du stress, leadership"
"Transport Manager | Logistique | JDA, Blue Yonder, Kinaxis, Excel","Optimisez les flux logistiques et garantissez la disponibilité des produits.

🎯 Missions principales :
• Gérer les stocks
• Optimiser les coûts et les délais de livraison
• Coordonner avec les fournisseurs et transporteurs
• Suivre les indicateurs de performance logistique
• Assurer le respect des procédures qualité et sécurité
• Gérer les stocks et anticiper les besoins
• Améliorer continuellement les processus

💻 Outils logistiques :
ERP/WMS : JDA, Blue Yonder, Kinaxis, Excel
Planification : Excel
Suivi : Excel, Power BI
Communication : Teams, Email

👤 Profil recherché :
• Formation : Doctorat en logistique, supply chain
• Expérience : 2-3 ans
• Compétences : JDA, Blue Yonder
• Connaissance des réglementations transport et douanes
• Qualités : Organisation, réactivité, gestion du stress, leadership"
"Chef d'Entrepôt | Logistique | Warehouse Insight, SkuVault, Ordoro, Excel","Optimisez les flux logistiques et garantissez la disponibilité des produits.

🎯 Missions principales :
• Gérer les transports
• Optimiser les coûts et les délais de livraison
• Coordonner avec les fournisseurs et transporteurs
• Suivre les indicateurs de performance logistique
• Assurer le respect des procédures qualité et sécurité
• Gérer les stocks et anticiper les besoins
• Améliorer continuellement les processus

💻 Outils logistiques :
ERP/WMS : Warehouse Insight, SkuVault, Ordoro, Excel
Planification : SAP APO
Suivi : Excel, Power BI
Communication : Slack, Phone

👤 Profil recherché :
• Formation : Bac+3 en logistique, supply chain
• Expérience : Expert (7+ ans)
• Compétences : Warehouse Insight, SkuVault
• Connaissance des réglementations transport et douanes
• Qualités : Organisation, réactivité, gestion du stress, leadership"
"Responsable Expéditions | Logistique | JDA, Blue Yonder, Kinaxis, Excel","Optimisez les flux logistiques et garantissez la disponibilité des produits.

🎯 Missions principales :
• Gérer les expéditions
• Optimiser les coûts et les délais de livraison
• Coordonner avec les fournisseurs et transporteurs
• Suivre les indicateurs de performance logistique
• Assurer le respect des procédures qualité et sécurité
• Gérer les stocks et anticiper les besoins
• Améliorer continuellement les processus

💻 Outils logistiques :
ERP/WMS : JDA, Blue Yonder, Kinaxis, Excel
Planification : SAP APO
Suivi : Excel, Power BI
Communication : Teams, Email

👤 Profil recherché :
• Formation : Bac+3 en logistique, supply chain
• Expérience : 10+ ans
• Compétences : JDA, Blue Yonder
• Connaissance des réglementations transport et douanes
• Qualités : Organisation, réactivité, gestion du stress, leadership"
"Approvisionneur | Logistique | SAP EWM, SAP TM, SAP IBP, Excel","Optimisez les flux logistiques et garantissez la disponibilité des produits.

🎯 Missions principales :
• Gérer la supply chain
• Optimiser les coûts et les délais de livraison
• Coordonner avec les fournisseurs et transporteurs
• Suivre les indicateurs de performance logistique
• Assurer le respect des procédures qualité et sécurité
• Gérer les stocks et anticiper les besoins
• Améliorer continuellement les processus

💻 Outils logistiques :
ERP/WMS : SAP EWM, SAP TM, SAP IBP, Excel
Planification : Kinaxis
Suivi : Excel, Power BI
Communication : Walkie-Talkie, RF

👤 Profil recherché :
• Formation : DUT en logistique, supply chain
• Expérience : Senior (5+ ans)
• Compétences : SAP EWM, SAP TM
• Connaissance des réglementations transport et douanes
• Qualités : Organisation, réactivité, gestion du stress, leadership"
"Supply Chain Manager | Logistique | SAP MM, WMS, TMS, Excel","Optimisez les flux logistiques et garantissez la disponibilité des produits.

🎯 Missions principales :
• Gérer les transports
• Optimiser les coûts et les délais de livraison
• Coordonner avec les fournisseurs et transporteurs
• Suivre les indicateurs de performance logistique
• Assurer le respect des procédures qualité et sécurité
• Gérer les stocks et anticiper les besoins
• Améliorer continuellement les processus

💻 Outils logistiques :
ERP/WMS : SAP MM, WMS, TMS, Excel
Planification : SAP APO
Suivi : Excel, Power BI
Communication : Teams, Email

👤 Profil recherché :
• Formation : Bac+4 en logistique, supply chain
• Expérience : 5+ ans
• Compétences : SAP MM, WMS
• Connaissance des réglementations transport et douanes
• Qualités : Organisation, réactivité, gestion du stress, leadership"
"Responsable Expéditions | Logistique | WMS, RF, Excel, Barcode Scanner","Optimisez les flux logistiques et garantissez la disponibilité des produits.

🎯 Missions principales :
• Gérer les stocks
• Optimiser les coûts et les délais de livraison
• Coordonner avec les fournisseurs et transporteurs
• Suivre les indicateurs de performance logistique
• Assurer le respect des procédures qualité et sécurité
• Gérer les stocks et anticiper les besoins
• Améliorer continuellement les processus

💻 Outils logistiques :
ERP/WMS : WMS, RF, Excel, Barcode Scanner
Planification : Excel
Suivi : Excel, Power BI
Communication : Walkie-Talkie, RF

👤 Profil recherché :
• Formation : Bac+5 en logistique, supply chain
• Expérience : Junior (0-2 ans)
• Compétences : WMS, RF
• Connaissance des réglementations transport et douanes
• Qualités : Organisation, réactivité, gestion du stress, leadership"
"Responsable Logistique | Logistique | Manhattan SCALE, 3PL, CargoWise, Excel","Optimisez les flux logistiques et garantissez la disponibilité des produits.

🎯 Missions principales :
• Gérer la supply chain
• Optimiser les coûts et les délais de livraison
• Coordonner avec les fournisseurs et transporteurs
• Suivre les indicateurs de performance logistique
• Assurer le respect des procédures qualité et sécurité
• Gérer les stocks et anticiper les besoins
• Améliorer continuellement les processus

💻 Outils logistiques :
ERP/WMS : Manhattan SCALE, 3PL, CargoWise, Excel
Planification : Kinaxis
Suivi : Excel, Power BI
Communication : Teams, Email

👤 Profil recherché :
• Formation : Bac+2 en logistique, supply chain
• Expérience : 3-5 ans
• Compétences : Manhattan SCALE, 3PL
• Connaissance des réglementations transport et douanes
• Qualités : Organisation, réactivité, gestion du stress, leadership"
"Responsable Logistique | Logistique | JDA, Blue Yonder, Kinaxis, Excel","Optimisez les flux logistiques et garantissez la disponibilité des produits.

🎯 Missions principales :
• Gérer les approvisionnements
• Optimiser les coûts et les délais de livraison
• Coordonner avec les fournisseurs et transporteurs
• Suivre les indicateurs de performance logistique
• Assurer le respect des procédures qualité et sécurité
• Gérer les stocks et anticiper les besoins
• Améliorer continuellement les processus

💻 Outils logistiques :
ERP/WMS : JDA, Blue Yonder, Kinaxis, Excel
Planification : SAP APO
Suivi : Excel, Power BI
Communication : Slack, Phone

👤 Profil recherché :
• Formation : Bac+2 en logistique, supply chain
• Expérience : Confirmé (3-5 ans)
• Compétences : JDA, Blue Yonder
• Connaissance des réglementations transport et douanes
• Qualités : Organisation, réactivité, gestion du stress, leadership"
"Chef d'Entrepôt | Logistique | SAP, MRP, Excel, ERP","Optimisez les flux logistiques et garantissez la disponibilité des produits.

🎯 Missions principales :
• Gérer les approvisionnements
• Optimiser les coûts et les délais de livraison
• Coordonner avec les fournisseurs et transporteurs
• Suivre les indicateurs de performance logistique
• Assurer le respect des procédures qualité et sécurité
• Gérer les stocks et anticiper les besoins
• Améliorer continuellement les processus

💻 Outils logistiques :
ERP/WMS : SAP, MRP, Excel, ERP
Planification : Excel
Suivi : Excel, Power BI
Communication : Teams, Email

👤 Profil recherché :
• Formation : BTS en logistique, supply chain
• Expérience : Expert (7+ ans)
• Compétences : SAP, MRP
• Connaissance des réglementations transport et douanes
• Qualités : Organisation, réactivité, gestion du stress, leadership"
"Responsable Logistique | Logistique | IFS, Sage X3, Microsoft Dynamics, Excel","Optimisez les flux logistiques et garantissez la disponibilité des produits.

🎯 Missions principales :
• Gérer la supply chain
• Optimiser les coûts et les délais de livraison
• Coordonner avec les fournisseurs et transporteurs
• Suivre les indicateurs de performance logistique
• Assurer le respect des procédures qualité et sécurité
• Gérer les stocks et anticiper les besoins
• Améliorer continuellement les processus

💻 Outils logistiques :
ERP/WMS : IFS, Sage X3, Microsoft Dynamics, Excel
Planification : SAP APO
Suivi : Excel, Power BI
Communication : Walkie-Talkie, RF

👤 Profil recherché :
• Formation : Bac+5 en logistique, supply chain
• Expérience : 7+ ans
• Compétences : IFS, Sage X3
• Connaissance des réglementations transport et douanes
• Qualités : Organisation, réactivité, gestion du stress, leadership"
"Responsable Logistique | Logistique | Oracle SCM, Manhattan, Excel, Power BI","Optimisez les flux logistiques et garantissez la disponibilité des produits.

🎯 Missions principales :
• Gérer les transports
• Optimiser les coûts et les délais de livraison
• Coordonner avec les fournisseurs et transporteurs
• Suivre les indicateurs de performance logistique
• Assurer le respect des procédures qualité et sécurité
• Gérer les stocks et anticiper les besoins
• Améliorer continuellement les processus

💻 Outils logistiques :
ERP/WMS : Oracle SCM, Manhattan, Excel, Power BI
Planification : SAP APO
Suivi : Excel, Power BI
Communication : Teams, Email

👤 Profil recherché :
• Formation : DUT en logistique, supply chain
• Expérience : 5+ ans
• Compétences : Oracle SCM, Manhattan
• Connaissance des réglementations transport et douanes
• Qualités : Organisation, réactivité, gestion du stress, leadership"
"Planificateur Logistique | Logistique | Logiwa, Fishbowl Inventory, Cin7, Excel","Optimisez les flux logistiques et garantissez la disponibilité des produits.

🎯 Missions principales :
• Gérer les expéditions
• Optimiser les coûts et les délais de livraison
• Coordonner avec les fournisseurs et transporteurs
• Suivre les indicateurs de performance logistique
• Assurer le respect des procédures qualité et sécurité
• Gérer les stocks et anticiper les besoins
• Améliorer continuellement les processus

💻 Outils logistiques :
ERP/WMS : Logiwa, Fishbowl Inventory, Cin7, Excel
Planification : Kinaxis
Suivi : Excel, Power BI
Communication : Walkie-Talkie, RF

👤 Profil recherché :
• Formation : Bac+2 en logistique, supply chain
• Expérience : Senior (5+ ans)
• Compétences : Logiwa, Fishbowl Inventory
• Connaissance des réglementations transport et douanes
• Qualités : Organisation, réactivité, gestion du stress, leadership"
"Supply Chain Manager | Logistique | RedPrairie, Logfire, Descartes, Excel","Optimisez les flux logistiques et garantissez la disponibilité des produits.

🎯 Missions principales :
• Gérer la supply chain
• Optimiser les coûts et les délais de livraison
• Coordonner avec les fournisseurs et transporteurs
• Suivre les indicateurs de performance logistique
• Assurer le respect des procédures qualité et sécurité
• Gérer les stocks et anticiper les besoins
• Améliorer continuellement les processus

💻 Outils logistiques :
ERP/WMS : RedPrairie, Logfire, Descartes, Excel
Planification : Kinaxis
Suivi : Excel, Power BI
Communication : Slack, Phone

👤 Profil recherché :
• Formation : Bac+5 en logistique, supply chain
• Expérience : 7+ ans
• Compétences : RedPrairie, Logfire
• Connaissance des réglementations transport et douanes
• Qualités : Organisation, réactivité, gestion du stress, leadership"
"Coordinateur Supply Chain | Logistique | ShipStation, ShipBob, ShipHero, Excel","Optimisez les flux logistiques et garantissez la disponibilité des produits.

🎯 Missions principales :
• Gérer les transports
• Optimiser les coûts et les délais de livraison
• Coordonner avec les fournisseurs et transporteurs
• Suivre les indicateurs de performance logistique
• Assurer le respect des procédures qualité et sécurité
• Gérer les stocks et anticiper les besoins
• Améliorer continuellement les processus

💻 Outils logistiques :
ERP/WMS : ShipStation, ShipBob, ShipHero, Excel
Planification : SAP APO
Suivi : Excel, Power BI
Communication : Walkie-Talkie, RF

👤 Profil recherché :
• Formation : Licence en logistique, supply chain
• Expérience : Junior (0-2 ans)
• Compétences : ShipStation, ShipBob
• Connaissance des réglementations transport et douanes
• Qualités : Organisation, réactivité, gestion du stress, leadership"
"Coordinateur Supply Chain | Logistique | Infor, HighJump, Körber, Excel","Optimisez les flux logistiques et garantissez la disponibilité des produits.

🎯 Missions principales :
• Gérer les expéditions
• Optimiser les coûts et les délais de livraison
• Coordonner avec les fournisseurs et transporteurs
• Suivre les indicateurs de performance logistique
• Assurer le respect des procédures qualité et sécurité
• Gérer les stocks et anticiper les besoins
• Améliorer continuellement les processus

💻 Outils logistiques :
ERP/WMS : Infor, HighJump, Körber, Excel
Planification : Excel
Suivi : Excel, Power BI
Communication : Slack, Phone

👤 Profil recherché :
• Formation : Doctorat en logistique, supply chain
• Expérience : Senior (5+ ans)
• Compétences : Infor, HighJump
• Connaissance des réglementations transport et douanes
• Qualités : Organisation, réactivité, gestion du stress, leadership"
"Supply Chain Manager | Logistique | SAP MM, WMS, TMS, Excel","Optimisez les flux logistiques et garantissez la disponibilité des produits.

🎯 Missions principales :
• Gérer la supply chain
• Optimiser les coûts et les délais de livraison
• Coordonner avec les fournisseurs et transporteurs
• Suivre les indicateurs de performance logistique
• Assurer le respect des procédures qualité et sécurité
• Gérer les stocks et anticiper les besoins
• Améliorer continuellement les processus

💻 Outils logistiques :
ERP/WMS : SAP MM, WMS, TMS, Excel
Planification : Excel
Suivi : Excel, Power BI
Communication : Walkie-Talkie, RF

👤 Profil recherché :
• Formation : Bac+2 en logistique, supply chain
• Expérience : 2-3 ans
• Compétences : SAP MM, WMS
• Connaissance des réglementations transport et douanes
• Qualités : Organisation, réactivité, gestion du stress, leadership"
"Approvisionneur | Logistique | JDA, Blue Yonder, Kinaxis, Excel","Optimisez les flux logistiques et garantissez la disponibilité des produits.

🎯 Missions principales :
• Gérer la supply chain
• Optimiser les coûts et les délais de livraison
• Coordonner avec les fournisseurs et transporteurs
• Suivre les indicateurs de performance logistique
• Assurer le respect des procédures qualité et sécurité
• Gérer les stocks et anticiper les besoins
• Améliorer continuellement les processus

💻 Outils logistiques :
ERP/WMS : JDA, Blue Yonder, Kinaxis, Excel
Planification : Excel
Suivi : Excel, Power BI
Communication : Walkie-Talkie, RF

👤 Profil recherché :
• Formation : Doctorat en logistique, supply chain
• Expérience : 5+ ans
• Compétences : JDA, Blue Yonder
• Connaissance des réglementations transport et douanes
• Qualités : Organisation, réactivité, gestion du stress, leadership"
"Transport Manager | Logistique | SAP MM, WMS, TMS, Excel","Optimisez les flux logistiques et garantissez la disponibilité des produits.

🎯 Missions principales :
• Gérer les expéditions
• Optimiser les coûts et les délais de livraison
• Coordonner avec les fournisseurs et transporteurs
• Suivre les indicateurs de performance logistique
• Assurer le respect des procédures qualité et sécurité
• Gérer les stocks et anticiper les besoins
• Améliorer continuellement les processus

💻 Outils logistiques :
ERP/WMS : SAP MM, WMS, TMS, Excel
Planification : SAP APO
Suivi : Excel, Power BI
Communication : Slack, Phone

👤 Profil recherché :
• Formation : Master 2 en logistique, supply chain
• Expérience : 1-2 ans
• Compétences : SAP MM, WMS
• Connaissance des réglementations transport et douanes
• Qualités : Organisation, réactivité, gestion du stress, leadership"
"Responsable Logistique | Logistique | Oracle WMS, NetSuite, Fishbowl, Excel","Optimisez les flux logistiques et garantissez la disponibilité des produits.

🎯 Missions principales :
• Gérer la supply chain
• Optimiser les coûts et les délais de livraison
• Coordonner avec les fournisseurs et transporteurs
• Suivre les indicateurs de performance logistique
• Assurer le respect des procédures qualité et sécurité
• Gérer les stocks et anticiper les besoins
• Améliorer continuellement les processus

💻 Outils logistiques :
ERP/WMS : Oracle WMS, NetSuite, Fishbowl, Excel
Planification : Kinaxis
Suivi : Excel, Power BI
Communication : Slack, Phone

👤 Profil recherché :
• Formation : Doctorat en logistique, supply chain
• Expérience : 3-5 ans
• Compétences : Oracle WMS, NetSuite
• Connaissance des réglementations transport et douanes
• Qualités : Organisation, réactivité, gestion du stress, leadership"
"Responsable Logistique | Logistique | WMS, RF, Excel, Barcode Scanner","Optimisez les flux logistiques et garantissez la disponibilité des produits.

🎯 Missions principales :
• Gérer les approvisionnements
• Optimiser les coûts et les délais de livraison
• Coordonner avec les fournisseurs et transporteurs
• Suivre les indicateurs de performance logistique
• Assurer le respect des procédures qualité et sécurité
• Gérer les stocks et anticiper les besoins
• Améliorer continuellement les processus

💻 Outils logistiques :
ERP/WMS : WMS, RF, Excel, Barcode Scanner
Planification : Kinaxis
Suivi : Excel, Power BI
Communication : Slack, Phone

👤 Profil recherché :
• Formation : BTS en logistique, supply chain
• Expérience : 3-5 ans
• Compétences : WMS, RF
• Connaissance des réglementations transport et douanes
• Qualités : Organisation, réactivité, gestion du stress, leadership"
"Coordinateur Supply Chain | Logistique | Manhattan SCALE, 3PL, CargoWise, Excel","Optimisez les flux logistiques et garantissez la disponibilité des produits.

🎯 Missions principales :
• Gérer les expéditions
• Optimiser les coûts et les délais de livraison
• Coordonner avec les fournisseurs et transporteurs
• Suivre les indicateurs de performance logistique
• Assurer le respect des procédures qualité et sécurité
• Gérer les stocks et anticiper les besoins
• Améliorer continuellement les processus

💻 Outils logistiques :
ERP/WMS : Manhattan SCALE, 3PL, CargoWise, Excel
Planification : Excel
Suivi : Excel, Power BI
Communication : Walkie-Talkie, RF

👤 Profil recherché :
• Formation : Licence en logistique, supply chain
• Expérience : 3-5 ans
• Compétences : Manhattan SCALE, 3PL
• Connaissance des réglementations transport et douanes
• Qualités : Organisation, réactivité, gestion du stress, leadership"
"Approvisionneur | Logistique | Oracle SCM, Manhattan, Excel, Power BI","Optimisez les flux logistiques et garantissez la disponibilité des produits.

🎯 Missions principales :
• Gérer les transports
• Optimiser les coûts et les délais de livraison
• Coordonner avec les fournisseurs et transporteurs
• Suivre les indicateurs de performance logistique
• Assurer le respect des procédures qualité et sécurité
• Gérer les stocks et anticiper les besoins
• Améliorer continuellement les processus

💻 Outils logistiques :
ERP/WMS : Oracle SCM, Manhattan, Excel, Power BI
Planification : SAP APO
Suivi : Excel, Power BI
Communication : Walkie-Talkie, RF

👤 Profil recherché :
• Formation : Bac+4 en logistique, supply chain
• Expérience : 2-3 ans
• Compétences : Oracle SCM, Manhattan
• Connaissance des réglementations transport et douanes
• Qualités : Organisation, réactivité, gestion du stress, leadership"
"Préparateur de Commandes | Logistique | Manhattan SCALE, 3PL, CargoWise, Excel","Optimisez les flux logistiques et garantissez la disponibilité des produits.

🎯 Missions principales :
• Gérer la supply chain
• Optimiser les coûts et les délais de livraison
• Coordonner avec les fournisseurs et transporteurs
• Suivre les indicateurs de performance logistique
• Assurer le respect des procédures qualité et sécurité
• Gérer les stocks et anticiper les besoins
• Améliorer continuellement les processus

💻 Outils logistiques :
ERP/WMS : Manhattan SCALE, 3PL, CargoWise, Excel
Planification : Kinaxis
Suivi : Excel, Power BI
Communication : Slack, Phone

👤 Profil recherché :
• Formation : Bac+4 en logistique, supply chain
• Expérience : Expert (7+ ans)
• Compétences : Manhattan SCALE, 3PL
• Connaissance des réglementations transport et douanes
• Qualités : Organisation, réactivité, gestion du stress, leadership"
"Préparateur de Commandes | Logistique | SAP EWM, SAP TM, SAP IBP, Excel","Optimisez les flux logistiques et garantissez la disponibilité des produits.

🎯 Missions principales :
• Gérer les stocks
• Optimiser les coûts et les délais de livraison
• Coordonner avec les fournisseurs et transporteurs
• Suivre les indicateurs de performance logistique
• Assurer le respect des procédures qualité et sécurité
• Gérer les stocks et anticiper les besoins
• Améliorer continuellement les processus

💻 Outils logistiques :
ERP/WMS : SAP EWM, SAP TM, SAP IBP, Excel
Planification : Kinaxis
Suivi : Excel, Power BI
Communication : Teams, Email

👤 Profil recherché :
• Formation : BTS en logistique, supply chain
• Expérience : 3-5 ans
• Compétences : SAP EWM, SAP TM
• Connaissance des réglementations transport et douanes
• Qualités : Organisation, réactivité, gestion du stress, leadership"
"Planificateur Logistique | Logistique | Epicor, Acumatica, SYSPRO, Excel","Optimisez les flux logistiques et garantissez la disponibilité des produits.

🎯 Missions principales :
• Gérer les expéditions
• Optimiser les coûts et les délais de livraison
• Coordonner avec les fournisseurs et transporteurs
• Suivre les indicateurs de performance logistique
• Assurer le respect des procédures qualité et sécurité
• Gérer les stocks et anticiper les besoins
• Améliorer continuellement les processus

💻 Outils logistiques :
ERP/WMS : Epicor, Acumatica, SYSPRO, Excel
Planification : SAP APO
Suivi : Excel, Power BI
Communication : Slack, Phone

👤 Profil recherché :
• Formation : DUT en logistique, supply chain
• Expérience : 3-5 ans
• Compétences : Epicor, Acumatica
• Connaissance des réglementations transport et douanes
• Qualités : Organisation, réactivité, gestion du stress, leadership"
"Préparateur de Commandes | Logistique | SAP, MRP, Excel, ERP","Optimisez les flux logistiques et garantissez la disponibilité des produits.

🎯 Missions principales :
• Gérer les approvisionnements
• Optimiser les coûts et les délais de livraison
• Coordonner avec les fournisseurs et transporteurs
• Suivre les indicateurs de performance logistique
• Assurer le respect des procédures qualité et sécurité
• Gérer les stocks et anticiper les besoins
• Améliorer continuellement les processus

💻 Outils logistiques :
ERP/WMS : SAP, MRP, Excel, ERP
Planification : SAP APO
Suivi : Excel, Power BI
Communication : Walkie-Talkie, RF

👤 Profil recherché :
• Formation : BTS en logistique, supply chain
• Expérience : Junior (0-2 ans)
• Compétences : SAP, MRP
• Connaissance des réglementations transport et douanes
• Qualités : Organisation, réactivité, gestion du stress, leadership"
"Planificateur Logistique | Logistique | SAP EWM, SAP TM, SAP IBP, Excel","Optimisez les flux logistiques et garantissez la disponibilité des produits.

🎯 Missions principales :
• Gérer les transports
• Optimiser les coûts et les délais de livraison
• Coordonner avec les fournisseurs et transporteurs
• Suivre les indicateurs de performance logistique
• Assurer le respect des procédures qualité et sécurité
• Gérer les stocks et anticiper les besoins
• Améliorer continuellement les processus

💻 Outils logistiques :
ERP/WMS : SAP EWM, SAP TM, SAP IBP, Excel
Planification : Kinaxis
Suivi : Excel, Power BI
Communication : Teams, Email

👤 Profil recherché :
• Formation : Bac+3 en logistique, supply chain
• Expérience : 10+ ans
• Compétences : SAP EWM, SAP TM
• Connaissance des réglementations transport et douanes
• Qualités : Organisation, réactivité, gestion du stress, leadership"
"Préparateur de Commandes | Logistique | RedPrairie, Logfire, Descartes, Excel","Optimisez les flux logistiques et garantissez la disponibilité des produits.

🎯 Missions principales :
• Gérer la supply chain
• Optimiser les coûts et les délais de livraison
• Coordonner avec les fournisseurs et transporteurs
• Suivre les indicateurs de performance logistique
• Assurer le respect des procédures qualité et sécurité
• Gérer les stocks et anticiper les besoins
• Améliorer continuellement les processus

💻 Outils logistiques :
ERP/WMS : RedPrairie, Logfire, Descartes, Excel
Planification : Excel
Suivi : Excel, Power BI
Communication : Slack, Phone

👤 Profil recherché :
• Formation : Master 2 en logistique, supply chain
• Expérience : 3-5 ans
• Compétences : RedPrairie, Logfire
• Connaissance des réglementations transport et douanes
• Qualités : Organisation, réactivité, gestion du stress, leadership"
"Gestionnaire de Stock | Logistique | Epicor, Acumatica, SYSPRO, Excel","Optimisez les flux logistiques et garantissez la disponibilité des produits.

🎯 Missions principales :
• Gérer la supply chain
• Optimiser les coûts et les délais de livraison
• Coordonner avec les fournisseurs et transporteurs
• Suivre les indicateurs de performance logistique
• Assurer le respect des procédures qualité et sécurité
• Gérer les stocks et anticiper les besoins
• Améliorer continuellement les processus

💻 Outils logistiques :
ERP/WMS : Epicor, Acumatica, SYSPRO, Excel
Planification : Excel
Suivi : Excel, Power BI
Communication : Walkie-Talkie, RF

👤 Profil recherché :
• Formation : Bac+2 en logistique, supply chain
• Expérience : 10+ ans
• Compétences : Epicor, Acumatica
• Connaissance des réglementations transport et douanes
• Qualités : Organisation, réactivité, gestion du stress, leadership"
"Préparateur de Commandes | Logistique | SAP EWM, SAP TM, SAP IBP, Excel","Optimisez les flux logistiques et garantissez la disponibilité des produits.

🎯 Missions principales :
• Gérer les approvisionnements
• Optimiser les coûts et les délais de livraison
• Coordonner avec les fournisseurs et transporteurs
• Suivre les indicateurs de performance logistique
• Assurer le respect des procédures qualité et sécurité
• Gérer les stocks et anticiper les besoins
• Améliorer continuellement les processus

💻 Outils logistiques :
ERP/WMS : SAP EWM, SAP TM, SAP IBP, Excel
Planification : SAP APO
Suivi : Excel, Power BI
Communication : Walkie-Talkie, RF

👤 Profil recherché :
• Formation : Bac+5 en logistique, supply chain
• Expérience : 5+ ans
• Compétences : SAP EWM, SAP TM
• Connaissance des réglementations transport et douanes
• Qualités : Organisation, réactivité, gestion du stress, leadership"
"Préparateur de Commandes | Logistique | SAP EWM, SAP TM, SAP IBP, Excel","Optimisez les flux logistiques et garantissez la disponibilité des produits.

🎯 Missions principales :
• Gérer la supply chain
• Optimiser les coûts et les délais de livraison
• Coordonner avec les fournisseurs et transporteurs
• Suivre les indicateurs de performance logistique
• Assurer le respect des procédures qualité et sécurité
• Gérer les stocks et anticiper les besoins
• Améliorer continuellement les processus

💻 Outils logistiques :
ERP/WMS : SAP EWM, SAP TM, SAP IBP, Excel
Planification : Kinaxis
Suivi : Excel, Power BI
Communication : Slack, Phone

👤 Profil recherché :
• Formation : Licence en logistique, supply chain
• Expérience : 2-3 ans
• Compétences : SAP EWM, SAP TM
• Connaissance des réglementations transport et douanes
• Qualités : Organisation, réactivité, gestion du stress, leadership"
"Planificateur Logistique | Logistique | Manhattan SCALE, 3PL, CargoWise, Excel","Optimisez les flux logistiques et garantissez la disponibilité des produits.

🎯 Missions principales :
• Gérer les approvisionnements
• Optimiser les coûts et les délais de livraison
• Coordonner avec les fournisseurs et transporteurs
• Suivre les indicateurs de performance logistique
• Assurer le respect des procédures qualité et sécurité
• Gérer les stocks et anticiper les besoins
• Améliorer continuellement les processus

💻 Outils logistiques :
ERP/WMS : Manhattan SCALE, 3PL, CargoWise, Excel
Planification : SAP APO
Suivi : Excel, Power BI
Communication : Walkie-Talkie, RF

👤 Profil recherché :
• Formation : Bac+3 en logistique, supply chain
• Expérience : 3-5 ans
• Compétences : Manhattan SCALE, 3PL
• Connaissance des réglementations transport et douanes
• Qualités : Organisation, réactivité, gestion du stress, leadership"
"Supply Chain Manager | Logistique | IFS, Sage X3, Microsoft Dynamics, Excel","Optimisez les flux logistiques et garantissez la disponibilité des produits.

🎯 Missions principales :
• Gérer les expéditions
• Optimiser les coûts et les délais de livraison
• Coordonner avec les fournisseurs et transporteurs
• Suivre les indicateurs de performance logistique
• Assurer le respect des procédures qualité et sécurité
• Gérer les stocks et anticiper les besoins
• Améliorer continuellement les processus

💻 Outils logistiques :
ERP/WMS : IFS, Sage X3, Microsoft Dynamics, Excel
Planification : Kinaxis
Suivi : Excel, Power BI
Communication : Slack, Phone

👤 Profil recherché :
• Formation : Bac+3 en logistique, supply chain
• Expérience : 2-3 ans
• Compétences : IFS, Sage X3
• Connaissance des réglementations transport et douanes
• Qualités : Organisation, réactivité, gestion du stress, leadership"
"Coordinateur Supply Chain | Logistique | SAP, MRP, Excel, ERP","Optimisez les flux logistiques et garantissez la disponibilité des produits.

🎯 Missions principales :
• Gérer les stocks
• Optimiser les coûts et les délais de livraison
• Coordonner avec les fournisseurs et transporteurs
• Suivre les indicateurs de performance logistique
• Assurer le respect des procédures qualité et sécurité
• Gérer les stocks et anticiper les besoins
• Améliorer continuellement les processus

💻 Outils logistiques :
ERP/WMS : SAP, MRP, Excel, ERP
Planification : Kinaxis
Suivi : Excel, Power BI
Communication : Teams, Email

👤 Profil recherché :
• Formation : Bac+5 en logistique, supply chain
• Expérience : Expert (7+ ans)
• Compétences : SAP, MRP
• Connaissance des réglementations transport et douanes
• Qualités : Organisation, réactivité, gestion du stress, leadership"
"Chef d'Entrepôt | Logistique | RedPrairie, Logfire, Descartes, Excel","Optimisez les flux logistiques et garantissez la disponibilité des produits.

🎯 Missions principales :
• Gérer la supply chain
• Optimiser les coûts et les délais de livraison
• Coordonner avec les fournisseurs et transporteurs
• Suivre les indicateurs de performance logistique
• Assurer le respect des procédures qualité et sécurité
• Gérer les stocks et anticiper les besoins
• Améliorer continuellement les processus

💻 Outils logistiques :
ERP/WMS : RedPrairie, Logfire, Descartes, Excel
Planification : Kinaxis
Suivi : Excel, Power BI
Communication : Walkie-Talkie, RF

👤 Profil recherché :
• Formation : Bac+4 en logistique, supply chain
• Expérience : 10+ ans
• Compétences : RedPrairie, Logfire
• Connaissance des réglementations transport et douanes
• Qualités : Organisation, réactivité, gestion du stress, leadership"
"Approvisionneur | Logistique | Oracle WMS, NetSuite, Fishbowl, Excel","Optimisez les flux logistiques et garantissez la disponibilité des produits.

🎯 Missions principales :
• Gérer les transports
• Optimiser les coûts et les délais de livraison
• Coordonner avec les fournisseurs et transporteurs
• Suivre les indicateurs de performance logistique
• Assurer le respect des procédures qualité et sécurité
• Gérer les stocks et anticiper les besoins
• Améliorer continuellement les processus

💻 Outils logistiques :
ERP/WMS : Oracle WMS, NetSuite, Fishbowl, Excel
Planification : Kinaxis
Suivi : Excel, Power BI
Communication : Slack, Phone

👤 Profil recherché :
• Formation : Master 2 en logistique, supply chain
• Expérience : 1-2 ans
• Compétences : Oracle WMS, NetSuite
• Connaissance des réglementations transport et douanes
• Qualités : Organisation, réactivité, gestion du stress, leadership"
"Préparateur de Commandes | Logistique | SAP MM, WMS, TMS, Excel","Optimisez les flux logistiques et garantissez la disponibilité des produits.

🎯 Missions principales :
• Gérer les approvisionnements
• Optimiser les coûts et les délais de livraison
• Coordonner avec les fournisseurs et transporteurs
• Suivre les indicateurs de performance logistique
• Assurer le respect des procédures qualité et sécurité
• Gérer les stocks et anticiper les besoins
• Améliorer continuellement les processus

💻 Outils logistiques :
ERP/WMS : SAP MM, WMS, TMS, Excel
Planification : Excel
Suivi : Excel, Power BI
Communication : Slack, Phone

👤 Profil recherché :
• Formation : Bac+4 en logistique, supply chain
• Expérience : 5+ ans
• Compétences : SAP MM, WMS
• Connaissance des réglementations transport et douanes
• Qualités : Organisation, réactivité, gestion du stress, leadership"
"Chef d'Entrepôt | Logistique | Infor, HighJump, Körber, Excel","Optimisez les flux logistiques et garantissez la disponibilité des produits.

🎯 Missions principales :
• Gérer les expéditions
• Optimiser les coûts et les délais de livraison
• Coordonner avec les fournisseurs et transporteurs
• Suivre les indicateurs de performance logistique
• Assurer le respect des procédures qualité et sécurité
• Gérer les stocks et anticiper les besoins
• Améliorer continuellement les processus

💻 Outils logistiques :
ERP/WMS : Infor, HighJump, Körber, Excel
Planification : Kinaxis
Suivi : Excel, Power BI
Communication : Slack, Phone

👤 Profil recherché :
• Formation : BTS en logistique, supply chain
• Expérience : 5+ ans
• Compétences : Infor, HighJump
• Connaissance des réglementations transport et douanes
• Qualités : Organisation, réactivité, gestion du stress, leadership"
"Supply Chain Manager | Logistique | IFS, Sage X3, Microsoft Dynamics, Excel","Optimisez les flux logistiques et garantissez la disponibilité des produits.

🎯 Missions principales :
• Gérer la supply chain
• Optimiser les coûts et les délais de livraison
• Coordonner avec les fournisseurs et transporteurs
• Suivre les indicateurs de performance logistique
• Assurer le respect des procédures qualité et sécurité
• Gérer les stocks et anticiper les besoins
• Améliorer continuellement les processus

💻 Outils logistiques :
ERP/WMS : IFS, Sage X3, Microsoft Dynamics, Excel
Planification : SAP APO
Suivi : Excel, Power BI
Communication : Teams, Email

👤 Profil recherché :
• Formation : Licence en logistique, supply chain
• Expérience : 1-2 ans
• Compétences : IFS, Sage X3
• Connaissance des réglementations transport et douanes
• Qualités : Organisation, réactivité, gestion du stress, leadership"
"Supply Chain Manager | Logistique | JDA, Blue Yonder, Kinaxis, Excel","Optimisez les flux logistiques et garantissez la disponibilité des produits.

🎯 Missions principales :
• Gérer les transports
• Optimiser les coûts et les délais de livraison
• Coordonner avec les fournisseurs et transporteurs
• Suivre les indicateurs de performance logistique
• Assurer le respect des procédures qualité et sécurité
• Gérer les stocks et anticiper les besoins
• Améliorer continuellement les processus

💻 Outils logistiques :
ERP/WMS : JDA, Blue Yonder, Kinaxis, Excel
Planification : SAP APO
Suivi : Excel, Power BI
Communication : Teams, Email

👤 Profil recherché :
• Formation : Doctorat en logistique, supply chain
• Expérience : Senior (5+ ans)
• Compétences : JDA, Blue Yonder
• Connaissance des réglementations transport et douanes
• Qualités : Organisation, réactivité, gestion du stress, leadership"
"Chef d'Entrepôt | Logistique | IFS, Sage X3, Microsoft Dynamics, Excel","Optimisez les flux logistiques et garantissez la disponibilité des produits.

🎯 Missions principales :
• Gérer les stocks
• Optimiser les coûts et les délais de livraison
• Coordonner avec les fournisseurs et transporteurs
• Suivre les indicateurs de performance logistique
• Assurer le respect des procédures qualité et sécurité
• Gérer les stocks et anticiper les besoins
• Améliorer continuellement les processus

💻 Outils logistiques :
ERP/WMS : IFS, Sage X3, Microsoft Dynamics, Excel
Planification : Kinaxis
Suivi : Excel, Power BI
Communication : Slack, Phone

👤 Profil recherché :
• Formation : Bac+3 en logistique, supply chain
• Expérience : Confirmé (3-5 ans)
• Compétences : IFS, Sage X3
• Connaissance des réglementations transport et douanes
• Qualités : Organisation, réactivité, gestion du stress, leadership"
"Responsable Expéditions | Logistique | JDA, Blue Yonder, Kinaxis, Excel","Optimisez les flux logistiques et garantissez la disponibilité des produits.

🎯 Missions principales :
• Gérer la supply chain
• Optimiser les coûts et les délais de livraison
• Coordonner avec les fournisseurs et transporteurs
• Suivre les indicateurs de performance logistique
• Assurer le respect des procédures qualité et sécurité
• Gérer les stocks et anticiper les besoins
• Améliorer continuellement les processus

💻 Outils logistiques :
ERP/WMS : JDA, Blue Yonder, Kinaxis, Excel
Planification : SAP APO
Suivi : Excel, Power BI
Communication : Teams, Email

👤 Profil recherché :
• Formation : Licence en logistique, supply chain
• Expérience : 10+ ans
• Compétences : JDA, Blue Yonder
• Connaissance des réglementations transport et douanes
• Qualités : Organisation, réactivité, gestion du stress, leadership"
"Responsable Logistique | Logistique | SAP MM, WMS, TMS, Excel","Optimisez les flux logistiques et garantissez la disponibilité des produits.

🎯 Missions principales :
• Gérer les expéditions
• Optimiser les coûts et les délais de livraison
• Coordonner avec les fournisseurs et transporteurs
• Suivre les indicateurs de performance logistique
• Assurer le respect des procédures qualité et sécurité
• Gérer les stocks et anticiper les besoins
• Améliorer continuellement les processus

💻 Outils logistiques :
ERP/WMS : SAP MM, WMS, TMS, Excel
Planification : SAP APO
Suivi : Excel, Power BI
Communication : Slack, Phone

👤 Profil recherché :
• Formation : BTS en logistique, supply chain
• Expérience : 10+ ans
• Compétences : SAP MM, WMS
• Connaissance des réglementations transport et douanes
• Qualités : Organisation, réactivité, gestion du stress, leadership"
"Responsable Expéditions | Logistique | Warehouse Insight, SkuVault, Ordoro, Excel","Optimisez les flux logistiques et garantissez la disponibilité des produits.

🎯 Missions principales :
• Gérer les expéditions
• Optimiser les coûts et les délais de livraison
• Coordonner avec les fournisseurs et transporteurs
• Suivre les indicateurs de performance logistique
• Assurer le respect des procédures qualité et sécurité
• Gérer les stocks et anticiper les besoins
• Améliorer continuellement les processus

💻 Outils logistiques :
ERP/WMS : Warehouse Insight, SkuVault, Ordoro, Excel
Planification : Kinaxis
Suivi : Excel, Power BI
Communication : Teams, Email

👤 Profil recherché :
• Formation : Licence en logistique, supply chain
• Expérience : 3-5 ans
• Compétences : Warehouse Insight, SkuVault
• Connaissance des réglementations transport et douanes
• Qualités : Organisation, réactivité, gestion du stress, leadership"
"Approvisionneur | Logistique | JDA, Blue Yonder, Kinaxis, Excel","Optimisez les flux logistiques et garantissez la disponibilité des produits.

🎯 Missions principales :
• Gérer les approvisionnements
• Optimiser les coûts et les délais de livraison
• Coordonner avec les fournisseurs et transporteurs
• Suivre les indicateurs de performance logistique
• Assurer le respect des procédures qualité et sécurité
• Gérer les stocks et anticiper les besoins
• Améliorer continuellement les processus

💻 Outils logistiques :
ERP/WMS : JDA, Blue Yonder, Kinaxis, Excel
Planification : Kinaxis
Suivi : Excel, Power BI
Communication : Slack, Phone

👤 Profil recherché :
• Formation : Licence en logistique, supply chain
• Expérience : 5+ ans
• Compétences : JDA, Blue Yonder
• Connaissance des réglementations transport et douanes
• Qualités : Organisation, réactivité, gestion du stress, leadership"
"Gestionnaire de Stock | Logistique | Warehouse Insight, SkuVault, Ordoro, Excel","Optimisez les flux logistiques et garantissez la disponibilité des produits.

🎯 Missions principales :
• Gérer les expéditions
• Optimiser les coûts et les délais de livraison
• Coordonner avec les fournisseurs et transporteurs
• Suivre les indicateurs de performance logistique
• Assurer le respect des procédures qualité et sécurité
• Gérer les stocks et anticiper les besoins
• Améliorer continuellement les processus

💻 Outils logistiques :
ERP/WMS : Warehouse Insight, SkuVault, Ordoro, Excel
Planification : SAP APO
Suivi : Excel, Power BI
Communication : Slack, Phone

👤 Profil recherché :
• Formation : Bac+2 en logistique, supply chain
• Expérience : 2-3 ans
• Compétences : Warehouse Insight, SkuVault
• Connaissance des réglementations transport et douanes
• Qualités : Organisation, réactivité, gestion du stress, leadership"
"Planificateur Logistique | Logistique | SAP, MRP, Excel, ERP","Optimisez les flux logistiques et garantissez la disponibilité des produits.

🎯 Missions principales :
• Gérer les stocks
• Optimiser les coûts et les délais de livraison
• Coordonner avec les fournisseurs et transporteurs
• Suivre les indicateurs de performance logistique
• Assurer le respect des procédures qualité et sécurité
• Gérer les stocks et anticiper les besoins
• Améliorer continuellement les processus

💻 Outils logistiques :
ERP/WMS : SAP, MRP, Excel, ERP
Planification : Kinaxis
Suivi : Excel, Power BI
Communication : Teams, Email

👤 Profil recherché :
• Formation : DUT en logistique, supply chain
• Expérience : 3-5 ans
• Compétences : SAP, MRP
• Connaissance des réglementations transport et douanes
• Qualités : Organisation, réactivité, gestion du stress, leadership"
"Supply Chain Manager | Logistique | SAP EWM, SAP TM, SAP IBP, Excel","Optimisez les flux logistiques et garantissez la disponibilité des produits.

🎯 Missions principales :
• Gérer les transports
• Optimiser les coûts et les délais de livraison
• Coordonner avec les fournisseurs et transporteurs
• Suivre les indicateurs de performance logistique
• Assurer le respect des procédures qualité et sécurité
• Gérer les stocks et anticiper les besoins
• Améliorer continuellement les processus

💻 Outils logistiques :
ERP/WMS : SAP EWM, SAP TM, SAP IBP, Excel
Planification : SAP APO
Suivi : Excel, Power BI
Communication : Walkie-Talkie, RF

👤 Profil recherché :
• Formation : Bac+5 en logistique, supply chain
• Expérience : 3-5 ans
• Compétences : SAP EWM, SAP TM
• Connaissance des réglementations transport et douanes
• Qualités : Organisation, réactivité, gestion du stress, leadership"
"Planificateur Logistique | Logistique | Oracle WMS, NetSuite, Fishbowl, Excel","Optimisez les flux logistiques et garantissez la disponibilité des produits.

🎯 Missions principales :
• Gérer les expéditions
• Optimiser les coûts et les délais de livraison
• Coordonner avec les fournisseurs et transporteurs
• Suivre les indicateurs de performance logistique
• Assurer le respect des procédures qualité et sécurité
• Gérer les stocks et anticiper les besoins
• Améliorer continuellement les processus

💻 Outils logistiques :
ERP/WMS : Oracle WMS, NetSuite, Fishbowl, Excel
Planification : SAP APO
Suivi : Excel, Power BI
Communication : Teams, Email

👤 Profil recherché :
• Formation : Master 2 en logistique, supply chain
• Expérience : 1-2 ans
• Compétences : Oracle WMS, NetSuite
• Connaissance des réglementations transport et douanes
• Qualités : Organisation, réactivité, gestion du stress, leadership"
"Responsable Expéditions | Logistique | SAP, MRP, Excel, ERP","Optimisez les flux logistiques et garantissez la disponibilité des produits.

🎯 Missions principales :
• Gérer les stocks
• Optimiser les coûts et les délais de livraison
• Coordonner avec les fournisseurs et transporteurs
• Suivre les indicateurs de performance logistique
• Assurer le respect des procédures qualité et sécurité
• Gérer les stocks et anticiper les besoins
• Améliorer continuellement les processus

💻 Outils logistiques :
ERP/WMS : SAP, MRP, Excel, ERP
Planification : Excel
Suivi : Excel, Power BI
Communication : Teams, Email

👤 Profil recherché :
• Formation : Doctorat en logistique, supply chain
• Expérience : Expert (7+ ans)
• Compétences : SAP, MRP
• Connaissance des réglementations transport et douanes
• Qualités : Organisation, réactivité, gestion du stress, leadership"
"Planificateur Logistique | Logistique | SAP, MRP, Excel, ERP","Optimisez les flux logistiques et garantissez la disponibilité des produits.

🎯 Missions principales :
• Gérer les expéditions
• Optimiser les coûts et les délais de livraison
• Coordonner avec les fournisseurs et transporteurs
• Suivre les indicateurs de performance logistique
• Assurer le respect des procédures qualité et sécurité
• Gérer les stocks et anticiper les besoins
• Améliorer continuellement les processus

💻 Outils logistiques :
ERP/WMS : SAP, MRP, Excel, ERP
Planification : Excel
Suivi : Excel, Power BI
Communication : Teams, Email

👤 Profil recherché :
• Formation : Bac+4 en logistique, supply chain
• Expérience : 2-3 ans
• Compétences : SAP, MRP
• Connaissance des réglementations transport et douanes
• Qualités : Organisation, réactivité, gestion du stress, leadership"
"Responsable Expéditions | Logistique | Oracle WMS, NetSuite, Fishbowl, Excel","Optimisez les flux logistiques et garantissez la disponibilité des produits.

🎯 Missions principales :
• Gérer la supply chain
• Optimiser les coûts et les délais de livraison
• Coordonner avec les fournisseurs et transporteurs
• Suivre les indicateurs de performance logistique
• Assurer le respect des procédures qualité et sécurité
• Gérer les stocks et anticiper les besoins
• Améliorer continuellement les processus

💻 Outils logistiques :
ERP/WMS : Oracle WMS, NetSuite, Fishbowl, Excel
Planification : Excel
Suivi : Excel, Power BI
Communication : Slack, Phone

👤 Profil recherché :
• Formation : Bac+4 en logistique, supply chain
• Expérience : Junior (0-2 ans)
• Compétences : Oracle WMS, NetSuite
• Connaissance des réglementations transport et douanes
• Qualités : Organisation, réactivité, gestion du stress, leadership"
"Planificateur Logistique | Logistique | Manhattan SCALE, 3PL, CargoWise, Excel","Optimisez les flux logistiques et garantissez la disponibilité des produits.

🎯 Missions principales :
• Gérer les stocks
• Optimiser les coûts et les délais de livraison
• Coordonner avec les fournisseurs et transporteurs
• Suivre les indicateurs de performance logistique
• Assurer le respect des procédures qualité et sécurité
• Gérer les stocks et anticiper les besoins
• Améliorer continuellement les processus

💻 Outils logistiques :
ERP/WMS : Manhattan SCALE, 3PL, CargoWise, Excel
Planification : Excel
Suivi : Excel, Power BI
Communication : Slack, Phone

👤 Profil recherché :
• Formation : BTS en logistique, supply chain
• Expérience : Senior (5+ ans)
• Compétences : Manhattan SCALE, 3PL
• Connaissance des réglementations transport et douanes
• Qualités : Organisation, réactivité, gestion du stress, leadership"
"Supply Chain Manager | Logistique | Epicor, Acumatica, SYSPRO, Excel","Optimisez les flux logistiques et garantissez la disponibilité des produits.

🎯 Missions principales :
• Gérer les approvisionnements
• Optimiser les coûts et les délais de livraison
• Coordonner avec les fournisseurs et transporteurs
• Suivre les indicateurs de performance logistique
• Assurer le respect des procédures qualité et sécurité
• Gérer les stocks et anticiper les besoins
• Améliorer continuellement les processus

💻 Outils logistiques :
ERP/WMS : Epicor, Acumatica, SYSPRO, Excel
Planification : Kinaxis
Suivi : Excel, Power BI
Communication : Teams, Email

👤 Profil recherché :
• Formation : Bac+5 en logistique, supply chain
• Expérience : 2-3 ans
• Compétences : Epicor, Acumatica
• Connaissance des réglementations transport et douanes
• Qualités : Organisation, réactivité, gestion du stress, leadership"
"Transport Manager | Logistique | Logiwa, Fishbowl Inventory, Cin7, Excel","Optimisez les flux logistiques et garantissez la disponibilité des produits.

🎯 Missions principales :
• Gérer les transports
• Optimiser les coûts et les délais de livraison
• Coordonner avec les fournisseurs et transporteurs
• Suivre les indicateurs de performance logistique
• Assurer le respect des procédures qualité et sécurité
• Gérer les stocks et anticiper les besoins
• Améliorer continuellement les processus

💻 Outils logistiques :
ERP/WMS : Logiwa, Fishbowl Inventory, Cin7, Excel
Planification : Excel
Suivi : Excel, Power BI
Communication : Teams, Email

👤 Profil recherché :
• Formation : Bac+2 en logistique, supply chain
• Expérience : 10+ ans
• Compétences : Logiwa, Fishbowl Inventory
• Connaissance des réglementations transport et douanes
• Qualités : Organisation, réactivité, gestion du stress, leadership"
"Planificateur Logistique | Logistique | Epicor, Acumatica, SYSPRO, Excel","Optimisez les flux logistiques et garantissez la disponibilité des produits.

🎯 Missions principales :
• Gérer les transports
• Optimiser les coûts et les délais de livraison
• Coordonner avec les fournisseurs et transporteurs
• Suivre les indicateurs de performance logistique
• Assurer le respect des procédures qualité et sécurité
• Gérer les stocks et anticiper les besoins
• Améliorer continuellement les processus

💻 Outils logistiques :
ERP/WMS : Epicor, Acumatica, SYSPRO, Excel
Planification : Excel
Suivi : Excel, Power BI
Communication : Slack, Phone

👤 Profil recherché :
• Formation : Licence en logistique, supply chain
• Expérience : 7+ ans
• Compétences : Epicor, Acumatica
• Connaissance des réglementations transport et douanes
• Qualités : Organisation, réactivité, gestion du stress, leadership"
"Responsable Expéditions | Logistique | Manhattan SCALE, 3PL, CargoWise, Excel","Optimisez les flux logistiques et garantissez la disponibilité des produits.

🎯 Missions principales :
• Gérer les transports
• Optimiser les coûts et les délais de livraison
• Coordonner avec les fournisseurs et transporteurs
• Suivre les indicateurs de performance logistique
• Assurer le respect des procédures qualité et sécurité
• Gérer les stocks et anticiper les besoins
• Améliorer continuellement les processus

💻 Outils logistiques :
ERP/WMS : Manhattan SCALE, 3PL, CargoWise, Excel
Planification : SAP APO
Suivi : Excel, Power BI
Communication : Teams, Email

👤 Profil recherché :
• Formation : Bac+2 en logistique, supply chain
• Expérience : Junior (0-2 ans)
• Compétences : Manhattan SCALE, 3PL
• Connaissance des réglementations transport et douanes
• Qualités : Organisation, réactivité, gestion du stress, leadership"
"Responsable Expéditions | Logistique | Infor, HighJump, Körber, Excel","Optimisez les flux logistiques et garantissez la disponibilité des produits.

🎯 Missions principales :
• Gérer les stocks
• Optimiser les coûts et les délais de livraison
• Coordonner avec les fournisseurs et transporteurs
• Suivre les indicateurs de performance logistique
• Assurer le respect des procédures qualité et sécurité
• Gérer les stocks et anticiper les besoins
• Améliorer continuellement les processus

💻 Outils logistiques :
ERP/WMS : Infor, HighJump, Körber, Excel
Planification : SAP APO
Suivi : Excel, Power BI
Communication : Teams, Email

👤 Profil recherché :
• Formation : Bac+2 en logistique, supply chain
• Expérience : Confirmé (3-5 ans)
• Compétences : Infor, HighJump
• Connaissance des réglementations transport et douanes
• Qualités : Organisation, réactivité, gestion du stress, leadership"
"Responsable Logistique | Logistique | Oracle WMS, NetSuite, Fishbowl, Excel","Optimisez les flux logistiques et garantissez la disponibilité des produits.

🎯 Missions principales :
• Gérer les stocks
• Optimiser les coûts et les délais de livraison
• Coordonner avec les fournisseurs et transporteurs
• Suivre les indicateurs de performance logistique
• Assurer le respect des procédures qualité et sécurité
• Gérer les stocks et anticiper les besoins
• Améliorer continuellement les processus

💻 Outils logistiques :
ERP/WMS : Oracle WMS, NetSuite, Fishbowl, Excel
Planification : SAP APO
Suivi : Excel, Power BI
Communication : Teams, Email

👤 Profil recherché :
• Formation : Licence en logistique, supply chain
• Expérience : 7+ ans
• Compétences : Oracle WMS, NetSuite
• Connaissance des réglementations transport et douanes
• Qualités : Organisation, réactivité, gestion du stress, leadership"
"Planificateur Logistique | Logistique | Logiwa, Fishbowl Inventory, Cin7, Excel","Optimisez les flux logistiques et garantissez la disponibilité des produits.

🎯 Missions principales :
• Gérer les transports
• Optimiser les coûts et les délais de livraison
• Coordonner avec les fournisseurs et transporteurs
• Suivre les indicateurs de performance logistique
• Assurer le respect des procédures qualité et sécurité
• Gérer les stocks et anticiper les besoins
• Améliorer continuellement les processus

💻 Outils logistiques :
ERP/WMS : Logiwa, Fishbowl Inventory, Cin7, Excel
Planification : Excel
Suivi : Excel, Power BI
Communication : Teams, Email

👤 Profil recherché :
• Formation : Bac+5 en logistique, supply chain
• Expérience : 5+ ans
• Compétences : Logiwa, Fishbowl Inventory
• Connaissance des réglementations transport et douanes
• Qualités : Organisation, réactivité, gestion du stress, leadership"
"Responsable Logistique | Logistique | Infor, HighJump, Körber, Excel","Optimisez les flux logistiques et garantissez la disponibilité des produits.

🎯 Missions principales :
• Gérer la supply chain
• Optimiser les coûts et les délais de livraison
• Coordonner avec les fournisseurs et transporteurs
• Suivre les indicateurs de performance logistique
• Assurer le respect des procédures qualité et sécurité
• Gérer les stocks et anticiper les besoins
• Améliorer continuellement les processus

💻 Outils logistiques :
ERP/WMS : Infor, HighJump, Körber, Excel
Planification : SAP APO
Suivi : Excel, Power BI
Communication : Teams, Email

👤 Profil recherché :
• Formation : Doctorat en logistique, supply chain
• Expérience : 7+ ans
• Compétences : Infor, HighJump
• Connaissance des réglementations transport et douanes
• Qualités : Organisation, réactivité, gestion du stress, leadership"
"Transport Manager | Logistique | IFS, Sage X3, Microsoft Dynamics, Excel","Optimisez les flux logistiques et garantissez la disponibilité des produits.

🎯 Missions principales :
• Gérer les stocks
• Optimiser les coûts et les délais de livraison
• Coordonner avec les fournisseurs et transporteurs
• Suivre les indicateurs de performance logistique
• Assurer le respect des procédures qualité et sécurité
• Gérer les stocks et anticiper les besoins
• Améliorer continuellement les processus

💻 Outils logistiques :
ERP/WMS : IFS, Sage X3, Microsoft Dynamics, Excel
Planification : Excel
Suivi : Excel, Power BI
Communication : Teams, Email

👤 Profil recherché :
• Formation : DUT en logistique, supply chain
• Expérience : 10+ ans
• Compétences : IFS, Sage X3
• Connaissance des réglementations transport et douanes
• Qualités : Organisation, réactivité, gestion du stress, leadership"
"Supply Chain Manager | Logistique | Oracle WMS, NetSuite, Fishbowl, Excel","Optimisez les flux logistiques et garantissez la disponibilité des produits.

🎯 Missions principales :
• Gérer les stocks
• Optimiser les coûts et les délais de livraison
• Coordonner avec les fournisseurs et transporteurs
• Suivre les indicateurs de performance logistique
• Assurer le respect des procédures qualité et sécurité
• Gérer les stocks et anticiper les besoins
• Améliorer continuellement les processus

💻 Outils logistiques :
ERP/WMS : Oracle WMS, NetSuite, Fishbowl, Excel
Planification : Excel
Suivi : Excel, Power BI
Communication : Slack, Phone

👤 Profil recherché :
• Formation : BTS en logistique, supply chain
• Expérience : Expert (7+ ans)
• Compétences : Oracle WMS, NetSuite
• Connaissance des réglementations transport et douanes
• Qualités : Organisation, réactivité, gestion du stress, leadership"
"Responsable Expéditions | Logistique | Warehouse Insight, SkuVault, Ordoro, Excel","Optimisez les flux logistiques et garantissez la disponibilité des produits.

🎯 Missions principales :
• Gérer la supply chain
• Optimiser les coûts et les délais de livraison
• Coordonner avec les fournisseurs et transporteurs
• Suivre les indicateurs de performance logistique
• Assurer le respect des procédures qualité et sécurité
• Gérer les stocks et anticiper les besoins
• Améliorer continuellement les processus

💻 Outils logistiques :
ERP/WMS : Warehouse Insight, SkuVault, Ordoro, Excel
Planification : SAP APO
Suivi : Excel, Power BI
Communication : Walkie-Talkie, RF

👤 Profil recherché :
• Formation : Doctorat en logistique, supply chain
• Expérience : 2-3 ans
• Compétences : Warehouse Insight, SkuVault
• Connaissance des réglementations transport et douanes
• Qualités : Organisation, réactivité, gestion du stress, leadership"
"Approvisionneur | Logistique | SAP EWM, SAP TM, SAP IBP, Excel","Optimisez les flux logistiques et garantissez la disponibilité des produits.

🎯 Missions principales :
• Gérer la supply chain
• Optimiser les coûts et les délais de livraison
• Coordonner avec les fournisseurs et transporteurs
• Suivre les indicateurs de performance logistique
• Assurer le respect des procédures qualité et sécurité
• Gérer les stocks et anticiper les besoins
• Améliorer continuellement les processus

💻 Outils logistiques :
ERP/WMS : SAP EWM, SAP TM, SAP IBP, Excel
Planification : SAP APO
Suivi : Excel, Power BI
Communication : Walkie-Talkie, RF

👤 Profil recherché :
• Formation : BTS en logistique, supply chain
• Expérience : 10+ ans
• Compétences : SAP EWM, SAP TM
• Connaissance des réglementations transport et douanes
• Qualités : Organisation, réactivité, gestion du stress, leadership"
"Supply Chain Manager | Logistique | Infor, HighJump, Körber, Excel","Optimisez les flux logistiques et garantissez la disponibilité des produits.

🎯 Missions principales :
• Gérer les expéditions
• Optimiser les coûts et les délais de livraison
• Coordonner avec les fournisseurs et transporteurs
• Suivre les indicateurs de performance logistique
• Assurer le respect des procédures qualité et sécurité
• Gérer les stocks et anticiper les besoins
• Améliorer continuellement les processus

💻 Outils logistiques :
ERP/WMS : Infor, HighJump, Körber, Excel
Planification : SAP APO
Suivi : Excel, Power BI
Communication : Teams, Email

👤 Profil recherché :
• Formation : Licence en logistique, supply chain
• Expérience : 7+ ans
• Compétences : Infor, HighJump
• Connaissance des réglementations transport et douanes
• Qualités : Organisation, réactivité, gestion du stress, leadership"
"Gestionnaire de Stock | Logistique | Infor, HighJump, Körber, Excel","Optimisez les flux logistiques et garantissez la disponibilité des produits.

🎯 Missions principales :
• Gérer les transports
• Optimiser les coûts et les délais de livraison
• Coordonner avec les fournisseurs et transporteurs
• Suivre les indicateurs de performance logistique
• Assurer le respect des procédures qualité et sécurité
• Gérer les stocks et anticiper les besoins
• Améliorer continuellement les processus

💻 Outils logistiques :
ERP/WMS : Infor, HighJump, Körber, Excel
Planification : Kinaxis
Suivi : Excel, Power BI
Communication : Walkie-Talkie, RF

👤 Profil recherché :
• Formation : DUT en logistique, supply chain
• Expérience : 10+ ans
• Compétences : Infor, HighJump
• Connaissance des réglementations transport et douanes
• Qualités : Organisation, réactivité, gestion du stress, leadership"
"Transport Manager | Logistique | Logiwa, Fishbowl Inventory, Cin7, Excel","Optimisez les flux logistiques et garantissez la disponibilité des produits.

🎯 Missions principales :
• Gérer la supply chain
• Optimiser les coûts et les délais de livraison
• Coordonner avec les fournisseurs et transporteurs
• Suivre les indicateurs de performance logistique
• Assurer le respect des procédures qualité et sécurité
• Gérer les stocks et anticiper les besoins
• Améliorer continuellement les processus

💻 Outils logistiques :
ERP/WMS : Logiwa, Fishbowl Inventory, Cin7, Excel
Planification : Excel
Suivi : Excel, Power BI
Communication : Teams, Email

👤 Profil recherché :
• Formation : Bac+2 en logistique, supply chain
• Expérience : 2-3 ans
• Compétences : Logiwa, Fishbowl Inventory
• Connaissance des réglementations transport et douanes
• Qualités : Organisation, réactivité, gestion du stress, leadership"
"Gestionnaire de Stock | Logistique | Epicor, Acumatica, SYSPRO, Excel","Optimisez les flux logistiques et garantissez la disponibilité des produits.

🎯 Missions principales :
• Gérer les transports
• Optimiser les coûts et les délais de livraison
• Coordonner avec les fournisseurs et transporteurs
• Suivre les indicateurs de performance logistique
• Assurer le respect des procédures qualité et sécurité
• Gérer les stocks et anticiper les besoins
• Améliorer continuellement les processus

💻 Outils logistiques :
ERP/WMS : Epicor, Acumatica, SYSPRO, Excel
Planification : Kinaxis
Suivi : Excel, Power BI
Communication : Walkie-Talkie, RF

👤 Profil recherché :
• Formation : Doctorat en logistique, supply chain
• Expérience : Expert (7+ ans)
• Compétences : Epicor, Acumatica
• Connaissance des réglementations transport et douanes
• Qualités : Organisation, réactivité, gestion du stress, leadership"
"Responsable Expéditions | Logistique | Warehouse Insight, SkuVault, Ordoro, Excel","Optimisez les flux logistiques et garantissez la disponibilité des produits.

🎯 Missions principales :
• Gérer les stocks
• Optimiser les coûts et les délais de livraison
• Coordonner avec les fournisseurs et transporteurs
• Suivre les indicateurs de performance logistique
• Assurer le respect des procédures qualité et sécurité
• Gérer les stocks et anticiper les besoins
• Améliorer continuellement les processus

💻 Outils logistiques :
ERP/WMS : Warehouse Insight, SkuVault, Ordoro, Excel
Planification : SAP APO
Suivi : Excel, Power BI
Communication : Walkie-Talkie, RF

👤 Profil recherché :
• Formation : Doctorat en logistique, supply chain
• Expérience : 7+ ans
• Compétences : Warehouse Insight, SkuVault
• Connaissance des réglementations transport et douanes
• Qualités : Organisation, réactivité, gestion du stress, leadership"
"Coordinateur Supply Chain | Logistique | SAP MM, WMS, TMS, Excel","Optimisez les flux logistiques et garantissez la disponibilité des produits.

🎯 Missions principales :
• Gérer les approvisionnements
• Optimiser les coûts et les délais de livraison
• Coordonner avec les fournisseurs et transporteurs
• Suivre les indicateurs de performance logistique
• Assurer le respect des procédures qualité et sécurité
• Gérer les stocks et anticiper les besoins
• Améliorer continuellement les processus

💻 Outils logistiques :
ERP/WMS : SAP MM, WMS, TMS, Excel
Planification : Kinaxis
Suivi : Excel, Power BI
Communication : Walkie-Talkie, RF

👤 Profil recherché :
• Formation : Licence en logistique, supply chain
• Expérience : 2-3 ans
• Compétences : SAP MM, WMS
• Connaissance des réglementations transport et douanes
• Qualités : Organisation, réactivité, gestion du stress, leadership"
"Supply Chain Manager | Logistique | Infor, HighJump, Körber, Excel","Optimisez les flux logistiques et garantissez la disponibilité des produits.

🎯 Missions principales :
• Gérer les stocks
• Optimiser les coûts et les délais de livraison
• Coordonner avec les fournisseurs et transporteurs
• Suivre les indicateurs de performance logistique
• Assurer le respect des procédures qualité et sécurité
• Gérer les stocks et anticiper les besoins
• Améliorer continuellement les processus

💻 Outils logistiques :
ERP/WMS : Infor, HighJump, Körber, Excel
Planification : Excel
Suivi : Excel, Power BI
Communication : Walkie-Talkie, RF

👤 Profil recherché :
• Formation : Doctorat en logistique, supply chain
• Expérience : Expert (7+ ans)
• Compétences : Infor, HighJump
• Connaissance des réglementations transport et douanes
• Qualités : Organisation, réactivité, gestion du stress, leadership"
"Approvisionneur | Logistique | Warehouse Insight, SkuVault, Ordoro, Excel","Optimisez les flux logistiques et garantissez la disponibilité des produits.

🎯 Missions principales :
• Gérer la supply chain
• Optimiser les coûts et les délais de livraison
• Coordonner avec les fournisseurs et transporteurs
• Suivre les indicateurs de performance logistique
• Assurer le respect des procédures qualité et sécurité
• Gérer les stocks et anticiper les besoins
• Améliorer continuellement les processus

💻 Outils logistiques :
ERP/WMS : Warehouse Insight, SkuVault, Ordoro, Excel
Planification : Kinaxis
Suivi : Excel, Power BI
Communication : Teams, Email

👤 Profil recherché :
• Formation : Bac+4 en logistique, supply chain
• Expérience : Junior (0-2 ans)
• Compétences : Warehouse Insight, SkuVault
• Connaissance des réglementations transport et douanes
• Qualités : Organisation, réactivité, gestion du stress, leadership"
"Planificateur Logistique | Logistique | Infor, HighJump, Körber, Excel","Optimisez les flux logistiques et garantissez la disponibilité des produits.

🎯 Missions principales :
• Gérer les transports
• Optimiser les coûts et les délais de livraison
• Coordonner avec les fournisseurs et transporteurs
• Suivre les indicateurs de performance logistique
• Assurer le respect des procédures qualité et sécurité
• Gérer les stocks et anticiper les besoins
• Améliorer continuellement les processus

💻 Outils logistiques :
ERP/WMS : Infor, HighJump, Körber, Excel
Planification : Excel
Suivi : Excel, Power BI
Communication : Walkie-Talkie, RF

👤 Profil recherché :
• Formation : Bac+3 en logistique, supply chain
• Expérience : Senior (5+ ans)
• Compétences : Infor, HighJump
• Connaissance des réglementations transport et douanes
• Qualités : Organisation, réactivité, gestion du stress, leadership"
"Planificateur Logistique | Logistique | Warehouse Insight, SkuVault, Ordoro, Excel","Optimisez les flux logistiques et garantissez la disponibilité des produits.

🎯 Missions principales :
• Gérer les stocks
• Optimiser les coûts et les délais de livraison
• Coordonner avec les fournisseurs et transporteurs
• Suivre les indicateurs de performance logistique
• Assurer le respect des procédures qualité et sécurité
• Gérer les stocks et anticiper les besoins
• Améliorer continuellement les processus

💻 Outils logistiques :
ERP/WMS : Warehouse Insight, SkuVault, Ordoro, Excel
Planification : SAP APO
Suivi : Excel, Power BI
Communication : Walkie-Talkie, RF

👤 Profil recherché :
• Formation : Master 2 en logistique, supply chain
• Expérience : Junior (0-2 ans)
• Compétences : Warehouse Insight, SkuVault
• Connaissance des réglementations transport et douanes
• Qualités : Organisation, réactivité, gestion du stress, leadership"
"Approvisionneur | Logistique | WMS, RF, Excel, Barcode Scanner","Optimisez les flux logistiques et garantissez la disponibilité des produits.

🎯 Missions principales :
• Gérer les stocks
• Optimiser les coûts et les délais de livraison
• Coordonner avec les fournisseurs et transporteurs
• Suivre les indicateurs de performance logistique
• Assurer le respect des procédures qualité et sécurité
• Gérer les stocks et anticiper les besoins
• Améliorer continuellement les processus

💻 Outils logistiques :
ERP/WMS : WMS, RF, Excel, Barcode Scanner
Planification : SAP APO
Suivi : Excel, Power BI
Communication : Teams, Email

👤 Profil recherché :
• Formation : Bac+4 en logistique, supply chain
• Expérience : 10+ ans
• Compétences : WMS, RF
• Connaissance des réglementations transport et douanes
• Qualités : Organisation, réactivité, gestion du stress, leadership"
